slug,industry,note
shopee-mobile-malaysia-sdn-bhd,retail_ecommerce,Shopee SE-Asia e-commerce platform
comcast,telecommunications,Comcast cable/internet provider
matchgroup,tech_software_internet,Match Group (Tinder etc) dating apps
jjsnackfoods,agriculture_food_production,J&J Snack Foods food production
google,tech_software_internet,Google
commure,tech_software_internet,Commure healthcare SaaS platform
commonwealth-of-pennsylvania,public_sector_government,PA state government
betsson,gaming,Betsson online gambling
talent-groups,consulting_professional_services,Talent Groups IT staffing
rebuildmanufacturing,manufacturing,ReBuild Manufacturing
mujininc,manufacturing,Mujin industrial robotics
margo-group,consulting_professional_services,Margo Group Salesforce/IT consulting
globalrelay,tech_software_internet,Global Relay compliance archiving SaaS
aleph,tech_software_internet,Aleph FP&A SaaS
springhealth66,healthcare_provider,Spring Health mental health benefits
jensenhughes,consulting_professional_services,Jensen Hughes fire safety engineering consulting
allcareers,healthcare_provider,All Care ABA autism services
abbvie,healthcare_pharma_biotech,AbbVie pharma
smxtech,consulting_professional_services,SMX IT consulting (federal)
genscript,healthcare_pharma_biotech,GenScript biotech CRO
spectrum,telecommunications,Spectrum (Charter) cable/internet
realchemistry,media_entertainment,Real Chemistry health marketing/advertising
freedomcare,healthcare_provider,Freedom Care home care
appier,tech_software_internet,Appier AdTech AI SaaS
aon,finance_insurance,Aon insurance brokerage
net2source-inc,consulting_professional_services,Net2Source staffing/IT consulting
ice,finance_fintech,Intercontinental Exchange (ICE)
chime,finance_fintech,Chime neobank
squarepointcapital,finance_banking,Squarepoint Capital hedge fund
qualysoft,tech_software_internet,Qualysoft IT consulting/SaaS
preply,education_higher,Preply online tutoring
johnson-controls,manufacturing,Johnson Controls HVAC/building systems
elfbeauty,consumer_brands,e.l.f. Beauty cosmetics
airapps,tech_software_internet,AirApps mobile apps
planet-pharma,consulting_professional_services,Planet Pharma pharma staffing
penumbrainc,healthcare_devices,Penumbra Inc medical devices
inmobi,media_entertainment,InMobi mobile advertising
gusto,tech_software_internet,Gusto HR/payroll SaaS
cfsenergy,energy_utilities,Commonwealth Fusion Systems fusion energy
caci-international-inc,defense_aerospace,CACI defense IT contractor
truelogic,consulting_professional_services,Truelogic IT staffing/dev
leidos,defense_aerospace,Leidos defense IT
tripadvisor,tech_software_internet,Tripadvisor travel platform
booz-allen-hamilton,consulting_professional_services,Booz Allen Hamilton
public-mutual-berhad,finance_banking,Public Mutual unit trust fund manager
impact,tech_software_internet,Impact.com partnership/affiliate marketing SaaS
harmattan-ai,defense_aerospace,Harmattan AI defense AI
dhl-asia-pacific-shared-services-sdn-bhd,transportation_logistics,DHL Asia-Pacific
BTSE,finance_fintech,BTSE crypto exchange
saic,defense_aerospace,SAIC defense IT
paypay,finance_fintech,PayPay Japanese payments
payjoy,finance_fintech,PayJoy phone financing
hoodhp,manufacturing,Hood Industries (HoodHP) manufacturing
eucalyptus,healthcare_provider,Eucalyptus telehealth (Pilot/Juniper)
dnb,finance_fintech,Dun & Bradstreet business data
belk,retail_ecommerce,Belk department store
walmart,retail_ecommerce,Walmart
ttecdigital,tech_software_internet,TTEC Digital customer experience tech
amazon-web-services-aws,tech_software_internet,AWS
aledade,healthcare_provider,Aledade ACO provider
majorleaguebaseball,media_entertainment,Major League Baseball
hartalega-ngc-sdn-bhd,manufacturing,Hartalega glove manufacturing
clara,finance_fintech,Clara corporate cards LatAm
teads1,media_entertainment,Teads video advertising
moloco,tech_software_internet,Moloco adtech ML
cogent-communications,telecommunications,Cogent Communications ISP
beacon-hill-staffing-group,consulting_professional_services,Beacon Hill staffing
bae-systems-inc,defense_aerospace,BAE Systems
b-braun-medical-industries-sdn-bhd,healthcare_devices,B. Braun medical devices
alarmcom,tech_software_internet,Alarm.com home security SaaS+devices
trendyol,retail_ecommerce,Trendyol Turkish e-commerce
taboola,media_entertainment,Taboola content recs/ads
skf-group,manufacturing,SKF bearings manufacturer
sherwin-williams,retail_ecommerce,Sherwin-Williams paint retail
nbcuniversal,media_entertainment,NBCUniversal
industrious,real_estate_construction,Industrious coworking
hopper,tech_software_internet,Hopper travel booking app
cargo-partner,transportation_logistics,cargo-partner logistics
allencontrolsystems,defense_aerospace,Allen Control Systems autonomous drone defense
talentburst-an-inc-5000-company,consulting_professional_services,TalentBurst staffing
skechers,consumer_brands,Skechers shoes
shieldshealthsolutions,healthcare_provider,Shields Health Solutions specialty pharmacy
robert-bosch-m-sdn-bhd,automotive,Bosch automotive/industrial
mrbeastyoutube,media_entertainment,MrBeast YouTube channel
digitalocean98,tech_software_internet,DigitalOcean cloud
collabera,consulting_professional_services,Collabera IT staffing
analyticservicesinc,defense_aerospace,Analytic Services Inc defense IT
systemstechnologyresearch,defense_aerospace,Systems Technology Research defense
dunnhumby,tech_software_internet,Dunnhumby retail analytics
dexcom,healthcare_devices,Dexcom continuous glucose monitors
crunchyroll,media_entertainment,Crunchyroll anime streaming
ww,healthcare_provider,WeightWatchers wellness
sam-s-club,retail_ecommerce,Sam's Club
nium,finance_fintech,Nium cross-border payments
lendbuzz,finance_fintech,Lendbuzz auto lending
la28careers,media_entertainment,LA 2028 Olympics
kpler,tech_software_internet,Kpler commodity intel SaaS
feldinc,media_entertainment,Feld Entertainment (Monster Jam etc)
ey,consulting_professional_services,EY accounting/consulting
dandy,healthcare_devices,Dandy digital dental
verizon,telecommunications,Verizon
netradyne,automotive,Netradyne fleet camera/vehicle safety
la2028,media_entertainment,LA 2028 Olympics
guidehouse,consulting_professional_services,Guidehouse consulting
fastly,tech_software_internet,Fastly CDN
checkr,tech_software_internet,Checkr background-check SaaS
mapbox,tech_software_internet,Mapbox mapping platform
harbingermotors,automotive,Harbinger Motors electric trucks
deepgram,tech_software_internet,Deepgram speech AI
hearst-health,media_entertainment,Hearst Health is Hearst Media division (not a provider) - overrides -health rule
hearst-television,media_entertainment,Hearst Television TV stations
elite-steel-sdn-bhd,manufacturing,Elite Steel steel manufacturing
cisco,tech_hardware_semiconductors,Cisco networking hardware/software
amtrak,transportation_logistics,Amtrak passenger rail
fda,public_sector_government,FDA US federal agency
yamaha-corporation,consumer_brands,Yamaha musical instruments/consumer goods
sheppard-pratt,healthcare_provider,Sheppard Pratt psychiatric hospital
detroit-engineered-products,automotive,Detroit Engineered Products auto/engineering
gpac,consulting_professional_services,llm_tail_v1 (high)
sally-beauty,retail_ecommerce,llm_tail_v1 (high)
cgsfederal,defense_aerospace,llm_tail_v1 (high)
cygnify,tech_software_internet,llm_tail_v1 (high)
directive,consulting_professional_services,llm_tail_v1 (high)
solarwinds,tech_software_internet,llm_tail_v1 (high)
aircall,tech_software_internet,llm_tail_v1 (high)
clickhouse,tech_software_internet,llm_tail_v1 (high)
cursor,tech_software_internet,llm_tail_v1 (high)
ifoodcarreiras,hospitality_food_service,llm_tail_v1 (high)
gongio,tech_software_internet,llm_tail_v1 (high)
heidihealth.com.au,tech_software_internet,llm_tail_v1 (high)
legendcareers,consumer_brands,llm_tail_v1 (high)
psiquantum,defense_aerospace,llm_tail_v1 (high)
smartlyio,tech_software_internet,llm_tail_v1 (high)
executive-office-for-u-s-attorneys-and-the-office-of-the-u-s-attorneys,legal_services,llm_tail_v1 (high)
philzcoffeecareers,transportation_logistics,llm_tail_v1 (medium)
reteam,tech_software_internet,llm_tail_v1 (high)
onetrust,tech_software_internet,llm_tail_v1 (high)
oracle,tech_software_internet,llm_tail_v1 (high)
profound,tech_software_internet,llm_tail_v1 (high)
upstart,tech_software_internet,llm_tail_v1 (medium)
blue-origin,automotive,llm_tail_v1 (medium)
crete-professionals-alliance,finance_insurance,llm_tail_v1 (high)
flagshippioneeringinc,tech_software_internet,llm_tail_v1 (high)
labcorp,healthcare_provider,llm_tail_v1 (high)
shinvestmentsllc,public_sector_government,llm_tail_v1 (medium)
tractian,tech_software_internet,llm_tail_v1 (medium)
opswat,tech_software_internet,llm_tail_v1 (medium)
cbre,real_estate_construction,llm_tail_v1 (high)
td,finance_banking,llm_tail_v1 (high)
averis-sdn-bhd,energy_utilities,llm_tail_v1 (medium)
emma-sleep,retail_ecommerce,llm_tail_v1 (high)
redventures,tech_software_internet,llm_tail_v1 (medium)
alphasights,nonprofit,llm_tail_v1 (medium)
discord,tech_software_internet,llm_tail_v1 (high)
roshalimaging,healthcare_devices,llm_tail_v1 (high)
pointclickcare,tech_software_internet,llm_tail_v1 (high)
alliance-bank-malaysia-berhad,finance_banking,llm_tail_v1 (high)
boomilp,tech_software_internet,llm_tail_v1 (high)
illumio,tech_software_internet,llm_tail_v1 (high)
phynetdermatology,healthcare_provider,llm_tail_v1 (medium)
pingwind,tech_software_internet,llm_tail_v1 (high)
wayve,tech_software_internet,llm_tail_v1 (high)
whole-foods-market,retail_ecommerce,llm_tail_v1 (medium)
cief-worldwide-sdn-bhd,transportation_logistics,llm_tail_v1 (medium)
clutch,tech_software_internet,llm_tail_v1 (high)
performance-foodservice,media_entertainment,llm_tail_v1 (high)
anchorage,tech_software_internet,llm_tail_v1 (high)
larian,media_entertainment,llm_tail_v1 (medium)
orioninnovation,tech_software_internet,llm_tail_v1 (high)
x9,tech_software_internet,llm_tail_v1 (high)
ambiententerprises,real_estate_construction,llm_tail_v1 (medium)
doubleverify,tech_software_internet,llm_tail_v1 (medium)
withumsmithbrown,energy_utilities,llm_tail_v1 (medium)
ascendtogether,finance_insurance,llm_tail_v1 (high)
beghouconsulting,tech_software_internet,llm_tail_v1 (medium)
biospace,defense_aerospace,llm_tail_v1 (high)
blankstreet,consumer_brands,llm_tail_v1 (medium)
hive,tech_software_internet,llm_tail_v1 (medium)
Tools for Humanity,tech_software_internet,llm_tail_v1 (high)
tomjames,retail_ecommerce,llm_tail_v1 (medium)
towerresearchcapital,tech_software_internet,llm_tail_v1 (high)
wehrtyou,tech_software_internet,llm_tail_v1 (high)
blackduck,tech_software_internet,llm_tail_v1 (medium)
eteam,tech_software_internet,llm_tail_v1 (medium)
imafinancialgroup,real_estate_construction,llm_tail_v1 (high)
indian-health-service,healthcare_provider,llm_tail_v1 (high)
swooped,tech_software_internet,llm_tail_v1 (medium)
Hippocratic AI,tech_software_internet,llm_tail_v1 (medium)
generalmatter,tech_software_internet,llm_tail_v1 (high)
hims-and-hers,healthcare_pharma_biotech,llm_tail_v1 (high)
brooksrunning,retail_ecommerce,llm_tail_v1 (high)
capital,tech_software_internet,llm_tail_v1 (high)
geotab,automotive,llm_tail_v1 (medium)
highradius,consulting_professional_services,llm_tail_v1 (medium)
planetlabs,tech_software_internet,llm_tail_v1 (medium)
cha-consulting-inc,energy_utilities,llm_tail_v1 (medium)
csit,tech_software_internet,llm_tail_v1 (medium)
merck,healthcare_provider,llm_tail_v1 (high)
vonage,tech_software_internet,llm_tail_v1 (medium)
cognizant,finance_banking,llm_tail_v1 (high)
collins-aerospace,tech_software_internet,llm_tail_v1 (high)
coreone,consulting_professional_services,llm_tail_v1 (medium)
energysolutions,tech_software_internet,llm_tail_v1 (high)
eqbank,finance_banking,llm_tail_v1 (high)
formenergy,energy_utilities,llm_tail_v1 (high)
lendable,finance_fintech,llm_tail_v1 (medium)
shift4,tech_software_internet,llm_tail_v1 (high)
torcrobotics,tech_software_internet,llm_tail_v1 (medium)
walkme,tech_software_internet,llm_tail_v1 (high)
xero,tech_software_internet,llm_tail_v1 (high)
blackcanyonconsulting,tech_software_internet,llm_tail_v1 (high)
camping-world,retail_ecommerce,llm_tail_v1 (high)
cloverhealth,tech_software_internet,llm_tail_v1 (high)
millennium-recruiting-inc,finance_insurance,llm_tail_v1 (high)
tiktok,finance_insurance,llm_tail_v1 (medium)
capitalrx,healthcare_pharma_biotech,llm_tail_v1 (medium)
charlesriverassociates,tech_software_internet,llm_tail_v1 (high)
customs-and-border-protection,legal_services,llm_tail_v1 (high)
dnv,finance_insurance,llm_tail_v1 (medium)
ford-motor-company,tech_software_internet,llm_tail_v1 (medium)
ge-aerospace,defense_aerospace,llm_tail_v1 (high)
hong-leong-assurance-berhad,finance_insurance,llm_tail_v1 (high)
instructure,tech_software_internet,llm_tail_v1 (high)
pyramid-consulting-inc,finance_insurance,llm_tail_v1 (medium)
sambatv,tech_software_internet,llm_tail_v1 (high)
spsnorthamerica,healthcare_provider,llm_tail_v1 (medium)
tenableinc,tech_software_internet,llm_tail_v1 (medium)
the-global-talent-co,tech_software_internet,llm_tail_v1 (medium)
varicent,tech_software_internet,llm_tail_v1 (high)
abridge,tech_software_internet,llm_tail_v1 (high)
cagents,tech_software_internet,llm_tail_v1 (medium)
clarksoneyecare,retail_ecommerce,llm_tail_v1 (medium)
dexian,tech_software_internet,llm_tail_v1 (high)
dmgmedia,media_entertainment,llm_tail_v1 (high)
epitec,real_estate_construction,llm_tail_v1 (high)
fictiv,manufacturing,llm_tail_v1 (medium)
gem-technologies,real_estate_construction,llm_tail_v1 (high)
netskope,tech_software_internet,llm_tail_v1 (medium)
neweratech,tech_software_internet,llm_tail_v1 (high)
range,tech_software_internet,llm_tail_v1 (high)
rockstargames,tech_software_internet,llm_tail_v1 (high)
swordhealth,tech_software_internet,llm_tail_v1 (medium)
thesciongroupllc,media_entertainment,llm_tail_v1 (medium)
billiontoone,healthcare_devices,llm_tail_v1 (medium)
bluebottlecoffee,tech_software_internet,llm_tail_v1 (high)
centraprise,real_estate_construction,llm_tail_v1 (high)
farfetch,consumer_brands,llm_tail_v1 (medium)
medtronic,real_estate_construction,llm_tail_v1 (high)
msgentertainmentholdingsllc,healthcare_provider,llm_tail_v1 (high)
pwc-corporation-sdn-bhd,consulting_professional_services,llm_tail_v1 (medium)
ssi-people,real_estate_construction,llm_tail_v1 (high)
traderepublicbank,tech_software_internet,llm_tail_v1 (high)
tulip,tech_software_internet,llm_tail_v1 (medium)
uberfreight,transportation_logistics,llm_tail_v1 (high)
careaccess,healthcare_provider,llm_tail_v1 (high)
career-systems-development-corp,healthcare_provider,llm_tail_v1 (medium)
cribl,tech_software_internet,llm_tail_v1 (medium)
edgewoodpartnersinsurancecenter,finance_insurance,llm_tail_v1 (high)
idt,retail_ecommerce,llm_tail_v1 (medium)
malayan-flour-mills-berhad,energy_utilities,llm_tail_v1 (medium)
mentalhealthcenterofdenver,healthcare_provider,llm_tail_v1 (high)
mercor,tech_software_internet,llm_tail_v1 (high)
nexxen,tech_software_internet,llm_tail_v1 (high)
pubmatic,media_entertainment,llm_tail_v1 (high)
queracomputinginc,tech_hardware_semiconductors,llm_tail_v1 (medium)
serverobotics,tech_hardware_semiconductors,llm_tail_v1 (high)
zenoti,tech_software_internet,llm_tail_v1 (medium)
acommerce,tech_software_internet,llm_tail_v1 (high)
bny-mellon,finance_banking,llm_tail_v1 (medium)
clear,tech_software_internet,llm_tail_v1 (high)
conga,tech_software_internet,llm_tail_v1 (high)
doitintl,tech_software_internet,llm_tail_v1 (high)
fetch,finance_insurance,llm_tail_v1 (medium)
gamuda-berhad,real_estate_construction,llm_tail_v1 (medium)
levio,tech_software_internet,llm_tail_v1 (high)
liveviewtechnologiesinc,energy_utilities,llm_tail_v1 (medium)
lotusworks,tech_hardware_semiconductors,llm_tail_v1 (medium)
microsoft,tech_software_internet,llm_tail_v1 (high)
northwoodspace,tech_software_internet,llm_tail_v1 (high)
shopback-2,finance_fintech,llm_tail_v1 (medium)
siei,tech_software_internet,llm_tail_v1 (medium)
sothebys,retail_ecommerce,llm_tail_v1 (medium)
spreetail,transportation_logistics,llm_tail_v1 (high)
almedia,media_entertainment,llm_tail_v1 (high)
claire-s,retail_ecommerce,llm_tail_v1 (medium)
classpass,tech_software_internet,llm_tail_v1 (high)
crypto,tech_software_internet,llm_tail_v1 (high)
fairlife,retail_ecommerce,llm_tail_v1 (medium)
oklo,real_estate_construction,llm_tail_v1 (high)
skello,tech_software_internet,llm_tail_v1 (high)
tanium,tech_software_internet,llm_tail_v1 (high)
the-judge-group,tech_software_internet,llm_tail_v1 (high)
trace3,tech_software_internet,llm_tail_v1 (high)
unitedfirm,defense_aerospace,llm_tail_v1 (medium)
unlimit,finance_fintech,llm_tail_v1 (medium)
aecom,real_estate_construction,llm_tail_v1 (high)
allied-onesource,tech_software_internet,llm_tail_v1 (medium)
alpaca,finance_fintech,llm_tail_v1 (medium)
cabify,tech_software_internet,llm_tail_v1 (high)
carsome-sdn-bhd,automotive,llm_tail_v1 (high)
catawiki,tech_software_internet,llm_tail_v1 (high)
cfdresearchcorporation,tech_software_internet,llm_tail_v1 (high)
cognition,tech_software_internet,llm_tail_v1 (medium)
dreamgolf,hospitality_food_service,llm_tail_v1 (high)
extremenetworks,tech_software_internet,llm_tail_v1 (high)
konradgroup,real_estate_construction,llm_tail_v1 (high)
krafton,tech_software_internet,llm_tail_v1 (high)
lpc,real_estate_construction,llm_tail_v1 (medium)
nerostechnologies,tech_hardware_semiconductors,llm_tail_v1 (high)
sonypicturesimageworks,tech_software_internet,llm_tail_v1 (high)
the-goodyear-tire-rubber-company,transportation_logistics,llm_tail_v1 (high)
vacasa,healthcare_provider,llm_tail_v1 (medium)
writer,tech_software_internet,llm_tail_v1 (high)
amtex-systems-inc,tech_software_internet,llm_tail_v1 (medium)
bass-pro-shops,retail_ecommerce,llm_tail_v1 (high)
baxter-international-inc,healthcare_provider,llm_tail_v1 (medium)
caddellconstruction,finance_insurance,llm_tail_v1 (medium)
casetify,legal_services,llm_tail_v1 (high)
jerry.ai,tech_software_internet,llm_tail_v1 (medium)
krollbondratingagency,consulting_professional_services,llm_tail_v1 (high)
mindsquareag,consulting_professional_services,llm_tail_v1 (high)
oasissecurity,tech_software_internet,llm_tail_v1 (high)
parloa,tech_software_internet,llm_tail_v1 (medium)
pmg,tech_software_internet,llm_tail_v1 (high)
sargent-lundy,energy_utilities,llm_tail_v1 (high)
tpcengineeringholdingsllc,defense_aerospace,llm_tail_v1 (high)
woodardcurran,energy_utilities,llm_tail_v1 (high)
agecareers,tech_software_internet,llm_tail_v1 (high)
armada,tech_software_internet,llm_tail_v1 (high)
bpmcpa,tech_software_internet,llm_tail_v1 (high)
cargurus,automotive,llm_tail_v1 (medium)
dataiku,tech_software_internet,llm_tail_v1 (medium)
dnllc,real_estate_construction,llm_tail_v1 (medium)
eps-malaysia,tech_software_internet,llm_tail_v1 (high)
ghj,tech_software_internet,llm_tail_v1 (high)
hilti-malaysia-sdn-bhd,tech_software_internet,llm_tail_v1 (high)
inovalon,tech_software_internet,llm_tail_v1 (high)
junipersquare,tech_software_internet,llm_tail_v1 (high)
metropolis,tech_software_internet,llm_tail_v1 (medium)
mqreferrals,tech_software_internet,llm_tail_v1 (high)
opengov,tech_software_internet,llm_tail_v1 (high)
phonepe,tech_software_internet,llm_tail_v1 (high)
servicenow,tech_software_internet,llm_tail_v1 (high)
tesla,tech_software_internet,llm_tail_v1 (high)
verkor,manufacturing,llm_tail_v1 (medium)
wavemm1,finance_banking,llm_tail_v1 (medium)
24-seven-talent,media_entertainment,llm_tail_v1 (high)
arlosolutionsllc,consulting_professional_services,llm_tail_v1 (medium)
exadelinc,tech_software_internet,llm_tail_v1 (high)
govini,tech_software_internet,llm_tail_v1 (medium)
rsm-us-llp,defense_aerospace,llm_tail_v1 (high)
spauldingridge,consulting_professional_services,llm_tail_v1 (medium)
urbancompass,defense_aerospace,llm_tail_v1 (medium)
zyngacareers,tech_software_internet,llm_tail_v1 (high)
bjak-sdn-bhd,tech_software_internet,llm_tail_v1 (high)
centene-corporation,tech_software_internet,llm_tail_v1 (high)
clinchoice,consulting_professional_services,llm_tail_v1 (medium)
day1academies,defense_aerospace,llm_tail_v1 (medium)
dick-s-sporting-goods,retail_ecommerce,llm_tail_v1 (high)
freedomconsulting,public_sector_government,llm_tail_v1 (medium)
ippon,tech_software_internet,llm_tail_v1 (high)
moia,automotive,llm_tail_v1 (medium)
monzo,finance_banking,llm_tail_v1 (medium)
n8n,tech_software_internet,llm_tail_v1 (high)
oaknorth.ai,tech_software_internet,llm_tail_v1 (medium)
ro,healthcare_pharma_biotech,llm_tail_v1 (high)
tandym-group,tech_software_internet,llm_tail_v1 (medium)
tekwissen,real_estate_construction,llm_tail_v1 (high)
3pillarglobal,tech_software_internet,llm_tail_v1 (high)
ardentmc,tech_software_internet,llm_tail_v1 (high)
armissecurity,tech_software_internet,llm_tail_v1 (medium)
cti-md,tech_software_internet,llm_tail_v1 (high)
dvtrading,real_estate_construction,llm_tail_v1 (high)
firstglobalmanagementservicesinc,tech_software_internet,llm_tail_v1 (high)
immigration-and-customs-enforcement,healthcare_provider,llm_tail_v1 (high)
intellectt-inc,tech_software_internet,llm_tail_v1 (medium)
kraken123,tech_software_internet,llm_tail_v1 (high)
moniepoint,finance_banking,llm_tail_v1 (medium)
pomelocare,healthcare_provider,llm_tail_v1 (medium)
pryor-associates-executive-search,finance_fintech,llm_tail_v1 (medium)
smithrx,healthcare_provider,llm_tail_v1 (high)
us-tech-solutions,tech_software_internet,llm_tail_v1 (high)
vaxcyte,tech_software_internet,llm_tail_v1 (high)
vdart,tech_software_internet,llm_tail_v1 (high)
yoh-a-day-zimmermann-company,healthcare_pharma_biotech,llm_tail_v1 (high)
9fin,tech_software_internet,llm_tail_v1 (high)
abby-care,tech_software_internet,llm_tail_v1 (high)
agencywithin,tech_software_internet,llm_tail_v1 (medium)
airgas,transportation_logistics,llm_tail_v1 (medium)
atlassand,energy_utilities,llm_tail_v1 (medium)
baker-hughes,energy_utilities,llm_tail_v1 (medium)
careerstaff-unlimited,healthcare_provider,llm_tail_v1 (medium)
celestica-electronics-m-sdn-bhd,tech_hardware_semiconductors,llm_tail_v1 (high)
cialfo,education_higher,llm_tail_v1 (high)
diamondfoundry,tech_software_internet,llm_tail_v1 (medium)
globalhealthcareexchangeinc,tech_software_internet,llm_tail_v1 (high)
millenniumprintgroup,consulting_professional_services,llm_tail_v1 (high)
montu-uk,healthcare_provider,llm_tail_v1 (high)
netgear,tech_software_internet,llm_tail_v1 (high)
neuraflash,tech_software_internet,llm_tail_v1 (medium)
nitra,tech_software_internet,llm_tail_v1 (medium)
osram-opto-semiconductors-malaysia-sdn-bhd,tech_software_internet,llm_tail_v1 (high)
pitchbookdata,energy_utilities,llm_tail_v1 (medium)
protective,finance_banking,llm_tail_v1 (high)
qualtrics,tech_software_internet,llm_tail_v1 (medium)
schonfeld,tech_software_internet,llm_tail_v1 (high)
skildai-careers,tech_software_internet,llm_tail_v1 (medium)
starbucks,retail_ecommerce,llm_tail_v1 (high)
steerbridge,healthcare_provider,llm_tail_v1 (high)
abbott,healthcare_provider,llm_tail_v1 (high)
accordion,tech_software_internet,llm_tail_v1 (high)
airasia,tech_software_internet,llm_tail_v1 (high)
black-veatch,defense_aerospace,llm_tail_v1 (high)
captivation,tech_software_internet,llm_tail_v1 (medium)
codeandtheory,consulting_professional_services,llm_tail_v1 (medium)
diverse-lynx,tech_software_internet,llm_tail_v1 (high)
easygo,tech_software_internet,llm_tail_v1 (medium)
erg,defense_aerospace,llm_tail_v1 (medium)
fidelity-investments,tech_software_internet,llm_tail_v1 (high)
galaxydigitalservices,tech_software_internet,llm_tail_v1 (medium)
general-motors,tech_software_internet,llm_tail_v1 (high)
heartflowinc,healthcare_provider,llm_tail_v1 (high)
hut8,tech_software_internet,llm_tail_v1 (medium)
ideals,tech_software_internet,llm_tail_v1 (medium)
internal-revenue-service,defense_aerospace,llm_tail_v1 (medium)
marianaminerals,tech_software_internet,llm_tail_v1 (medium)
meesho,tech_software_internet,llm_tail_v1 (high)
randstad-digital-americas,tech_software_internet,llm_tail_v1 (high)
rapp,consulting_professional_services,llm_tail_v1 (medium)
schwan-s-company,finance_insurance,llm_tail_v1 (medium)
sigmoid,tech_software_internet,llm_tail_v1 (high)
telesat,public_sector_government,llm_tail_v1 (high)
tenex,tech_software_internet,llm_tail_v1 (high)
thoughtworksreferral,tech_software_internet,llm_tail_v1 (high)
zachry-group,manufacturing,llm_tail_v1 (medium)
aldar,tech_software_internet,llm_tail_v1 (medium)
amtengineering,real_estate_construction,llm_tail_v1 (medium)
avelios-medical,tech_software_internet,llm_tail_v1 (high)
blinkhealth,healthcare_pharma_biotech,llm_tail_v1 (high)
cimgroup,finance_banking,llm_tail_v1 (high)
exiger,tech_software_internet,llm_tail_v1 (medium)
hunterdouglas,tech_software_internet,llm_tail_v1 (high)
inter-island-manpower-pte-ltd,tech_software_internet,llm_tail_v1 (high)
kalshi,media_entertainment,llm_tail_v1 (high)
keyloop,tech_software_internet,llm_tail_v1 (high)
lemonade,finance_insurance,llm_tail_v1 (medium)
lumen-technologies,public_sector_government,llm_tail_v1 (high)
social-security-administration,finance_insurance,llm_tail_v1 (high)
togetherwork,tech_software_internet,llm_tail_v1 (medium)
tribehired-com,finance_insurance,llm_tail_v1 (high)
u-s-courts,education_k12,llm_tail_v1 (medium)
valgenesis,healthcare_pharma_biotech,llm_tail_v1 (medium)
verve,media_entertainment,llm_tail_v1 (high)
advance-auto-parts,retail_ecommerce,llm_tail_v1 (high)
agilityrobotics,tech_software_internet,llm_tail_v1 (high)
banyansoftware,tech_software_internet,llm_tail_v1 (high)
belong,tech_software_internet,llm_tail_v1 (high)
cgi,defense_aerospace,llm_tail_v1 (medium)
exxonmobil-malaysia,tech_software_internet,llm_tail_v1 (medium)
googlefiber,tech_software_internet,llm_tail_v1 (high)
halliburton-energy-services-m-sdn-bhd,energy_utilities,llm_tail_v1 (high)
jll,energy_utilities,llm_tail_v1 (medium)
loftorbital,public_sector_government,llm_tail_v1 (medium)
medier,tech_software_internet,llm_tail_v1 (medium)
raisin,tech_software_internet,llm_tail_v1 (high)
recordedfuture,tech_software_internet,llm_tail_v1 (medium)
trustly,finance_fintech,llm_tail_v1 (medium)
truveta,healthcare_provider,llm_tail_v1 (high)
winhomeinspection,real_estate_construction,llm_tail_v1 (high)
GoToGroup,tech_software_internet,llm_tail_v1 (high)
a-place-for-mom,tech_software_internet,llm_tail_v1 (medium)
backblaze,tech_software_internet,llm_tail_v1 (medium)
carta,tech_software_internet,llm_tail_v1 (medium)
complete-staffing-solutions,consulting_professional_services,llm_tail_v1 (high)
convera,finance_fintech,llm_tail_v1 (high)
edgeconnex,finance_banking,llm_tail_v1 (high)
ethoslife,finance_insurance,llm_tail_v1 (medium)
forter,retail_ecommerce,llm_tail_v1 (medium)
humansignal,tech_software_internet,llm_tail_v1 (high)
polymarket,tech_software_internet,llm_tail_v1 (high)
portagepointpartners,tech_software_internet,llm_tail_v1 (high)
raising-cane-s-chicken-fingers,hospitality_food_service,llm_tail_v1 (high)
razorpaysoftwareprivatelimited,tech_software_internet,llm_tail_v1 (high)
rdccareers,tech_software_internet,llm_tail_v1 (high)
rtbhouse,tech_software_internet,llm_tail_v1 (medium)
satispay,tech_software_internet,llm_tail_v1 (high)
sentry,tech_software_internet,llm_tail_v1 (high)
sime-darby-industrial,manufacturing,llm_tail_v1 (high)
solarlandscape,energy_utilities,llm_tail_v1 (medium)
telnyx54,tech_software_internet,llm_tail_v1 (medium)
thunes,tech_software_internet,llm_tail_v1 (high)
tia,healthcare_provider,llm_tail_v1 (high)
tmf-administrative-services-malaysia-sdn-bhd,finance_fintech,llm_tail_v1 (medium)
veristainc,healthcare_pharma_biotech,llm_tail_v1 (high)
visa,finance_fintech,llm_tail_v1 (medium)
weave,tech_software_internet,llm_tail_v1 (medium)
wekatest,tech_software_internet,llm_tail_v1 (medium)
ascendion,tech_software_internet,llm_tail_v1 (high)
beyondtrust,tech_software_internet,llm_tail_v1 (medium)
bigblue,retail_ecommerce,llm_tail_v1 (medium)
daikin-malaysia-sdn-bhd,tech_hardware_semiconductors,llm_tail_v1 (medium)
discover-financial-services,finance_fintech,llm_tail_v1 (high)
fireblocks,tech_software_internet,llm_tail_v1 (high)
higharc,tech_software_internet,llm_tail_v1 (high)
housecall,tech_software_internet,llm_tail_v1 (high)
ifm-us,tech_software_internet,llm_tail_v1 (high)
invoicecloud,tech_software_internet,llm_tail_v1 (medium)
meta,tech_software_internet,llm_tail_v1 (high)
quantum-world-technologies-inc,tech_software_internet,llm_tail_v1 (high)
rapsol-technology-sdn-bhd,tech_software_internet,llm_tail_v1 (medium)
speak,tech_software_internet,llm_tail_v1 (high)
spectraforce,manufacturing,llm_tail_v1 (high)
strategichr,manufacturing,llm_tail_v1 (high)
supabase,tech_software_internet,llm_tail_v1 (medium)
tanisha-systems-inc,real_estate_construction,llm_tail_v1 (high)
the-chefs-warehouse,finance_insurance,llm_tail_v1 (high)
torq,tech_software_internet,llm_tail_v1 (medium)
wargamingen,tech_software_internet,llm_tail_v1 (medium)
yipitdata,tech_software_internet,llm_tail_v1 (medium)
abinbev,tech_software_internet,llm_tail_v1 (high)
akima,tech_software_internet,llm_tail_v1 (high)
atlas-search,healthcare_pharma_biotech,llm_tail_v1 (medium)
atrium,media_entertainment,llm_tail_v1 (high)
bitgo,finance_fintech,llm_tail_v1 (high)
braintrust,tech_software_internet,llm_tail_v1 (high)
buyersedgeplatformrecruiting,consulting_professional_services,llm_tail_v1 (high)
capitalontap,tech_software_internet,llm_tail_v1 (high)
caterpillar-inc,transportation_logistics,llm_tail_v1 (high)
comparaja,tech_software_internet,llm_tail_v1 (medium)
dash0,real_estate_construction,llm_tail_v1 (medium)
dualentry,tech_software_internet,llm_tail_v1 (medium)
elabram-systems-sdn-bhd,transportation_logistics,llm_tail_v1 (high)
latitude,tech_software_internet,llm_tail_v1 (medium)
mewssystems,tech_software_internet,llm_tail_v1 (medium)
midihealth,finance_insurance,llm_tail_v1 (medium)
northpointtechnology,manufacturing,llm_tail_v1 (high)
oneacrefund,agriculture_food_production,llm_tail_v1 (medium)
pingidentity,tech_software_internet,llm_tail_v1 (high)
scaleway,tech_software_internet,llm_tail_v1 (medium)
simpsongumpertzheger,consulting_professional_services,llm_tail_v1 (medium)
sunway-property,real_estate_construction,llm_tail_v1 (medium)
the-us-oncology-network,healthcare_devices,llm_tail_v1 (high)
aclu,public_sector_government,llm_tail_v1 (medium)
bloomreach,tech_software_internet,llm_tail_v1 (high)
criticalmass,media_entertainment,llm_tail_v1 (medium)
docebo,tech_software_internet,llm_tail_v1 (high)
externaljobboards,tech_software_internet,llm_tail_v1 (high)
genedx,healthcare_provider,llm_tail_v1 (high)
greatech-integration-m-sdn-bhd,tech_software_internet,llm_tail_v1 (high)
hallmark-cards,retail_ecommerce,llm_tail_v1 (high)
ispace-inc,public_sector_government,llm_tail_v1 (high)
kenanga-investment-bank-berhad,finance_banking,llm_tail_v1 (high)
kraken.com,tech_software_internet,llm_tail_v1 (high)
malaysian-communications-and-multimedia-commission,media_entertainment,llm_tail_v1 (high)
mcadams,real_estate_construction,llm_tail_v1 (high)
mindlance,tech_software_internet,llm_tail_v1 (high)
nesco-resource,real_estate_construction,llm_tail_v1 (medium)
next-decade,energy_utilities,llm_tail_v1 (medium)
samsung-malaysia-electronics-sme-sdn-bhd,tech_hardware_semiconductors,llm_tail_v1 (high)
statista,tech_software_internet,llm_tail_v1 (high)
swift-support-services-malaysia-sdn-bhd,real_estate_construction,llm_tail_v1 (high)
the-guitar-center-company,tech_software_internet,llm_tail_v1 (medium)
topcompare,finance_fintech,llm_tail_v1 (medium)
williamblair,healthcare_pharma_biotech,llm_tail_v1 (high)
zocdoc,tech_software_internet,llm_tail_v1 (high)
auterion,tech_software_internet,llm_tail_v1 (high)
blockstream,tech_software_internet,llm_tail_v1 (high)
brandtechplus,tech_software_internet,llm_tail_v1 (high)
cartesia,tech_software_internet,llm_tail_v1 (high)
ceribell,healthcare_provider,llm_tail_v1 (medium)
clovirtualfashion,consumer_brands,llm_tail_v1 (high)
constructionresources,tech_hardware_semiconductors,llm_tail_v1 (medium)
dropbox,tech_software_internet,llm_tail_v1 (high)
ebanx,finance_fintech,llm_tail_v1 (medium)
ferguson,real_estate_construction,llm_tail_v1 (medium)
freenow,tech_software_internet,llm_tail_v1 (medium)
general-dynamics-information-technology,tech_software_internet,llm_tail_v1 (medium)
jobber,tech_software_internet,llm_tail_v1 (high)
joko,tech_software_internet,llm_tail_v1 (high)
komodohealth,healthcare_provider,llm_tail_v1 (medium)
lighthouse,tech_software_internet,llm_tail_v1 (medium)
motorola-solutions-malaysia-sdn-bhd,tech_software_internet,llm_tail_v1 (high)
powerdigitalmarketing,retail_ecommerce,llm_tail_v1 (high)
rain,finance_fintech,llm_tail_v1 (medium)
teneolinkedin,tech_software_internet,llm_tail_v1 (high)
webfx,consulting_professional_services,llm_tail_v1 (medium)
wipro,tech_software_internet,llm_tail_v1 (high)
10xgenomics,tech_software_internet,llm_tail_v1 (medium)
a-ropostale,retail_ecommerce,llm_tail_v1 (high)
altruist,tech_software_internet,llm_tail_v1 (high)
arrivelogistics,transportation_logistics,llm_tail_v1 (high)
bluefishai,tech_software_internet,llm_tail_v1 (medium)
boardroom-corporate-services-sdn-bhd,real_estate_construction,llm_tail_v1 (high)
caseware,tech_software_internet,llm_tail_v1 (medium)
ceg,tech_software_internet,llm_tail_v1 (high)
connectwise,tech_software_internet,llm_tail_v1 (high)
ctos-data-systems-sdn-bhd,tech_software_internet,llm_tail_v1 (high)
docker,tech_software_internet,llm_tail_v1 (high)
enviva,energy_utilities,llm_tail_v1 (medium)
faradayfuture,tech_software_internet,llm_tail_v1 (high)
flowlife,defense_aerospace,llm_tail_v1 (medium)
g2i,real_estate_construction,llm_tail_v1 (high)
gigaenergy,tech_software_internet,llm_tail_v1 (medium)
health-ecareers,public_sector_government,llm_tail_v1 (medium)
jobs-page-4dc2685b-eb82-46d1-a3f9-1f0764dba814,tech_software_internet,llm_tail_v1 (high)
keck-medicine-of-usc,healthcare_provider,llm_tail_v1 (medium)
naturesbakery,manufacturing,llm_tail_v1 (medium)
plexus-manufacturing-sdn-bhd,manufacturing,llm_tail_v1 (high)
protolabs,tech_software_internet,llm_tail_v1 (high)
reprally,tech_software_internet,llm_tail_v1 (high)
simplisafe,tech_software_internet,llm_tail_v1 (high)
tarro,tech_software_internet,llm_tail_v1 (high)
tekion,tech_software_internet,llm_tail_v1 (high)
telixus,tech_software_internet,llm_tail_v1 (high)
unispace,defense_aerospace,llm_tail_v1 (high)
wongdoody,tech_software_internet,llm_tail_v1 (high)
arsiem,tech_software_internet,llm_tail_v1 (high)
bandwidth,tech_software_internet,llm_tail_v1 (medium)
barnes,legal_services,llm_tail_v1 (high)
capricor,healthcare_provider,llm_tail_v1 (high)
caronsale,automotive,llm_tail_v1 (medium)
cognizant-technology-solutions,real_estate_construction,llm_tail_v1 (high)
css,tech_software_internet,llm_tail_v1 (high)
eightsleep,tech_software_internet,llm_tail_v1 (medium)
forgen,real_estate_construction,llm_tail_v1 (high)
fourhands,defense_aerospace,llm_tail_v1 (medium)
gomotive,automotive,llm_tail_v1 (medium)
grailbio,tech_software_internet,llm_tail_v1 (high)
highmetric,tech_software_internet,llm_tail_v1 (medium)
iconcareers,tech_hardware_semiconductors,llm_tail_v1 (high)
keysight-technologies-malaysia-sdn-bhd,tech_hardware_semiconductors,llm_tail_v1 (medium)
life360,tech_software_internet,llm_tail_v1 (high)
marqeta,nonprofit,llm_tail_v1 (medium)
marqvision,tech_software_internet,llm_tail_v1 (high)
marvin,transportation_logistics,llm_tail_v1 (high)
miqdigital,media_entertainment,llm_tail_v1 (medium)
nexstar-media-group-inc,media_entertainment,llm_tail_v1 (high)
omnea,tech_software_internet,llm_tail_v1 (high)
onhires,tech_software_internet,llm_tail_v1 (high)
openfx,tech_software_internet,llm_tail_v1 (high)
otter,tech_software_internet,llm_tail_v1 (high)
phdata,tech_software_internet,llm_tail_v1 (medium)
projectaservicesgmbhcokg,tech_software_internet,llm_tail_v1 (high)
public-bank-berhad,finance_banking,llm_tail_v1 (high)
reolink,tech_software_internet,llm_tail_v1 (high)
sereact,tech_hardware_semiconductors,llm_tail_v1 (high)
sfeir,tech_software_internet,llm_tail_v1 (high)
thenuclearcompany,energy_utilities,llm_tail_v1 (medium)
triafederal,tech_software_internet,llm_tail_v1 (high)
u-mobile-sdn-bhd,tech_software_internet,llm_tail_v1 (high)
unframe,tech_software_internet,llm_tail_v1 (high)
veracyte,healthcare_provider,llm_tail_v1 (high)
witheritelawgroup,tech_software_internet,llm_tail_v1 (high)
xyz-reality,real_estate_construction,llm_tail_v1 (medium)
7-eleven-malaysia-sdn-bhd,retail_ecommerce,llm_tail_v1 (high)
associa,real_estate_construction,llm_tail_v1 (high)
atomicmachines,tech_software_internet,llm_tail_v1 (high)
bcforward,tech_software_internet,llm_tail_v1 (high)
carmax,automotive,llm_tail_v1 (high)
compasspathways,healthcare_pharma_biotech,llm_tail_v1 (medium)
dadavidson,tech_software_internet,llm_tail_v1 (high)
dbtlabsinc,tech_software_internet,llm_tail_v1 (medium)
edb,tech_software_internet,llm_tail_v1 (medium)
fedex-logistics,transportation_logistics,llm_tail_v1 (high)
fschumacherco,tech_software_internet,llm_tail_v1 (high)
godaddy,tech_software_internet,llm_tail_v1 (high)
hackerrank,tech_software_internet,llm_tail_v1 (medium)
hydritechemicalco,healthcare_provider,llm_tail_v1 (medium)
impressive-communications-sdn-bhd,real_estate_construction,llm_tail_v1 (high)
iterativehealth,healthcare_provider,llm_tail_v1 (high)
mastech-digital,real_estate_construction,llm_tail_v1 (high)
medix,healthcare_provider,llm_tail_v1 (high)
nextgenfed,tech_software_internet,llm_tail_v1 (high)
perusahaan-otomobil-nasional-sdn-bhd-proton,manufacturing,llm_tail_v1 (medium)
physicsx,tech_software_internet,llm_tail_v1 (high)
proxima-fusion,tech_software_internet,llm_tail_v1 (medium)
relay,tech_software_internet,llm_tail_v1 (high)
rewardsnetwork,tech_software_internet,llm_tail_v1 (high)
sqaservices,defense_aerospace,llm_tail_v1 (high)
stryker,tech_software_internet,llm_tail_v1 (high)
syazna-world,consulting_professional_services,llm_tail_v1 (medium)
theex,agriculture_food_production,llm_tail_v1 (high)
tkda,real_estate_construction,llm_tail_v1 (high)
triumvirateenvironmental,healthcare_pharma_biotech,llm_tail_v1 (medium)
westlake,transportation_logistics,llm_tail_v1 (high)
wing,tech_software_internet,llm_tail_v1 (high)
workday,tech_software_internet,llm_tail_v1 (high)
wsp-in-the-u-s,consulting_professional_services,llm_tail_v1 (medium)
actionlife,real_estate_construction,llm_tail_v1 (medium)
aeva,tech_hardware_semiconductors,llm_tail_v1 (medium)
anchanto,tech_software_internet,llm_tail_v1 (medium)
backmarket,tech_software_internet,llm_tail_v1 (high)
bitpanda,tech_software_internet,llm_tail_v1 (high)
brooksource,real_estate_construction,llm_tail_v1 (high)
c3iot,tech_software_internet,llm_tail_v1 (medium)
caceis-malaysia,tech_software_internet,llm_tail_v1 (medium)
camunda,tech_software_internet,llm_tail_v1 (high)
cellink,manufacturing,llm_tail_v1 (high)
ceva-logistics-malaysia-sdn-bhd,retail_ecommerce,llm_tail_v1 (high)
cgp-personnel,hospitality_food_service,llm_tail_v1 (high)
deloitte-consulting-sea,tech_software_internet,llm_tail_v1 (high)
demo.uipath.com,tech_software_internet,llm_tail_v1 (medium)
earnin,tech_software_internet,llm_tail_v1 (high)
ensco,tech_software_internet,llm_tail_v1 (high)
equitable,finance_insurance,llm_tail_v1 (medium)
geniussports,tech_software_internet,llm_tail_v1 (high)
growtherapy,tech_software_internet,llm_tail_v1 (high)
gruve,tech_software_internet,llm_tail_v1 (medium)
hewlett-packard-enterprise,tech_software_internet,llm_tail_v1 (high)
horacemannservicecorporation,tech_software_internet,llm_tail_v1 (high)
idr-inc,tech_software_internet,llm_tail_v1 (medium)
imagineart,tech_software_internet,llm_tail_v1 (medium)
last-energy,energy_utilities,llm_tail_v1 (high)
mavensecuritiesholdingltd,real_estate_construction,llm_tail_v1 (high)
meshy,tech_software_internet,llm_tail_v1 (high)
mission-technologies-a-division-of-hii,tech_software_internet,llm_tail_v1 (high)
mollie,finance_fintech,llm_tail_v1 (high)
multiverse,tech_software_internet,llm_tail_v1 (high)
ni-malaysia-sdn-bhd,tech_software_internet,llm_tail_v1 (high)
pathward,tech_software_internet,llm_tail_v1 (high)
peregrinetechnologies,tech_software_internet,llm_tail_v1 (high)
place,real_estate_construction,llm_tail_v1 (medium)
qualdoc,manufacturing,llm_tail_v1 (high)
scout24,tech_software_internet,llm_tail_v1 (medium)
silananotechnologies,energy_utilities,llm_tail_v1 (medium)
siri-infosolutions-inc,tech_software_internet,llm_tail_v1 (medium)
toptal,tech_software_internet,llm_tail_v1 (high)
twelve-labs,media_entertainment,llm_tail_v1 (medium)
v2x-inc,real_estate_construction,llm_tail_v1 (medium)
vendelux,consulting_professional_services,llm_tail_v1 (high)
viralnation,media_entertainment,llm_tail_v1 (medium)
yipitdatajobs,tech_software_internet,llm_tail_v1 (medium)
adobe,tech_software_internet,llm_tail_v1 (high)
aptask,tech_software_internet,llm_tail_v1 (high)
bottomlinetechnologies,finance_fintech,llm_tail_v1 (medium)
capgemini-services-malaysia-sdn-bhd,tech_software_internet,llm_tail_v1 (medium)
cmr.london,media_entertainment,llm_tail_v1 (medium)
collibra,tech_software_internet,llm_tail_v1 (high)
cypresscreekrenewables,tech_software_internet,llm_tail_v1 (high)
d2l,tech_software_internet,llm_tail_v1 (medium)
dexory,tech_software_internet,llm_tail_v1 (medium)
dianahealth94,healthcare_provider,llm_tail_v1 (medium)
emburse,tech_software_internet,llm_tail_v1 (high)
employerdirecthealthcare,tech_software_internet,llm_tail_v1 (high)
epirus,tech_software_internet,llm_tail_v1 (medium)
flywheeldigital,tech_software_internet,llm_tail_v1 (high)
foratravel,tech_software_internet,llm_tail_v1 (high)
georgia-pacific-llc,tech_software_internet,llm_tail_v1 (medium)
globalizationpartners,tech_software_internet,llm_tail_v1 (medium)
heartland-alliance,healthcare_provider,llm_tail_v1 (high)
hootsuite,tech_software_internet,llm_tail_v1 (high)
hpiq,tech_software_internet,llm_tail_v1 (high)
ifast-capital-sdn-bhd,tech_software_internet,llm_tail_v1 (high)
invited,consumer_brands,llm_tail_v1 (high)
ivalua,tech_software_internet,llm_tail_v1 (high)
j-t-express-malaysia-sdn-bhd,finance_insurance,llm_tail_v1 (medium)
kinders,manufacturing,llm_tail_v1 (high)
mejuri,retail_ecommerce,llm_tail_v1 (high)
neowiz,media_entertainment,llm_tail_v1 (high)
nox-metals,tech_software_internet,llm_tail_v1 (medium)
orcabiosystems,healthcare_provider,llm_tail_v1 (high)
oxydata-software-sdn-bhd,tech_software_internet,llm_tail_v1 (high)
paratekpharmaceuticals,tech_software_internet,llm_tail_v1 (high)
partly.com,tech_software_internet,llm_tail_v1 (high)
quinstreet,media_entertainment,llm_tail_v1 (medium)
realmanage-family-of-brands,tech_software_internet,llm_tail_v1 (medium)
redwoodsoftware,tech_software_internet,llm_tail_v1 (high)
steadily,tech_software_internet,llm_tail_v1 (high)
swift-strategic-solutions-inc,nonprofit,llm_tail_v1 (medium)
tailor,tech_software_internet,llm_tail_v1 (high)
terac,media_entertainment,llm_tail_v1 (high)
townsquaremedia,tech_software_internet,llm_tail_v1 (medium)
trading212,tech_software_internet,llm_tail_v1 (high)
unisoninfra,energy_utilities,llm_tail_v1 (medium)
ursamajor,automotive,llm_tail_v1 (medium)
vscfiresecurityinc,real_estate_construction,llm_tail_v1 (high)
wealthsimple,finance_fintech,llm_tail_v1 (medium)
weride,tech_software_internet,llm_tail_v1 (high)
3cloud,tech_software_internet,llm_tail_v1 (high)
66degrees,tech_software_internet,llm_tail_v1 (high)
addi,tech_software_internet,llm_tail_v1 (high)
amboss,healthcare_provider,llm_tail_v1 (medium)
autoscout24,tech_software_internet,llm_tail_v1 (high)
blockchain,finance_fintech,llm_tail_v1 (medium)
candidhealth,tech_software_internet,llm_tail_v1 (high)
cloudsek,tech_software_internet,llm_tail_v1 (high)
creative-circle,tech_software_internet,llm_tail_v1 (medium)
disco,tech_software_internet,llm_tail_v1 (high)
energyexemplarllc,tech_software_internet,llm_tail_v1 (high)
experian-malaysia-sdn-bhd,finance_insurance,llm_tail_v1 (high)
expressvpn,tech_software_internet,llm_tail_v1 (high)
freshprints,finance_fintech,llm_tail_v1 (high)
gallup,tech_software_internet,llm_tail_v1 (high)
hdr,consumer_brands,llm_tail_v1 (medium)
homechef,tech_software_internet,llm_tail_v1 (high)
hyperexponential,tech_software_internet,llm_tail_v1 (high)
incompasshealth,healthcare_provider,llm_tail_v1 (high)
innova-solutions,media_entertainment,llm_tail_v1 (medium)
inspiraeducation,education_higher,llm_tail_v1 (medium)
interdependence,media_entertainment,llm_tail_v1 (medium)
jacobs,defense_aerospace,llm_tail_v1 (high)
lyratechgroup,tech_software_internet,llm_tail_v1 (high)
mclane-company-inc,transportation_logistics,llm_tail_v1 (high)
midpenhousing,finance_banking,llm_tail_v1 (high)
nasuni,tech_software_internet,llm_tail_v1 (medium)
nflcareers,consulting_professional_services,llm_tail_v1 (high)
nike,consumer_brands,llm_tail_v1 (high)
opentable,hospitality_food_service,llm_tail_v1 (medium)
remoteworker-us,healthcare_provider,llm_tail_v1 (high)
safeway,healthcare_pharma_biotech,llm_tail_v1 (medium)
siemens,tech_software_internet,llm_tail_v1 (medium)
smart-working-solutions,tech_software_internet,llm_tail_v1 (high)
squishable,retail_ecommerce,llm_tail_v1 (high)
terrascend,manufacturing,llm_tail_v1 (high)
the-fountain-group,healthcare_pharma_biotech,llm_tail_v1 (high)
thefloridapanthers,tech_software_internet,llm_tail_v1 (high)
trexsolutions,tech_software_internet,llm_tail_v1 (high)
tx-inc.com,tech_software_internet,llm_tail_v1 (medium)
ulta-beauty,consumer_brands,llm_tail_v1 (high)
upvest,tech_software_internet,llm_tail_v1 (high)
wwprosolutions,tech_hardware_semiconductors,llm_tail_v1 (high)
8451,retail_ecommerce,llm_tail_v1 (medium)
Loop AI,tech_software_internet,llm_tail_v1 (medium)
Peec,tech_software_internet,llm_tail_v1 (medium)
ae-2,tech_software_internet,llm_tail_v1 (high)
aipconnect,tech_software_internet,llm_tail_v1 (high)
arq,finance_fintech,llm_tail_v1 (medium)
authenticbrandsgroup,media_entertainment,llm_tail_v1 (medium)
betterment,finance_banking,llm_tail_v1 (medium)
blp-digital,tech_software_internet,llm_tail_v1 (high)
cognite,tech_software_internet,llm_tail_v1 (high)
couchbaseinc,tech_software_internet,llm_tail_v1 (medium)
eliassen-group,real_estate_construction,llm_tail_v1 (high)
fis,tech_software_internet,llm_tail_v1 (high)
fundraiseup,real_estate_construction,llm_tail_v1 (high)
hevodata,tech_software_internet,llm_tail_v1 (medium)
itslogisticsllc,transportation_logistics,llm_tail_v1 (high)
leonardo-drs,automotive,llm_tail_v1 (medium)
luxurypresence,tech_software_internet,llm_tail_v1 (medium)
magnetforensics,tech_software_internet,llm_tail_v1 (medium)
maricopa-county,public_sector_government,llm_tail_v1 (high)
milhouseinc,real_estate_construction,llm_tail_v1 (high)
mozilla,tech_software_internet,llm_tail_v1 (medium)
nearform,tech_software_internet,llm_tail_v1 (high)
optomi,finance_banking,llm_tail_v1 (medium)
paloit,tech_software_internet,llm_tail_v1 (high)
pendo,tech_software_internet,llm_tail_v1 (medium)
pmaconsultants,real_estate_construction,llm_tail_v1 (high)
recursionpharmaceuticals,healthcare_provider,llm_tail_v1 (high)
rowan,energy_utilities,llm_tail_v1 (high)
skhynixamerica,tech_software_internet,llm_tail_v1 (high)
smavagmbh,finance_banking,llm_tail_v1 (high)
standardbots,tech_software_internet,llm_tail_v1 (high)
suitsupply,retail_ecommerce,llm_tail_v1 (high)
tentacle-tech,tech_software_internet,llm_tail_v1 (high)
threattec,gaming,llm_tail_v1 (medium)
tradesmen-international,media_entertainment,llm_tail_v1 (medium)
wilsonelser,legal_services,llm_tail_v1 (medium)
xcimer,energy_utilities,llm_tail_v1 (medium)
xl-pro-staffing-and-consulting-group,consulting_professional_services,llm_tail_v1 (high)
abb,tech_hardware_semiconductors,llm_tail_v1 (high)
accuweather,public_sector_government,llm_tail_v1 (medium)
amca,manufacturing,llm_tail_v1 (medium)
aya-locums,healthcare_provider,llm_tail_v1 (high)
calyxo,healthcare_provider,llm_tail_v1 (high)
coveoen,tech_software_internet,llm_tail_v1 (medium)
crfamilyofcompanies,consulting_professional_services,llm_tail_v1 (medium)
dlhcorporation,tech_software_internet,llm_tail_v1 (high)
echodynecorp,automotive,llm_tail_v1 (medium)
glsllc,tech_software_internet,llm_tail_v1 (medium)
goldman-sachs,tech_software_internet,llm_tail_v1 (high)
keystone,tech_software_internet,llm_tail_v1 (high)
kpmgnz,public_sector_government,llm_tail_v1 (medium)
lululemon,consumer_brands,llm_tail_v1 (medium)
matlen-silver,finance_insurance,llm_tail_v1 (high)
menlosecurity,finance_banking,llm_tail_v1 (medium)
momentumfinancialservicesgroup,tech_software_internet,llm_tail_v1 (high)
munich-electrification,tech_software_internet,llm_tail_v1 (high)
mynews-holdings-berhad,retail_ecommerce,llm_tail_v1 (high)
nabis,retail_ecommerce,llm_tail_v1 (medium)
nahc,tech_software_internet,llm_tail_v1 (medium)
netomi,tech_software_internet,llm_tail_v1 (medium)
nexthreat.com,tech_software_internet,llm_tail_v1 (high)
niramedical,finance_fintech,llm_tail_v1 (high)
nothing,tech_software_internet,llm_tail_v1 (high)
novo-nordisk,healthcare_provider,llm_tail_v1 (medium)
oneapp,tech_software_internet,llm_tail_v1 (high)
onward-search,consulting_professional_services,llm_tail_v1 (medium)
paddle,finance_fintech,llm_tail_v1 (medium)
parallelwireless,tech_software_internet,llm_tail_v1 (medium)
parsons-corporation,finance_insurance,llm_tail_v1 (high)
porter,tech_software_internet,llm_tail_v1 (medium)
ridezum,automotive,llm_tail_v1 (medium)
riskified,tech_software_internet,llm_tail_v1 (high)
sanity,tech_software_internet,llm_tail_v1 (high)
silver,tech_software_internet,llm_tail_v1 (medium)
sime-darby-berhad,public_sector_government,llm_tail_v1 (high)
tamara,finance_fintech,llm_tail_v1 (medium)
tarsusrx,finance_insurance,llm_tail_v1 (high)
tdcx,media_entertainment,llm_tail_v1 (high)
technip-energies,energy_utilities,llm_tail_v1 (medium)
troon,healthcare_provider,llm_tail_v1 (medium)
ust,tech_software_internet,llm_tail_v1 (high)
xometryeurope,manufacturing,llm_tail_v1 (medium)
zoll-medical-corporation,tech_software_internet,llm_tail_v1 (medium)
zopa,tech_software_internet,llm_tail_v1 (high)
albemarle-corporation,energy_utilities,llm_tail_v1 (medium)
aquent,tech_software_internet,llm_tail_v1 (high)
astrazeneca,healthcare_provider,llm_tail_v1 (high)
basis-ai,tech_software_internet,llm_tail_v1 (medium)
bdainc,retail_ecommerce,llm_tail_v1 (high)
bdo-usa,tech_software_internet,llm_tail_v1 (medium)
bridgestone-retail-operations-llc,retail_ecommerce,llm_tail_v1 (high)
brunswickgroup,tech_software_internet,llm_tail_v1 (high)
caylent,tech_software_internet,llm_tail_v1 (high)
clubmonaco,consumer_brands,llm_tail_v1 (medium)
complyadvantage,tech_software_internet,llm_tail_v1 (medium)
deltasands,defense_aerospace,llm_tail_v1 (medium)
eaton,tech_software_internet,llm_tail_v1 (high)
eqtcorporation,energy_utilities,llm_tail_v1 (medium)
fartherfinance,finance_fintech,llm_tail_v1 (medium)
hoyoverse,tech_software_internet,llm_tail_v1 (medium)
htc-global-services,tech_software_internet,llm_tail_v1 (high)
hytech-consulting-management-sdn-bhd,tech_software_internet,llm_tail_v1 (high)
jsk-group-of-companies,real_estate_construction,llm_tail_v1 (medium)
kbr-inc,healthcare_provider,llm_tail_v1 (high)
keenfootwear,energy_utilities,llm_tail_v1 (high)
kohler-co,hospitality_food_service,llm_tail_v1 (high)
konica-minolta-business-solutions-m-sdn-bhd,tech_software_internet,llm_tail_v1 (high)
kumon-centre,education_k12,llm_tail_v1 (medium)
leavitt,finance_insurance,llm_tail_v1 (medium)
mark43,tech_software_internet,llm_tail_v1 (high)
mks2technologies,tech_software_internet,llm_tail_v1 (medium)
my-fimedia-network-technology-sdn-bhd,tech_software_internet,llm_tail_v1 (medium)
napa-auto-parts,retail_ecommerce,llm_tail_v1 (medium)
nuitee,finance_fintech,llm_tail_v1 (medium)
orchard,tech_software_internet,llm_tail_v1 (high)
poshmark,tech_software_internet,llm_tail_v1 (high)
qonto,finance_banking,llm_tail_v1 (medium)
reonic,tech_software_internet,llm_tail_v1 (high)
restaurant365,tech_software_internet,llm_tail_v1 (medium)
rula,tech_software_internet,llm_tail_v1 (high)
ryder-system-inc,transportation_logistics,llm_tail_v1 (high)
seekselect-prehire,retail_ecommerce,llm_tail_v1 (high)
simplepractice55,tech_software_internet,llm_tail_v1 (medium)
singlestore,tech_software_internet,llm_tail_v1 (medium)
slingshotaerospace,defense_aerospace,llm_tail_v1 (high)
softworld-a-kelly-company,tech_software_internet,llm_tail_v1 (medium)
sphereentertainment,media_entertainment,llm_tail_v1 (medium)
swile,tech_software_internet,llm_tail_v1 (high)
vulcanelements,automotive,llm_tail_v1 (medium)
360learning,tech_software_internet,llm_tail_v1 (high)
alliance-steel-m-sdn-bhd,real_estate_construction,llm_tail_v1 (medium)
americaninstitutesforresearch,tech_software_internet,llm_tail_v1 (high)
apolloio,tech_software_internet,llm_tail_v1 (medium)
aylo,tech_software_internet,llm_tail_v1 (high)
bamboohr17,tech_software_internet,llm_tail_v1 (high)
brainco,tech_software_internet,llm_tail_v1 (high)
c3el,defense_aerospace,llm_tail_v1 (high)
captiveaire,real_estate_construction,llm_tail_v1 (medium)
chargepoint,tech_software_internet,llm_tail_v1 (medium)
clipboard,tech_software_internet,llm_tail_v1 (high)
commerz-global-service-solutions-sdn-bhd-formerly-known-as-commerz-trade-services,tech_software_internet,llm_tail_v1 (high)
componentrepairtechnologies,manufacturing,llm_tail_v1 (medium)
defense-commissary-agency,defense_aerospace,llm_tail_v1 (high)
docplanner,tech_software_internet,llm_tail_v1 (medium)
generac,energy_utilities,llm_tail_v1 (high)
gocardless,finance_fintech,llm_tail_v1 (medium)
goteleport,tech_software_internet,llm_tail_v1 (medium)
hillhousehome,retail_ecommerce,llm_tail_v1 (high)
hudl,media_entertainment,llm_tail_v1 (high)
ijm-corporation-berhad,consulting_professional_services,llm_tail_v1 (medium)
intecrowd,consulting_professional_services,llm_tail_v1 (high)
interfaceai,tech_software_internet,llm_tail_v1 (medium)
intersect,tech_software_internet,llm_tail_v1 (high)
johnson-mirmiran-thompson,consulting_professional_services,llm_tail_v1 (medium)
kenvue,consulting_professional_services,llm_tail_v1 (medium)
kpg99-inc,retail_ecommerce,llm_tail_v1 (medium)
marsh-mclennan-agency,finance_insurance,llm_tail_v1 (high)
merlinlabs,tech_software_internet,llm_tail_v1 (high)
metropolitan-transportation-authority,real_estate_construction,llm_tail_v1 (high)
momsmeals,media_entertainment,llm_tail_v1 (medium)
navvis,tech_software_internet,llm_tail_v1 (medium)
neara,tech_software_internet,llm_tail_v1 (high)
neo4j,tech_software_internet,llm_tail_v1 (high)
novaspace,defense_aerospace,llm_tail_v1 (high)
oscilar,tech_software_internet,llm_tail_v1 (high)
pandora,media_entertainment,llm_tail_v1 (medium)
perscholashires,tech_software_internet,llm_tail_v1 (high)
sequence,tech_software_internet,llm_tail_v1 (medium)
serval,tech_software_internet,llm_tail_v1 (high)
shopmy,retail_ecommerce,llm_tail_v1 (medium)
soldejaneiro,healthcare_provider,llm_tail_v1 (medium)
solvd,tech_software_internet,llm_tail_v1 (medium)
tecovas,retail_ecommerce,llm_tail_v1 (high)
the-mom-project,transportation_logistics,llm_tail_v1 (medium)
the-mosaic-company,consulting_professional_services,llm_tail_v1 (high)
themesoft-inc,tech_software_internet,llm_tail_v1 (high)
trainline,media_entertainment,llm_tail_v1 (high)
transmitsecurity,tech_software_internet,llm_tail_v1 (medium)
tropicana-corporation-berhad,tech_software_internet,llm_tail_v1 (high)
uncountable,tech_software_internet,llm_tail_v1 (medium)
vannevarlabs,tech_software_internet,llm_tail_v1 (high)
velo3d,defense_aerospace,llm_tail_v1 (high)
victoria-s-secret-co,retail_ecommerce,llm_tail_v1 (medium)
withpulley,retail_ecommerce,llm_tail_v1 (medium)
yuno,tech_software_internet,llm_tail_v1 (high)
zodiac-solutions-inc,defense_aerospace,llm_tail_v1 (high)
aia-shared-services-sdn-bhd,tech_software_internet,llm_tail_v1 (high)
air-products-malaysia-sdn-bhd,manufacturing,llm_tail_v1 (medium)
american-air-filter-manufacturing-sdn-bhd,manufacturing,llm_tail_v1 (high)
american-unit-inc,real_estate_construction,llm_tail_v1 (high)
appleone-employment-services,finance_insurance,llm_tail_v1 (medium)
avantor,healthcare_pharma_biotech,llm_tail_v1 (high)
berkadia,finance_banking,llm_tail_v1 (medium)
bimbo-bakeries-usa,retail_ecommerce,llm_tail_v1 (high)
blackrock,tech_software_internet,llm_tail_v1 (high)
boston-scientific-medical-device-malaysia-sdn-bhd,tech_software_internet,llm_tail_v1 (high)
canopy-ad,defense_aerospace,llm_tail_v1 (medium)
careerteam,tech_software_internet,llm_tail_v1 (medium)
citizens,finance_banking,llm_tail_v1 (high)
cloudbeds,tech_software_internet,llm_tail_v1 (medium)
compeerfinancial,agriculture_food_production,llm_tail_v1 (medium)
connecteam,tech_software_internet,llm_tail_v1 (high)
curri,energy_utilities,llm_tail_v1 (high)
emergentlabsinc,tech_software_internet,llm_tail_v1 (medium)
everfield,tech_software_internet,llm_tail_v1 (medium)
exa,tech_software_internet,llm_tail_v1 (high)
frazierdeeter,finance_insurance,llm_tail_v1 (high)
g2,tech_software_internet,llm_tail_v1 (high)
gigs,tech_software_internet,llm_tail_v1 (high)
glia,tech_software_internet,llm_tail_v1 (high)
glide,tech_software_internet,llm_tail_v1 (high)
hebbia-ai,tech_software_internet,llm_tail_v1 (high)
inspiremedicalsystemsinc,healthcare_provider,llm_tail_v1 (high)
jahnelgroup,tech_software_internet,llm_tail_v1 (high)
jazzx-ai,tech_software_internet,llm_tail_v1 (high)
kleinfelder,real_estate_construction,llm_tail_v1 (high)
kymberconsultinggroup,defense_aerospace,llm_tail_v1 (medium)
larson-maddox,legal_services,llm_tail_v1 (high)
lasalle-network,tech_software_internet,llm_tail_v1 (medium)
lincolninternational,finance_banking,llm_tail_v1 (high)
manusai,tech_software_internet,llm_tail_v1 (medium)
marriott-vacations-worldwide,consumer_brands,llm_tail_v1 (high)
modine-manufacturing-company,manufacturing,llm_tail_v1 (high)
national-youth-advocate-program-nyap,healthcare_provider,llm_tail_v1 (high)
octus,tech_software_internet,llm_tail_v1 (medium)
only-world-group,healthcare_provider,llm_tail_v1 (medium)
overjet,healthcare_provider,llm_tail_v1 (medium)
parker-hannifin,tech_software_internet,llm_tail_v1 (medium)
personalisinc,healthcare_provider,llm_tail_v1 (high)
philips,healthcare_provider,llm_tail_v1 (high)
pvh-corp,tech_software_internet,llm_tail_v1 (high)
reply,tech_software_internet,llm_tail_v1 (high)
southern-glazer-s-wine-spirits,transportation_logistics,llm_tail_v1 (high)
squarespace,defense_aerospace,llm_tail_v1 (high)
sysco,education_k12,llm_tail_v1 (medium)
t-mobile,tech_software_internet,llm_tail_v1 (high)
theorchard,tech_software_internet,llm_tail_v1 (medium)
threatlocker,tech_software_internet,llm_tail_v1 (medium)
tipaltisolutions,tech_software_internet,llm_tail_v1 (medium)
twitch,media_entertainment,llm_tail_v1 (medium)
vertisystem,tech_software_internet,llm_tail_v1 (high)
westinghouse-electric-company,tech_software_internet,llm_tail_v1 (medium)
2u,tech_software_internet,llm_tail_v1 (high)
aeon-co-m-bhd,consulting_professional_services,llm_tail_v1 (medium)
alu,tech_software_internet,llm_tail_v1 (high)
asrc-federal,automotive,llm_tail_v1 (medium)
astera,tech_software_internet,llm_tail_v1 (high)
astrix,public_sector_government,llm_tail_v1 (medium)
atc,healthcare_pharma_biotech,llm_tail_v1 (medium)
avetta,tech_software_internet,llm_tail_v1 (high)
barnes-noble-college,retail_ecommerce,llm_tail_v1 (high)
beyondfinance,tech_software_internet,llm_tail_v1 (high)
bhhc,finance_insurance,llm_tail_v1 (high)
boyd-gaming,gaming,llm_tail_v1 (high)
cabonorte,tech_software_internet,llm_tail_v1 (high)
cfgi,finance_banking,llm_tail_v1 (high)
chewy,tech_software_internet,llm_tail_v1 (high)
commonwealth-of-kentucky,finance_banking,llm_tail_v1 (high)
decathlon-malaysia-sdn-bhd,retail_ecommerce,llm_tail_v1 (medium)
defenseunicorns,tech_software_internet,llm_tail_v1 (high)
dlocal,tech_software_internet,llm_tail_v1 (high)
ecolab,consumer_brands,llm_tail_v1 (high)
entrata,tech_software_internet,llm_tail_v1 (high)
felix,tech_software_internet,llm_tail_v1 (high)
fundingcircle,finance_fintech,llm_tail_v1 (medium)
gemini,finance_fintech,llm_tail_v1 (medium)
generalassembly,tech_software_internet,llm_tail_v1 (high)
gillig,automotive,llm_tail_v1 (medium)
hatchit,tech_software_internet,llm_tail_v1 (medium)
higgsfieldai,tech_software_internet,llm_tail_v1 (high)
huntress,tech_software_internet,llm_tail_v1 (medium)
integrated-resources-inc-iri,finance_insurance,llm_tail_v1 (high)
khanacademy,nonprofit,llm_tail_v1 (medium)
live-nation-entertainment,media_entertainment,llm_tail_v1 (medium)
lumileds-malaysia-sdn-bhd,automotive,llm_tail_v1 (medium)
mavenclinic,healthcare_provider,llm_tail_v1 (high)
mondel-z-international,retail_ecommerce,llm_tail_v1 (high)
naval-sea-systems-command,tech_software_internet,llm_tail_v1 (high)
nlb-services,tech_software_internet,llm_tail_v1 (high)
npaworldwide,tech_hardware_semiconductors,llm_tail_v1 (high)
on-semiconductor-malaysia-sdn-bhd,tech_hardware_semiconductors,llm_tail_v1 (high)
osi-engineering,tech_software_internet,llm_tail_v1 (high)
peakenergy,tech_software_internet,llm_tail_v1 (high)
peraton,tech_software_internet,llm_tail_v1 (high)
provision-people,nonprofit,llm_tail_v1 (medium)
raytheon,nonprofit,llm_tail_v1 (medium)
reducto,tech_software_internet,llm_tail_v1 (high)
rivr,tech_software_internet,llm_tail_v1 (high)
scm,real_estate_construction,llm_tail_v1 (high)
shifttechnology,tech_software_internet,llm_tail_v1 (high)
siemens-energy-sdn-bhd,energy_utilities,llm_tail_v1 (high)
sonderaustralia,tech_software_internet,llm_tail_v1 (high)
sonicwall,tech_software_internet,llm_tail_v1 (high)
stepful,tech_software_internet,llm_tail_v1 (high)
stop-shop,healthcare_pharma_biotech,llm_tail_v1 (high)
sun-life-malaysia-assurance-berhad,tech_software_internet,llm_tail_v1 (medium)
super.com,tech_software_internet,llm_tail_v1 (high)
superside,tech_software_internet,llm_tail_v1 (high)
system-soft-technologies,tech_software_internet,llm_tail_v1 (high)
taketwo,tech_software_internet,llm_tail_v1 (medium)
tas-energy-inc,energy_utilities,llm_tail_v1 (high)
turing,tech_software_internet,llm_tail_v1 (high)
tutorintelligence,tech_software_internet,llm_tail_v1 (high)
veolia-north-america,energy_utilities,llm_tail_v1 (medium)
vivenu,tech_software_internet,llm_tail_v1 (high)
24hourhomecare,real_estate_construction,llm_tail_v1 (high)
abang-usedcar-sdn-bhd,manufacturing,llm_tail_v1 (medium)
abclegalservices,tech_software_internet,llm_tail_v1 (medium)
adecco,real_estate_construction,llm_tail_v1 (high)
affin-bank-berhad,finance_banking,llm_tail_v1 (high)
allstate,tech_software_internet,llm_tail_v1 (high)
antora,energy_utilities,llm_tail_v1 (medium)
assetliving,real_estate_construction,llm_tail_v1 (medium)
avanade-malaysia-sdn-bhd,tech_software_internet,llm_tail_v1 (high)
best-global-logistics-technology-malaysia-sdn-bhd,transportation_logistics,llm_tail_v1 (high)
blacksemiconductor,tech_hardware_semiconductors,llm_tail_v1 (high)
bpcs,tech_software_internet,llm_tail_v1 (high)
capitalsolutionsgroup,tech_software_internet,llm_tail_v1 (high)
cloudwalk,tech_software_internet,llm_tail_v1 (high)
cooksys,consulting_professional_services,llm_tail_v1 (medium)
corelight,tech_software_internet,llm_tail_v1 (medium)
crossriverbank,finance_fintech,llm_tail_v1 (high)
dxc-technology-malaysia-sdn-bhd,consulting_professional_services,llm_tail_v1 (medium)
econstruct,real_estate_construction,llm_tail_v1 (high)
equip,healthcare_provider,llm_tail_v1 (medium)
exyte,tech_hardware_semiconductors,llm_tail_v1 (medium)
freenome,healthcare_provider,llm_tail_v1 (high)
gr8tech,media_entertainment,llm_tail_v1 (high)
hopeservices,retail_ecommerce,llm_tail_v1 (high)
imika-empire-sdn-bhd,retail_ecommerce,llm_tail_v1 (medium)
inclusively,tech_software_internet,llm_tail_v1 (high)
infinity-constellation,tech_software_internet,llm_tail_v1 (high)
infojini-inc,real_estate_construction,llm_tail_v1 (high)
infosys-malaysia-sdn-bhd,energy_utilities,llm_tail_v1 (high)
lakera.ai,tech_software_internet,llm_tail_v1 (medium)
lamudi,real_estate_construction,llm_tail_v1 (medium)
mindteck-software-malaysia-sdn-bhd,tech_software_internet,llm_tail_v1 (high)
myob-2,tech_software_internet,llm_tail_v1 (high)
netwealth,finance_fintech,llm_tail_v1 (medium)
oddin,media_entertainment,llm_tail_v1 (medium)
palo-alto-networks,tech_software_internet,llm_tail_v1 (medium)
panda-restaurant-group,retail_ecommerce,llm_tail_v1 (high)
primer.io,finance_fintech,llm_tail_v1 (medium)
prudential-assurance-malaysia-berhad,finance_insurance,llm_tail_v1 (high)
qvest.us,tech_software_internet,llm_tail_v1 (high)
redcellpartners,tech_software_internet,llm_tail_v1 (medium)
rent-a-center,retail_ecommerce,llm_tail_v1 (high)
reyes-beverage-group,consumer_brands,llm_tail_v1 (high)
secretariatadvisorsllc,real_estate_construction,llm_tail_v1 (high)
shipmonk,transportation_logistics,llm_tail_v1 (high)
showpad,finance_fintech,llm_tail_v1 (medium)
siemens-malaysia-sdn-bhd,real_estate_construction,llm_tail_v1 (medium)
span,tech_software_internet,llm_tail_v1 (high)
swap,tech_software_internet,llm_tail_v1 (high)
tacto,manufacturing,llm_tail_v1 (medium)
thought-machine,tech_software_internet,llm_tail_v1 (high)
toshibaglobalcommercesolutions,tech_software_internet,llm_tail_v1 (high)
toyota-capital-malaysia-sdn-bhd,media_entertainment,llm_tail_v1 (medium)
ups,transportation_logistics,llm_tail_v1 (high)
whitecap-search,finance_banking,llm_tail_v1 (medium)
yugabyte,tech_software_internet,llm_tail_v1 (medium)
acro-service-corp,manufacturing,llm_tail_v1 (high)
adidas,retail_ecommerce,llm_tail_v1 (high)
al-futtaim-group-asia-regional-business-services-sdn-bhd,retail_ecommerce,llm_tail_v1 (high)
alimentiv-2,healthcare_provider,llm_tail_v1 (high)
alxafrica,real_estate_construction,llm_tail_v1 (high)
applovin,tech_software_internet,llm_tail_v1 (medium)
axle,tech_software_internet,llm_tail_v1 (medium)
british-american-tobacco-malaysia-berhad-batm,consulting_professional_services,llm_tail_v1 (medium)
businessolver,tech_software_internet,llm_tail_v1 (high)
clearstreet,tech_software_internet,llm_tail_v1 (medium)
cloudinary,tech_software_internet,llm_tail_v1 (high)
convene,healthcare_provider,llm_tail_v1 (medium)
cox-automotive-inc,tech_software_internet,llm_tail_v1 (high)
dancom-group,real_estate_construction,llm_tail_v1 (high)
datsolutions,tech_software_internet,llm_tail_v1 (medium)
dexterity,manufacturing,llm_tail_v1 (high)
dragos,tech_software_internet,llm_tail_v1 (high)
ekimetrics,tech_software_internet,llm_tail_v1 (medium)
eleks,tech_software_internet,llm_tail_v1 (high)
eqvilentjobs,tech_software_internet,llm_tail_v1 (medium)
flohealth,tech_software_internet,llm_tail_v1 (high)
fullscript,healthcare_provider,llm_tail_v1 (medium)
gilead-sciences,finance_insurance,llm_tail_v1 (high)
goatgroup,transportation_logistics,llm_tail_v1 (medium)
gostudent,tech_software_internet,llm_tail_v1 (medium)
hannaford-supermarkets,healthcare_pharma_biotech,llm_tail_v1 (high)
harborglobal,real_estate_construction,llm_tail_v1 (high)
horizonindustrieslimited,consulting_professional_services,llm_tail_v1 (medium)
ikea,retail_ecommerce,llm_tail_v1 (high)
infotree-global-solutions,finance_insurance,llm_tail_v1 (high)
jumpcloud,tech_software_internet,llm_tail_v1 (high)
kawan-food-manufacturing-sdn-bhd,manufacturing,llm_tail_v1 (high)
kraft-heinz,manufacturing,llm_tail_v1 (high)
lam-soon-edible-oils-sdn-bhd,tech_software_internet,llm_tail_v1 (high)
lodgify,tech_software_internet,llm_tail_v1 (medium)
lucidsoftware,tech_software_internet,llm_tail_v1 (high)
macrohire,tech_software_internet,llm_tail_v1 (high)
mthreerecruitingportal,tech_software_internet,llm_tail_v1 (high)
panthalassa,energy_utilities,llm_tail_v1 (medium)
parafin,tech_software_internet,llm_tail_v1 (high)
patrianna,tech_software_internet,llm_tail_v1 (medium)
pebl,tech_software_internet,llm_tail_v1 (high)
pelago,tech_software_internet,llm_tail_v1 (high)
pharmacann,healthcare_pharma_biotech,llm_tail_v1 (high)
primee,nonprofit,llm_tail_v1 (medium)
rangam,retail_ecommerce,llm_tail_v1 (high)
rho,tech_software_internet,llm_tail_v1 (high)
rightsideup,tech_software_internet,llm_tail_v1 (high)
robin-radar,tech_software_internet,llm_tail_v1 (high)
roofstock,finance_banking,llm_tail_v1 (medium)
sagesure,finance_insurance,llm_tail_v1 (medium)
salesloft,tech_software_internet,llm_tail_v1 (medium)
shyftlabs,tech_software_internet,llm_tail_v1 (high)
sourceability,tech_hardware_semiconductors,llm_tail_v1 (medium)
stericycle,healthcare_provider,llm_tail_v1 (high)
sunday,tech_software_internet,llm_tail_v1 (high)
synectics-inc,finance_insurance,llm_tail_v1 (high)
taaraconnect,tech_hardware_semiconductors,llm_tail_v1 (medium)
tandem,tech_software_internet,llm_tail_v1 (high)
thatgamecompany,tech_software_internet,llm_tail_v1 (high)
ttxinc,manufacturing,llm_tail_v1 (medium)
u-s-pacific-fleet,defense_aerospace,llm_tail_v1 (medium)
venteon,automotive,llm_tail_v1 (medium)
watchguard,tech_software_internet,llm_tail_v1 (medium)
PAR Technology,tech_software_internet,llm_tail_v1 (medium)
adt,tech_software_internet,llm_tail_v1 (high)
alertus,tech_software_internet,llm_tail_v1 (high)
anotherco,consulting_professional_services,llm_tail_v1 (medium)
anybotics,tech_software_internet,llm_tail_v1 (high)
arcinstitute,tech_software_internet,llm_tail_v1 (medium)
automatticcareers,tech_software_internet,llm_tail_v1 (high)
babylist,media_entertainment,llm_tail_v1 (high)
berjaya-sompo-insurance-berhad,finance_insurance,llm_tail_v1 (high)
blacksky,tech_software_internet,llm_tail_v1 (medium)
bridgewater89,tech_software_internet,llm_tail_v1 (high)
celerion,healthcare_provider,llm_tail_v1 (high)
central-intelligence-agency,tech_software_internet,llm_tail_v1 (high)
ceso,energy_utilities,llm_tail_v1 (medium)
d-fendsolutions,tech_software_internet,llm_tail_v1 (medium)
dozee,tech_software_internet,llm_tail_v1 (medium)
duettoresearch,hospitality_food_service,llm_tail_v1 (high)
entrega,retail_ecommerce,llm_tail_v1 (high)
framatome,energy_utilities,llm_tail_v1 (medium)
gate,finance_fintech,llm_tail_v1 (medium)
gmg-sea-malaysia-sdn-bhd,retail_ecommerce,llm_tail_v1 (high)
gtslivingfoods,education_higher,llm_tail_v1 (high)
holisticindustries,healthcare_pharma_biotech,llm_tail_v1 (medium)
indotronix-avani-group,tech_software_internet,llm_tail_v1 (high)
iovancebiotherapeutics,tech_software_internet,llm_tail_v1 (high)
iqvia,healthcare_provider,llm_tail_v1 (medium)
kairospower,energy_utilities,llm_tail_v1 (medium)
kinexon,manufacturing,llm_tail_v1 (high)
laminarprojects,real_estate_construction,llm_tail_v1 (high)
levelai,tech_software_internet,llm_tail_v1 (high)
lightricks,tech_software_internet,llm_tail_v1 (high)
lyric,tech_software_internet,llm_tail_v1 (medium)
mars,manufacturing,llm_tail_v1 (medium)
maticrobots,tech_software_internet,llm_tail_v1 (high)
maven,tech_software_internet,llm_tail_v1 (high)
merge,tech_software_internet,llm_tail_v1 (high)
mobileanesthesiologists,healthcare_provider,llm_tail_v1 (medium)
navistar-inc,retail_ecommerce,llm_tail_v1 (high)
ninjatrader,retail_ecommerce,llm_tail_v1 (medium)
nivoda,tech_software_internet,llm_tail_v1 (medium)
overview,tech_software_internet,llm_tail_v1 (medium)
photon,tech_software_internet,llm_tail_v1 (medium)
pinnacle-group-inc,real_estate_construction,llm_tail_v1 (high)
renttherunway,tech_software_internet,llm_tail_v1 (medium)
rocket-companies,finance_fintech,llm_tail_v1 (medium)
sanmar,tech_software_internet,llm_tail_v1 (high)
savvy,tech_software_internet,llm_tail_v1 (high)
scribdinc,tech_software_internet,llm_tail_v1 (high)
seenhealth,healthcare_provider,llm_tail_v1 (high)
singerlewak,finance_insurance,llm_tail_v1 (high)
storable,tech_software_internet,llm_tail_v1 (high)
studycontractors,tech_software_internet,llm_tail_v1 (medium)
sunrisefarms,retail_ecommerce,llm_tail_v1 (medium)
superdial,tech_software_internet,llm_tail_v1 (high)
supplyhouse,tech_software_internet,llm_tail_v1 (high)
sweetgreen,hospitality_food_service,llm_tail_v1 (high)
talentwerx.io,tech_software_internet,llm_tail_v1 (high)
taptapsend,finance_fintech,llm_tail_v1 (medium)
terracon,real_estate_construction,llm_tail_v1 (medium)
terranorbitalcorporation,automotive,llm_tail_v1 (high)
voltai.careers,tech_software_internet,llm_tail_v1 (high)
wizehire,healthcare_provider,llm_tail_v1 (high)
world-wide-technology,real_estate_construction,llm_tail_v1 (high)
Antares,tech_hardware_semiconductors,llm_tail_v1 (high)
Druva,tech_software_internet,llm_tail_v1 (medium)
TrilogyFederal,tech_software_internet,llm_tail_v1 (high)
accenture,consulting_professional_services,llm_tail_v1 (medium)
agero,automotive,llm_tail_v1 (medium)
aia-it-m-sdn-bhd,tech_software_internet,llm_tail_v1 (medium)
aypapower,energy_utilities,llm_tail_v1 (medium)
bbyo,public_sector_government,llm_tail_v1 (high)
berjaya-land-berhad,real_estate_construction,llm_tail_v1 (medium)
bluecatnetworks,tech_software_internet,llm_tail_v1 (high)
bluestatedigital,media_entertainment,llm_tail_v1 (high)
brightwheel,tech_software_internet,llm_tail_v1 (medium)
bseglobal,tech_software_internet,llm_tail_v1 (high)
chs-inc,energy_utilities,llm_tail_v1 (medium)
circadiahealth,tech_software_internet,llm_tail_v1 (medium)
codalinc,tech_software_internet,llm_tail_v1 (medium)
coderio,tech_software_internet,llm_tail_v1 (medium)
correlationone,tech_software_internet,llm_tail_v1 (high)
cranialtechnologies,healthcare_devices,llm_tail_v1 (high)
datasoft-technologies-inc,tech_software_internet,llm_tail_v1 (high)
dexmate,tech_software_internet,llm_tail_v1 (medium)
ditto,tech_software_internet,llm_tail_v1 (high)
dominion-energy,energy_utilities,llm_tail_v1 (high)
dust,tech_software_internet,llm_tail_v1 (high)
eclaro,healthcare_provider,llm_tail_v1 (high)
ecoceres-renewable-fuels-sdn-bhd,energy_utilities,llm_tail_v1 (high)
ema,tech_software_internet,llm_tail_v1 (high)
enterprise-mobility,retail_ecommerce,llm_tail_v1 (medium)
er-meds,healthcare_provider,llm_tail_v1 (high)
extra-space-storage,retail_ecommerce,llm_tail_v1 (high)
ezcaterinc,tech_software_internet,llm_tail_v1 (high)
figs15,consumer_brands,llm_tail_v1 (high)
first-solar-malaysia-sdn-bhd,energy_utilities,llm_tail_v1 (high)
firstchoice-hiring,automotive,llm_tail_v1 (high)
firsthand,healthcare_provider,llm_tail_v1 (medium)
firstpro-inc,real_estate_construction,llm_tail_v1 (medium)
foodstuffs,retail_ecommerce,llm_tail_v1 (medium)
forgeglobal,defense_aerospace,llm_tail_v1 (medium)
foundry-for-good,tech_software_internet,llm_tail_v1 (medium)
glance,tech_software_internet,llm_tail_v1 (high)
global-payments-inc,tech_software_internet,llm_tail_v1 (high)
goodleap,tech_software_internet,llm_tail_v1 (medium)
harvey-nash,tech_software_internet,llm_tail_v1 (high)
infosys,consulting_professional_services,llm_tail_v1 (medium)
infuse,tech_software_internet,llm_tail_v1 (medium)
job-elite-tt-agency,tech_software_internet,llm_tail_v1 (high)
kayak,tech_software_internet,llm_tail_v1 (high)
kirin,tech_software_internet,llm_tail_v1 (high)
known,tech_software_internet,llm_tail_v1 (high)
ktek-resourcing,tech_software_internet,llm_tail_v1 (medium)
kyowakirinusa90,healthcare_provider,llm_tail_v1 (high)
lochgroup,real_estate_construction,llm_tail_v1 (high)
ltimindtree,finance_banking,llm_tail_v1 (medium)
lusternational,real_estate_construction,llm_tail_v1 (medium)
maddoxindustrialtransformer,manufacturing,llm_tail_v1 (high)
mantech,tech_software_internet,llm_tail_v1 (high)
meet,healthcare_pharma_biotech,llm_tail_v1 (high)
mitratech,tech_software_internet,llm_tail_v1 (high)
monumental,tech_software_internet,llm_tail_v1 (high)
nexamp,energy_utilities,llm_tail_v1 (medium)
nonstop-consulting,consulting_professional_services,llm_tail_v1 (high)
nucor-corporation,energy_utilities,llm_tail_v1 (high)
pantheon,tech_software_internet,llm_tail_v1 (medium)
payhawkio,tech_software_internet,llm_tail_v1 (high)
periodic-labs,tech_software_internet,llm_tail_v1 (medium)
picogrid,tech_software_internet,llm_tail_v1 (high)
pingcap,tech_software_internet,llm_tail_v1 (high)
quad,manufacturing,llm_tail_v1 (high)
quantware,tech_hardware_semiconductors,llm_tail_v1 (medium)
rushstreetinteractive,tech_software_internet,llm_tail_v1 (high)
s-p-global,tech_software_internet,llm_tail_v1 (high)
sime-darby-motors,automotive,llm_tail_v1 (high)
slideinsurance,finance_insurance,llm_tail_v1 (high)
soft-space-sdn-bhd,tech_software_internet,llm_tail_v1 (high)
spawglass,real_estate_construction,llm_tail_v1 (high)
sunrise-systems-inc,retail_ecommerce,llm_tail_v1 (high)
talentsafari,finance_banking,llm_tail_v1 (medium)
tem,tech_software_internet,llm_tail_v1 (high)
thrivemarket,tech_software_internet,llm_tail_v1 (high)
tic-the-industrial-company,media_entertainment,llm_tail_v1 (medium)
tommy-hilfiger,retail_ecommerce,llm_tail_v1 (medium)
twenty,tech_software_internet,llm_tail_v1 (medium)
uline,tech_software_internet,llm_tail_v1 (medium)
v-soft-consulting-group-inc,consulting_professional_services,llm_tail_v1 (high)
vixxo,real_estate_construction,llm_tail_v1 (high)
windborne-systems,tech_software_internet,llm_tail_v1 (high)
workatbackbase,finance_banking,llm_tail_v1 (medium)
yext,tech_software_internet,llm_tail_v1 (medium)
zapier,tech_software_internet,llm_tail_v1 (medium)
10pearlsamerica,tech_software_internet,llm_tail_v1 (medium)
The Job Sauce,tech_software_internet,llm_tail_v1 (medium)
alamarbiosciences,healthcare_provider,llm_tail_v1 (medium)
ambiencehealthcare,tech_software_internet,llm_tail_v1 (high)
analog-devices-sdn-bhd,real_estate_construction,llm_tail_v1 (medium)
fivetran,tech_software_internet,llm_tail_v2 (high)
oliver,consulting_professional_services,llm_tail_v2 (high)
focusfinancialpartners,finance_banking,llm_tail_v2 (high)
polene-paris,consumer_brands,llm_tail_v2 (high)
alfredbeneschco,consulting_professional_services,llm_tail_v2 (high)
motional,automotive,llm_tail_v2 (high)
iherb,retail_ecommerce,llm_tail_v2 (high)
zone5technologies,defense_aerospace,llm_tail_v2 (high)
cintas,consulting_professional_services,llm_tail_v2 (medium)
petco,retail_ecommerce,llm_tail_v2 (high)
mach,defense_aerospace,llm_tail_v2 (high)
cvx,finance_banking,llm_tail_v2 (medium)
faire,tech_software_internet,llm_tail_v2 (high)
disher,consulting_professional_services,llm_tail_v2 (high)
flexport,transportation_logistics,llm_tail_v2 (high)
novafounders,finance_banking,llm_tail_v2 (medium)
deepmind,tech_software_internet,llm_tail_v2 (high)
five-below,retail_ecommerce,llm_tail_v2 (high)
getyourguide,hospitality_food_service,llm_tail_v2 (high)
humana,finance_insurance,llm_tail_v2 (high)
proton,tech_software_internet,llm_tail_v2 (high)
usaa,finance_insurance,llm_tail_v2 (high)
vaynermedia,consulting_professional_services,llm_tail_v2 (high)
kodiak,automotive,llm_tail_v2 (high)
meter,tech_software_internet,llm_tail_v2 (high)
micron-memory-malaysia-sdn-bhd,tech_hardware_semiconductors,llm_tail_v2 (high)
cummins-inc,manufacturing,llm_tail_v2 (high)
floqast,tech_software_internet,llm_tail_v2 (high)
immiland-canada-inc,consulting_professional_services,llm_tail_v2 (medium)
premiertruck,automotive,llm_tail_v2 (high)
applike,tech_software_internet,llm_tail_v2 (high)
peloton,consumer_brands,llm_tail_v2 (high)
butternutbox,consumer_brands,llm_tail_v2 (high)
purplelandmgmt,energy_utilities,llm_tail_v2 (high)
theeconomistgroup,media_entertainment,llm_tail_v2 (high)
cologix,tech_software_internet,llm_tail_v2 (high)
guidepostmontessori,education_k12,llm_tail_v2 (high)
windownation,real_estate_construction,llm_tail_v2 (high)
manpowergroup,consulting_professional_services,llm_tail_v2 (high)
myodetox,healthcare_provider,llm_tail_v2 (high)
Ridealso,automotive,llm_tail_v2 (medium)
allegiantair,transportation_logistics,llm_tail_v2 (high)
appsflyer,tech_software_internet,llm_tail_v2 (high)
venturatravel,hospitality_food_service,llm_tail_v2 (high)
kao,consumer_brands,llm_tail_v2 (high)
waremalcomb,consulting_professional_services,llm_tail_v2 (high)
digicert,tech_software_internet,llm_tail_v2 (high)
sunway-medical-centre-sdn-bhd,healthcare_provider,llm_tail_v2 (high)
penske-logistics,transportation_logistics,llm_tail_v2 (high)
redhorsecorp,defense_aerospace,llm_tail_v2 (high)
anavationllc,defense_aerospace,llm_tail_v2 (high)
financialtimes33,media_entertainment,llm_tail_v2 (high)
freeformfuturecorp,manufacturing,llm_tail_v2 (high)
nex,gaming,llm_tail_v2 (high)
topgolf,hospitality_food_service,llm_tail_v2 (high)
carecom,tech_software_internet,llm_tail_v2 (high)
dhl-supply-chain,transportation_logistics,llm_tail_v2 (high)
salonkee,tech_software_internet,llm_tail_v2 (high)
skydropx,tech_software_internet,llm_tail_v2 (high)
the-jonus-group,consulting_professional_services,llm_tail_v2 (high)
trane-technologies,manufacturing,llm_tail_v2 (high)
clsgroup,finance_fintech,llm_tail_v2 (high)
misfitsmarket,retail_ecommerce,llm_tail_v2 (high)
rohlik,retail_ecommerce,llm_tail_v2 (high)
at-t,telecommunications,llm_tail_v2 (high)
d-matrix,tech_hardware_semiconductors,llm_tail_v2 (high)
oportun,finance_fintech,llm_tail_v2 (high)
zuora,tech_software_internet,llm_tail_v2 (high)
acceldata,tech_software_internet,llm_tail_v2 (high)
akqa,consulting_professional_services,llm_tail_v2 (high)
doo-group,finance_banking,llm_tail_v2 (high)
epicgames,gaming,llm_tail_v2 (high)
floor-decor,retail_ecommerce,llm_tail_v2 (high)
maymobility,automotive,llm_tail_v2 (high)
soni,consulting_professional_services,llm_tail_v2 (high)
american-express,finance_banking,llm_tail_v2 (high)
aqr,finance_banking,llm_tail_v2 (high)
cision,tech_software_internet,llm_tail_v2 (high)
finn,automotive,llm_tail_v2 (high)
gamma,tech_software_internet,llm_tail_v2 (high)
advantage-technical,consulting_professional_services,llm_tail_v2 (high)
verramobility,tech_software_internet,llm_tail_v2 (medium)
zeneducate,consulting_professional_services,llm_tail_v2 (high)
dsj-global,consulting_professional_services,llm_tail_v2 (high)
hcltech,consulting_professional_services,llm_tail_v2 (high)
malt,tech_software_internet,llm_tail_v2 (high)
skinlaundry,healthcare_provider,llm_tail_v2 (high)
cirquedusoleil,media_entertainment,llm_tail_v2 (high)
instawork,tech_software_internet,llm_tail_v2 (high)
price-chopper-supermarkets-market-32,retail_ecommerce,llm_tail_v2 (high)
shipbobinc,transportation_logistics,llm_tail_v2 (high)
adp,tech_software_internet,llm_tail_v2 (high)
bristol-myers-squibb,healthcare_pharma_biotech,llm_tail_v2 (high)
gainwell-technologies,tech_software_internet,llm_tail_v2 (high)
inspyr-solutions,consulting_professional_services,llm_tail_v2 (high)
ivxhealth,healthcare_provider,llm_tail_v2 (high)
landor,consulting_professional_services,llm_tail_v2 (high)
myriad360,consulting_professional_services,llm_tail_v2 (high)
sofarsounds,media_entertainment,llm_tail_v2 (high)
unifirst-corporation,consulting_professional_services,llm_tail_v2 (high)
salesforce,tech_software_internet,llm_tail_v2 (high)
sanofi,healthcare_pharma_biotech,llm_tail_v2 (high)
axogen,healthcare_devices,llm_tail_v2 (high)
cas,consulting_professional_services,llm_tail_v2 (high)
enova,finance_fintech,llm_tail_v2 (high)
iwoca.co.uk,finance_fintech,llm_tail_v2 (high)
lambda,tech_software_internet,llm_tail_v2 (high)
mewah-group,agriculture_food_production,llm_tail_v2 (high)
orchestra,consulting_professional_services,llm_tail_v2 (high)
pathrobotics,manufacturing,llm_tail_v2 (high)
sentilink,tech_software_internet,llm_tail_v2 (high)
siteone-landscape-supply,real_estate_construction,llm_tail_v2 (medium)
skillzinc,gaming,llm_tail_v2 (high)
bird,transportation_logistics,llm_tail_v2 (high)
dynetherapeutics,healthcare_pharma_biotech,llm_tail_v2 (high)
moss,finance_fintech,llm_tail_v2 (high)
pagerduty,tech_software_internet,llm_tail_v2 (high)
pathful-inc,tech_software_internet,llm_tail_v2 (medium)
solace,healthcare_provider,llm_tail_v2 (high)
varsity-tutors-a-nerdy-company,education_k12,llm_tail_v2 (high)
coatesgroup,tech_software_internet,llm_tail_v2 (high)
dutch-lady-milk-industries-berhad,consumer_brands,llm_tail_v2 (high)
hlmg-management-co-sdn-bhd,manufacturing,llm_tail_v2 (high)
hotmartcareersbr,tech_software_internet,llm_tail_v2 (high)
invivyd,healthcare_pharma_biotech,llm_tail_v2 (high)
project44,tech_software_internet,llm_tail_v2 (high)
raymond-james,finance_banking,llm_tail_v2 (high)
selkirksport,consumer_brands,llm_tail_v2 (high)
teecom,consulting_professional_services,llm_tail_v2 (high)
weinsteinproperties,real_estate_construction,llm_tail_v2 (high)
airswift,consulting_professional_services,llm_tail_v2 (high)
ibm,consulting_professional_services,llm_tail_v2 (high)
idme,tech_software_internet,llm_tail_v2 (high)
ignitedigital,consulting_professional_services,llm_tail_v2 (high)
picarroinc,manufacturing,llm_tail_v2 (high)
technologyadvice,consulting_professional_services,llm_tail_v2 (high)
the-walt-disney-company,media_entertainment,llm_tail_v2 (high)
brightonjones,finance_banking,llm_tail_v2 (high)
burga,consumer_brands,llm_tail_v2 (high)
imaginepediatrics,healthcare_provider,llm_tail_v2 (high)
micron-technology,tech_hardware_semiconductors,llm_tail_v2 (high)
moo,retail_ecommerce,llm_tail_v2 (high)
reltio,tech_software_internet,llm_tail_v2 (high)
sosafe,tech_software_internet,llm_tail_v2 (high)
yyc-group,consulting_professional_services,llm_tail_v2 (high)
aldi-usa,retail_ecommerce,llm_tail_v2 (high)
alliancedefendingfreedom,nonprofit,llm_tail_v2 (high)
bcipkg,manufacturing,llm_tail_v2 (medium)
netlight,consulting_professional_services,llm_tail_v2 (high)
smart-it-frame-llc,consulting_professional_services,llm_tail_v2 (high)
sp-sp-plus,transportation_logistics,llm_tail_v2 (medium)
xpengmotors,automotive,llm_tail_v2 (high)
creatoriq,tech_software_internet,llm_tail_v2 (high)
oliverusa,consulting_professional_services,llm_tail_v2 (high)
propitious-technologies-m-sdn-bhd,consulting_professional_services,llm_tail_v2 (high)
strava,tech_software_internet,llm_tail_v2 (high)
usenourish,healthcare_provider,llm_tail_v2 (high)
activecampaign,tech_software_internet,llm_tail_v2 (high)
aerotek,consulting_professional_services,llm_tail_v2 (high)
kelly-science-engineering-technology-telecom,consulting_professional_services,llm_tail_v2 (high)
mitre,defense_aerospace,llm_tail_v2 (high)
semperis,tech_software_internet,llm_tail_v2 (high)
synchrony,finance_banking,llm_tail_v2 (high)
cargill-holdings-malaysia-sdn-bhd,agriculture_food_production,llm_tail_v2 (high)
commerceiq,tech_software_internet,llm_tail_v2 (high)
fareharbor,tech_software_internet,llm_tail_v2 (high)
greenworkssunriseglobalmarketing,consumer_brands,llm_tail_v2 (high)
gridware,energy_utilities,llm_tail_v2 (high)
ironmountainsolutions,defense_aerospace,llm_tail_v2 (medium)
pointdigitalfinance,finance_fintech,llm_tail_v2 (high)
synergy-interactive,consulting_professional_services,llm_tail_v2 (high)
axicorpfinancialservicesptyltd,finance_banking,llm_tail_v2 (high)
bazaarvoice,tech_software_internet,llm_tail_v2 (high)
clearwayjobs,energy_utilities,llm_tail_v2 (high)
coca-cola-bottlers-malaysia-sdn-bhd,consumer_brands,llm_tail_v2 (high)
dailypay,finance_fintech,llm_tail_v2 (high)
dotmatics,tech_software_internet,llm_tail_v2 (high)
goodjobgames,gaming,llm_tail_v2 (high)
harrowhealth,healthcare_pharma_biotech,llm_tail_v2 (high)
itg-brands,consumer_brands,llm_tail_v2 (high)
jetsupport,consulting_professional_services,llm_tail_v2 (medium)
menasha-corporation,manufacturing,llm_tail_v2 (high)
meriton,real_estate_construction,llm_tail_v2 (high)
nexhealth,tech_software_internet,llm_tail_v2 (high)
packardculliganwater,consumer_brands,llm_tail_v2 (high)
rillet,tech_software_internet,llm_tail_v2 (high)
AviveSolutions,healthcare_devices,llm_tail_v2 (high)
boldbusiness,consulting_professional_services,llm_tail_v2 (high)
cuckoo-international-mal-sdn-bhd,consumer_brands,llm_tail_v2 (high)
givedirectly,nonprofit,llm_tail_v2 (high)
greenpointtechnologies,defense_aerospace,llm_tail_v2 (high)
heygen,tech_software_internet,llm_tail_v2 (high)
koboldmetals,energy_utilities,llm_tail_v2 (medium)
seranbio,healthcare_pharma_biotech,llm_tail_v2 (high)
te-connectivity,manufacturing,llm_tail_v2 (high)
the-church-of-jesus-christ-of-latter-day-saints,nonprofit,llm_tail_v2 (high)
thefarmersdog,consumer_brands,llm_tail_v2 (high)
altoslabs,healthcare_pharma_biotech,llm_tail_v2 (high)
blablacar,tech_software_internet,llm_tail_v2 (high)
careteam-solutions,consulting_professional_services,llm_tail_v2 (high)
darkwolfsolutions,defense_aerospace,llm_tail_v2 (high)
leland,education_higher,llm_tail_v2 (high)
omniraise-sdn-bhd,consulting_professional_services,llm_tail_v2 (medium)
theknotworldwide,tech_software_internet,llm_tail_v2 (high)
triplelift,tech_software_internet,llm_tail_v2 (high)
zocalohealth,healthcare_provider,llm_tail_v2 (high)
arcesiumllc,finance_fintech,llm_tail_v2 (high)
assuredpartners,finance_insurance,llm_tail_v2 (high)
baidu,tech_software_internet,llm_tail_v2 (high)
blackbirdinteractive,gaming,llm_tail_v2 (high)
candlinspection,energy_utilities,llm_tail_v2 (high)
dell-global-business-center-sdn-bhd,tech_hardware_semiconductors,llm_tail_v2 (high)
formaaiinc,tech_software_internet,llm_tail_v2 (high)
holcim,manufacturing,llm_tail_v2 (high)
mixpanel,tech_software_internet,llm_tail_v2 (high)
mural,tech_software_internet,llm_tail_v2 (high)
petrafundsgroup,finance_banking,llm_tail_v2 (high)
proalphagroup,tech_software_internet,llm_tail_v2 (high)
tailscale,tech_software_internet,llm_tail_v2 (high)
typeform,tech_software_internet,llm_tail_v2 (high)
unitedmasterstranslation,media_entertainment,llm_tail_v2 (high)
upgrade,finance_fintech,llm_tail_v2 (high)
andrewmorgan,consulting_professional_services,llm_tail_v2 (high)
appen,tech_software_internet,llm_tail_v2 (high)
arrow-search-partners,consulting_professional_services,llm_tail_v2 (high)
avaland-berhad,real_estate_construction,llm_tail_v2 (high)
avangrid,energy_utilities,llm_tail_v2 (high)
avery-dennison,manufacturing,llm_tail_v2 (high)
avid4,education_k12,llm_tail_v2 (high)
avidxchangeinc,finance_fintech,llm_tail_v2 (high)
bayforce,consulting_professional_services,llm_tail_v2 (high)
betterhelpcom,healthcare_provider,llm_tail_v2 (high)
bisnow,media_entertainment,llm_tail_v2 (high)
brightmachines,tech_software_internet,llm_tail_v2 (high)
carbonrobotics,manufacturing,llm_tail_v2 (high)
career-group,consulting_professional_services,llm_tail_v2 (high)
cella,consulting_professional_services,llm_tail_v2 (high)
cellares,healthcare_pharma_biotech,llm_tail_v2 (high)
christfellowship,nonprofit,llm_tail_v2 (high)
claritypay,finance_fintech,llm_tail_v2 (high)
cleerlyhealth,healthcare_devices,llm_tail_v2 (high)
codeway,tech_software_internet,llm_tail_v2 (high)
datacamp,tech_software_internet,llm_tail_v2 (high)
decilegroup,finance_banking,llm_tail_v2 (high)
dmi-digital-management-llc,consulting_professional_services,llm_tail_v2 (high)
evergreenresidentialemployeeservicescorp,real_estate_construction,llm_tail_v2 (high)
everlywell,healthcare_provider,llm_tail_v2 (high)
familyoffice,finance_banking,llm_tail_v2 (high)
fanatics,retail_ecommerce,llm_tail_v2 (high)
fueledcareers,consulting_professional_services,llm_tail_v2 (high)
ge-green-sdn-bhd,energy_utilities,llm_tail_v2 (high)
h-h,consulting_professional_services,llm_tail_v2 (high)
havenhub,real_estate_construction,llm_tail_v2 (high)
highlightta,tech_software_internet,llm_tail_v2 (medium)
interviewkickstart,education_higher,llm_tail_v2 (high)
kapitus,finance_fintech,llm_tail_v2 (high)
keybank,finance_banking,llm_tail_v2 (high)
lightningai,tech_software_internet,llm_tail_v2 (high)
local infusion,healthcare_provider,llm_tail_v2 (high)
malaysia-marine-and-heavy-engineering-sdn-bhd,manufacturing,llm_tail_v2 (high)
matrix-concepts-holdings-berhad,real_estate_construction,llm_tail_v2 (high)
merlin-entertainments,media_entertainment,llm_tail_v2 (high)
milwaukee-tool,consumer_brands,llm_tail_v2 (high)
minitab,tech_software_internet,llm_tail_v2 (high)
neuralconcept,tech_software_internet,llm_tail_v2 (high)
new-york-technology-partners,consulting_professional_services,llm_tail_v2 (high)
observeai,tech_software_internet,llm_tail_v2 (high)
olix,tech_hardware_semiconductors,llm_tail_v2 (high)
omni,tech_software_internet,llm_tail_v2 (high)
optimadermatologycareers,healthcare_provider,llm_tail_v2 (high)
palmettocleantech,energy_utilities,llm_tail_v2 (high)
pandadoc,tech_software_internet,llm_tail_v2 (high)
perryellisinternational,consumer_brands,llm_tail_v2 (high)
picoquantitativetrading,finance_banking,llm_tail_v2 (high)
plume,tech_software_internet,llm_tail_v2 (high)
plymouth-rock-assurance,finance_insurance,llm_tail_v2 (high)
principal-financial-group,finance_banking,llm_tail_v2 (high)
qualcomm,tech_hardware_semiconductors,llm_tail_v2 (high)
ridemobilityllc,automotive,llm_tail_v2 (medium)
rose-international,consulting_professional_services,llm_tail_v2 (high)
rwazi,tech_software_internet,llm_tail_v2 (high)
sustainabletalent,consulting_professional_services,llm_tail_v2 (high)
tekmetric,tech_software_internet,llm_tail_v2 (high)
the-crox-group,consulting_professional_services,llm_tail_v2 (high)
time-dotcom-berhad,telecommunications,llm_tail_v2 (high)
truenorth-executive-search-inc,consulting_professional_services,llm_tail_v2 (high)
truezerotech,defense_aerospace,llm_tail_v2 (high)
walkerconsultants,consulting_professional_services,llm_tail_v2 (high)
watson-s-personal-care-stores-sdn-bhd,retail_ecommerce,llm_tail_v2 (high)
whogivesacrap,consumer_brands,llm_tail_v2 (high)
wildlifestudios,gaming,llm_tail_v2 (high)
wistron-technology-malaysia-sdn-bhd,tech_hardware_semiconductors,llm_tail_v2 (high)
zuspresso-m-sdn-bhd,hospitality_food_service,llm_tail_v2 (high)
Talos-Trading,finance_fintech,llm_tail_v2 (high)
actian,tech_software_internet,llm_tail_v2 (high)
afterquery,tech_software_internet,llm_tail_v2 (high)
airspace-intelligence.com,tech_software_internet,llm_tail_v2 (high)
alphagrepsecurities,finance_banking,llm_tail_v2 (high)
ampstek,consulting_professional_services,llm_tail_v2 (high)
anrok,tech_software_internet,llm_tail_v2 (high)
antithesis,tech_software_internet,llm_tail_v2 (high)
arcboatcompany,automotive,llm_tail_v2 (medium)
architect-of-the-capitol,public_sector_government,llm_tail_v2 (high)
ashley-furniture-industries,consumer_brands,llm_tail_v2 (high)
assetwatch,tech_software_internet,llm_tail_v2 (high)
aufinity-group-gmbh,finance_fintech,llm_tail_v2 (high)
axios,media_entertainment,llm_tail_v2 (high)
bee-talents,consulting_professional_services,llm_tail_v2 (high)
billcom,finance_fintech,llm_tail_v2 (high)
bipo-service-malaysia-sdn-bhd,consulting_professional_services,llm_tail_v2 (high)
brindleyengineering,consulting_professional_services,llm_tail_v2 (high)
capital-staffing-solutions-inc,consulting_professional_services,llm_tail_v2 (high)
cdcfoundation,nonprofit,llm_tail_v2 (high)
centific-global-solutions-m-sdn-bhd,consulting_professional_services,llm_tail_v2 (high)
chico-s-fas-inc,retail_ecommerce,llm_tail_v2 (high)
clearedge,consulting_professional_services,llm_tail_v2 (high)
clearviewhealthcarepartners,consulting_professional_services,llm_tail_v2 (high)
constantcontact,tech_software_internet,llm_tail_v2 (high)
constructortech,tech_software_internet,llm_tail_v2 (high)
delartech,automotive,llm_tail_v2 (medium)
delaware-north,hospitality_food_service,llm_tail_v2 (high)
dish-network,telecommunications,llm_tail_v2 (high)
distyl,tech_software_internet,llm_tail_v2 (high)
dmgevents,media_entertainment,llm_tail_v2 (high)
dreamsports,gaming,llm_tail_v2 (high)
echo,tech_software_internet,llm_tail_v2 (high)
effectiveschoolsolutions,healthcare_provider,llm_tail_v2 (high)
emerson,manufacturing,llm_tail_v2 (high)
energyhub,energy_utilities,llm_tail_v2 (high)
equativ,tech_software_internet,llm_tail_v2 (high)
evismart,tech_software_internet,llm_tail_v2 (high)
fixinssoulkitchen,hospitality_food_service,llm_tail_v2 (high)
forbes,media_entertainment,llm_tail_v2 (high)
formationbio,healthcare_pharma_biotech,llm_tail_v2 (high)
further,consulting_professional_services,llm_tail_v2 (high)
fusionworldwide,tech_hardware_semiconductors,llm_tail_v2 (medium)
gess,education_k12,llm_tail_v2 (high)
gumgum,tech_software_internet,llm_tail_v2 (high)
gypsum-management-and-supply,real_estate_construction,llm_tail_v2 (high)
habitathealth,healthcare_provider,llm_tail_v2 (high)
hellobrightline,healthcare_provider,llm_tail_v2 (high)
hiive,finance_fintech,llm_tail_v2 (high)
homebase,tech_software_internet,llm_tail_v2 (high)
houserx,healthcare_provider,llm_tail_v2 (high)
hugeinc,consulting_professional_services,llm_tail_v2 (high)
hypebeast,media_entertainment,llm_tail_v2 (high)
impiricus,consulting_professional_services,llm_tail_v2 (high)
iot-manufacturing-sdn-bhd,manufacturing,llm_tail_v2 (high)
isccareers,finance_insurance,llm_tail_v2 (high)
j-t-cargo,transportation_logistics,llm_tail_v2 (high)
klk-oleo,manufacturing,llm_tail_v2 (high)
lavendo,consulting_professional_services,llm_tail_v2 (high)
lendingtree,finance_fintech,llm_tail_v2 (high)
level99,hospitality_food_service,llm_tail_v2 (high)
limitbreak,gaming,llm_tail_v2 (high)
manychat,tech_software_internet,llm_tail_v2 (high)
mariner-careers,finance_banking,llm_tail_v2 (high)
marsh,finance_insurance,llm_tail_v2 (high)
mbooth,consulting_professional_services,llm_tail_v2 (high)
megaport,telecommunications,llm_tail_v2 (high)
mendix,tech_software_internet,llm_tail_v2 (high)
metric-geo,consulting_professional_services,llm_tail_v2 (high)
monumentalsports,media_entertainment,llm_tail_v2 (high)
morsecorp,defense_aerospace,llm_tail_v2 (high)
naim-holdings-berhad,real_estate_construction,llm_tail_v2 (high)
nerdwallet,finance_fintech,llm_tail_v2 (high)
newell-brands,consumer_brands,llm_tail_v2 (high)
newsela,education_k12,llm_tail_v2 (high)
nfi,transportation_logistics,llm_tail_v2 (high)
onxmaps,tech_software_internet,llm_tail_v2 (high)
pano-ai,tech_software_internet,llm_tail_v2 (high)
planet-technology,consulting_professional_services,llm_tail_v2 (high)
pokemoncareers,gaming,llm_tail_v2 (high)
ppil,nonprofit,llm_tail_v2 (high)
preciselyusjobs,tech_software_internet,llm_tail_v2 (high)
press-metal-bintulu-sdn-bhd,manufacturing,llm_tail_v2 (high)
prompt,tech_software_internet,llm_tail_v2 (high)
quanterm-logistics-sdn-bhd,transportation_logistics,llm_tail_v2 (high)
rang-technologies-inc,consulting_professional_services,llm_tail_v2 (high)
relex,tech_software_internet,llm_tail_v2 (high)
roboflow,tech_software_internet,llm_tail_v2 (high)
roofstacks,consulting_professional_services,llm_tail_v2 (high)
sayari,tech_software_internet,llm_tail_v2 (high)
siemens-healthineers,healthcare_devices,llm_tail_v2 (high)
snappr,tech_software_internet,llm_tail_v2 (high)
staples,retail_ecommerce,llm_tail_v2 (high)
starburst,tech_software_internet,llm_tail_v2 (high)
superpower,healthcare_provider,llm_tail_v2 (high)
tan-chong-group,automotive,llm_tail_v2 (high)
the-ekeo-group,consulting_professional_services,llm_tail_v2 (high)
thrivent,finance_insurance,llm_tail_v2 (high)
truebill,finance_fintech,llm_tail_v2 (high)
twinhealth,healthcare_provider,llm_tail_v2 (high)
universal-orlando-resort,media_entertainment,llm_tail_v2 (high)
until,healthcare_pharma_biotech,llm_tail_v2 (medium)
vetcove,tech_software_internet,llm_tail_v2 (high)
visionary-innovative-technology-solutions-llc,consulting_professional_services,llm_tail_v2 (high)
vistadelmar,nonprofit,llm_tail_v2 (high)
vtex,tech_software_internet,llm_tail_v2 (high)
weee,retail_ecommerce,llm_tail_v2 (high)
wispr-flow,tech_software_internet,llm_tail_v2 (high)
wonderschool,tech_software_internet,llm_tail_v2 (medium)
wpromote,consulting_professional_services,llm_tail_v2 (high)
xpo,transportation_logistics,llm_tail_v2 (high)
10xteam,consulting_professional_services,llm_tail_v2 (high)
8fleet-inc,transportation_logistics,llm_tail_v2 (medium)
absurdventures,gaming,llm_tail_v2 (high)
aeratechnology,tech_software_internet,llm_tail_v2 (high)
airship,tech_software_internet,llm_tail_v2 (high)
anduril-industries,defense_aerospace,llm_tail_v2 (high)
bellese,consulting_professional_services,llm_tail_v2 (high)
brandwatch,tech_software_internet,llm_tail_v2 (high)
cape,telecommunications,llm_tail_v2 (medium)
cargill,agriculture_food_production,llm_tail_v2 (high)
credit-guarantee-corporation-malaysia-berhad,finance_banking,llm_tail_v2 (high)
crispgrowth,consulting_professional_services,llm_tail_v2 (high)
daybreakhealth,healthcare_provider,llm_tail_v2 (high)
dayforce,tech_software_internet,llm_tail_v2 (high)
drivetrain,tech_software_internet,llm_tail_v2 (high)
eclinicalsolutions,tech_software_internet,llm_tail_v2 (high)
economicmodeling,tech_software_internet,llm_tail_v2 (high)
egen,consulting_professional_services,llm_tail_v2 (high)
elixirr,consulting_professional_services,llm_tail_v2 (high)
etika-group-of-companies,consumer_brands,llm_tail_v2 (high)
eye-security,tech_software_internet,llm_tail_v2 (high)
fabulous-sunview-sdn-bhd,real_estate_construction,llm_tail_v2 (medium)
falconx,finance_fintech,llm_tail_v2 (high)
fortitudegroupholdingsllc,finance_insurance,llm_tail_v2 (high)
forward financing,finance_fintech,llm_tail_v2 (high)
fred-hutch,healthcare_provider,llm_tail_v2 (high)
gartner,consulting_professional_services,llm_tail_v2 (high)
greenlight,finance_fintech,llm_tail_v2 (high)
helloheart,healthcare_provider,llm_tail_v2 (high)
j-r-simplot-company,agriculture_food_production,llm_tail_v2 (high)
jabil,manufacturing,llm_tail_v2 (high)
jump-app,tech_software_internet,llm_tail_v2 (high)
keyfactorinc,tech_software_internet,llm_tail_v2 (high)
lawhive,legal_services,llm_tail_v2 (high)
lemlist,tech_software_internet,llm_tail_v2 (high)
mactores,consulting_professional_services,llm_tail_v2 (high)
mamee-double-decker-m-sdn-bhd,consumer_brands,llm_tail_v2 (high)
martin-marietta,manufacturing,llm_tail_v2 (high)
meridianlink,finance_fintech,llm_tail_v2 (high)
modeln,tech_software_internet,llm_tail_v2 (high)
moonpay,finance_fintech,llm_tail_v2 (high)
morganfranklinconsultingllc,consulting_professional_services,llm_tail_v2 (high)
nestl-health-science,healthcare_pharma_biotech,llm_tail_v2 (medium)
nextdoor,tech_software_internet,llm_tail_v2 (high)
nintex,tech_software_internet,llm_tail_v2 (high)
noda-ai,tech_software_internet,llm_tail_v2 (medium)
nyiso,energy_utilities,llm_tail_v2 (high)
onebrief,defense_aerospace,llm_tail_v2 (high)
ottoaviation,defense_aerospace,llm_tail_v2 (high)
path-engineering,consulting_professional_services,llm_tail_v2 (high)
playson,gaming,llm_tail_v2 (high)
prenuvo,healthcare_provider,llm_tail_v2 (high)
primary-talent-partners,consulting_professional_services,llm_tail_v2 (high)
pursuit,nonprofit,llm_tail_v2 (high)
r-f-property-services-group,real_estate_construction,llm_tail_v2 (high)
r-logic-sdn-bhd,manufacturing,llm_tail_v2 (high)
raft,defense_aerospace,llm_tail_v2 (high)
render,tech_software_internet,llm_tail_v2 (high)
revloncorporate,consumer_brands,llm_tail_v2 (high)
roboyo,consulting_professional_services,llm_tail_v2 (high)
roche-services-solutions-operations-apac,healthcare_pharma_biotech,llm_tail_v2 (high)
safran-ai,defense_aerospace,llm_tail_v2 (high)
scoperecruiting,consulting_professional_services,llm_tail_v2 (high)
scoutai,defense_aerospace,llm_tail_v2 (high)
skydance,media_entertainment,llm_tail_v2 (high)
standishmanagement,finance_banking,llm_tail_v2 (high)
state-street,finance_banking,llm_tail_v2 (high)
sunway-multicare-pharmacy,healthcare_provider,llm_tail_v2 (high)
swoon,consulting_professional_services,llm_tail_v2 (high)
syntronic,consulting_professional_services,llm_tail_v2 (high)
tatari,tech_software_internet,llm_tail_v2 (high)
tekjobs,consulting_professional_services,llm_tail_v2 (high)
toku,tech_software_internet,llm_tail_v2 (high)
top-glove-corporation-berhad,manufacturing,llm_tail_v2 (high)
tracelinkinc,tech_software_internet,llm_tail_v2 (high)
transystems,consulting_professional_services,llm_tail_v2 (high)
uber,tech_software_internet,llm_tail_v2 (high)
ufp-industries,manufacturing,llm_tail_v2 (high)
united-health-services,healthcare_provider,llm_tail_v2 (high)
valpeo.com,consulting_professional_services,llm_tail_v2 (medium)
veo,tech_software_internet,llm_tail_v2 (medium)
veriff,tech_software_internet,llm_tail_v2 (high)
visco-technology-sdn-bhd,manufacturing,llm_tail_v2 (high)
weedmaps77,tech_software_internet,llm_tail_v2 (high)
workstream,tech_software_internet,llm_tail_v2 (high)
xbowcareers,tech_software_internet,llm_tail_v2 (high)
yubico,tech_software_internet,llm_tail_v2 (high)
zillion-technologies-inc,consulting_professional_services,llm_tail_v2 (high)
TerraFirma,defense_aerospace,llm_tail_v2 (high)
airtable,tech_software_internet,llm_tail_v2 (high)
allstem-connections,consulting_professional_services,llm_tail_v2 (high)
applied-materials-south-east-asia-pte-ltd,tech_hardware_semiconductors,llm_tail_v2 (high)
aptude-technology-services-sdn-bhd,consulting_professional_services,llm_tail_v2 (high)
arizonaliverhealth,healthcare_provider,llm_tail_v2 (high)
assembledhq,tech_software_internet,llm_tail_v2 (high)
atlas,hospitality_food_service,llm_tail_v2 (medium)
ayahealthcare,consulting_professional_services,llm_tail_v2 (high)
benjamin-moore,consumer_brands,llm_tail_v2 (high)
biom-rieux,healthcare_pharma_biotech,llm_tail_v2 (high)
boulevard,tech_software_internet,llm_tail_v2 (high)
bp,energy_utilities,llm_tail_v2 (high)
buena,real_estate_construction,llm_tail_v2 (high)
bunch,finance_fintech,llm_tail_v2 (high)
camber,tech_software_internet,llm_tail_v2 (high)
cartrack,tech_software_internet,llm_tail_v2 (high)
ccmc,real_estate_construction,llm_tail_v2 (high)
charliehealthbehavioralhealthoperations,healthcare_provider,llm_tail_v2 (high)
chec-construction-m-sdn-bhd,real_estate_construction,llm_tail_v2 (high)
checkatrade,tech_software_internet,llm_tail_v2 (high)
classdojo,education_k12,llm_tail_v2 (high)
crash-champions,automotive,llm_tail_v2 (high)
crowdstrike,tech_software_internet,llm_tail_v2 (high)
cruxclimate,finance_fintech,llm_tail_v2 (high)
doctrine,tech_software_internet,llm_tail_v2 (high)
dsv-global-transport-and-logistics,transportation_logistics,llm_tail_v2 (high)
dynaciate-engineering-sdn-bhd,real_estate_construction,llm_tail_v2 (medium)
edmentum,education_k12,llm_tail_v2 (high)
electrasteel,manufacturing,llm_tail_v2 (high)
eliyan,tech_hardware_semiconductors,llm_tail_v2 (high)
epsilon,consulting_professional_services,llm_tail_v2 (high)
equator-engineering-sdn-bhd,real_estate_construction,llm_tail_v2 (medium)
fampay,finance_fintech,llm_tail_v2 (high)
fieldnation,tech_software_internet,llm_tail_v2 (high)
foresea-technologies,tech_software_internet,llm_tail_v2 (medium)
franklin-fitch,consulting_professional_services,llm_tail_v2 (high)
fuzehealth,healthcare_provider,llm_tail_v2 (medium)
generalatlantic,finance_banking,llm_tail_v2 (high)
golden-nugget-las-vegas,hospitality_food_service,llm_tail_v2 (high)
goodamerican,consumer_brands,llm_tail_v2 (high)
guan-chong-cocoa-manufacturer-sdn-bhd,agriculture_food_production,llm_tail_v2 (high)
hophr,consulting_professional_services,llm_tail_v2 (medium)
inceed,consulting_professional_services,llm_tail_v2 (high)
integration-international-inc,consulting_professional_services,llm_tail_v2 (high)
intepros,consulting_professional_services,llm_tail_v2 (high)
international-rescue-committee,nonprofit,llm_tail_v2 (high)
isj-technology-sdn-bhd,consulting_professional_services,llm_tail_v2 (high)
job-juncture,consulting_professional_services,llm_tail_v2 (high)
kalepa,finance_insurance,llm_tail_v2 (high)
kelly,consulting_professional_services,llm_tail_v2 (high)
kepler,defense_aerospace,llm_tail_v2 (high)
kering-south-east-asia-pte-ltd,consumer_brands,llm_tail_v2 (high)
kgroupcompanies,consulting_professional_services,llm_tail_v2 (high)
koalafi,finance_fintech,llm_tail_v2 (high)
kobie,tech_software_internet,llm_tail_v2 (high)
konovo,consulting_professional_services,llm_tail_v2 (high)
l3harris-technologies,defense_aerospace,llm_tail_v2 (high)
lcbcchurch,nonprofit,llm_tail_v2 (high)
lenovo,tech_hardware_semiconductors,llm_tail_v2 (high)
lgads,tech_software_internet,llm_tail_v2 (high)
losangelesfootballclub,media_entertainment,llm_tail_v2 (high)
lumimeds,healthcare_provider,llm_tail_v2 (high)
magnolia,media_entertainment,llm_tail_v2 (medium)
marketaxesscorporation,finance_fintech,llm_tail_v2 (high)
mesh,tech_software_internet,llm_tail_v2 (medium)
metalcraft-of-mayville-inc,manufacturing,llm_tail_v2 (high)
mettel,telecommunications,llm_tail_v2 (high)
movableink,tech_software_internet,llm_tail_v2 (high)
mullerinc,real_estate_construction,llm_tail_v2 (high)
new-hoong-fatt-auto-supplies-sdn-bhd,automotive,llm_tail_v2 (high)
newfront,finance_insurance,llm_tail_v2 (high)
northwestern-mutual,finance_insurance,llm_tail_v2 (high)
oceancare-corporation-sdn-bhd,energy_utilities,llm_tail_v2 (medium)
otc-cosmetic-industries-sdn-bhd,consumer_brands,llm_tail_v2 (high)
paretocaptiveservicesllc,finance_insurance,llm_tail_v2 (high)
payugpo,finance_fintech,llm_tail_v2 (high)
perdana-parkcity-sdn-bhd,real_estate_construction,llm_tail_v2 (high)
pfizer,healthcare_pharma_biotech,llm_tail_v2 (high)
pop-up-talent,consulting_professional_services,llm_tail_v2 (high)
pragmatike,consulting_professional_services,llm_tail_v2 (high)
pricesenz,consulting_professional_services,llm_tail_v2 (high)
pyka,defense_aerospace,llm_tail_v2 (high)
q1-technologies-inc,consulting_professional_services,llm_tail_v2 (high)
radiansys-inc,consulting_professional_services,llm_tail_v2 (high)
redfin-technologies-sdn-bhd,tech_software_internet,llm_tail_v2 (medium)
reframesystems,real_estate_construction,llm_tail_v2 (high)
rightwayhealthcare,healthcare_provider,llm_tail_v2 (high)
schrdinger,healthcare_pharma_biotech,llm_tail_v2 (high)
sira-consulting-an-inc-5000-company,consulting_professional_services,llm_tail_v2 (high)
skilledwoundcare,healthcare_provider,llm_tail_v2 (high)
srm,consulting_professional_services,llm_tail_v2 (high)
srs-distribution-inc,real_estate_construction,llm_tail_v2 (high)
sunshinesachs,consulting_professional_services,llm_tail_v2 (high)
super-food-specialists-m-sdn-bhd,agriculture_food_production,llm_tail_v2 (high)
syw.com,finance_fintech,llm_tail_v2 (high)
tbg-the-bachrach-group,consulting_professional_services,llm_tail_v2 (high)
tebra,tech_software_internet,llm_tail_v2 (high)
tempo-io,tech_software_internet,llm_tail_v2 (high)
testendouble,consulting_professional_services,llm_tail_v2 (medium)
tmk-chemical-bhd,manufacturing,llm_tail_v2 (high)
traba,tech_software_internet,llm_tail_v2 (high)
tradeify,finance_banking,llm_tail_v2 (high)
umojabiopharma,healthcare_pharma_biotech,llm_tail_v2 (high)
unisontech-consulting-sdn-bhd,consulting_professional_services,llm_tail_v2 (high)
upside,tech_software_internet,llm_tail_v2 (high)
v-s-industry-berhad,manufacturing,llm_tail_v2 (high)
vec,healthcare_provider,llm_tail_v2 (high)
verisign,tech_software_internet,llm_tail_v2 (high)
vinda-group-sea,consumer_brands,llm_tail_v2 (high)
viskou-technology-sdn-bhd,consulting_professional_services,llm_tail_v2 (medium)
wangsa-delima-sdn-bhd,real_estate_construction,llm_tail_v2 (medium)
wecaredailyclinicscareers,healthcare_provider,llm_tail_v2 (high)
weights_and_biases,tech_software_internet,llm_tail_v2 (high)
winamax,gaming,llm_tail_v2 (high)
winrock,nonprofit,llm_tail_v2 (high)
wmg,media_entertainment,llm_tail_v2 (high)
workwize,tech_software_internet,llm_tail_v2 (high)
worley,consulting_professional_services,llm_tail_v2 (high)
xepelin,finance_fintech,llm_tail_v2 (high)
xylem,manufacturing,llm_tail_v2 (high)
ztek-consulting,consulting_professional_services,llm_tail_v2 (high)
abercrombie-fitch-co,retail_ecommerce,llm_tail_v2 (high)
acl-digital,consulting_professional_services,llm_tail_v2 (high)
acuren,consulting_professional_services,llm_tail_v2 (high)
adm,agriculture_food_production,llm_tail_v2 (high)
aimic-inc,consulting_professional_services,llm_tail_v2 (high)
ajccanada,hospitality_food_service,llm_tail_v2 (high)
ajulia-executive-search,consulting_professional_services,llm_tail_v2 (high)
allarahealth,healthcare_provider,llm_tail_v2 (high)
alpacahealth,healthcare_provider,llm_tail_v2 (medium)
array,finance_fintech,llm_tail_v2 (high)
arundellodge,nonprofit,llm_tail_v2 (high)
aspora,finance_fintech,llm_tail_v2 (high)
atbayjobs,finance_insurance,llm_tail_v2 (high)
atlantic-group,consulting_professional_services,llm_tail_v2 (high)
bettyjobboard,gaming,llm_tail_v2 (high)
bp-global-business-service-centre-asia,energy_utilities,llm_tail_v2 (high)
butterflynetwork,healthcare_devices,llm_tail_v2 (high)
byd,automotive,llm_tail_v2 (high)
campfire,tech_software_internet,llm_tail_v2 (high)
capstone-logistics-llc,transportation_logistics,llm_tail_v2 (high)
charterup,transportation_logistics,llm_tail_v2 (high)
chery-corporate-malaysia-sdn-bhd,automotive,llm_tail_v2 (high)
china-state-construction-engineering-m-sdn-bhd,real_estate_construction,llm_tail_v2 (high)
clarivate,tech_software_internet,llm_tail_v2 (high)
coca-cola-consolidated,consumer_brands,llm_tail_v2 (high)
convergint,consulting_professional_services,llm_tail_v2 (high)
cube,tech_software_internet,llm_tail_v2 (high)
cubic3,telecommunications,llm_tail_v2 (high)
cybermediatechnologies,defense_aerospace,llm_tail_v2 (high)
dal-tile-llc,manufacturing,llm_tail_v2 (high)
datasnipper.com,tech_software_internet,llm_tail_v2 (high)
defense-finance-and-accounting-service,public_sector_government,llm_tail_v2 (high)
dreamgames,gaming,llm_tail_v2 (high)
endpointclinical,healthcare_pharma_biotech,llm_tail_v2 (high)
equitable-advisors,finance_insurance,llm_tail_v2 (high)
equity-lifestyle-properties-inc,real_estate_construction,llm_tail_v2 (high)
fidelityguarantylife,finance_insurance,llm_tail_v2 (high)
flaglerhealth,healthcare_provider,llm_tail_v2 (high)
flatironhealth,healthcare_pharma_biotech,llm_tail_v2 (high)
forgehealth,healthcare_provider,llm_tail_v2 (high)
formativgroup,consulting_professional_services,llm_tail_v2 (high)
genetixbiotherapeutics,healthcare_pharma_biotech,llm_tail_v2 (high)
global-technical-talent-an-inc-5000-company,consulting_professional_services,llm_tail_v2 (high)
gm-financial,finance_banking,llm_tail_v2 (high)
gravie,finance_insurance,llm_tail_v2 (high)
guild,tech_software_internet,llm_tail_v2 (high)
heetch,transportation_logistics,llm_tail_v2 (high)
hexa,finance_banking,llm_tail_v2 (high)
impossiblecloud,tech_software_internet,llm_tail_v2 (high)
innovecs,consulting_professional_services,llm_tail_v2 (high)
intuitive,healthcare_devices,llm_tail_v2 (high)
jobandtalent,consulting_professional_services,llm_tail_v2 (high)
kickmaker,consulting_professional_services,llm_tail_v2 (high)
kin,finance_insurance,llm_tail_v2 (high)
kuala-lumpur-kepong-berhad-klk,agriculture_food_production,llm_tail_v2 (high)
lap,hospitality_food_service,llm_tail_v2 (high)
layerhealth,tech_software_internet,llm_tail_v2 (high)
layerzerolabs,finance_fintech,llm_tail_v2 (high)
livinghr,consulting_professional_services,llm_tail_v2 (high)
lonpac-insurance-bhd-199401021735-307414-t,finance_insurance,llm_tail_v2 (high)
malaysia-airports-holdings-berhad,transportation_logistics,llm_tail_v2 (high)
motorway,automotive,llm_tail_v2 (high)
nash,tech_software_internet,llm_tail_v2 (high)
nisc,tech_software_internet,llm_tail_v2 (high)
numerix,finance_fintech,llm_tail_v2 (high)
opensesame,tech_software_internet,llm_tail_v2 (high)
partssource,tech_software_internet,llm_tail_v2 (high)
paxos,finance_fintech,llm_tail_v2 (high)
payscale,tech_software_internet,llm_tail_v2 (high)
peakgames,gaming,llm_tail_v2 (high)
penske-truck-leasing,transportation_logistics,llm_tail_v2 (high)
persona,tech_software_internet,llm_tail_v2 (high)
phoenixcontact,manufacturing,llm_tail_v2 (high)
princesspolly,retail_ecommerce,llm_tail_v2 (high)
prometheusrealestategroup,real_estate_construction,llm_tail_v2 (high)
prosek,consulting_professional_services,llm_tail_v2 (high)
provectus,consulting_professional_services,llm_tail_v2 (high)
prudential-financial,finance_insurance,llm_tail_v2 (high)
qualia,tech_software_internet,llm_tail_v2 (high)
quantcast,tech_software_internet,llm_tail_v2 (high)
recruit-express-pte-ltd,consulting_professional_services,llm_tail_v2 (high)
reevo,tech_software_internet,llm_tail_v2 (medium)
regal-rexnord,manufacturing,llm_tail_v2 (high)
reyes-holdings,transportation_logistics,llm_tail_v2 (medium)
sarawak-oil-palms-berhad,agriculture_food_production,llm_tail_v2 (high)
sardine,finance_fintech,llm_tail_v2 (high)
sbh-kibing-solar-new-materials-m-sdn-bhd,energy_utilities,llm_tail_v2 (high)
simplifed,healthcare_provider,llm_tail_v2 (high)
skalar,consulting_professional_services,llm_tail_v2 (high)
smartbear,tech_software_internet,llm_tail_v2 (high)
snsoft-sdn-bhd,consulting_professional_services,llm_tail_v2 (high)
springfertility,healthcare_provider,llm_tail_v2 (high)
steris,healthcare_devices,llm_tail_v2 (high)
stitchfix,retail_ecommerce,llm_tail_v2 (high)
sunway-malls,real_estate_construction,llm_tail_v2 (high)
synerg,consulting_professional_services,llm_tail_v2 (medium)
tech-mahindra,consulting_professional_services,llm_tail_v2 (high)
tekskills-inc,consulting_professional_services,llm_tail_v2 (high)
the-intersect-group,consulting_professional_services,llm_tail_v2 (high)
the-new-york-foundling,nonprofit,llm_tail_v2 (high)
thomson-reuters,tech_software_internet,llm_tail_v2 (high)
toojaysdeli,hospitality_food_service,llm_tail_v2 (high)
tranglo-sdn-bhd,finance_fintech,llm_tail_v2 (high)
travelers,finance_insurance,llm_tail_v2 (high)
trimble-inc,tech_software_internet,llm_tail_v2 (high)
tsr-consulting-services-inc,consulting_professional_services,llm_tail_v2 (high)
twistbioscience,healthcare_pharma_biotech,llm_tail_v2 (high)
u-s-census-bureau,public_sector_government,llm_tail_v2 (high)
vectranetworks,tech_software_internet,llm_tail_v2 (high)
verifone,finance_fintech,llm_tail_v2 (high)
vysystems,consulting_professional_services,llm_tail_v2 (high)
warby-parker,retail_ecommerce,llm_tail_v2 (high)
wegmans-food-markets,retail_ecommerce,llm_tail_v2 (high)
westports-malaysia-sdn-bhd,transportation_logistics,llm_tail_v2 (high)
wipro-consumer-care-ldw-sdn-bhd,consumer_brands,llm_tail_v2 (high)
workleapfr,tech_software_internet,llm_tail_v2 (high)
xendit,finance_fintech,llm_tail_v2 (high)
zambold,energy_utilities,llm_tail_v2 (medium)
abbyy,tech_software_internet,llm_tail_v2 (high)
aisafety,nonprofit,llm_tail_v2 (medium)
akersystems,consulting_professional_services,llm_tail_v2 (high)
applydigital,consulting_professional_services,llm_tail_v2 (high)
appnovation,consulting_professional_services,llm_tail_v2 (high)
articul8,tech_software_internet,llm_tail_v2 (high)
astro,media_entertainment,llm_tail_v2 (high)
aveva,tech_software_internet,llm_tail_v2 (high)
axelera,tech_hardware_semiconductors,llm_tail_v2 (high)
beaconai,tech_software_internet,llm_tail_v2 (medium)
bermaz-motor-trading-sdn-bhd,automotive,llm_tail_v2 (high)
blackbox-strategies,retail_ecommerce,llm_tail_v2 (medium)
budderfly,energy_utilities,llm_tail_v2 (high)
bugcrowd,tech_software_internet,llm_tail_v2 (high)
business-integra-inc,consulting_professional_services,llm_tail_v2 (high)
cactus-communications,consulting_professional_services,llm_tail_v2 (high)
cargomatic,transportation_logistics,llm_tail_v2 (high)
claire-myers-consulting,consulting_professional_services,llm_tail_v2 (high)
cognism,tech_software_internet,llm_tail_v2 (high)
cohensteers,finance_banking,llm_tail_v2 (high)
conagra-brands,consumer_brands,llm_tail_v2 (high)
conmed-corporation,healthcare_devices,llm_tail_v2 (high)
corebts,consulting_professional_services,llm_tail_v2 (high)
court-avenue,consulting_professional_services,llm_tail_v2 (high)
cteph,consulting_professional_services,llm_tail_v2 (medium)
cypress-hcm,consulting_professional_services,llm_tail_v2 (high)
eastern-decorator-sdn-bhd,real_estate_construction,llm_tail_v2 (medium)
easterseals-southern-california,nonprofit,llm_tail_v2 (high)
element-materials-technology,consulting_professional_services,llm_tail_v2 (high)
eli-lilly-and-company,healthcare_pharma_biotech,llm_tail_v2 (high)
empowerbrands,consulting_professional_services,llm_tail_v2 (medium)
engie-north-america-inc,energy_utilities,llm_tail_v2 (high)
eonio,consulting_professional_services,llm_tail_v2 (medium)
excelsportsmanagement,media_entertainment,llm_tail_v2 (high)
flosports,media_entertainment,llm_tail_v2 (high)
fourth-floor,consulting_professional_services,llm_tail_v2 (high)
freedompay,finance_fintech,llm_tail_v2 (high)
gorgias,tech_software_internet,llm_tail_v2 (high)
grainger,retail_ecommerce,llm_tail_v2 (high)
haier-electrical-appliances-m-sdn-bhd,consumer_brands,llm_tail_v2 (high)
headoutcareers,tech_software_internet,llm_tail_v2 (high)
hiseven-sdn-bhd,consulting_professional_services,llm_tail_v2 (high)
hover,tech_software_internet,llm_tail_v2 (high)
huntsman-global-business-services-sdn-bhd,manufacturing,llm_tail_v2 (high)
i360technologiesinc,consulting_professional_services,llm_tail_v2 (high)
ihire,tech_software_internet,llm_tail_v2 (high)
jobsatphamily,healthcare_provider,llm_tail_v2 (medium)
johnson-service-group-inc,consulting_professional_services,llm_tail_v2 (high)
josys,tech_software_internet,llm_tail_v2 (high)
karya,nonprofit,llm_tail_v2 (medium)
kavaliro,consulting_professional_services,llm_tail_v2 (high)
keyrock,finance_fintech,llm_tail_v2 (high)
leadbank,finance_banking,llm_tail_v2 (high)
lenscrafters,retail_ecommerce,llm_tail_v2 (high)
library-of-congress,public_sector_government,llm_tail_v2 (high)
liftoff,tech_software_internet,llm_tail_v2 (high)
liquidstack,tech_hardware_semiconductors,llm_tail_v2 (medium)
loadsmart,transportation_logistics,llm_tail_v2 (high)
lowes-foods,retail_ecommerce,llm_tail_v2 (high)
m9solutions,consulting_professional_services,llm_tail_v2 (high)
mable,tech_software_internet,llm_tail_v2 (high)
maltimur-resources-sdn-bhd,real_estate_construction,llm_tail_v2 (medium)
marshmallow,finance_insurance,llm_tail_v2 (high)
mattermost,tech_software_internet,llm_tail_v2 (high)
metlife,finance_insurance,llm_tail_v2 (high)
nala-group,automotive,llm_tail_v2 (medium)
newform,tech_software_internet,llm_tail_v2 (high)
oconnellelectric,real_estate_construction,llm_tail_v2 (high)
octopuslegacy,legal_services,llm_tail_v2 (medium)
origisenergy,energy_utilities,llm_tail_v2 (high)
patreon,media_entertainment,llm_tail_v2 (high)
piermontbank,finance_banking,llm_tail_v2 (high)
popsockets,consumer_brands,llm_tail_v2 (high)
publiccloudgroup,consulting_professional_services,llm_tail_v2 (high)
researchpartnership,consulting_professional_services,llm_tail_v2 (high)
revance,healthcare_pharma_biotech,llm_tail_v2 (high)
rk,real_estate_construction,llm_tail_v2 (high)
rox-data-corp,tech_software_internet,llm_tail_v2 (high)
rvohealth,media_entertainment,llm_tail_v2 (high)
salsify,tech_software_internet,llm_tail_v2 (high)
scicom-msc-berhad,consulting_professional_services,llm_tail_v2 (high)
smartcatplatforminc,tech_software_internet,llm_tail_v2 (high)
southgeeks,consulting_professional_services,llm_tail_v2 (high)
spycloud,tech_software_internet,llm_tail_v2 (high)
srsacquiom,finance_banking,llm_tail_v2 (high)
starhub-ltd,telecommunications,llm_tail_v2 (high)
sterling-engineering,consulting_professional_services,llm_tail_v2 (high)
stratacareers,tech_software_internet,llm_tail_v2 (medium)
sunglass-hut,retail_ecommerce,llm_tail_v2 (high)
sunway-winstar,real_estate_construction,llm_tail_v2 (medium)
swissport,transportation_logistics,llm_tail_v2 (high)
synergy-house-furniture-sdn-bhd-location-at-top-glove-tower-setia-alam,consumer_brands,llm_tail_v2 (medium)
talentful,consulting_professional_services,llm_tail_v2 (high)
technocom-systems-sdn-bhd,manufacturing,llm_tail_v2 (high)
teck-guan-group,manufacturing,llm_tail_v2 (medium)
telesign,tech_software_internet,llm_tail_v2 (high)
tempo-xyz,finance_fintech,llm_tail_v2 (high)
thndr,finance_fintech,llm_tail_v2 (high)
tomo,finance_fintech,llm_tail_v2 (high)
trailappliances,retail_ecommerce,llm_tail_v2 (high)
trident-seafoods,agriculture_food_production,llm_tail_v2 (high)
veracode,tech_software_internet,llm_tail_v2 (high)
viamericas,finance_fintech,llm_tail_v2 (high)
vida,healthcare_provider,llm_tail_v2 (high)
westair,defense_aerospace,llm_tail_v2 (medium)
wikimedia,nonprofit,llm_tail_v2 (high)
woodward-inc,manufacturing,llm_tail_v2 (high)
workleap,tech_software_internet,llm_tail_v2 (high)
zimperium,tech_software_internet,llm_tail_v2 (high)
zipcolimited,finance_fintech,llm_tail_v2 (high)
Fuse,manufacturing,llm_tail_v2 (medium)
a-p-moller-maersk,transportation_logistics,llm_tail_v2 (high)
a16z,finance_banking,llm_tail_v2 (high)
abacum,tech_software_internet,llm_tail_v2 (high)
acuitymd,tech_software_internet,llm_tail_v2 (high)
adams-martin-group,consulting_professional_services,llm_tail_v2 (high)
aequor,consulting_professional_services,llm_tail_v2 (high)
airspace,transportation_logistics,llm_tail_v2 (high)
allium,finance_fintech,llm_tail_v2 (high)
altanaai,tech_software_internet,llm_tail_v2 (high)
ambient.ai,tech_software_internet,llm_tail_v2 (high)
ambu-sdn-bhd,healthcare_devices,llm_tail_v2 (high)
amd,tech_hardware_semiconductors,llm_tail_v2 (high)
americanequityinvestmentlifeinsurancecompany,finance_insurance,llm_tail_v2 (high)
analyte-global-technologies-sdn-bhd,tech_software_internet,llm_tail_v2 (medium)
anysignal,tech_hardware_semiconductors,llm_tail_v2 (medium)
applab-systems-inc,consulting_professional_services,llm_tail_v2 (high)
attio,tech_software_internet,llm_tail_v2 (high)
austal-usa,defense_aerospace,llm_tail_v2 (high)
avesta-computer-services,consulting_professional_services,llm_tail_v2 (high)
b-braun-medical-inc-us,healthcare_devices,llm_tail_v2 (high)
basf,manufacturing,llm_tail_v2 (high)
blue-shield-of-california,finance_insurance,llm_tail_v2 (high)
bounteous,consulting_professional_services,llm_tail_v2 (high)
branchmetrics,tech_software_internet,llm_tail_v2 (high)
bridge-data-centres-malaysia-sdn-bhd,tech_software_internet,llm_tail_v2 (high)
brkz,real_estate_construction,llm_tail_v2 (medium)
brock-company-inc,hospitality_food_service,llm_tail_v2 (high)
campus,education_higher,llm_tail_v2 (high)
character,tech_software_internet,llm_tail_v2 (high)
clearbank,finance_banking,llm_tail_v2 (high)
cloudzero,tech_software_internet,llm_tail_v2 (high)
cmc,manufacturing,llm_tail_v2 (high)
cna-search,consulting_professional_services,llm_tail_v2 (high)
cobre,finance_fintech,llm_tail_v2 (high)
codeforce-360,consulting_professional_services,llm_tail_v2 (high)
con-edison,energy_utilities,llm_tail_v2 (high)
continental-automotive-components-malaysia-sdn-bhd,automotive,llm_tail_v2 (high)
corescientific,tech_software_internet,llm_tail_v2 (high)
covenant-living-communities-and-services,healthcare_provider,llm_tail_v2 (high)
cybersheath,consulting_professional_services,llm_tail_v2 (high)
cyderes,tech_software_internet,llm_tail_v2 (high)
dai-lieng-machinery-sdn-bhd,automotive,llm_tail_v2 (medium)
dana-incorporated,automotive,llm_tail_v2 (high)
dnwest,nonprofit,llm_tail_v2 (high)
dynamisinc,defense_aerospace,llm_tail_v2 (high)
eco-shop-marketing-sdn-bhd,retail_ecommerce,llm_tail_v2 (high)
edgeofs,energy_utilities,llm_tail_v2 (high)
elegant-enterprise-wide-solutions-inc,consulting_professional_services,llm_tail_v2 (high)
elementsolutions,tech_software_internet,llm_tail_v2 (medium)
empower-professionals-inc,consulting_professional_services,llm_tail_v2 (high)
envoyglobalinc,legal_services,llm_tail_v2 (medium)
epiq,legal_services,llm_tail_v2 (high)
ever,automotive,llm_tail_v2 (high)
everlane,retail_ecommerce,llm_tail_v2 (high)
fender,consumer_brands,llm_tail_v2 (high)
foundry,consulting_professional_services,llm_tail_v2 (medium)
gds-idc-services-malaysia-sdn-bhd,tech_software_internet,llm_tail_v2 (high)
general-dynamics-mission-systems,defense_aerospace,llm_tail_v2 (high)
generatebiomedicines,healthcare_pharma_biotech,llm_tail_v2 (high)
goalhonduras,nonprofit,llm_tail_v2 (high)
goodfire,tech_software_internet,llm_tail_v2 (high)
grant-thornton-malaysia-plt,consulting_professional_services,llm_tail_v2 (high)
hala,finance_fintech,llm_tail_v2 (medium)
havocai,defense_aerospace,llm_tail_v2 (high)
heartbeathealth,healthcare_provider,llm_tail_v2 (high)
inbeat-agency,consulting_professional_services,llm_tail_v2 (high)
infotech-spectrum-inc,consulting_professional_services,llm_tail_v2 (high)
insify,finance_insurance,llm_tail_v2 (high)
intelliswift-software,consulting_professional_services,llm_tail_v2 (high)
interbrand,consulting_professional_services,llm_tail_v2 (high)
investorflow,finance_fintech,llm_tail_v2 (high)
j-b-hunt-transport-services-inc,transportation_logistics,llm_tail_v2 (high)
kpmg-us,consulting_professional_services,llm_tail_v2 (high)
legalservicesnyc,nonprofit,llm_tail_v2 (high)
lindblad-expeditions,hospitality_food_service,llm_tail_v2 (high)
linear,tech_software_internet,llm_tail_v2 (high)
lpl-financial,finance_banking,llm_tail_v2 (high)
lunarenergy,energy_utilities,llm_tail_v2 (high)
masimo,healthcare_devices,llm_tail_v2 (high)
mehow-medical-m-sdn-bhd,healthcare_devices,llm_tail_v2 (high)
metropolitancommercialbank,finance_banking,llm_tail_v2 (high)
mirage,tech_software_internet,llm_tail_v2 (medium)
montage-international,hospitality_food_service,llm_tail_v2 (high)
montauk-capital,finance_banking,llm_tail_v2 (high)
national-geospatial-intelligence-agency,public_sector_government,llm_tail_v2 (high)
nextinsurance66,finance_insurance,llm_tail_v2 (high)
notable,tech_software_internet,llm_tail_v2 (high)
npx,energy_utilities,llm_tail_v2 (high)
ocrolusinc,tech_software_internet,llm_tail_v2 (high)
odys-aviation,defense_aerospace,llm_tail_v2 (high)
omnidian,energy_utilities,llm_tail_v2 (high)
onyx-health-care-staffing-llc,consulting_professional_services,llm_tail_v2 (high)
open-sky-community-services,nonprofit,llm_tail_v2 (high)
paramedicservices,healthcare_provider,llm_tail_v2 (high)
patientpoint,media_entertainment,llm_tail_v2 (medium)
payments-network-malaysia-sdn-bhd,finance_fintech,llm_tail_v2 (high)
pbgconsultingllc,consulting_professional_services,llm_tail_v2 (high)
phaxis,consulting_professional_services,llm_tail_v2 (high)
premiertruckrental,automotive,llm_tail_v2 (high)
prior-labs,tech_software_internet,llm_tail_v2 (high)
profoundresearch,healthcare_pharma_biotech,llm_tail_v2 (high)
proper,consulting_professional_services,llm_tail_v2 (high)
pumpcareers,tech_software_internet,llm_tail_v2 (medium)
pwc,consulting_professional_services,llm_tail_v2 (high)
qes-group-of-companies,manufacturing,llm_tail_v2 (high)
qube-apps-solutions-sdn-bhd,consulting_professional_services,llm_tail_v2 (high)
r1-rcm,tech_software_internet,llm_tail_v2 (high)
rapidsos,tech_software_internet,llm_tail_v2 (high)
red-gate,tech_software_internet,llm_tail_v2 (high)
regscale,tech_software_internet,llm_tail_v2 (high)
rooms-to-go,retail_ecommerce,llm_tail_v2 (high)
sandtechholdingslimited,consulting_professional_services,llm_tail_v2 (high)
savvas-learning-company,education_k12,llm_tail_v2 (high)
sensorfact,tech_software_internet,llm_tail_v2 (high)
setpoint,finance_fintech,llm_tail_v2 (high)
sharegateen,tech_software_internet,llm_tail_v2 (high)
significanceinc,defense_aerospace,llm_tail_v2 (high)
sixthstreet,finance_banking,llm_tail_v2 (high)
sleeper,gaming,llm_tail_v2 (high)
spothero,tech_software_internet,llm_tail_v2 (high)
stockx,retail_ecommerce,llm_tail_v2 (high)
sumitomo-mitsui-banking-corporation-smbc-group,finance_banking,llm_tail_v2 (high)
summit-materials,manufacturing,llm_tail_v2 (high)
talentbank-sdn-bhd,consulting_professional_services,llm_tail_v2 (high)
talentbridge,consulting_professional_services,llm_tail_v2 (high)
tessera-labs,tech_software_internet,llm_tail_v2 (high)
thebrattlegroup,consulting_professional_services,llm_tail_v2 (high)
thiga,consulting_professional_services,llm_tail_v2 (high)
tremendous,finance_fintech,llm_tail_v2 (high)
tubitv,media_entertainment,llm_tail_v2 (high)
ubs,finance_banking,llm_tail_v2 (high)
ultimagenomics,healthcare_devices,llm_tail_v2 (high)
ultimus-fund-solutions,finance_banking,llm_tail_v2 (high)
unity-advisory,consulting_professional_services,llm_tail_v2 (high)
unlimitedtechnology,consulting_professional_services,llm_tail_v2 (high)
urbansky,defense_aerospace,llm_tail_v2 (high)
vay,automotive,llm_tail_v2 (high)
vegaamericas,manufacturing,llm_tail_v2 (high)
versaterm,tech_software_internet,llm_tail_v2 (high)
vivvi,education_k12,llm_tail_v2 (high)
vynca,healthcare_provider,llm_tail_v2 (high)
white-cap,real_estate_construction,llm_tail_v2 (high)
wincent,finance_banking,llm_tail_v2 (high)
xairatherapeutics,healthcare_pharma_biotech,llm_tail_v2 (high)
zennioptical,retail_ecommerce,llm_tail_v2 (high)
zillow,tech_software_internet,llm_tail_v2 (high)
zinnia,finance_insurance,llm_tail_v2 (high)
aaa-the-auto-club-group,finance_insurance,llm_tail_v2 (high)
acadianassetmanagementllc,finance_banking,llm_tail_v2 (high)
accela,tech_software_internet,llm_tail_v2 (high)
acorns,finance_fintech,llm_tail_v2 (high)
acquia,tech_software_internet,llm_tail_v2 (high)
adjustjobs,tech_software_internet,llm_tail_v2 (high)
adventus,consulting_professional_services,llm_tail_v2 (medium)
akumin,healthcare_provider,llm_tail_v2 (high)
alltec-foba-asia-danaher-group,manufacturing,llm_tail_v2 (high)
american-medical-response,healthcare_provider,llm_tail_v2 (high)
american-red-cross,nonprofit,llm_tail_v2 (high)
andela,consulting_professional_services,llm_tail_v2 (high)
aninebing,consumer_brands,llm_tail_v2 (high)
arcadia,tech_software_internet,llm_tail_v2 (medium)
arcadis,consulting_professional_services,llm_tail_v2 (high)
array-behavioral-care,healthcare_provider,llm_tail_v2 (high)
asustek-computer-malaysia-sdn-bhd,tech_hardware_semiconductors,llm_tail_v2 (high)
attain,consulting_professional_services,llm_tail_v2 (medium)
attivopartners,consulting_professional_services,llm_tail_v2 (high)
basiccapital,finance_fintech,llm_tail_v2 (high)
bechtel-corporation,real_estate_construction,llm_tail_v2 (high)
bluescope-buildings-north-america-inc,manufacturing,llm_tail_v2 (high)
boehringer-ingelheim,healthcare_pharma_biotech,llm_tail_v2 (high)
brevo,tech_software_internet,llm_tail_v2 (high)
broadwayventures,consulting_professional_services,llm_tail_v2 (medium)
burgeon-it-services,consulting_professional_services,llm_tail_v2 (high)
burns-mcdonnell,consulting_professional_services,llm_tail_v2 (high)
camp,media_entertainment,llm_tail_v2 (medium)
capimoney,finance_fintech,llm_tail_v2 (high)
certik,tech_software_internet,llm_tail_v2 (high)
clifyx,consulting_professional_services,llm_tail_v2 (high)
coast,finance_fintech,llm_tail_v2 (high)
coastal,finance_banking,llm_tail_v2 (high)
collate,tech_software_internet,llm_tail_v2 (high)
computech-corporation,consulting_professional_services,llm_tail_v2 (high)
concentric,consulting_professional_services,llm_tail_v2 (high)
conscious-talent,consulting_professional_services,llm_tail_v2 (high)
consensuscloudservices,tech_software_internet,llm_tail_v2 (high)
creditgenie,finance_fintech,llm_tail_v2 (high)
d-r-horton,real_estate_construction,llm_tail_v2 (high)
dashlane,tech_software_internet,llm_tail_v2 (high)
dcatalyzer-sdn-bhd,consulting_professional_services,llm_tail_v2 (medium)
dedale-intelligence,consulting_professional_services,llm_tail_v2 (medium)
deltia,tech_software_internet,llm_tail_v2 (high)
diligentrobotics,healthcare_devices,llm_tail_v2 (high)
dorsia,tech_software_internet,llm_tail_v2 (high)
doxel,tech_software_internet,llm_tail_v2 (high)
duffel,tech_software_internet,llm_tail_v2 (high)
dulcedo,media_entertainment,llm_tail_v2 (high)
dxc-technology,consulting_professional_services,llm_tail_v2 (high)
ehub-global-inc,consulting_professional_services,llm_tail_v2 (high)
elementbiosciences,healthcare_devices,llm_tail_v2 (high)
equilend,finance_fintech,llm_tail_v2 (high)
everbridge,tech_software_internet,llm_tail_v2 (high)
everdriven,transportation_logistics,llm_tail_v2 (high)
exelon,energy_utilities,llm_tail_v2 (high)
faropoint,real_estate_construction,llm_tail_v2 (high)
fgv-holdings-berhad,agriculture_food_production,llm_tail_v2 (high)
flux,tech_software_internet,llm_tail_v2 (medium)
freebalance.com,tech_software_internet,llm_tail_v2 (high)
frontline-source-group,consulting_professional_services,llm_tail_v2 (high)
g2it,consulting_professional_services,llm_tail_v2 (high)
general-atomics,defense_aerospace,llm_tail_v2 (high)
gforce-life-sciences,consulting_professional_services,llm_tail_v2 (high)
ghl-systems-berhad,finance_fintech,llm_tail_v2 (high)
halcyon,tech_software_internet,llm_tail_v2 (high)
hemmersbach-malaysia-sdn-bhd,consulting_professional_services,llm_tail_v2 (high)
honda-malaysia-sdn-bhd,automotive,llm_tail_v2 (high)
imagineworldwide,nonprofit,llm_tail_v2 (high)
immersivelabs,tech_software_internet,llm_tail_v2 (high)
inertia,energy_utilities,llm_tail_v2 (high)
interviewengineering,consulting_professional_services,llm_tail_v2 (high)
isuzu-malaysia-sdn-bhd,automotive,llm_tail_v2 (high)
jencapinc,finance_insurance,llm_tail_v2 (high)
jps-health-network,healthcare_provider,llm_tail_v2 (high)
justwatch,media_entertainment,llm_tail_v2 (high)
kabam,gaming,llm_tail_v2 (high)
ketryx,tech_software_internet,llm_tail_v2 (high)
keurig-dr-pepper-inc,consumer_brands,llm_tail_v2 (high)
kira,tech_software_internet,llm_tail_v2 (medium)
kota,tech_software_internet,llm_tail_v2 (medium)
l-a-care-health-plan,finance_insurance,llm_tail_v2 (high)
lamb-weston,agriculture_food_production,llm_tail_v2 (high)
lee-kum-kee-m-foods-sdn-bhd,consumer_brands,llm_tail_v2 (high)
lessen,consulting_professional_services,llm_tail_v2 (high)
levelpath,tech_software_internet,llm_tail_v2 (high)
links-international,consulting_professional_services,llm_tail_v2 (high)
los-alamos-national-laboratory,defense_aerospace,llm_tail_v2 (high)
maki,tech_software_internet,llm_tail_v2 (medium)
mattel-inc,consumer_brands,llm_tail_v2 (high)
metabase,tech_software_internet,llm_tail_v2 (high)
microchip-technology-inc,tech_hardware_semiconductors,llm_tail_v2 (high)
mirakl,tech_software_internet,llm_tail_v2 (high)
mochihealth,healthcare_provider,llm_tail_v2 (high)
moog-inc,defense_aerospace,llm_tail_v2 (high)
muckrack,tech_software_internet,llm_tail_v2 (high)
n2n,tech_software_internet,llm_tail_v2 (medium)
nanonets,tech_software_internet,llm_tail_v2 (high)
nct-pmc-sdn-bhd,real_estate_construction,llm_tail_v2 (high)
nen-creative,media_entertainment,llm_tail_v2 (high)
nov,energy_utilities,llm_tail_v2 (high)
novatalent,consulting_professional_services,llm_tail_v2 (high)
odeko,tech_software_internet,llm_tail_v2 (high)
onit,tech_software_internet,llm_tail_v2 (high)
ontic,tech_software_internet,llm_tail_v2 (high)
orsted-malaysia-sdn-bhd,energy_utilities,llm_tail_v2 (high)
osk-holdings-berhad,real_estate_construction,llm_tail_v2 (medium)
ovoenergy,energy_utilities,llm_tail_v2 (high)
pacific-northwest-national-laboratory,public_sector_government,llm_tail_v2 (medium)
pariveda,consulting_professional_services,llm_tail_v2 (high)
paychex,tech_software_internet,llm_tail_v2 (high)
perdue-farms,agriculture_food_production,llm_tail_v2 (high)
pintas-utama-sdn-bhd,consulting_professional_services,llm_tail_v2 (medium)
planet-professional,consulting_professional_services,llm_tail_v2 (high)
plasmidsaurus,healthcare_pharma_biotech,llm_tail_v2 (high)
primer,education_k12,llm_tail_v2 (high)
procore-technologies,tech_software_internet,llm_tail_v2 (high)
prokidney,healthcare_pharma_biotech,llm_tail_v2 (high)
radiant-systems-inc,consulting_professional_services,llm_tail_v2 (high)
real,real_estate_construction,llm_tail_v2 (high)
redballoon,tech_software_internet,llm_tail_v2 (medium)
renesas-electronics-penang-sdn-bhd-penang,tech_hardware_semiconductors,llm_tail_v2 (high)
rise8,defense_aerospace,llm_tail_v2 (high)
runna,tech_software_internet,llm_tail_v2 (high)
sbm-management-services-lp,consulting_professional_services,llm_tail_v2 (medium)
secureframe,tech_software_internet,llm_tail_v2 (high)
seneca-resources,consulting_professional_services,llm_tail_v2 (high)
shaw-industries,manufacturing,llm_tail_v2 (high)
shepherd,finance_insurance,llm_tail_v2 (high)
shift,finance_fintech,llm_tail_v2 (medium)
sitetracker,tech_software_internet,llm_tail_v2 (high)
southwire-company,manufacturing,llm_tail_v2 (high)
spencer-ogden,consulting_professional_services,llm_tail_v2 (high)
spotinc,transportation_logistics,llm_tail_v2 (high)
stackav,automotive,llm_tail_v2 (high)
suvoda,tech_software_internet,llm_tail_v2 (high)
swire-coca-cola-usa,consumer_brands,llm_tail_v2 (high)
target-optical,retail_ecommerce,llm_tail_v2 (high)
taxfix.com,finance_fintech,llm_tail_v2 (high)
teamshares,finance_banking,llm_tail_v2 (medium)
tekgence-inc,consulting_professional_services,llm_tail_v2 (high)
teramind,tech_software_internet,llm_tail_v2 (high)
themichaeljfoxfoundation,nonprofit,llm_tail_v2 (high)
tomorrow,tech_software_internet,llm_tail_v2 (medium)
treeswift,tech_software_internet,llm_tail_v2 (high)
uasi,consulting_professional_services,llm_tail_v2 (high)
venusaero,defense_aerospace,llm_tail_v2 (high)
vidrush,tech_software_internet,llm_tail_v2 (high)
voxmedia,media_entertainment,llm_tail_v2 (high)
wesco,retail_ecommerce,llm_tail_v2 (medium)
whitewatermidstream,energy_utilities,llm_tail_v2 (high)
7-eleven,retail_ecommerce,llm_tail_v2 (high)
Blacksmith Agency,consulting_professional_services,llm_tail_v2 (high)
Easygenerator,tech_software_internet,llm_tail_v2 (high)
Nautilus Biotechnology,healthcare_pharma_biotech,llm_tail_v2 (high)
abcellera,healthcare_pharma_biotech,llm_tail_v2 (high)
accord-innovations-sdn-bhd,consulting_professional_services,llm_tail_v2 (high)
additionwealth,finance_fintech,llm_tail_v2 (high)
agentio,tech_software_internet,llm_tail_v2 (high)
akidolabs,healthcare_provider,llm_tail_v2 (high)
alayacare,tech_software_internet,llm_tail_v2 (high)
alpineeagle,defense_aerospace,llm_tail_v2 (high)
ametek,manufacturing,llm_tail_v2 (high)
amo,tech_software_internet,llm_tail_v2 (medium)
antics-studios-sdn-bhd,consulting_professional_services,llm_tail_v2 (medium)
appodeal,tech_software_internet,llm_tail_v2 (high)
atlasxhm,tech_software_internet,llm_tail_v2 (medium)
atmos-energy,energy_utilities,llm_tail_v2 (high)
avantus,energy_utilities,llm_tail_v2 (high)
beaconbiosignals,healthcare_devices,llm_tail_v2 (high)
bgsf,consulting_professional_services,llm_tail_v2 (high)
bitso,finance_fintech,llm_tail_v2 (high)
blue-signal-search,consulting_professional_services,llm_tail_v2 (high)
bluelabsanalyticsinc,consulting_professional_services,llm_tail_v2 (high)
bob-s-discount-furniture,retail_ecommerce,llm_tail_v2 (high)
brafton,consulting_professional_services,llm_tail_v2 (high)
brave,tech_software_internet,llm_tail_v2 (high)
cadvision-systems-sdn-bhd,tech_software_internet,llm_tail_v2 (medium)
cadwell,healthcare_devices,llm_tail_v2 (high)
canon-marketing-malaysia-sdn-bhd,consumer_brands,llm_tail_v2 (high)
capitaltg,consulting_professional_services,llm_tail_v2 (high)
casey-s,retail_ecommerce,llm_tail_v2 (high)
catapultsports,tech_software_internet,llm_tail_v2 (high)
cbiz,consulting_professional_services,llm_tail_v2 (high)
cemex-usa,manufacturing,llm_tail_v2 (high)
centerfield,consulting_professional_services,llm_tail_v2 (high)
cg-computers-sdn-bhd,retail_ecommerce,llm_tail_v2 (high)
chemopharm-sdn-bhd,manufacturing,llm_tail_v2 (medium)
cheng-co-group,consulting_professional_services,llm_tail_v2 (high)
cirkul,consumer_brands,llm_tail_v2 (high)
clearscoretechnologylimited,finance_fintech,llm_tail_v2 (high)
coalfire,consulting_professional_services,llm_tail_v2 (high)
coinmarketcap,finance_fintech,llm_tail_v2 (high)
cotiviti,tech_software_internet,llm_tail_v2 (high)
counsel,healthcare_provider,llm_tail_v2 (medium)
crexi,real_estate_construction,llm_tail_v2 (high)
ctc-global-sdn-bhd,consulting_professional_services,llm_tail_v2 (high)
current81,finance_fintech,llm_tail_v2 (high)
dandelion,energy_utilities,llm_tail_v2 (high)
dataguard,tech_software_internet,llm_tail_v2 (high)
datasys-consulting-and-software-inc,consulting_professional_services,llm_tail_v2 (high)
dave,finance_fintech,llm_tail_v2 (high)
david-s-bridal,retail_ecommerce,llm_tail_v2 (high)
deepjudge,tech_software_internet,llm_tail_v2 (high)
demandbase,tech_software_internet,llm_tail_v2 (high)
denken-solutions-inc,consulting_professional_services,llm_tail_v2 (high)
diamondpick,consulting_professional_services,llm_tail_v2 (high)
driven-brands-inc,automotive,llm_tail_v2 (high)
dxn-holdings-bhd,consumer_brands,llm_tail_v2 (high)
eddie-bauer,retail_ecommerce,llm_tail_v2 (high)
elitetechnology,tech_software_internet,llm_tail_v2 (medium)
eulerity,tech_software_internet,llm_tail_v2 (high)
eversource-energy,energy_utilities,llm_tail_v2 (high)
excelon-solutions,consulting_professional_services,llm_tail_v2 (high)
extrahopnetworks,tech_software_internet,llm_tail_v2 (high)
farm-service-agency,public_sector_government,llm_tail_v2 (high)
fccincinnati,media_entertainment,llm_tail_v2 (high)
financialtechnologypartners,finance_banking,llm_tail_v2 (high)
float,tech_software_internet,llm_tail_v2 (medium)
floridadems,nonprofit,llm_tail_v2 (high)
fraser-neave-f-n,consumer_brands,llm_tail_v2 (high)
gallatin,defense_aerospace,llm_tail_v2 (high)
gmrmarketing,consulting_professional_services,llm_tail_v2 (high)
go-cloudforce,consulting_professional_services,llm_tail_v2 (high)
golden-screen-cinemas-sdn-bhd,media_entertainment,llm_tail_v2 (high)
gomaterials,tech_software_internet,llm_tail_v2 (high)
gonetspeed,telecommunications,llm_tail_v2 (high)
graybar,retail_ecommerce,llm_tail_v2 (medium)
great-eastern-life-assurance-co-ltd,finance_insurance,llm_tail_v2 (high)
groundworks,real_estate_construction,llm_tail_v2 (high)
groupon,tech_software_internet,llm_tail_v2 (high)
groww,finance_fintech,llm_tail_v2 (high)
gruns,consumer_brands,llm_tail_v2 (high)
hanger-inc,healthcare_provider,llm_tail_v2 (high)
haystacknews,media_entertainment,llm_tail_v2 (high)
hershey-malaysia-sdn-bhd,consumer_brands,llm_tail_v2 (high)
hippo70,finance_insurance,llm_tail_v2 (high)
hntb,consulting_professional_services,llm_tail_v2 (high)
hockeystack,tech_software_internet,llm_tail_v2 (high)
holman,automotive,llm_tail_v2 (high)
honehealth,healthcare_provider,llm_tail_v2 (high)
honeycombinsurance,finance_insurance,llm_tail_v2 (high)
honor,healthcare_provider,llm_tail_v2 (high)
horizonsurgicalsystems,healthcare_devices,llm_tail_v2 (high)
hotayi-electronic-m-sdn-bhd-hotayi-group,manufacturing,llm_tail_v2 (high)
hottopic,retail_ecommerce,llm_tail_v2 (high)
icf,consulting_professional_services,llm_tail_v2 (high)
idc-technologies,consulting_professional_services,llm_tail_v2 (high)
ideagen-plc,tech_software_internet,llm_tail_v2 (high)
inizio,consulting_professional_services,llm_tail_v2 (high)
kaman-corporation,defense_aerospace,llm_tail_v2 (high)
langdock,tech_software_internet,llm_tail_v2 (high)
ledger,finance_fintech,llm_tail_v2 (high)
lennox,manufacturing,llm_tail_v2 (high)
levelaccess,tech_software_internet,llm_tail_v2 (high)
liberty-personnel-services-inc,consulting_professional_services,llm_tail_v2 (high)
lumafield,tech_software_internet,llm_tail_v2 (high)
madisonlogicinc,tech_software_internet,llm_tail_v2 (high)
mammothbrands,consumer_brands,llm_tail_v2 (high)
marvelfusion,energy_utilities,llm_tail_v2 (high)
matter-intelligence,tech_software_internet,llm_tail_v2 (medium)
merrick-company,consulting_professional_services,llm_tail_v2 (high)
metergysolutions,energy_utilities,llm_tail_v2 (high)
miovision,tech_software_internet,llm_tail_v2 (high)
ml-outsourcing-services-private-limited,consulting_professional_services,llm_tail_v2 (high)
mode-fair-sdn-bhd,consulting_professional_services,llm_tail_v2 (high)
moment,tech_software_internet,llm_tail_v2 (medium)
monstro,tech_software_internet,llm_tail_v2 (medium)
nelly,finance_fintech,llm_tail_v2 (medium)
nelo,finance_fintech,llm_tail_v2 (high)
newsweek,media_entertainment,llm_tail_v2 (high)
nextiva,tech_software_internet,llm_tail_v2 (high)
novacredit,finance_fintech,llm_tail_v2 (high)
ns-bluescope-malaysia-sdn-bhd,manufacturing,llm_tail_v2 (high)
ntconcepts,defense_aerospace,llm_tail_v2 (high)
numagroupgmbh,hospitality_food_service,llm_tail_v2 (high)
nvent,manufacturing,llm_tail_v2 (high)
nymbusinc,finance_fintech,llm_tail_v2 (high)
nys-office-for-people-with-developmental-disabilities,public_sector_government,llm_tail_v2 (high)
olaplexcareers,consumer_brands,llm_tail_v2 (high)
olipop,consumer_brands,llm_tail_v2 (high)
optimove,tech_software_internet,llm_tail_v2 (high)
orbaerospace,defense_aerospace,llm_tail_v2 (high)
otis-elevator-co,manufacturing,llm_tail_v2 (high)
otis-elevator-company-s-pte-ltd,manufacturing,llm_tail_v2 (high)
pactiv-evergreen-inc,manufacturing,llm_tail_v2 (high)
panasonic-malaysia-sdn-bhd,consumer_brands,llm_tail_v2 (high)
phantom,finance_fintech,llm_tail_v2 (high)
photoroom,tech_software_internet,llm_tail_v2 (high)
pindropsecurity,tech_software_internet,llm_tail_v2 (high)
posthog,tech_software_internet,llm_tail_v2 (high)
presidentssummit,media_entertainment,llm_tail_v2 (medium)
prosper,finance_fintech,llm_tail_v2 (high)
prudent-technologies-and-consulting-inc,consulting_professional_services,llm_tail_v2 (high)
purposemed,healthcare_provider,llm_tail_v2 (high)
quanata,finance_insurance,llm_tail_v2 (high)
railway-assets-holding-sdn-bhd,transportation_logistics,llm_tail_v2 (medium)
randstad-life-sciences-us,consulting_professional_services,llm_tail_v2 (high)
rdo-equipment-co,automotive,llm_tail_v2 (medium)
remarcable-inc,tech_software_internet,llm_tail_v2 (high)
researchinnovations.com,defense_aerospace,llm_tail_v2 (high)
rev-group-inc,automotive,llm_tail_v2 (high)
rich-products-corporation,agriculture_food_production,llm_tail_v2 (high)
ricoh-malaysia-sdn-bhd,consumer_brands,llm_tail_v2 (medium)
rithumliboard,tech_software_internet,llm_tail_v2 (high)
ritual,tech_software_internet,llm_tail_v2 (medium)
roche,healthcare_pharma_biotech,llm_tail_v2 (high)
rocketlawyer,legal_services,llm_tail_v2 (high)
rover,tech_software_internet,llm_tail_v2 (high)
rxo-inc,transportation_logistics,llm_tail_v2 (high)
saicon,consulting_professional_services,llm_tail_v2 (high)
sam-engineering-equipment-m-bhd,defense_aerospace,llm_tail_v2 (high)
sandia-national-laboratories,defense_aerospace,llm_tail_v2 (high)
scarlet,consulting_professional_services,llm_tail_v2 (medium)
schmidt-entities,nonprofit,llm_tail_v2 (medium)
shortstory,retail_ecommerce,llm_tail_v2 (high)
simular,tech_software_internet,llm_tail_v2 (high)
skillsoft,tech_software_internet,llm_tail_v2 (high)
skylineconstruction,real_estate_construction,llm_tail_v2 (high)
slash-financial,finance_fintech,llm_tail_v2 (high)
snap-inc,tech_software_internet,llm_tail_v2 (high)
sterlingtonpllc,legal_services,llm_tail_v2 (high)
storycannabis,retail_ecommerce,llm_tail_v2 (high)
strategic-staffing-solutions,consulting_professional_services,llm_tail_v2 (high)
sunstrong-films-sdn-bhd,media_entertainment,llm_tail_v2 (high)
sunway-medical-centre-penang,healthcare_provider,llm_tail_v2 (high)
synthflow,tech_software_internet,llm_tail_v2 (high)
system-one,consulting_professional_services,llm_tail_v2 (high)
takeda,healthcare_pharma_biotech,llm_tail_v2 (high)
tako,tech_software_internet,llm_tail_v2 (medium)
talent-job-seeker,consulting_professional_services,llm_tail_v2 (medium)
tangraminteriors,consulting_professional_services,llm_tail_v2 (medium)
tavily,tech_software_internet,llm_tail_v2 (high)
teamlfg,gaming,llm_tail_v2 (high)
telemedicine,nonprofit,llm_tail_v2 (medium)
tgv-cinemas-sdn-bhd,media_entertainment,llm_tail_v2 (high)
thatch,finance_insurance,llm_tail_v2 (high)
the-est-e-lauder-companies-inc,consumer_brands,llm_tail_v2 (high)
the-hershey-company,consumer_brands,llm_tail_v2 (high)
the-save-mart-companies,retail_ecommerce,llm_tail_v2 (high)
thekey,healthcare_provider,llm_tail_v2 (high)
thuma,consumer_brands,llm_tail_v2 (high)
tracktik,tech_software_internet,llm_tail_v2 (high)
triumph-arcade,gaming,llm_tail_v2 (high)
tuff-shed-inc,real_estate_construction,llm_tail_v2 (high)
turner-townsend,consulting_professional_services,llm_tail_v2 (high)
us-fertility,healthcare_provider,llm_tail_v2 (high)
vectorusa,consulting_professional_services,llm_tail_v2 (high)
verse,energy_utilities,llm_tail_v2 (medium)
vestwell,finance_fintech,llm_tail_v2 (high)
viseven,consulting_professional_services,llm_tail_v2 (high)
vision-technology-consulting-sdn-bhd,consulting_professional_services,llm_tail_v2 (high)
wabtec-corporation,manufacturing,llm_tail_v2 (high)
wakam,finance_insurance,llm_tail_v2 (high)
wattpad,media_entertainment,llm_tail_v2 (high)
wd-media-malaysia-sdn,tech_hardware_semiconductors,llm_tail_v2 (high)
whalarinc,media_entertainment,llm_tail_v2 (high)
wishpond,tech_software_internet,llm_tail_v2 (high)
wrapbook,tech_software_internet,llm_tail_v2 (high)
wtw,consulting_professional_services,llm_tail_v2 (high)
yee-lee-corporation-bhd,consumer_brands,llm_tail_v2 (high)
zefir,tech_software_internet,llm_tail_v2 (medium)
zensurance,finance_insurance,llm_tail_v2 (high)
zeta,tech_software_internet,llm_tail_v2 (high)
zoomlion-heavy-industry-malaysia-sdn-bhd,manufacturing,llm_tail_v2 (high)
10beauty,consumer_brands,llm_tail_v2 (medium)
acosta,consulting_professional_services,llm_tail_v2 (high)
airslate,tech_software_internet,llm_tail_v2 (high)
alliedreit,real_estate_construction,llm_tail_v2 (high)
always-marketing-m-sdn-bhd,consulting_professional_services,llm_tail_v2 (medium)
amerit-consulting,consulting_professional_services,llm_tail_v2 (high)
anyvan,transportation_logistics,llm_tail_v2 (high)
apify,tech_software_internet,llm_tail_v2 (high)
applecart,tech_software_internet,llm_tail_v2 (high)
applicantz,consulting_professional_services,llm_tail_v2 (high)
arkanalaboratories,healthcare_provider,llm_tail_v2 (high)
arlo,tech_software_internet,llm_tail_v2 (medium)
auctane,tech_software_internet,llm_tail_v2 (high)
audacy-inc,media_entertainment,llm_tail_v2 (high)
augury,tech_software_internet,llm_tail_v2 (high)
autozone,retail_ecommerce,llm_tail_v2 (high)
aviyatech,consulting_professional_services,llm_tail_v2 (medium)
azuritypharmaceuticalsindia,healthcare_pharma_biotech,llm_tail_v2 (high)
berlinrosen,consulting_professional_services,llm_tail_v2 (high)
bespokelabs,tech_software_internet,llm_tail_v2 (high)
billtrust,finance_fintech,llm_tail_v2 (high)
bioagilytix,healthcare_pharma_biotech,llm_tail_v2 (high)
bloomberg,tech_software_internet,llm_tail_v2 (high)
bobcat-company,manufacturing,llm_tail_v2 (high)
brightai,tech_software_internet,llm_tail_v2 (high)
brightspeed,telecommunications,llm_tail_v2 (high)
buckeye-power-sales,energy_utilities,llm_tail_v2 (medium)
castaigroupinc,tech_software_internet,llm_tail_v2 (high)
ccah,finance_insurance,llm_tail_v2 (high)
cdw,consulting_professional_services,llm_tail_v2 (high)
center-for-social-dynamics,healthcare_provider,llm_tail_v2 (high)
centerforemploymentopportunities,nonprofit,llm_tail_v2 (high)
central-point-partners,consulting_professional_services,llm_tail_v2 (high)
cherokee-federal,defense_aerospace,llm_tail_v2 (high)
city-experiences,hospitality_food_service,llm_tail_v2 (high)
cleanspark,tech_software_internet,llm_tail_v2 (high)
coder,tech_software_internet,llm_tail_v2 (high)
collectivehealth,finance_insurance,llm_tail_v2 (high)
communityreachcenter,nonprofit,llm_tail_v2 (high)
comrise,consulting_professional_services,llm_tail_v2 (high)
controlup,tech_software_internet,llm_tail_v2 (high)
cosuno,tech_software_internet,llm_tail_v2 (high)
cpm,media_entertainment,llm_tail_v2 (medium)
crocs,consumer_brands,llm_tail_v2 (high)
crossmediainc,consulting_professional_services,llm_tail_v2 (high)
cryptio,finance_fintech,llm_tail_v2 (high)
csx,transportation_logistics,llm_tail_v2 (high)
d2consulting,consulting_professional_services,llm_tail_v2 (high)
datacor,tech_software_internet,llm_tail_v2 (high)
dlpcapital,real_estate_construction,llm_tail_v2 (high)
dollar-tree-stores,retail_ecommerce,llm_tail_v2 (high)
doordash,tech_software_internet,llm_tail_v2 (high)
dynamitegames,gaming,llm_tail_v2 (high)
ebyte-technologies-inc,consulting_professional_services,llm_tail_v2 (high)
eckerd-connects,nonprofit,llm_tail_v2 (high)
edward-jones,finance_banking,llm_tail_v2 (high)
electrolux-home-appliances-sdn-bhd,consumer_brands,llm_tail_v2 (high)
elitetrax-marketing-sdn-bhd-harvey-norman,retail_ecommerce,llm_tail_v2 (high)
emidat,tech_software_internet,llm_tail_v2 (high)
encore,media_entertainment,llm_tail_v2 (high)
entefy,tech_software_internet,llm_tail_v2 (high)
entegris-malaysia-sdn-bhd,tech_hardware_semiconductors,llm_tail_v2 (high)
ether.fi,finance_fintech,llm_tail_v2 (high)
exelixis,healthcare_pharma_biotech,llm_tail_v2 (high)
featherlessai,tech_software_internet,llm_tail_v2 (high)
fema,public_sector_government,llm_tail_v2 (high)
filigran,tech_software_internet,llm_tail_v2 (high)
filson,consumer_brands,llm_tail_v2 (high)
finch-legal,legal_services,llm_tail_v2 (high)
fireworkhq,tech_software_internet,llm_tail_v2 (high)
fiscalnote,tech_software_internet,llm_tail_v2 (high)
flexton-inc,consulting_professional_services,llm_tail_v2 (high)
florida-blue,finance_insurance,llm_tail_v2 (high)
forgebiologics,healthcare_pharma_biotech,llm_tail_v2 (high)
foundever,consulting_professional_services,llm_tail_v2 (high)
fuseglobalpartners,consulting_professional_services,llm_tail_v2 (high)
general-medicine,healthcare_provider,llm_tail_v2 (medium)
generalist,tech_software_internet,llm_tail_v2 (high)
genetec-technology-berhad,tech_software_internet,llm_tail_v2 (high)
getronics-solutions-malaysia-sdn-bhd,consulting_professional_services,llm_tail_v2 (high)
graviticsspace,defense_aerospace,llm_tail_v2 (high)
guardsquare,tech_software_internet,llm_tail_v2 (high)
haast,tech_software_internet,llm_tail_v2 (high)
harrisonst,finance_banking,llm_tail_v2 (high)
hawthorne-lane,consulting_professional_services,llm_tail_v2 (high)
healthverity,tech_software_internet,llm_tail_v2 (high)
hfc-tech-sdn-bhd,manufacturing,llm_tail_v2 (medium)
hiddenlayer,tech_software_internet,llm_tail_v2 (high)
hiya,tech_software_internet,llm_tail_v2 (high)
hobby-lobby,retail_ecommerce,llm_tail_v2 (high)
hyliion,automotive,llm_tail_v2 (high)
ingram-micro,retail_ecommerce,llm_tail_v2 (high)
inkitt,media_entertainment,llm_tail_v2 (high)
life-time-inc,hospitality_food_service,Life Time fitness/health clubs & spa
quenchwater,consumer_brands,Culligan Quench B2B water filtration
turfmasters,real_estate_construction,lawn care / landscape services
wr,nonprofit,World Relief Christian humanitarian org
jushico,retail_ecommerce,Jushi cannabis dispensary chain
clean-harbors,energy_utilities,hazardous waste / environmental services
cpisecurity,consumer_brands,CPI home security service
world4822stri986des,education_higher,WorldStrides educational travel programs
lvs1,tech_software_internet,Long View IT services provider
rise,telecommunications,RISE Philippines ISP / connectivity
plus-2,tech_software_internet,PlusAI autonomous trucking software
nory-co,education_k12,NORY STEM camp provider NYC/Boston
crescent,manufacturing,manufacturing / logistics ops
tilthq,finance_fintech,Tilt ML-credit lending platform
hilberts,tech_software_internet,Hilbert agentic growth analytics SaaS
miso,tech_software_internet,Korean O2O home services platform
sage49,healthcare_devices,Sage fall prevention devices for senior living
method,finance_fintech,Method consumer financial accounts API
atolls,retail_ecommerce,Atolls community-driven shopping platform
ilia,consulting_professional_services,ília Brazilian digital transformation consultancy
instead,finance_fintech,Instead AI tax platform
sana-roles,tech_software_internet,Sana AI for work (Workday)
sent,tech_software_internet,Sent messaging infra API
thepeoplebrand,retail_ecommerce,apparel ecom / digital brand
careersinfood-com,consulting_professional_services,food industry job board / recruiting
fitt,consulting_professional_services,Fitt Talent Partners health/wellness recruiting
trulandequipment,agriculture_food_production,TRU LAND John Deere ag equipment dealer
focused,energy_utilities,Focused Energy fusion energy startup
terminix,consumer_brands,Terminix consumer pest control
vizzia,tech_software_internet,Vizzia business intelligence SaaS
ernestpackagingsolutions,manufacturing,Ernest Packaging Solutions
make-rain,manufacturing,Rainmaker cloud-seeding drone hardware
times24-malaysia-sdn-bhd,manufacturing,Times 24 Malaysia manufacturing
vibe,media_entertainment,Vibe.co streaming TV adtech platform
zippymh,finance_fintech,Zippy manufactured home loans
acquisition,media_entertainment,Acquisition.com content/media business
hercules,tech_software_internet,Hercules AI agent / app builder
stealth-startup,defense_aerospace,stealth military expeditionary products mfr
baselayer,finance_fintech,Baselayer KYB / business identity verification
creatorsworkhere,retail_ecommerce,scuba.com dive gear ecom
mithrl,tech_software_internet,Mithrl AI co-scientist for life sciences
searchable,tech_software_internet,Searchable AI search visibility platform
aurelian,tech_software_internet,Aurelian AI 911 emergency response platform
newrelic,tech_software_internet,llm_tail_v3 (high)
togetherai,tech_software_internet,llm_tail_v3 (high)
samsungsemiconductor,tech_hardware_semiconductors,llm_tail_v3 (high)
podium81,tech_software_internet,llm_tail_v3 (high)
duolingo,tech_software_internet,llm_tail_v3 (high)
comstock,real_estate_construction,llm_tail_v3 (medium)
garnerhealth,healthcare_provider,llm_tail_v3 (high)
brainlabs,media_entertainment,llm_tail_v3 (high)
confluent,tech_software_internet,llm_tail_v3 (high)
elliptic,tech_software_internet,llm_tail_v3 (high)
permitflow,tech_software_internet,llm_tail_v3 (high)
pivotal,defense_aerospace,llm_tail_v3 (medium)
redwoodcu,finance_banking,llm_tail_v3 (high)
discovery-senior-living,healthcare_provider,llm_tail_v3 (high)
laskoproducts,consumer_brands,llm_tail_v3 (high)
arch.co,finance_fintech,llm_tail_v3 (medium)
texasairsystems,real_estate_construction,llm_tail_v3 (medium)
assured,finance_insurance,llm_tail_v3 (medium)
matx,tech_hardware_semiconductors,llm_tail_v3 (high)
synergyecp,defense_aerospace,llm_tail_v3 (medium)
atkore,manufacturing,llm_tail_v3 (high)
calendly,tech_software_internet,llm_tail_v3 (high)
connectedcannabis,consumer_brands,llm_tail_v3 (high)
flowtraders,finance_fintech,llm_tail_v3 (high)
sage-it,consulting_professional_services,llm_tail_v3 (high)
sully-ai,tech_software_internet,llm_tail_v3 (high)
nozominetworks,tech_software_internet,llm_tail_v3 (high)
omadahealth,healthcare_provider,llm_tail_v3 (high)
siftstack,tech_software_internet,llm_tail_v3 (high)
comfy-org,tech_software_internet,llm_tail_v3 (high)
learning-care-group,education_k12,llm_tail_v3 (high)
luxoft-malaysia-sdn-bhd,consulting_professional_services,llm_tail_v3 (high)
numeral,finance_fintech,llm_tail_v3 (medium)
pagayais,finance_fintech,llm_tail_v3 (high)
particle41llc,consulting_professional_services,llm_tail_v3 (medium)
warisan-tc-holdings-bhd,automotive,llm_tail_v3 (medium)
blackbird-labs-inc,hospitality_food_service,llm_tail_v3 (medium)
datatonic,consulting_professional_services,llm_tail_v3 (high)
genezenlabs,healthcare_pharma_biotech,llm_tail_v3 (high)
quartermaster,defense_aerospace,llm_tail_v3 (medium)
deepl,tech_software_internet,llm_tail_v3 (high)
gallagher,finance_insurance,llm_tail_v3 (high)
gradial,tech_software_internet,llm_tail_v3 (high)
insurify,finance_insurance,llm_tail_v3 (high)
merklescience,tech_software_internet,llm_tail_v3 (high)
ziprecruiter,tech_software_internet,llm_tail_v3 (high)
bravo,real_estate_construction,llm_tail_v3 (medium)
charliehealthepd,healthcare_provider,llm_tail_v3 (high)
dabsinc,healthcare_provider,llm_tail_v3 (high)
firecrawl,tech_software_internet,llm_tail_v3 (high)
givecampus,tech_software_internet,llm_tail_v3 (high)
lvi-associates,consulting_professional_services,llm_tail_v3 (high)
away,consumer_brands,llm_tail_v3 (high)
bubble,tech_software_internet,llm_tail_v3 (high)
doppel,tech_software_internet,llm_tail_v3 (high)
doximity,tech_software_internet,llm_tail_v3 (high)
granola,tech_software_internet,llm_tail_v3 (high)
hackajob,tech_software_internet,llm_tail_v3 (high)
inspire11,consulting_professional_services,llm_tail_v3 (high)
junior,tech_software_internet,llm_tail_v3 (medium)
maybern,finance_fintech,llm_tail_v3 (medium)
mudflap,transportation_logistics,llm_tail_v3 (medium)
porter-group,consulting_professional_services,llm_tail_v3 (high)
reflow,tech_software_internet,llm_tail_v3 (medium)
rock-maestro-sdn-bhd,real_estate_construction,llm_tail_v3 (medium)
biggie,media_entertainment,llm_tail_v3 (medium)
lightfield,tech_software_internet,llm_tail_v3 (high)
securityscorecard,tech_software_internet,llm_tail_v3 (high)
adventhealth,healthcare_provider,llm_tail_v3 (high)
auviknetworks,tech_software_internet,llm_tail_v3 (high)
bloomerang,tech_software_internet,llm_tail_v3 (high)
infisical,tech_software_internet,llm_tail_v3 (high)
insightassurance,consulting_professional_services,llm_tail_v3 (high)
insulet-malaysia,healthcare_devices,llm_tail_v3 (high)
integrators.cz,consulting_professional_services,llm_tail_v3 (high)
intellyk-inc,consulting_professional_services,llm_tail_v3 (high)
intropic,finance_fintech,llm_tail_v3 (medium)
isn,tech_software_internet,llm_tail_v3 (high)
kitware,tech_software_internet,llm_tail_v3 (high)
kizen,consulting_professional_services,llm_tail_v3 (medium)
koho,finance_fintech,llm_tail_v3 (high)
latamcent,consulting_professional_services,llm_tail_v3 (high)
lazer,consulting_professional_services,llm_tail_v3 (medium)
lemon-markets,finance_fintech,llm_tail_v3 (high)
lhvuk,finance_banking,llm_tail_v3 (high)
liatrio,consulting_professional_services,llm_tail_v3 (high)
lightspeeddms,tech_software_internet,llm_tail_v3 (medium)
lincare,healthcare_provider,llm_tail_v3 (high)
liquidiv,consumer_brands,llm_tail_v3 (high)
lokainc,consulting_professional_services,llm_tail_v3 (medium)
manaycpa.com,consulting_professional_services,llm_tail_v3 (high)
maneuver-marketing,media_entertainment,llm_tail_v3 (high)
martellgrowthsolutions,consulting_professional_services,llm_tail_v3 (medium)
maven-agi,tech_software_internet,llm_tail_v3 (high)
maxonic,consulting_professional_services,llm_tail_v3 (high)
maybellquantum,tech_hardware_semiconductors,llm_tail_v3 (medium)
microventures,finance_fintech,llm_tail_v3 (high)
miopartners,consulting_professional_services,llm_tail_v3 (medium)
momenti-inc,tech_software_internet,llm_tail_v3 (high)
moneyboxapp,finance_fintech,llm_tail_v3 (high)
myedspacecareers,education_k12,llm_tail_v3 (high)
n1,tech_software_internet,llm_tail_v3 (medium)
national-general,finance_insurance,llm_tail_v3 (high)
nebraska-medicine,healthcare_provider,llm_tail_v3 (high)
neteasegames,gaming,llm_tail_v3 (high)
noahmedical,healthcare_devices,llm_tail_v3 (high)
nolato-malaysia-sdn-bhd,manufacturing,llm_tail_v3 (high)
nova401,finance_fintech,llm_tail_v3 (medium)
octanelending,finance_fintech,llm_tail_v3 (high)
odoo,tech_software_internet,llm_tail_v3 (high)
outside,media_entertainment,llm_tail_v3 (high)
pacvue,tech_software_internet,llm_tail_v3 (high)
paradies-lagard-re,retail_ecommerce,llm_tail_v3 (medium)
pavebank,finance_banking,llm_tail_v3 (high)
pdtpartners,finance_fintech,llm_tail_v3 (high)
percona,tech_software_internet,llm_tail_v3 (high)
personalizedbeautydiscoveryincdbaipsy,consumer_brands,llm_tail_v3 (medium)
pilot-flying-j,hospitality_food_service,llm_tail_v3 (high)
prezzee,tech_software_internet,llm_tail_v3 (high)
prodigal,tech_software_internet,llm_tail_v3 (high)
prorecruiters,consulting_professional_services,llm_tail_v3 (high)
publicis-sapient,consulting_professional_services,llm_tail_v3 (high)
pylon,finance_fintech,llm_tail_v3 (medium)
qventus,tech_software_internet,llm_tail_v3 (high)
rackner,defense_aerospace,llm_tail_v3 (high)
redoxengine,tech_software_internet,llm_tail_v3 (high)
regrello,tech_software_internet,llm_tail_v3 (high)
remofirst,tech_software_internet,llm_tail_v3 (high)
rescale,tech_software_internet,llm_tail_v3 (high)
rimestechnologies,tech_software_internet,llm_tail_v3 (high)
riverdale,education_k12,llm_tail_v3 (high)
rxr,real_estate_construction,llm_tail_v3 (high)
sandboxaq,tech_software_internet,llm_tail_v3 (high)
satoshilabs,tech_software_internet,llm_tail_v3 (high)
segula-technologies,defense_aerospace,llm_tail_v3 (high)
sharp-decisions,consulting_professional_services,llm_tail_v3 (high)
sibitalent-corp,consulting_professional_services,llm_tail_v3 (high)
slb,energy_utilities,llm_tail_v3 (high)
smithsonian-institution,public_sector_government,llm_tail_v3 (high)
smx,defense_aerospace,llm_tail_v3 (high)
social-capital-resources,consulting_professional_services,llm_tail_v3 (high)
softcom-systems-inc,consulting_professional_services,llm_tail_v3 (high)
solugenix,consulting_professional_services,llm_tail_v3 (high)
sparksoftcorporation,defense_aerospace,llm_tail_v3 (medium)
steelpointsolutions,defense_aerospace,llm_tail_v3 (medium)
stifel-financial-corp,finance_banking,llm_tail_v3 (high)
tala,finance_fintech,llm_tail_v3 (high)
taxreliefadvocates,legal_services,llm_tail_v3 (medium)
testlio,tech_software_internet,llm_tail_v3 (high)
the-british-international-school-of-kuala-lumpur-sdn-bhd,education_k12,llm_tail_v3 (high)
themuseumofscience,nonprofit,llm_tail_v3 (high)
tractor-supply-company,retail_ecommerce,llm_tail_v3 (high)
traegergrills,consumer_brands,llm_tail_v3 (high)
transcosmos-malaysia-sdn-bhd,consulting_professional_services,llm_tail_v3 (high)
trueml,finance_fintech,llm_tail_v3 (high)
united-software-group-inc,consulting_professional_services,llm_tail_v3 (high)
upshop,tech_software_internet,llm_tail_v3 (high)
vallen-usa,manufacturing,llm_tail_v3 (medium)
vcluster,tech_software_internet,llm_tail_v3 (high)
versapay,finance_fintech,llm_tail_v3 (high)
viewpoint-research-corporation-sdn-bhd,consulting_professional_services,llm_tail_v3 (medium)
virtual-network-solutions-sdn-bhd,consulting_professional_services,llm_tail_v3 (high)
wahed.com,finance_fintech,llm_tail_v3 (high)
walkermillerenergy,energy_utilities,llm_tail_v3 (high)
wayne-sanderson-farms,agriculture_food_production,llm_tail_v3 (high)
wealthfront,finance_fintech,llm_tail_v3 (high)
wepclinical,healthcare_provider,llm_tail_v3 (high)
west-shore-home,real_estate_construction,llm_tail_v3 (high)
wex,finance_fintech,llm_tail_v3 (high)
wolvgroup,real_estate_construction,llm_tail_v3 (high)
worldklang-group-development-sdn-bhd,real_estate_construction,llm_tail_v3 (high)
yulon-capital-sdn-bhd,finance_fintech,llm_tail_v3 (medium)
zobility,consulting_professional_services,llm_tail_v3 (medium)
zyphra,tech_software_internet,llm_tail_v3 (high)
activesoft-inc,consulting_professional_services,llm_tail_v3 (high)
adaptivebiotechnologies,healthcare_pharma_biotech,llm_tail_v3 (high)
affinidi,tech_software_internet,llm_tail_v3 (high)
agiloft,tech_software_internet,llm_tail_v3 (high)
airalo,tech_software_internet,llm_tail_v3 (high)
aiwyn,tech_software_internet,llm_tail_v3 (high)
al-rajhi-banking-investment-corporation-malaysia-bhd,finance_banking,llm_tail_v3 (high)
alcazar-energy,energy_utilities,llm_tail_v3 (high)
american-electric-power,energy_utilities,llm_tail_v3 (high)
arago,tech_hardware_semiconductors,llm_tail_v3 (high)
arootah,consulting_professional_services,llm_tail_v3 (high)
asml,tech_hardware_semiconductors,llm_tail_v3 (high)
assa-abloy-group,manufacturing,llm_tail_v3 (high)
autowell-malaysia-sdn-bhd,manufacturing,llm_tail_v3 (medium)
balchem-corporation,manufacturing,llm_tail_v3 (high)
beedie,real_estate_construction,llm_tail_v3 (high)
best-eternity-recycle-technology-sdn-bhd,manufacturing,llm_tail_v3 (medium)
bestow,finance_insurance,llm_tail_v3 (high)
bigosmanagement,real_estate_construction,llm_tail_v3 (high)
bitmex,finance_fintech,llm_tail_v3 (high)
bmg-talent-concierge-plus-sdn-bhd,consulting_professional_services,llm_tail_v3 (high)
boku,finance_fintech,llm_tail_v3 (high)
bombas,consumer_brands,llm_tail_v3 (high)
boston-consulting-group-bcg,consulting_professional_services,llm_tail_v3 (high)
bounce,tech_software_internet,llm_tail_v3 (medium)
brightview-landscapes,real_estate_construction,llm_tail_v3 (high)
buildkite,tech_software_internet,llm_tail_v3 (high)
bureau,tech_software_internet,llm_tail_v3 (high)
bvnk,finance_fintech,llm_tail_v3 (high)
cambiumnetworks,telecommunications,llm_tail_v3 (high)
caseguard,tech_software_internet,llm_tail_v3 (high)
catalent-pharma-solutions,healthcare_pharma_biotech,llm_tail_v3 (high)
central-garden-pet,consumer_brands,llm_tail_v3 (high)
charge-robotics,tech_hardware_semiconductors,llm_tail_v3 (medium)
cherry-bekaert,consulting_professional_services,llm_tail_v3 (high)
choreo,finance_fintech,llm_tail_v3 (high)
cic,real_estate_construction,llm_tail_v3 (medium)
cla-cliftonlarsonallen,consulting_professional_services,llm_tail_v3 (high)
claimsorted,finance_insurance,llm_tail_v3 (high)
clasp-group,tech_software_internet,llm_tail_v3 (medium)
clenera,energy_utilities,llm_tail_v3 (high)
clintonfoundation,nonprofit,llm_tail_v3 (high)
convergentresearch,healthcare_pharma_biotech,llm_tail_v3 (medium)
cordance,tech_software_internet,llm_tail_v3 (high)
corti,tech_software_internet,llm_tail_v3 (high)
cprime,consulting_professional_services,llm_tail_v3 (high)
cuesta-partners,consulting_professional_services,llm_tail_v3 (high)
darkroom,media_entertainment,llm_tail_v3 (high)
deepintent,media_entertainment,llm_tail_v3 (high)
delta-air-lines,transportation_logistics,llm_tail_v3 (high)
deposco,tech_software_internet,llm_tail_v3 (high)
designedconveyorsystems,manufacturing,llm_tail_v3 (high)
doctronic,healthcare_provider,llm_tail_v3 (medium)
dreams-language-academy,education_k12,llm_tail_v3 (medium)
dynamiccatholic,nonprofit,llm_tail_v3 (high)
edwards-lifesciences,healthcare_devices,llm_tail_v3 (high)
elicit,tech_software_internet,llm_tail_v3 (high)
elwyn,healthcare_provider,llm_tail_v3 (high)
engtal,consulting_professional_services,llm_tail_v3 (high)
equifax,finance_fintech,llm_tail_v3 (high)
exact-sciences,healthcare_pharma_biotech,llm_tail_v3 (high)
exarca-inc,consulting_professional_services,llm_tail_v3 (high)
expedia-group,tech_software_internet,llm_tail_v3 (high)
ferrellgas,energy_utilities,llm_tail_v3 (high)
fladger-associates,healthcare_pharma_biotech,llm_tail_v3 (high)
foxitsoftware,tech_software_internet,llm_tail_v3 (high)
freedomsolarpower,energy_utilities,llm_tail_v3 (high)
ftmo,finance_fintech,llm_tail_v3 (high)
galvany,tech_software_internet,llm_tail_v3 (medium)
genpact,consulting_professional_services,llm_tail_v3 (high)
greywolf-networks-sdn-bhd,consulting_professional_services,llm_tail_v3 (medium)
gulfstream-aerospace,defense_aerospace,llm_tail_v3 (high)
guocoland-malaysia-berhad,real_estate_construction,llm_tail_v3 (high)
handal-indah-sdn-bhd,transportation_logistics,llm_tail_v3 (high)
hike-medical,healthcare_devices,llm_tail_v3 (medium)
hivehealth,healthcare_provider,llm_tail_v3 (medium)
honor-technology-malaysia-shd-bhd,tech_hardware_semiconductors,llm_tail_v3 (high)
hy-vee-inc,retail_ecommerce,llm_tail_v3 (high)
idexcel,consulting_professional_services,llm_tail_v3 (high)
infinitus,tech_software_internet,llm_tail_v3 (high)
intelek-talent-solutions-sdn-bhd,consulting_professional_services,llm_tail_v3 (high)
intus,healthcare_provider,llm_tail_v3 (medium)
invgate,tech_software_internet,llm_tail_v3 (high)
it-resource-hunter,consulting_professional_services,llm_tail_v3 (high)
jabil-circuit-sdn-bhd,manufacturing,llm_tail_v3 (high)
john-deere,manufacturing,llm_tail_v3 (high)
kerry-malaysia,agriculture_food_production,llm_tail_v3 (high)
kodiaksolutions,healthcare_provider,llm_tail_v3 (high)
krg-technologies-inc,consulting_professional_services,llm_tail_v3 (high)
kyyba-inc,consulting_professional_services,llm_tail_v3 (high)
learnupon,tech_software_internet,llm_tail_v3 (high)
levitate,tech_software_internet,llm_tail_v3 (high)
lightedge,tech_software_internet,llm_tail_v3 (high)
lightning,tech_software_internet,llm_tail_v3 (high)
lucasmuseum,nonprofit,llm_tail_v3 (high)
mass-rapid-transit-corporation-sdn-bhd,transportation_logistics,llm_tail_v3 (high)
mastec-communications-group,telecommunications,llm_tail_v3 (high)
mavenclinicproviders,healthcare_provider,llm_tail_v3 (high)
maximus,public_sector_government,llm_tail_v3 (high)
mcdonald-s,hospitality_food_service,llm_tail_v3 (high)
mercura,tech_software_internet,llm_tail_v3 (high)
michigan-medicine,healthcare_provider,llm_tail_v3 (high)
minconsult-sdn-bhd,consulting_professional_services,llm_tail_v3 (high)
miniso-winky-m-sdn-bhd,retail_ecommerce,llm_tail_v3 (medium)
miter,tech_software_internet,llm_tail_v3 (high)
mizzenandmain,consumer_brands,llm_tail_v3 (high)
mntn,media_entertainment,llm_tail_v3 (high)
mobius,defense_aerospace,llm_tail_v3 (high)
modernhealth,healthcare_provider,llm_tail_v3 (high)
morgan-stanley,finance_banking,llm_tail_v3 (high)
msrcosmos-llc,consulting_professional_services,llm_tail_v3 (high)
mufg,finance_banking,llm_tail_v3 (high)
naughtydog,gaming,llm_tail_v3 (high)
neiman-marcus-group,retail_ecommerce,llm_tail_v3 (high)
nets,consulting_professional_services,llm_tail_v3 (medium)
nve,media_entertainment,llm_tail_v3 (high)
okaya-infocom,consulting_professional_services,llm_tail_v3 (high)
oligo,defense_aerospace,llm_tail_v3 (high)
olo,tech_software_internet,llm_tail_v3 (high)
om-materials-sarawak-sdn-bhd,manufacturing,llm_tail_v3 (high)
omni-logistics-malaysia-sdn-bhd,transportation_logistics,llm_tail_v3 (high)
openx,media_entertainment,llm_tail_v3 (high)
ormond-group-sdn-bhd,hospitality_food_service,llm_tail_v3 (medium)
osmo,consumer_brands,llm_tail_v3 (medium)
oulahealth,healthcare_provider,llm_tail_v3 (high)
ownwell,real_estate_construction,llm_tail_v3 (high)
oyster,tech_software_internet,llm_tail_v3 (high)
paidyinc,finance_fintech,llm_tail_v3 (high)
papa-johns,hospitality_food_service,llm_tail_v3 (high)
paramount,media_entertainment,llm_tail_v3 (high)
parsebiosciences,healthcare_pharma_biotech,llm_tail_v3 (high)
paystand,finance_fintech,llm_tail_v3 (high)
pearson,education_higher,llm_tail_v3 (high)
pekat-group-of-companies,energy_utilities,llm_tail_v3 (high)
percetakan-nasional-malaysia-berhad,public_sector_government,llm_tail_v3 (medium)
placemakr,hospitality_food_service,llm_tail_v3 (high)
polyai,tech_software_internet,llm_tail_v3 (high)
poppulo,tech_software_internet,llm_tail_v3 (high)
power-design-inc,real_estate_construction,llm_tail_v3 (high)
ppfa,nonprofit,llm_tail_v3 (high)
ppgny,healthcare_provider,llm_tail_v3 (high)
pultegroup,real_estate_construction,llm_tail_v3 (high)
rce-capital-berhad,finance_fintech,llm_tail_v3 (medium)
redpine,tech_software_internet,llm_tail_v3 (medium)
remilia,tech_software_internet,llm_tail_v3 (medium)
renaissancelearning-nam,education_k12,llm_tail_v3 (high)
rfsmart,tech_software_internet,llm_tail_v3 (high)
robert-walters,consulting_professional_services,llm_tail_v3 (high)
rolandfoodsllc,agriculture_food_production,llm_tail_v3 (high)
rovio-2,gaming,llm_tail_v3 (high)
safebuilt,public_sector_government,llm_tail_v3 (high)
sait,education_higher,llm_tail_v3 (high)
samaritas,nonprofit,llm_tail_v3 (high)
sandboxvr,media_entertainment,llm_tail_v3 (high)
sequoia,consulting_professional_services,llm_tail_v3 (high)
shelf,tech_software_internet,llm_tail_v3 (high)
shopltk,media_entertainment,llm_tail_v3 (high)
shui-xing-ventures-sdn-bhd,real_estate_construction,llm_tail_v3 (medium)
siemens-energy,energy_utilities,llm_tail_v3 (high)
silverlake-axis-sdn-bhd,tech_software_internet,llm_tail_v3 (high)
software-international-corporation-m-sdn-bhd,consulting_professional_services,llm_tail_v3 (medium)
sonatype,tech_software_internet,llm_tail_v3 (high)
southern-california-edison-sce,energy_utilities,llm_tail_v3 (high)
southern-company,energy_utilities,llm_tail_v3 (high)
sparrow,tech_software_internet,llm_tail_v3 (medium)
sprymethods,defense_aerospace,llm_tail_v3 (medium)
srg-asia-pacific-sdn-bhd,consulting_professional_services,llm_tail_v3 (high)
state-farm,finance_insurance,llm_tail_v3 (high)
stateaffairs,media_entertainment,llm_tail_v3 (medium)
stellic,tech_software_internet,llm_tail_v3 (high)
storehub-sdn-bhd,tech_software_internet,llm_tail_v3 (high)
stratainformationgroup,consulting_professional_services,llm_tail_v3 (high)
stv,consulting_professional_services,llm_tail_v3 (high)
supermetricsoy,tech_software_internet,llm_tail_v3 (high)
syndio,tech_software_internet,llm_tail_v3 (high)
taskrabbit,tech_software_internet,llm_tail_v3 (high)
teamworks,tech_software_internet,llm_tail_v3 (high)
technology-one-limited,tech_software_internet,llm_tail_v3 (high)
tekshapers,consulting_professional_services,llm_tail_v3 (high)
texchem-corporation-sdn-bhd,manufacturing,llm_tail_v3 (medium)
textnow,telecommunications,llm_tail_v3 (high)
the-exchange,retail_ecommerce,llm_tail_v3 (high)
toradex,tech_hardware_semiconductors,llm_tail_v3 (high)
toshiba-tec-malaysia-sdn-bhd,tech_hardware_semiconductors,llm_tail_v3 (high)
townsquareignite,media_entertainment,llm_tail_v3 (high)
transcarent,healthcare_provider,llm_tail_v3 (high)
tripalink,real_estate_construction,llm_tail_v3 (high)
true-food-kitchen,hospitality_food_service,llm_tail_v3 (high)
trust-wallet,finance_fintech,llm_tail_v3 (high)
udacity,education_higher,llm_tail_v3 (high)
unitek-learning,education_higher,llm_tail_v3 (high)
valiantys,consulting_professional_services,llm_tail_v3 (high)
vbeyond-corporation,consulting_professional_services,llm_tail_v3 (high)
viseai,tech_software_internet,llm_tail_v3 (high)
vivid-telecommunication-sdn-bhd,telecommunications,llm_tail_v3 (medium)
vori,tech_software_internet,llm_tail_v3 (high)
vyze-inc,consulting_professional_services,llm_tail_v3 (high)
waterco-far-east-sdn-bhd,manufacturing,llm_tail_v3 (medium)
wayflyer,finance_fintech,llm_tail_v3 (high)
websummit,media_entertainment,llm_tail_v3 (high)
westat,consulting_professional_services,llm_tail_v3 (high)
weststar-aviation-services-sdn-bhd,defense_aerospace,llm_tail_v3 (high)
wood,energy_utilities,llm_tail_v3 (high)
zeal-network,tech_software_internet,llm_tail_v3 (high)
zoetis,healthcare_pharma_biotech,llm_tail_v3 (high)
zurich-north-america,finance_insurance,llm_tail_v3 (high)
540,defense_aerospace,llm_tail_v3 (medium)
7shifts,tech_software_internet,llm_tail_v3 (high)
9-mothers,tech_hardware_semiconductors,llm_tail_v3 (medium)
Cirrus Systems,tech_hardware_semiconductors,llm_tail_v3 (medium)
MissionWired,media_entertainment,llm_tail_v3 (medium)
Resilience Care,healthcare_provider,llm_tail_v3 (medium)
abbott-laboratories-malaysia-sdn-bhd,healthcare_pharma_biotech,llm_tail_v3 (high)
actblue,nonprofit,llm_tail_v3 (high)
adamsstreetpartners,finance_fintech,llm_tail_v3 (high)
adverum,healthcare_pharma_biotech,llm_tail_v3 (high)
aechelontechnology,defense_aerospace,llm_tail_v3 (high)
agwestfarmcredit,finance_banking,llm_tail_v3 (high)
aha,tech_software_internet,llm_tail_v3 (high)
ahmad-zaki-resources-berhad,real_estate_construction,llm_tail_v3 (high)
alliance-contract-manufacturing-sdn-bhd,manufacturing,llm_tail_v3 (high)
alliedbeverage,consumer_brands,llm_tail_v3 (medium)
alt,retail_ecommerce,llm_tail_v3 (medium)
amperos,tech_software_internet,llm_tail_v3 (high)
ann-joo-steel-berhad,manufacturing,llm_tail_v3 (high)
anydesk,tech_software_internet,llm_tail_v3 (high)
apolis,consulting_professional_services,llm_tail_v3 (high)
arenaclub,retail_ecommerce,llm_tail_v3 (medium)
arevonenergyimpltest,energy_utilities,llm_tail_v3 (high)
aro.homes,real_estate_construction,llm_tail_v3 (high)
asg,tech_software_internet,llm_tail_v3 (high)
atek,defense_aerospace,llm_tail_v3 (medium)
ati,manufacturing,llm_tail_v3 (high)
atticus,legal_services,llm_tail_v3 (high)
auctor,tech_software_internet,llm_tail_v3 (medium)
audibenehearcom,healthcare_devices,llm_tail_v3 (high)
autoproff,automotive,llm_tail_v3 (medium)
bar-council-malaysia,legal_services,llm_tail_v3 (high)
benevity,tech_software_internet,llm_tail_v3 (high)
bio-harvest-sdn-bhd,agriculture_food_production,llm_tail_v3 (medium)
bishopfox,tech_software_internet,llm_tail_v3 (high)
blain-s-farm-fleet-blain-supply-inc,retail_ecommerce,llm_tail_v3 (high)
blend,tech_software_internet,llm_tail_v3 (high)
bluestarfamilies,nonprofit,llm_tail_v3 (high)
bowman-williams,consulting_professional_services,llm_tail_v3 (high)
braskem,manufacturing,llm_tail_v3 (high)
calculated-hire,consulting_professional_services,llm_tail_v3 (high)
cantor-fitzgerald,finance_banking,llm_tail_v3 (high)
capgemini,consulting_professional_services,llm_tail_v3 (high)
capstoneinvestmentadvisors,finance_fintech,llm_tail_v3 (high)
carro,automotive,llm_tail_v3 (high)
centivo,finance_insurance,llm_tail_v3 (high)
chagee-m-sdn-bhd,hospitality_food_service,llm_tail_v3 (high)
chanzuckerberginitiative,nonprofit,llm_tail_v3 (high)
china-railway-engineering-corporation-m-sdn-bhd,real_estate_construction,llm_tail_v3 (high)
cleveland-cliffs,manufacturing,llm_tail_v3 (high)
coinflow,finance_fintech,llm_tail_v3 (high)
column,finance_banking,llm_tail_v3 (high)
compa,tech_software_internet,llm_tail_v3 (high)
concourse,finance_fintech,llm_tail_v3 (high)
coopersurgical,healthcare_devices,llm_tail_v3 (high)
criminaljusticeagency,nonprofit,llm_tail_v3 (high)
crosslaketech,consulting_professional_services,llm_tail_v3 (high)
cy-plastic-recycling-sdn-bhd,manufacturing,llm_tail_v3 (medium)
cybret,tech_software_internet,llm_tail_v3 (medium)
cytora.com,tech_software_internet,llm_tail_v3 (high)
dailywire,media_entertainment,llm_tail_v3 (high)
danfoss,manufacturing,llm_tail_v3 (high)
danone-dumex-m-sdn-bhd,consumer_brands,llm_tail_v3 (high)
datasystemsanalystsinc,defense_aerospace,llm_tail_v3 (high)
decisions,tech_software_internet,llm_tail_v3 (high)
deliveryassociates,consulting_professional_services,llm_tail_v3 (high)
destination-by-hyatt,hospitality_food_service,llm_tail_v3 (high)
devtechnology,consulting_professional_services,llm_tail_v3 (high)
digitalai,tech_software_internet,llm_tail_v3 (high)
drsquatch,consumer_brands,llm_tail_v3 (high)
ebenezer,healthcare_provider,llm_tail_v3 (high)
educated-solutions-corp,consulting_professional_services,llm_tail_v3 (high)
educationatwork,education_higher,llm_tail_v3 (high)
elitez-pte-ltd,consulting_professional_services,llm_tail_v3 (high)
emax-beaut-international-sdn-bhd,consumer_brands,llm_tail_v3 (medium)
entersekt,tech_software_internet,llm_tail_v3 (high)
envisionconsulting,nonprofit,llm_tail_v3 (high)
esthetics-international-group-berhad,consumer_brands,llm_tail_v3 (high)
everpass,tech_software_internet,llm_tail_v3 (high)
fairmarkit,tech_software_internet,llm_tail_v3 (high)
fanatee,gaming,llm_tail_v3 (high)
fasttek-global,consulting_professional_services,llm_tail_v3 (high)
fellow,consumer_brands,llm_tail_v3 (high)
ferrotec-manufacturing-malaysia-sdn-bhd,manufacturing,llm_tail_v3 (high)
ffm-berhad,agriculture_food_production,llm_tail_v3 (high)
fi,tech_software_internet,llm_tail_v3 (medium)
figure,finance_fintech,llm_tail_v3 (high)
fiveringsllc,finance_fintech,llm_tail_v3 (high)
flowcode,tech_software_internet,llm_tail_v3 (high)
foodsmart,healthcare_provider,llm_tail_v3 (high)
foresite-labs-fl2024-006,tech_hardware_semiconductors,llm_tail_v3 (medium)
fortisgames,gaming,llm_tail_v3 (high)
forum-ventures,finance_fintech,llm_tail_v3 (medium)
fosphamarketing,tech_software_internet,llm_tail_v3 (high)
frontify,tech_software_internet,llm_tail_v3 (high)
fujifilm-business-innovation-asia-pacific-pte-ltd-malaysia-operations,tech_hardware_semiconductors,llm_tail_v3 (medium)
galderma,healthcare_pharma_biotech,llm_tail_v3 (high)
genuine-search-group,consulting_professional_services,llm_tail_v3 (high)
givewell,nonprofit,llm_tail_v3 (high)
gravisrobotics,manufacturing,llm_tail_v3 (medium)
graymatter-robotics,manufacturing,llm_tail_v3 (medium)
gridmatic,energy_utilities,llm_tail_v3 (high)
growe,gaming,llm_tail_v3 (medium)
gt-max-construction-sdn-bhd,real_estate_construction,llm_tail_v3 (high)
haydenai,tech_software_internet,llm_tail_v3 (high)
heath-consultants-incorporated,energy_utilities,llm_tail_v3 (high)
hirewell,consulting_professional_services,llm_tail_v3 (high)
hivemq,tech_software_internet,llm_tail_v3 (high)
honeybook,tech_software_internet,llm_tail_v3 (high)
horizontal-talent,consulting_professional_services,llm_tail_v3 (high)
human,tech_software_internet,llm_tail_v3 (high)
hydrogen-group,consulting_professional_services,llm_tail_v3 (high)
ians,consulting_professional_services,llm_tail_v3 (high)
innovid,media_entertainment,llm_tail_v3 (high)
insight,consulting_professional_services,llm_tail_v3 (high)
intrafi,finance_banking,llm_tail_v3 (high)
ioi-city-mall,real_estate_construction,llm_tail_v3 (high)
ioi-properties-group-southern,real_estate_construction,llm_tail_v3 (high)
january,finance_fintech,llm_tail_v3 (high)
kellymitchell-group,consulting_professional_services,llm_tail_v3 (high)
kwang-tai-air-cond-refrigeration-equipment-sdn-bhd,real_estate_construction,llm_tail_v3 (medium)
launchpotato,media_entertainment,llm_tail_v3 (medium)
lavender-confectionery-bakery-sdn-bhd,agriculture_food_production,llm_tail_v3 (high)
lbs-bina-group-berhad,real_estate_construction,llm_tail_v3 (high)
leagueinc,tech_software_internet,llm_tail_v3 (high)
leap,tech_software_internet,llm_tail_v3 (medium)
lennar,real_estate_construction,llm_tail_v3 (high)
levelup,consulting_professional_services,llm_tail_v3 (medium)
lexisnexis-risk-solutions,tech_software_internet,llm_tail_v3 (high)
litmos,tech_software_internet,llm_tail_v3 (high)
london-approach,consulting_professional_services,llm_tail_v3 (high)
lorven-technologies-inc,consulting_professional_services,llm_tail_v3 (high)
lumicity,consulting_professional_services,llm_tail_v3 (high)
magellan-financial-insurance-services-inc,finance_insurance,llm_tail_v3 (high)
malaysia-steel-works-kl-bhd,manufacturing,llm_tail_v3 (high)
mattel-malaysia-sdn-bhd,consumer_brands,llm_tail_v3 (high)
mb-automation-malaysia-sdn-bhd,manufacturing,llm_tail_v3 (medium)
memorial-sloan-kettering-cancer-center,healthcare_provider,llm_tail_v3 (high)
metasys-technologies-inc,consulting_professional_services,llm_tail_v3 (high)
mgb-berhad,real_estate_construction,llm_tail_v3 (medium)
mhc-asia-group,finance_insurance,llm_tail_v3 (high)
mimica,tech_software_internet,llm_tail_v3 (high)
mims-medica-sdn-bhd,media_entertainment,llm_tail_v3 (medium)
mineralystherapeutics,healthcare_pharma_biotech,llm_tail_v3 (high)
minio,tech_software_internet,llm_tail_v3 (high)
mintel,consulting_professional_services,llm_tail_v3 (high)
mirakllabs,tech_software_internet,llm_tail_v3 (high)
mixtiles,consumer_brands,llm_tail_v3 (high)
moore,consulting_professional_services,llm_tail_v3 (high)
nascompany,media_entertainment,llm_tail_v3 (medium)
nd-paper-malaysia-selangor-sdn-bhd,manufacturing,llm_tail_v3 (high)
niro-ceramic-m-sdn-bhd,manufacturing,llm_tail_v3 (high)
o2epcminc,real_estate_construction,llm_tail_v3 (high)
offchainlabs,finance_fintech,llm_tail_v3 (high)
okendo,tech_software_internet,llm_tail_v3 (high)
omniscient,media_entertainment,llm_tail_v3 (medium)
oneimaging,healthcare_provider,llm_tail_v3 (high)
opusclip,tech_software_internet,llm_tail_v3 (high)
orbitalindustries,tech_hardware_semiconductors,llm_tail_v3 (medium)
ossiumhealth,healthcare_pharma_biotech,llm_tail_v3 (high)
otrcapital1,transportation_logistics,llm_tail_v3 (high)
outsourcedstaff,consulting_professional_services,llm_tail_v3 (high)
outtake,tech_software_internet,llm_tail_v3 (medium)
owens-minor,healthcare_devices,llm_tail_v3 (high)
pallet,tech_software_internet,llm_tail_v3 (high)
pape-dawson-engineers,consulting_professional_services,llm_tail_v3 (high)
park-hyatt,hospitality_food_service,llm_tail_v3 (high)
paycom,tech_software_internet,llm_tail_v3 (high)
paycor,tech_software_internet,llm_tail_v3 (high)
percepta,tech_software_internet,llm_tail_v3 (high)
perionnetworkltd,media_entertainment,llm_tail_v3 (high)
petrosains-sdn-bhd,nonprofit,llm_tail_v3 (medium)
pexa,tech_software_internet,llm_tail_v3 (high)
phillip-capital-group,finance_banking,llm_tail_v3 (high)
pilothq,consulting_professional_services,llm_tail_v3 (high)
pinnacle-partners-inc,consulting_professional_services,llm_tail_v3 (high)
planworth-global-factoring-sdn-bhd,finance_fintech,llm_tail_v3 (high)
plenti,finance_fintech,llm_tail_v3 (high)
pne-electric-sdn-bhd,manufacturing,llm_tail_v3 (high)
posh,tech_software_internet,llm_tail_v3 (high)
pplm,healthcare_provider,llm_tail_v3 (high)
precision-control-sdn-bhd,manufacturing,llm_tail_v3 (medium)
pregis,manufacturing,llm_tail_v3 (high)
pri-technology,consulting_professional_services,llm_tail_v3 (high)
profluent,healthcare_pharma_biotech,llm_tail_v3 (high)
qorvo-inc,tech_hardware_semiconductors,llm_tail_v3 (high)
qualified,tech_software_internet,llm_tail_v3 (high)
quantifind,tech_software_internet,llm_tail_v3 (high)
r-e-a-l-education-group-sdn-bhd,education_k12,llm_tail_v3 (high)
radley-james,consulting_professional_services,llm_tail_v3 (high)
ramssol-group,consulting_professional_services,llm_tail_v3 (medium)
red6,defense_aerospace,llm_tail_v3 (high)
regalvoice,tech_software_internet,llm_tail_v3 (high)
regeneron,healthcare_pharma_biotech,llm_tail_v3 (high)
regionalcenteroftheeastbay,nonprofit,llm_tail_v3 (high)
remotetcx,telecommunications,llm_tail_v3 (medium)
renewedvision,tech_software_internet,llm_tail_v3 (high)
resmed-malaysia-sdn-bhd,healthcare_devices,llm_tail_v3 (high)
rite-of-passage,nonprofit,llm_tail_v3 (high)
rtwinvestments,finance_fintech,llm_tail_v3 (high)
rumble,media_entertainment,llm_tail_v3 (high)
salutica-allied-solutions-sdn-bhd,manufacturing,llm_tail_v3 (high)
samtec-asia-pacific-m-sdn-bhd,tech_hardware_semiconductors,llm_tail_v3 (high)
sanabiotech,healthcare_pharma_biotech,llm_tail_v3 (high)
sarawak-information-systems-sdn-bhd,consulting_professional_services,llm_tail_v3 (high)
scandit,tech_software_internet,llm_tail_v3 (high)
schreiber-foods,agriculture_food_production,llm_tail_v3 (high)
seattlesoundersfc,media_entertainment,llm_tail_v3 (high)
securities-and-exchange-commission,public_sector_government,llm_tail_v3 (high)
select-source-international,consulting_professional_services,llm_tail_v3 (high)
servicerocket,consulting_professional_services,llm_tail_v3 (high)
sika,manufacturing,llm_tail_v3 (high)
silnahealth.com,healthcare_provider,llm_tail_v3 (high)
sky-zone,media_entertainment,llm_tail_v3 (high)
sns-network-m-sdn-bhd,tech_software_internet,llm_tail_v3 (medium)
software-technology-inc,consulting_professional_services,llm_tail_v3 (high)
spark-foundry,media_entertainment,llm_tail_v3 (high)
sphere,tech_software_internet,llm_tail_v3 (medium)
spotandtango,consumer_brands,llm_tail_v3 (high)
spritzer-bhd,consumer_brands,llm_tail_v3 (high)
ssf-sdn-bhd,retail_ecommerce,llm_tail_v3 (medium)
staidlogic,consulting_professional_services,llm_tail_v3 (high)
stealth-healthtech-startup,healthcare_provider,llm_tail_v3 (medium)
stedi,healthcare_provider,llm_tail_v3 (high)
stylus-asia-sdn-bhd,consulting_professional_services,llm_tail_v3 (medium)
sugarcrm,tech_software_internet,llm_tail_v3 (high)
sunway-lagoon-sdn-bhd,media_entertainment,llm_tail_v3 (high)
sysmind,consulting_professional_services,llm_tail_v3 (high)
talkspace,healthcare_provider,llm_tail_v3 (high)
techstar-group,consulting_professional_services,llm_tail_v3 (high)
tecsa-software-services-sdn-bhd,consulting_professional_services,llm_tail_v3 (high)
telli,tech_software_internet,llm_tail_v3 (medium)
the-andersons-inc,agriculture_food_production,llm_tail_v3 (high)
the-y-ymca,nonprofit,llm_tail_v3 (high)
titan,finance_fintech,llm_tail_v3 (high)
tollesonwealthmanagement,finance_fintech,llm_tail_v3 (high)
treasury-departmental-offices,public_sector_government,llm_tail_v3 (high)
trimark-usa,hospitality_food_service,llm_tail_v3 (high)
trinitylogistics,transportation_logistics,llm_tail_v3 (high)
uei,manufacturing,llm_tail_v3 (medium)
uniqlo-malaysia-sdn-bhd,retail_ecommerce,llm_tail_v3 (high)
univision,media_entertainment,llm_tail_v3 (high)
utz-brands-inc,consumer_brands,llm_tail_v3 (high)
valeriehealth,healthcare_provider,llm_tail_v3 (high)
veritas-steel-llc,manufacturing,llm_tail_v3 (high)
volvo-group,automotive,llm_tail_v3 (high)
walgreens,retail_ecommerce,llm_tail_v3 (high)
wallapop,tech_software_internet,llm_tail_v3 (high)
warner-bros-discovery,media_entertainment,llm_tail_v3 (high)
wealth-com,finance_fintech,llm_tail_v3 (high)
wetravel,tech_software_internet,llm_tail_v3 (high)
wheel,healthcare_provider,llm_tail_v3 (high)
winton,finance_fintech,llm_tail_v3 (high)
world-view-enterprises-inc.,defense_aerospace,llm_tail_v3 (high)
worldlabs,tech_software_internet,llm_tail_v3 (high)
x-fab-sarawak-sdn-bhd,tech_hardware_semiconductors,llm_tail_v3 (high)
xtxmarketstechnologies,finance_fintech,llm_tail_v3 (high)
yepoda,consumer_brands,llm_tail_v3 (high)
zafinlabsamericasinc,tech_software_internet,llm_tail_v3 (high)
zencore,consulting_professional_services,llm_tail_v3 (high)
zenjob,consulting_professional_services,llm_tail_v3 (high)
zimmer-biomet,healthcare_devices,llm_tail_v3 (high)
zoro,retail_ecommerce,llm_tail_v3 (high)
3imembers,finance_fintech,llm_tail_v3 (medium)
4dmoleculartherapeutics,healthcare_pharma_biotech,llm_tail_v3 (high)
51talk-training-sdn-bhd,education_k12,llm_tail_v3 (high)
LuminDigital,tech_software_internet,llm_tail_v3 (high)
a-look-eyewear-sdn-bhd,retail_ecommerce,llm_tail_v3 (high)
abm-industries,real_estate_construction,llm_tail_v3 (high)
activ8-recruitment-solutions,consulting_professional_services,llm_tail_v3 (high)
adient,automotive,llm_tail_v3 (high)
advance-borneo-engineering-sdn-bhd,manufacturing,llm_tail_v3 (medium)
advantage-solutions,consulting_professional_services,llm_tail_v3 (high)
agemark-senior-living,healthcare_provider,llm_tail_v3 (high)
agent,tech_software_internet,llm_tail_v3 (medium)
air-products,manufacturing,llm_tail_v3 (high)
allyon-inc,defense_aerospace,llm_tail_v3 (medium)
alternativepayments,finance_fintech,llm_tail_v3 (high)
american-express-international-inc,finance_fintech,llm_tail_v3 (high)
ampcus-inc,consulting_professional_services,llm_tail_v3 (high)
anagram,finance_fintech,llm_tail_v3 (high)
aperiatechnologies,manufacturing,llm_tail_v3 (high)
arcosa-inc,manufacturing,llm_tail_v3 (high)
armstrong-electronics-sdn-bhd,manufacturing,llm_tail_v3 (high)
artisan,tech_software_internet,llm_tail_v3 (high)
ase-electronics-m-sdn-bhd,tech_hardware_semiconductors,llm_tail_v3 (high)
autodesk,tech_software_internet,llm_tail_v3 (high)
awardco,tech_software_internet,llm_tail_v3 (high)
axventure-sdn-bhd,real_estate_construction,llm_tail_v3 (medium)
battelle,defense_aerospace,llm_tail_v3 (high)
bausch-lomb,healthcare_devices,llm_tail_v3 (high)
bayasystems,tech_hardware_semiconductors,llm_tail_v3 (high)
bellroy,consumer_brands,llm_tail_v3 (high)
benepass,finance_insurance,llm_tail_v3 (high)
berean-group-international-inc,consulting_professional_services,llm_tail_v3 (high)
bio,healthcare_pharma_biotech,llm_tail_v3 (high)
bitmovin,tech_software_internet,llm_tail_v3 (high)
blab,tech_software_internet,llm_tail_v3 (medium)
blacklane,transportation_logistics,llm_tail_v3 (high)
blacksmith,tech_software_internet,llm_tail_v3 (medium)
blue-energy,energy_utilities,llm_tail_v3 (high)
bluecurrent,manufacturing,llm_tail_v3 (medium)
bluerivertech,tech_hardware_semiconductors,llm_tail_v3 (high)
bluevineus,finance_fintech,llm_tail_v3 (high)
bobbie,consumer_brands,llm_tail_v3 (high)
bonia-corporation-berhad,retail_ecommerce,llm_tail_v3 (high)
bowman-consulting,consulting_professional_services,llm_tail_v3 (high)
brennan,manufacturing,llm_tail_v3 (medium)
cafortune,consulting_professional_services,llm_tail_v3 (medium)
cahya-mata-sarawak-management-services-sdn-bhd,manufacturing,llm_tail_v3 (medium)
capitalfarmcredit,finance_banking,llm_tail_v3 (high)
carlisle-construction-materials,manufacturing,llm_tail_v3 (high)
carsem-m-sdn-bhd,tech_hardware_semiconductors,llm_tail_v3 (high)
cbts,tech_software_internet,llm_tail_v3 (high)
cedar-fair-entertainment-company,media_entertainment,llm_tail_v3 (high)
celcomdigi,telecommunications,llm_tail_v3 (high)
cenviro-sdn-bhd,energy_utilities,llm_tail_v3 (medium)
chartbeatinc,tech_software_internet,llm_tail_v3 (high)
chownow,tech_software_internet,llm_tail_v3 (high)
clockworksystems,tech_software_internet,llm_tail_v3 (high)
cloudious-llc,consulting_professional_services,llm_tail_v3 (high)
cna-insurance,finance_insurance,llm_tail_v3 (high)
coalition,finance_insurance,llm_tail_v3 (high)
compass-connections,nonprofit,llm_tail_v3 (high)
connerstrongbuckelew,finance_insurance,llm_tail_v3 (high)
constellis,defense_aerospace,llm_tail_v3 (high)
corelogic,tech_software_internet,llm_tail_v3 (high)
cority,tech_software_internet,llm_tail_v3 (high)
cradlebio,healthcare_pharma_biotech,llm_tail_v3 (high)
crate-and-barrel,retail_ecommerce,llm_tail_v3 (high)
crumbl,hospitality_food_service,llm_tail_v3 (high)
cytiva,healthcare_pharma_biotech,llm_tail_v3 (high)
cytokinetics,healthcare_pharma_biotech,llm_tail_v3 (high)
dataannotation,tech_software_internet,llm_tail_v3 (high)
dentsu-malaysia-sdn-bhd,media_entertainment,llm_tail_v3 (high)
devino-international-consultancy-pte-ltd,consulting_professional_services,llm_tail_v3 (medium)
diasorin,healthcare_devices,llm_tail_v3 (high)
disk-precision-industries-m-sdn-bhd,manufacturing,llm_tail_v3 (high)
dk-leather-seats-sdn-bhd,manufacturing,llm_tail_v3 (high)
dm-dasher-sdn-bhd,retail_ecommerce,llm_tail_v3 (medium)
dow,manufacturing,llm_tail_v3 (high)
dr-clear-aligners,healthcare_devices,llm_tail_v3 (high)
drs-it-solutions-inc,consulting_professional_services,llm_tail_v3 (high)
duetti,media_entertainment,llm_tail_v3 (high)
dunham-bush-industries-sdn-bhd,manufacturing,llm_tail_v3 (high)
duriane-professionals-sdn-bhd,real_estate_construction,llm_tail_v3 (high)
earnest,finance_fintech,llm_tail_v3 (high)
echotwin,tech_software_internet,llm_tail_v3 (medium)
edgeengineeringandscience,consulting_professional_services,llm_tail_v3 (high)
eko,tech_software_internet,llm_tail_v3 (high)
ektello,consulting_professional_services,llm_tail_v3 (high)
eloquentai,tech_software_internet,llm_tail_v3 (high)
emarketer,media_entertainment,llm_tail_v3 (high)
empirical,consulting_professional_services,llm_tail_v3 (medium)
enersys,manufacturing,llm_tail_v3 (high)
equalexperts,consulting_professional_services,llm_tail_v3 (high)
equinix,tech_software_internet,llm_tail_v3 (high)
equipmentshare,real_estate_construction,llm_tail_v3 (high)
esalen,hospitality_food_service,llm_tail_v3 (high)
ethoz-equip-capital-berhad,finance_fintech,llm_tail_v3 (high)
eurofins-pss-insourcing-solutions,healthcare_pharma_biotech,llm_tail_v3 (high)
evergreen-goodwill-of-northwest-washington,nonprofit,llm_tail_v3 (high)
exsim-development-sdn-bhd,real_estate_construction,llm_tail_v3 (high)
fambrands,consumer_brands,llm_tail_v3 (high)
fanvue.com,tech_software_internet,llm_tail_v3 (high)
finalroundai,tech_software_internet,llm_tail_v3 (high)
fiserv,finance_fintech,llm_tail_v3 (high)
fluxon,consulting_professional_services,llm_tail_v3 (high)
footanstey,legal_services,llm_tail_v3 (high)
fractional-ai,consulting_professional_services,llm_tail_v3 (high)
freeman-company,media_entertainment,llm_tail_v3 (high)
frontier-internet,telecommunications,llm_tail_v3 (high)
fullstory,tech_software_internet,llm_tail_v3 (high)
galepartners,media_entertainment,llm_tail_v3 (high)
gameplantech,defense_aerospace,llm_tail_v3 (medium)
gas-malaysia-berhad,energy_utilities,llm_tail_v3 (high)
givebutter,tech_software_internet,llm_tail_v3 (high)
glassboxltd,tech_software_internet,llm_tail_v3 (high)
glovis-america-inc,transportation_logistics,llm_tail_v3 (high)
govsignals,tech_software_internet,llm_tail_v3 (high)
grammarly,tech_software_internet,llm_tail_v3 (high)
grille-tech-sdn-bhd,manufacturing,llm_tail_v3 (medium)
hanker-systems-inc,consulting_professional_services,llm_tail_v3 (high)
hankooktireamericacorp,automotive,llm_tail_v3 (high)
hilton-new-orleans-riverside,hospitality_food_service,llm_tail_v3 (high)
hla-garment-malaysia-sdn-bhd,consumer_brands,llm_tail_v3 (high)
hong-kong-sa-sa-m-sdn-bhd,retail_ecommerce,llm_tail_v3 (high)
hopskipdrive,transportation_logistics,llm_tail_v3 (high)
horizon-construction-development,real_estate_construction,llm_tail_v3 (high)
housebuyersofamerica,real_estate_construction,llm_tail_v3 (high)
howmet-aerospace,defense_aerospace,llm_tail_v3 (high)
hspg,real_estate_construction,llm_tail_v3 (medium)
humanarchive,tech_software_internet,llm_tail_v3 (medium)
icon-plc,healthcare_pharma_biotech,llm_tail_v3 (high)
ideal-quality-sdn-bhd,manufacturing,llm_tail_v3 (medium)
ifca-msc-berhad,tech_software_internet,llm_tail_v3 (high)
improbable,tech_software_internet,llm_tail_v3 (high)
instantserve-llc,consulting_professional_services,llm_tail_v3 (high)
intermex-wire-transfer-llc,finance_fintech,llm_tail_v3 (high)
interwellhealth,healthcare_provider,llm_tail_v3 (high)
interworks,consulting_professional_services,llm_tail_v3 (high)
jshiddenevents,finance_fintech,llm_tail_v3 (high)
juris-technologies-sdn-bhd,tech_software_internet,llm_tail_v3 (high)
jvs-boston,nonprofit,llm_tail_v3 (high)
kambi,gaming,llm_tail_v3 (high)
kentik,tech_software_internet,llm_tail_v3 (high)
kincho-tech-marketing-sdn-bhd,consulting_professional_services,llm_tail_v3 (medium)
kinetics-systems-malaysia-sdn-bhd,manufacturing,llm_tail_v3 (medium)
kraft-software-solutions-sdn-bhd,consulting_professional_services,llm_tail_v3 (medium)
l-or-al-malaysia-sdn-bhd,consumer_brands,llm_tail_v3 (high)
launchpadtechnologiesinc,consulting_professional_services,llm_tail_v3 (high)
lear-corporation,automotive,llm_tail_v3 (high)
lee-s-frozen-food-sdn-bhd,agriculture_food_production,llm_tail_v3 (high)
leolabsinc,defense_aerospace,llm_tail_v3 (high)
liberty-specialty-markets,finance_insurance,llm_tail_v3 (high)
lim-seong-hai-capital-berhad,real_estate_construction,llm_tail_v3 (medium)
linkup,tech_software_internet,llm_tail_v3 (high)
lucis,tech_software_internet,llm_tail_v3 (medium)
magnet-security-automation-sdn-bhd,manufacturing,llm_tail_v3 (medium)
mantisinnovation,energy_utilities,llm_tail_v3 (high)
massive-rocket,consulting_professional_services,llm_tail_v3 (high)
mathersplendido,healthcare_provider,llm_tail_v3 (high)
mavenrobotics,manufacturing,llm_tail_v3 (medium)
mcneilus-truck-and-manufacturing-inc,manufacturing,llm_tail_v3 (high)
meadeengineeringinc,consulting_professional_services,llm_tail_v3 (high)
mhi,consulting_professional_services,llm_tail_v3 (high)
mi-equipment-m-sdn-bhd,manufacturing,llm_tail_v3 (high)
miaow-miaow-food-products-sdn-bhd,agriculture_food_production,llm_tail_v3 (high)
middesk,tech_software_internet,llm_tail_v3 (high)
milltownpartners,consulting_professional_services,llm_tail_v3 (high)
mitsubishi-elevator-malaysia-sdn-bhd,manufacturing,llm_tail_v3 (high)
mkh-berhad,real_estate_construction,llm_tail_v3 (high)
mobilityone-sdn-bhd,tech_software_internet,llm_tail_v3 (medium)
moduscreate,consulting_professional_services,llm_tail_v3 (high)
mst-golf-sdn-bhd,retail_ecommerce,llm_tail_v3 (high)
mutiny,tech_software_internet,llm_tail_v3 (high)
nabihealth,healthcare_provider,llm_tail_v3 (high)
nace.ai,tech_software_internet,llm_tail_v3 (high)
nanit,consumer_brands,llm_tail_v3 (high)
nationalpublicradioinc,media_entertainment,llm_tail_v3 (high)
nemours,healthcare_provider,llm_tail_v3 (high)
netsuite,tech_software_internet,llm_tail_v3 (high)
neuehealth,healthcare_provider,llm_tail_v3 (high)
nisga-a-ciops,defense_aerospace,llm_tail_v3 (medium)
noomgrowth,healthcare_provider,llm_tail_v3 (high)
northern-trust,finance_banking,llm_tail_v3 (high)
novaair-industrial-gases-sdn-bhd,manufacturing,llm_tail_v3 (high)
novolex,manufacturing,llm_tail_v3 (high)
nss-it-solution-sdn-bhd,consulting_professional_services,llm_tail_v3 (medium)
ntech-workforce,consulting_professional_services,llm_tail_v3 (high)
nutrafol,consumer_brands,llm_tail_v3 (high)
nutscom,retail_ecommerce,llm_tail_v3 (high)
nvidia,tech_hardware_semiconductors,llm_tail_v3 (high)
obexp,media_entertainment,llm_tail_v3 (medium)
obviant,defense_aerospace,llm_tail_v3 (medium)
ocim-sdn-bhd,manufacturing,llm_tail_v3 (medium)
ogury,media_entertainment,llm_tail_v3 (high)
ohalogenetics,agriculture_food_production,llm_tail_v3 (high)
omnisend,tech_software_internet,llm_tail_v3 (high)
oneok,energy_utilities,llm_tail_v3 (high)
openspace,tech_software_internet,llm_tail_v3 (high)
outsight,tech_software_internet,llm_tail_v3 (medium)
panoptyc,tech_software_internet,llm_tail_v3 (high)
partnerize,tech_software_internet,llm_tail_v3 (high)
patent-and-trademark-office,public_sector_government,llm_tail_v3 (high)
paylocity,tech_software_internet,llm_tail_v3 (high)
pembinaan-kekal-mewah-sdn-bhd,real_estate_construction,llm_tail_v3 (high)
people-profilers-pte-ltd,consulting_professional_services,llm_tail_v3 (high)
petronas-lubricants-international-sdn-bhd,energy_utilities,llm_tail_v3 (high)
pipe17,tech_software_internet,llm_tail_v3 (high)
pivotbio,agriculture_food_production,llm_tail_v3 (high)
pmi-technology-sdn-bhd,manufacturing,llm_tail_v3 (medium)
portwest,consumer_brands,llm_tail_v3 (high)
prodware-solutions,consulting_professional_services,llm_tail_v3 (high)
propel,finance_fintech,llm_tail_v3 (high)
prophet-security,tech_software_internet,llm_tail_v3 (high)
prospect-outsourcing-sdn-bhd,consulting_professional_services,llm_tail_v3 (high)
puffco,consumer_brands,llm_tail_v3 (high)
qohash,tech_software_internet,llm_tail_v3 (high)
qualitas-medical-group-sdn-bhd,healthcare_provider,llm_tail_v3 (high)
quindar,defense_aerospace,llm_tail_v3 (high)
r-l-carriers,transportation_logistics,llm_tail_v3 (high)
rapdev,consulting_professional_services,llm_tail_v3 (high)
redbee,consulting_professional_services,llm_tail_v3 (medium)
restream,tech_software_internet,llm_tail_v3 (high)
revature,consulting_professional_services,llm_tail_v3 (high)
rockwell-automation,manufacturing,llm_tail_v3 (high)
route,tech_software_internet,llm_tail_v3 (high)
ruelala,retail_ecommerce,llm_tail_v3 (high)
ruggable,consumer_brands,llm_tail_v3 (high)
rwzant,agriculture_food_production,llm_tail_v3 (medium)
saasgroup,tech_software_internet,llm_tail_v3 (high)
samsung-electronics-america,tech_hardware_semiconductors,llm_tail_v3 (high)
samsungresearchamerica,tech_software_internet,llm_tail_v3 (high)
sanmina-sci-systems-malaysia-sdn-bhd,manufacturing,llm_tail_v3 (high)
second-nature,tech_software_internet,llm_tail_v3 (high)
securities-services-holdings-sdn-bhd,finance_fintech,llm_tail_v3 (high)
select-water-solutions,energy_utilities,llm_tail_v3 (high)
sharp-electronics-m-sdn-bhd,tech_hardware_semiconductors,llm_tail_v3 (high)
shiftsmart,tech_software_internet,llm_tail_v3 (high)
sidecarhealth,finance_insurance,llm_tail_v3 (high)
signifyd95,tech_software_internet,llm_tail_v3 (high)
skip,tech_hardware_semiconductors,llm_tail_v3 (medium)
slickdeals,media_entertainment,llm_tail_v3 (high)
smallpdf,tech_software_internet,llm_tail_v3 (high)
sms-group-usa,manufacturing,llm_tail_v3 (high)
sonoco,manufacturing,llm_tail_v3 (high)
soshallwe,consulting_professional_services,llm_tail_v3 (medium)
spectrum-enterprise,telecommunications,llm_tail_v3 (high)
standinsurance,tech_software_internet,llm_tail_v3 (medium)
starbridge,tech_software_internet,llm_tail_v3 (high)
steercrm,tech_software_internet,llm_tail_v3 (high)
strala-ai,tech_software_internet,llm_tail_v3 (high)
stratum-ai,tech_software_internet,llm_tail_v3 (high)
swarmer,defense_aerospace,llm_tail_v3 (high)
sweedpos.com,tech_software_internet,llm_tail_v3 (high)
synopsys-inc,tech_software_internet,llm_tail_v3 (high)
tailored-brands-inc,retail_ecommerce,llm_tail_v3 (high)
tandem-diabetes-care,healthcare_devices,llm_tail_v3 (high)
taxrise,finance_fintech,llm_tail_v3 (medium)
taylor-morrison,real_estate_construction,llm_tail_v3 (high)
tebi,tech_software_internet,llm_tail_v3 (high)
technosphere-inc,consulting_professional_services,llm_tail_v3 (high)
techolution,consulting_professional_services,llm_tail_v3 (high)
tekton,consumer_brands,llm_tail_v3 (high)
teleport-commerce-malaysia-sdn-bhd,transportation_logistics,llm_tail_v3 (high)
tf-amd-microelectronics-penang-sdn-bhd,tech_hardware_semiconductors,llm_tail_v3 (high)
the-alice-smith-school,education_k12,llm_tail_v3 (high)
the-depository-trust-clearing-corporation-dtcc,finance_banking,llm_tail_v3 (high)
the-nature-conservancy,nonprofit,llm_tail_v3 (high)
thiess,manufacturing,llm_tail_v3 (high)
tier4-group,consulting_professional_services,llm_tail_v3 (high)
tiktok-pte-ltd,media_entertainment,llm_tail_v3 (high)
tiong-nam-logistics-solutions-sdn-bhd,transportation_logistics,llm_tail_v3 (high)
titanicom-tech-limited,consulting_professional_services,llm_tail_v3 (medium)
titanwh,finance_fintech,llm_tail_v3 (medium)
totalsystech,defense_aerospace,llm_tail_v3 (high)
traversal,tech_software_internet,llm_tail_v3 (high)
u-s-tsubaki-power-transmission-llc,manufacturing,llm_tail_v3 (high)
uhy,consulting_professional_services,llm_tail_v3 (high)
umbrel,tech_software_internet,llm_tail_v3 (high)
unit,finance_fintech,llm_tail_v3 (high)
verticalbridge,telecommunications,llm_tail_v3 (high)
vf-brands-malaysia-sdn-bhd,consumer_brands,llm_tail_v3 (high)
virtuous,tech_software_internet,llm_tail_v3 (high)
viva-usa-inc,consulting_professional_services,llm_tail_v3 (high)
vizient-inc,consulting_professional_services,llm_tail_v3 (high)
vmc-soft-technologies-inc,consulting_professional_services,llm_tail_v3 (high)
vulncheck,tech_software_internet,llm_tail_v3 (high)
wisconsin-community-services-inc,nonprofit,llm_tail_v3 (high)
wyndlabs,tech_software_internet,llm_tail_v3 (medium)
yeti,consumer_brands,llm_tail_v3 (high)
ywcaworks,nonprofit,llm_tail_v3 (high)
zebra-technologies-m-sdn-bhd,tech_hardware_semiconductors,llm_tail_v3 (high)
zoom,tech_software_internet,llm_tail_v3 (high)
Contradict Capital,finance_fintech,llm_tail_v3 (medium)
ValonVM,tech_software_internet,llm_tail_v3 (high)
advocateconstruction,real_estate_construction,llm_tail_v3 (high)
aidashinc,tech_software_internet,llm_tail_v3 (high)
akraya-inc,consulting_professional_services,llm_tail_v3 (high)
albertsons-market,retail_ecommerce,llm_tail_v3 (high)
all-it-hypermarket-sdn-bhd,retail_ecommerce,llm_tail_v3 (high)
ally,finance_banking,llm_tail_v3 (high)
alphawave-semi,tech_hardware_semiconductors,llm_tail_v3 (high)
alside,real_estate_construction,llm_tail_v3 (high)
ankar,tech_software_internet,llm_tail_v3 (medium)
ankorstore,retail_ecommerce,llm_tail_v3 (high)
aperaaiinc,manufacturing,llm_tail_v3 (high)
apolloresearch,tech_software_internet,llm_tail_v3 (high)
apparatus,media_entertainment,llm_tail_v3 (medium)
applytoaktos,finance_fintech,llm_tail_v3 (medium)
appspace,tech_software_internet,llm_tail_v3 (high)
ardurra,consulting_professional_services,llm_tail_v3 (high)
armani-development-sdn-bhd,real_estate_construction,llm_tail_v3 (high)
arsys,tech_software_internet,llm_tail_v3 (medium)
arup-jururunding-sdn-bhd,consulting_professional_services,llm_tail_v3 (high)
asia-honour-paper-industries-m-sdn-bhd,manufacturing,llm_tail_v3 (high)
aspire-software,tech_software_internet,llm_tail_v3 (high)
associated-materials,manufacturing,llm_tail_v3 (high)
astra,tech_software_internet,llm_tail_v3 (medium)
asurion,tech_software_internet,llm_tail_v3 (high)
at-global-advisory,consulting_professional_services,llm_tail_v3 (medium)
atlassp,finance_fintech,llm_tail_v3 (high)
atoz-software-tech-sdn-bhd,consulting_professional_services,llm_tail_v3 (medium)
august,tech_software_internet,llm_tail_v3 (medium)
avacend-inc,consulting_professional_services,llm_tail_v3 (high)
axiscompany,manufacturing,llm_tail_v3 (medium)
b2c2,finance_fintech,llm_tail_v3 (high)
baton,tech_software_internet,llm_tail_v3 (medium)
bepc-inc-business-excellence-professional-consulting,consulting_professional_services,llm_tail_v3 (high)
bevicareers,tech_hardware_semiconductors,llm_tail_v3 (medium)
beyondsoft-malaysia-sdn-bhd,consulting_professional_services,llm_tail_v3 (high)
billtrust1,finance_fintech,llm_tail_v3 (high)
binti,tech_software_internet,llm_tail_v3 (high)
biocon-sdn-bhd,healthcare_pharma_biotech,llm_tail_v3 (high)
biograph,healthcare_provider,llm_tail_v3 (high)
bloomon,consumer_brands,llm_tail_v3 (high)
bluecrestcapitalmanagement,finance_fintech,llm_tail_v3 (high)
boingo,telecommunications,llm_tail_v3 (high)
boldscience,consulting_professional_services,llm_tail_v3 (high)
bona-spec-sdn-bhd,energy_utilities,llm_tail_v3 (medium)
boston-materials,manufacturing,llm_tail_v3 (high)
brainstation,education_higher,llm_tail_v3 (high)
branchlab,tech_software_internet,llm_tail_v3 (high)
brenntag,manufacturing,llm_tail_v3 (high)
brink-s-inc,finance_banking,llm_tail_v3 (high)
brisk-teaching,tech_software_internet,llm_tail_v3 (high)
brunswick-corporation,manufacturing,llm_tail_v3 (high)
builder,tech_software_internet,llm_tail_v3 (high)
buzzfeed,media_entertainment,llm_tail_v3 (high)
california-governor-s-office-of-emergency-services,public_sector_government,llm_tail_v3 (high)
canopytax,tech_software_internet,llm_tail_v3 (high)
caredxinc,healthcare_pharma_biotech,llm_tail_v3 (high)
career-international-fos-pte-ltd,consulting_professional_services,llm_tail_v3 (high)
carefirst-bluecross-blueshield,finance_insurance,llm_tail_v3 (high)
carimin-petroleum-berhad,energy_utilities,llm_tail_v3 (high)
causaly,tech_software_internet,llm_tail_v3 (high)
cellsignalingtechnology79,healthcare_pharma_biotech,llm_tail_v3 (high)
centers-for-medicare-medicaid-services,public_sector_government,llm_tail_v3 (high)
centerwell-senior-primary-care,healthcare_provider,llm_tail_v3 (high)
central-global-berhad,real_estate_construction,llm_tail_v3 (high)
chenega-professional-services-strategic-business-unit,defense_aerospace,llm_tail_v3 (high)
children-s-wisconsin,healthcare_provider,llm_tail_v3 (high)
clickstop,manufacturing,llm_tail_v3 (medium)
clinicalarchitecture,tech_software_internet,llm_tail_v3 (high)
cloudchamberfr,gaming,llm_tail_v3 (high)
cloudscaler,tech_software_internet,llm_tail_v3 (high)
coach,retail_ecommerce,llm_tail_v3 (high)
cobaltio,tech_software_internet,llm_tail_v3 (high)
cobaltservicepartners,consulting_professional_services,llm_tail_v3 (high)
cobblestoneenergy2,finance_fintech,llm_tail_v3 (high)
cobot,tech_software_internet,llm_tail_v3 (medium)
condor-software,tech_software_internet,llm_tail_v3 (high)
connect-search-llc,consulting_professional_services,llm_tail_v3 (high)
continental,automotive,llm_tail_v3 (high)
copperstatefarms,consumer_brands,llm_tail_v3 (high)
core-fusion-sdn-bhd,consulting_professional_services,llm_tail_v3 (medium)
counterpart,finance_insurance,llm_tail_v3 (high)
coursera,education_higher,llm_tail_v3 (high)
crum-forster,finance_insurance,llm_tail_v3 (high)
cycle-carriage-bintang-berhad,automotive,llm_tail_v3 (high)
danone,consumer_brands,llm_tail_v3 (high)
datalabusa,consulting_professional_services,llm_tail_v3 (high)
defense-contract-management-agency,defense_aerospace,llm_tail_v3 (high)
deltaairportconsultants,consulting_professional_services,llm_tail_v3 (high)
designworkstalent,consulting_professional_services,llm_tail_v3 (high)
distantjob,consulting_professional_services,llm_tail_v3 (high)
domino-s,hospitality_food_service,llm_tail_v3 (high)
doordashindia,tech_software_internet,llm_tail_v3 (high)
dpo-international-sdn-bhd,agriculture_food_production,llm_tail_v3 (medium)
dr-chong-clinic,healthcare_provider,llm_tail_v3 (high)
dsm-firmenich,consumer_brands,llm_tail_v3 (high)
eastern-communications,telecommunications,llm_tail_v3 (high)
eastern-oriental-berhad,real_estate_construction,llm_tail_v3 (high)
eastern-pretech-malaysia-sdn-bhd,real_estate_construction,llm_tail_v3 (high)
eb-frozen-food-sdn-bhd,agriculture_food_production,llm_tail_v3 (high)
ebay,tech_software_internet,llm_tail_v3 (high)
ecs,defense_aerospace,llm_tail_v3 (high)
eisneramper,consulting_professional_services,llm_tail_v3 (high)
enavatecareers,consulting_professional_services,llm_tail_v3 (high)
engflow,tech_software_internet,llm_tail_v3 (high)
entegee,consulting_professional_services,llm_tail_v3 (high)
enterprise-solutions-inc,consulting_professional_services,llm_tail_v3 (high)
ep-engineering-sdn-bhd,real_estate_construction,llm_tail_v3 (medium)
everway,tech_software_internet,llm_tail_v3 (medium)
evydtech,tech_software_internet,llm_tail_v3 (high)
exos,healthcare_provider,llm_tail_v3 (medium)
experian,finance_fintech,llm_tail_v3 (high)
family-health-centers-of-san-diego,healthcare_provider,llm_tail_v3 (high)
filescom,tech_software_internet,llm_tail_v3 (high)
find-great-people-fgp,consulting_professional_services,llm_tail_v3 (high)
first-student,transportation_logistics,llm_tail_v3 (high)
first-tek-inc,consulting_professional_services,llm_tail_v3 (high)
fleek,tech_software_internet,llm_tail_v3 (high)
flighthub,tech_software_internet,llm_tail_v3 (high)
follettsoftware,tech_software_internet,llm_tail_v3 (high)
footfallcam,tech_software_internet,llm_tail_v3 (high)
forrest-solutions,consulting_professional_services,llm_tail_v3 (high)
found,finance_fintech,llm_tail_v3 (high)
foxglove,tech_software_internet,llm_tail_v3 (high)
freestonecapitalmanagement,finance_fintech,llm_tail_v3 (high)
fs-studio,media_entertainment,llm_tail_v3 (high)
gardacp,finance_fintech,llm_tail_v3 (high)
genius-cooling-towers-sdn-bhd,manufacturing,llm_tail_v3 (medium)
getbuilt,tech_software_internet,llm_tail_v3 (high)
gilbane-building-company,real_estate_construction,llm_tail_v3 (high)
ginkgobioworks,healthcare_pharma_biotech,llm_tail_v3 (high)
globalfoundries,tech_hardware_semiconductors,llm_tail_v3 (high)
goodlord,tech_software_internet,llm_tail_v3 (high)
google-fiber,telecommunications,llm_tail_v3 (high)
goremutualinsurance,finance_insurance,llm_tail_v3 (high)
gs-paperboard-packaging-sdn-bhd,manufacturing,llm_tail_v3 (high)
haley-aldrich,consulting_professional_services,llm_tail_v3 (high)
handoff,tech_software_internet,llm_tail_v3 (high)
happyco,tech_software_internet,llm_tail_v3 (high)
hargrove-engineers-constructors,consulting_professional_services,llm_tail_v3 (high)
harrisassociates,finance_fintech,llm_tail_v3 (high)
hashgraph,finance_fintech,llm_tail_v3 (high)
hasi,energy_utilities,llm_tail_v3 (high)
hctec,consulting_professional_services,llm_tail_v3 (high)
healthfitness,healthcare_provider,llm_tail_v3 (medium)
hellohera,healthcare_provider,llm_tail_v3 (high)
henkel-malaysia-sdn-bhd,consumer_brands,llm_tail_v3 (high)
heveaboard-berhad,manufacturing,llm_tail_v3 (high)
hibiscus-petroleum-berhad,energy_utilities,llm_tail_v3 (high)
hilton-anatole,hospitality_food_service,llm_tail_v3 (high)
hirose-electric-m-sdn-bhd,tech_hardware_semiconductors,llm_tail_v3 (high)
hitachi-energy,energy_utilities,llm_tail_v3 (high)
hivewatch,tech_software_internet,llm_tail_v3 (high)
holiday-tours-travel-sdn-bhd,hospitality_food_service,llm_tail_v3 (high)
iconma-llc,consulting_professional_services,llm_tail_v3 (high)
industrial-concrete-products-sdn-bhd,manufacturing,llm_tail_v3 (high)
inflowfed,defense_aerospace,llm_tail_v3 (high)
influur,media_entertainment,llm_tail_v3 (high)
infovision-inc,consulting_professional_services,llm_tail_v3 (high)
insider,tech_software_internet,llm_tail_v3 (high)
instil,consulting_professional_services,llm_tail_v3 (medium)
inta-bina-sdn-bhd,real_estate_construction,llm_tail_v3 (high)
integrated-power-services,manufacturing,llm_tail_v3 (high)
integrated-talent-strategies-its,consulting_professional_services,llm_tail_v3 (high)
international-paper,manufacturing,llm_tail_v3 (high)
invenergy,energy_utilities,llm_tail_v3 (high)
isite-technologies,consulting_professional_services,llm_tail_v3 (high)
itech-us-inc,consulting_professional_services,llm_tail_v3 (high)
japan-tobacco-international-jti,consumer_brands,llm_tail_v3 (high)
jeld-wen-inc,manufacturing,llm_tail_v3 (high)
jiasheng-new-energy-technology-sdn-bhd,energy_utilities,llm_tail_v3 (high)
jie-business-sdn-bhd-formerly-known-as-oppo-electronics-sdn-bhd,tech_hardware_semiconductors,llm_tail_v3 (high)
johnsonville,agriculture_food_production,llm_tail_v3 (high)
kanika-malaysia-sdn-bhd,consulting_professional_services,llm_tail_v3 (medium)
kimberly-clark,consumer_brands,llm_tail_v3 (high)
kinder-morgan-inc,energy_utilities,llm_tail_v3 (high)
kl-kepong-oleomas-sdn-bhd,agriculture_food_production,llm_tail_v3 (high)
knowunity,education_k12,llm_tail_v3 (high)
kobay-technology-bhd,manufacturing,llm_tail_v3 (high)
kyndryl,consulting_professional_services,llm_tail_v3 (high)
labatt-food-service,hospitality_food_service,llm_tail_v3 (high)
latitude-legal,legal_services,llm_tail_v3 (high)
lazada-malaysia,retail_ecommerce,llm_tail_v3 (high)
lazydays,automotive,llm_tail_v3 (high)
leadx-pro,media_entertainment,llm_tail_v3 (medium)
leaflink,tech_software_internet,llm_tail_v3 (high)
levelworks,consulting_professional_services,llm_tail_v3 (medium)
lg-household-health-care-malaysia-sdn-bhd,consumer_brands,llm_tail_v3 (high)
lifework-recruitment-agency-sdn-bhd,consulting_professional_services,llm_tail_v3 (high)
lineage,transportation_logistics,llm_tail_v3 (high)
lockton,finance_insurance,llm_tail_v3 (high)
luxoft,consulting_professional_services,llm_tail_v3 (high)
maesa,consumer_brands,llm_tail_v3 (high)
magical,tech_software_internet,llm_tail_v3 (high)
magna-international,automotive,llm_tail_v3 (high)
maincode,tech_software_internet,llm_tail_v3 (high)
mak-technologies-llc,consulting_professional_services,llm_tail_v3 (high)
mamamoney,finance_fintech,llm_tail_v3 (high)
market-street,retail_ecommerce,llm_tail_v3 (high)
masabi,tech_software_internet,llm_tail_v3 (high)
massarcapital,finance_fintech,llm_tail_v3 (high)
mauser-packaging-solutions,manufacturing,llm_tail_v3 (high)
mbsb-bank-berhadc,finance_banking,llm_tail_v3 (high)
mcaconnect,consulting_professional_services,llm_tail_v3 (high)
melotech,tech_software_internet,llm_tail_v3 (medium)
memoryblue,consulting_professional_services,llm_tail_v3 (high)
mend-io,tech_software_internet,llm_tail_v3 (high)
meng-kah-auto-parts-trading-sdn-bhd,automotive,llm_tail_v3 (high)
mezzettacareers,consumer_brands,llm_tail_v3 (high)
micare-sdn-bhd,finance_insurance,llm_tail_v3 (medium)
mill,tech_hardware_semiconductors,llm_tail_v3 (medium)
mindpeak,tech_software_internet,llm_tail_v3 (high)
mitraland-group,real_estate_construction,llm_tail_v3 (high)
mitsubishimotorsna,automotive,llm_tail_v3 (high)
modern-technology-solutions-inc-mtsi,defense_aerospace,llm_tail_v3 (high)
move2usajobs-com-inc,consulting_professional_services,llm_tail_v3 (high)
moxfive,tech_software_internet,llm_tail_v3 (high)
moxxidigital,media_entertainment,llm_tail_v3 (medium)
mr-d-i-y-trading-sdn-bhd,retail_ecommerce,llm_tail_v3 (high)
mulliganfunding,finance_fintech,llm_tail_v3 (high)
munchworld-marketing-sdn-bhd,media_entertainment,llm_tail_v3 (medium)
mystenlabs,finance_fintech,llm_tail_v3 (high)
nalco-water-an-ecolab-company,manufacturing,llm_tail_v3 (high)
nestl,consumer_brands,llm_tail_v3 (high)
netboxlabs,tech_software_internet,llm_tail_v3 (high)
netflix,media_entertainment,llm_tail_v3 (high)
netjets,transportation_logistics,llm_tail_v3 (high)
nfq,tech_software_internet,llm_tail_v3 (high)
nippon-paint-m-sdn-bhd,consumer_brands,llm_tail_v3 (high)
novo,finance_fintech,llm_tail_v3 (high)
numeric,finance_fintech,llm_tail_v3 (high)
numotion,healthcare_devices,llm_tail_v3 (high)
obvio,tech_software_internet,llm_tail_v3 (high)
omaha-public-power-district,energy_utilities,llm_tail_v3 (high)
onexgeneral,finance_fintech,llm_tail_v3 (high)
openfarminc,consumer_brands,llm_tail_v3 (high)
orenda,real_estate_construction,llm_tail_v3 (high)
orisoft-technology-sdn-bhd,tech_software_internet,llm_tail_v3 (high)
osmosis,education_higher,llm_tail_v3 (high)
ozow,finance_fintech,llm_tail_v3 (high)
pa-recruitment-kl-sdn-bhd,consulting_professional_services,llm_tail_v3 (high)
panacea-direct-inc,consulting_professional_services,llm_tail_v3 (high)
panasonic-appliances-air-conditioning-malaysia-sdn-bhd,manufacturing,llm_tail_v3 (high)
paradigm,finance_fintech,llm_tail_v3 (medium)
pareto-usa,consulting_professional_services,llm_tail_v3 (high)
passage,finance_fintech,llm_tail_v3 (medium)
patlytics,tech_software_internet,llm_tail_v3 (high)
pave-talent,consulting_professional_services,llm_tail_v3 (high)
paxlabs,consumer_brands,llm_tail_v3 (high)
pca-group-sdn-bhd,consulting_professional_services,llm_tail_v3 (medium)
pci-pharma-services,healthcare_pharma_biotech,llm_tail_v3 (high)
penninteractive,gaming,llm_tail_v3 (high)
performancedevelopmentgroup,consulting_professional_services,llm_tail_v3 (high)
perodua-sales-sdn-bhd,automotive,llm_tail_v3 (high)
phoebe-work,tech_software_internet,llm_tail_v3 (medium)
piau-kee-live-and-frozen-seafood-sdn-bhd,agriculture_food_production,llm_tail_v3 (high)
piccollage,tech_software_internet,llm_tail_v3 (high)
planera,tech_software_internet,llm_tail_v3 (high)
planner5d,tech_software_internet,llm_tail_v3 (high)
plantingspace,tech_software_internet,llm_tail_v3 (high)
pls-financial-services-inc,finance_fintech,llm_tail_v3 (high)
polarsteps,tech_software_internet,llm_tail_v3 (high)
praxent,consulting_professional_services,llm_tail_v3 (high)
pricefox,finance_insurance,llm_tail_v3 (medium)
privatehealthmanagement,healthcare_provider,llm_tail_v3 (high)
procurify,tech_software_internet,llm_tail_v3 (high)
propelsoftware,tech_software_internet,llm_tail_v3 (high)
prophecysimpledatalabs,tech_software_internet,llm_tail_v3 (high)
prospa,finance_fintech,llm_tail_v3 (high)
proyectosinternacionales,nonprofit,llm_tail_v3 (high)
public-medicare-group-sdn-bhd,healthcare_provider,llm_tail_v3 (high)
qi-services-m-sdn-bhd,consulting_professional_services,llm_tail_v3 (medium)
quectel-wireless-solutions-penang-sdn-bhd,telecommunications,llm_tail_v3 (high)
randstad,consulting_professional_services,llm_tail_v3 (high)
ranhill-worley-sdn-bhd,energy_utilities,llm_tail_v3 (high)
rbc,finance_banking,llm_tail_v3 (high)
reacher,tech_software_internet,llm_tail_v3 (medium)
recidiviz,nonprofit,llm_tail_v3 (high)
red-bull-distribution-company,transportation_logistics,llm_tail_v3 (high)
redsox,media_entertainment,llm_tail_v3 (high)
regen-rehabilitation-international,healthcare_provider,llm_tail_v3 (medium)
remodelhealth,finance_insurance,llm_tail_v3 (high)
renewal-by-andersen,real_estate_construction,llm_tail_v3 (high)
retail-options,consulting_professional_services,llm_tail_v3 (medium)
ria,consulting_professional_services,llm_tail_v3 (medium)
rightformula,media_entertainment,llm_tail_v3 (high)
roompricegenie,tech_software_internet,llm_tail_v3 (high)
s-business-consulting,consulting_professional_services,llm_tail_v3 (medium)
safelease,finance_insurance,llm_tail_v3 (high)
safran-landing-systems-malaysia-sdn-bhd,defense_aerospace,llm_tail_v3 (high)
sam-young-asia-sdn-bhd,real_estate_construction,llm_tail_v3 (medium)
sc-engineering-packing-machinery-moving-solutions-sdn-bhd,manufacturing,llm_tail_v3 (medium)
scale3c,consulting_professional_services,llm_tail_v3 (medium)
scan-com,healthcare_provider,llm_tail_v3 (medium)
schindler-business-services-centre,manufacturing,llm_tail_v3 (high)
sci-ecommerce-sdn-bhd,consulting_professional_services,llm_tail_v3 (medium)
scoutspace,defense_aerospace,llm_tail_v3 (high)
sds-group-berhad,consumer_brands,llm_tail_v3 (medium)
sealink-sdn-bhd,transportation_logistics,llm_tail_v3 (high)
sei-labs,finance_fintech,llm_tail_v3 (high)
select-service-partner-malaysia-sdn-bhd,hospitality_food_service,llm_tail_v3 (high)
senheng-electric-kl-sdn-bhd,retail_ecommerce,llm_tail_v3 (high)
setia-awan-land-services-sdn-bhd,real_estate_construction,llm_tail_v3 (high)
sidley-austin-llp,legal_services,llm_tail_v3 (high)
simon-property-group,real_estate_construction,llm_tail_v3 (high)
skyryse,defense_aerospace,llm_tail_v3 (high)
skyworks-solutions-inc,tech_hardware_semiconductors,llm_tail_v3 (high)
sona,tech_software_internet,llm_tail_v3 (high)
sonic,telecommunications,llm_tail_v3 (medium)
spellbrush,gaming,llm_tail_v3 (high)
spirit-aerosystems-malaysia-sdn-bhd,defense_aerospace,llm_tail_v3 (high)
splend,automotive,llm_tail_v3 (high)
sports-direct-malaysia-sdn-bhd,retail_ecommerce,llm_tail_v3 (high)
spotlight-29-casino,media_entertainment,llm_tail_v3 (high)
stack-ai,tech_software_internet,llm_tail_v3 (high)
stanley1913-us,consumer_brands,llm_tail_v3 (high)
starpath.space,defense_aerospace,llm_tail_v3 (high)
stay22,tech_software_internet,llm_tail_v3 (high)
steelcase-manufacturing-malaysia-sdn-bhd,manufacturing,llm_tail_v3 (high)
stonyhurst-international-school-penang,education_k12,llm_tail_v3 (high)
strategic-employment-partners-sep,consulting_professional_services,llm_tail_v3 (high)
stratus-automation-sdn-bhd,manufacturing,llm_tail_v3 (high)
studycareers,education_higher,llm_tail_v3 (medium)
sunlight-galaxy-sdn-bhd,media_entertainment,llm_tail_v3 (medium)
swayable,tech_software_internet,llm_tail_v3 (high)
swm-environment-sdn-bhd,energy_utilities,llm_tail_v3 (medium)
sygaldry-technologies,tech_hardware_semiconductors,llm_tail_v3 (high)
t-rowe-price,finance_fintech,llm_tail_v3 (high)
tachyon-technologies,consulting_professional_services,llm_tail_v3 (high)
targetrwe,healthcare_pharma_biotech,llm_tail_v3 (high)
tata-technologies,consulting_professional_services,llm_tail_v3 (high)
tatum-by-randstad,consulting_professional_services,llm_tail_v3 (high)
teamware-solutions-a-division-of-quantum-leap-consulting-pvt-ltd,consulting_professional_services,llm_tail_v3 (high)
techtronic-industries-tti,manufacturing,llm_tail_v3 (high)
terawattinfrastructure,energy_utilities,llm_tail_v3 (high)
terranova,tech_hardware_semiconductors,llm_tail_v3 (medium)
tetra-tech,consulting_professional_services,llm_tail_v3 (high)
the-baer-group,consulting_professional_services,llm_tail_v3 (high)
the-connor-group,real_estate_construction,llm_tail_v3 (high)
the-lubrizol-corporation,manufacturing,llm_tail_v3 (high)
the-metrohealth-system-cleveland-oh,healthcare_provider,llm_tail_v3 (high)
the-trade-desk,media_entertainment,llm_tail_v3 (high)
thematherevanston,healthcare_provider,llm_tail_v3 (high)
thepieexecsearch,consulting_professional_services,llm_tail_v3 (high)
therealdeal,media_entertainment,llm_tail_v3 (high)
tilt,tech_software_internet,llm_tail_v3 (medium)
tldr.tech,media_entertainment,llm_tail_v3 (medium)
toshiba-transmission-distribution-systems-asia-sdn-bhd,energy_utilities,llm_tail_v3 (high)
tovala,consumer_brands,llm_tail_v3 (high)
tsh-resources-berhad,agriculture_food_production,llm_tail_v3 (high)
tt-vision-technologies-sdn-bhd,tech_hardware_semiconductors,llm_tail_v3 (high)
turn2partners,consulting_professional_services,llm_tail_v3 (high)
turningpointforgod,nonprofit,llm_tail_v3 (high)
tylin,consulting_professional_services,llm_tail_v3 (high)
umaeducationinc,education_higher,llm_tail_v3 (high)
underscoremarketing,media_entertainment,llm_tail_v3 (high)
unilever-malaysia-holdings,consumer_brands,llm_tail_v3 (high)
universal-technical-institute-inc,education_higher,llm_tail_v3 (high)
uqpay-technology-my-sdn-bhd,finance_fintech,llm_tail_v3 (high)
valiant-integrated-services,defense_aerospace,llm_tail_v3 (high)
valmont-industries-inc,manufacturing,llm_tail_v3 (high)
vanli-auto-spares-sdn-bhd,automotive,llm_tail_v3 (high)
verahealth,healthcare_provider,llm_tail_v3 (high)
veridian-tech-solutions-inc,consulting_professional_services,llm_tail_v3 (high)
verisoul,tech_software_internet,llm_tail_v3 (high)
veterans-benefits-administration,public_sector_government,llm_tail_v3 (high)
videoamp,media_entertainment,llm_tail_v3 (high)
vistra-corp,energy_utilities,llm_tail_v3 (high)
voltus,energy_utilities,llm_tail_v3 (high)
vstecs-berhad,consulting_professional_services,llm_tail_v3 (high)
vt-group-vtg,defense_aerospace,llm_tail_v3 (high)
walkwater-technologies,consulting_professional_services,llm_tail_v3 (high)
wasabi,tech_software_internet,llm_tail_v3 (high)
way2class,education_k12,llm_tail_v3 (medium)
weploy,consulting_professional_services,llm_tail_v3 (high)
whop,tech_software_internet,llm_tail_v3 (high)
wilbur-ellis,agriculture_food_production,llm_tail_v3 (high)
wolters-kluwer,tech_software_internet,llm_tail_v3 (high)
worldline-international-malaysia-sdn-bhd,finance_fintech,llm_tail_v3 (high)
yesenergy,energy_utilities,llm_tail_v3 (high)
ykl-engineering-sdn-bhd,real_estate_construction,llm_tail_v3 (medium)
yoodliinc,tech_software_internet,llm_tail_v3 (high)
youtrip,finance_fintech,llm_tail_v3 (high)
zen-computer-systems-sdn-bhd,consulting_professional_services,llm_tail_v3 (medium)
zenith-infotech-services-sdn-bhd,consulting_professional_services,llm_tail_v3 (medium)
zeromark,defense_aerospace,llm_tail_v3 (medium)
1800contacts,retail_ecommerce,llm_tail_v3 (high)
1mind,tech_software_internet,llm_tail_v3 (high)
Zoo,tech_software_internet,llm_tail_v3 (high)
a-k-koh-enterprise-sdn-bhd,manufacturing,llm_tail_v3 (medium)
accenture-technology-solutions-sdn-bhd,consulting_professional_services,llm_tail_v3 (high)
acoustic-lighting-system-sdn-bhd,real_estate_construction,llm_tail_v3 (medium)
adaptive,tech_software_internet,llm_tail_v3 (high)
adaptyv,healthcare_pharma_biotech,llm_tail_v3 (high)
ag-staffing-malaysia,consulting_professional_services,llm_tail_v3 (high)
alcon,healthcare_devices,llm_tail_v3 (high)
alta-it-services-llc,defense_aerospace,llm_tail_v3 (high)
altasciences,healthcare_pharma_biotech,llm_tail_v3 (high)
alten-technology-usa,automotive,llm_tail_v3 (high)
am-life-international-sdn-bhd,consumer_brands,llm_tail_v3 (medium)
amendconsulting,consulting_professional_services,llm_tail_v3 (high)
american-equipment-holdings,manufacturing,llm_tail_v3 (high)
american-housing,real_estate_construction,llm_tail_v3 (high)
amh,real_estate_construction,llm_tail_v3 (high)
amtec-inc,consulting_professional_services,llm_tail_v3 (high)
andromeda,tech_software_internet,llm_tail_v3 (high)
anima,healthcare_provider,llm_tail_v3 (high)
annata-dynamics-sdn-bhd,tech_software_internet,llm_tail_v3 (high)
anteriad,media_entertainment,llm_tail_v3 (high)
apetan-consulting-llc,consulting_professional_services,llm_tail_v3 (high)
apm-corporate-services-sdn-bhd,consulting_professional_services,llm_tail_v3 (medium)
arc-document-solutions,consulting_professional_services,llm_tail_v3 (high)
artsy,media_entertainment,llm_tail_v3 (high)
ashoka,nonprofit,llm_tail_v3 (high)
aspyrmediainc,gaming,llm_tail_v3 (high)
asta-crs-inc,consulting_professional_services,llm_tail_v3 (high)
atkinsr-alis,consulting_professional_services,llm_tail_v3 (high)
autods,tech_software_internet,llm_tail_v3 (high)
azzur-group,consulting_professional_services,llm_tail_v3 (high)
bay-cove-human-services,nonprofit,llm_tail_v3 (high)
bayone-solutions,consulting_professional_services,llm_tail_v3 (high)
bd,healthcare_devices,llm_tail_v3 (high)
beam-suntory,consumer_brands,llm_tail_v3 (high)
beckman-coulter-diagnostics,healthcare_devices,llm_tail_v3 (high)
ben,tech_software_internet,llm_tail_v3 (high)
big-bad-wolf-books-sdn-bhd,retail_ecommerce,llm_tail_v3 (high)
bio-rad-laboratories,healthcare_devices,llm_tail_v3 (high)
bloom,consumer_brands,llm_tail_v3 (high)
bluebirdkidshealth,healthcare_provider,llm_tail_v3 (high)
blueprintmedicines,healthcare_pharma_biotech,llm_tail_v3 (high)
blueroseresearch,consulting_professional_services,llm_tail_v3 (high)
bravens-inc,consulting_professional_services,llm_tail_v3 (high)
brickred-systems,consulting_professional_services,llm_tail_v3 (high)
bridgenet-solutions-sdn-bhd,tech_software_internet,llm_tail_v3 (medium)
bunge,agriculture_food_production,llm_tail_v3 (high)
bureau-veritas-m-sdn-bhd,consulting_professional_services,llm_tail_v3 (high)
burklandassociates,consulting_professional_services,llm_tail_v3 (high)
cable-one,telecommunications,llm_tail_v3 (high)
cai,consulting_professional_services,llm_tail_v3 (medium)
calahealth,healthcare_devices,llm_tail_v3 (high)
calstart,nonprofit,llm_tail_v3 (high)
calyptus,tech_software_internet,llm_tail_v3 (high)
capvision,consulting_professional_services,llm_tail_v3 (high)
carbonchain,tech_software_internet,llm_tail_v3 (high)
cardone-ventures,consulting_professional_services,llm_tail_v3 (high)
caresource,finance_insurance,llm_tail_v3 (high)
carole-fabrics,manufacturing,llm_tail_v3 (high)
casca,tech_software_internet,llm_tail_v3 (high)
casemanagementconsulting,defense_aerospace,llm_tail_v3 (high)
cdk-global,tech_software_internet,llm_tail_v3 (high)
cdnetworks-m-sdn-bhd,tech_software_internet,llm_tail_v3 (high)
centari,tech_software_internet,llm_tail_v3 (high)
cents,tech_software_internet,llm_tail_v3 (high)
change,nonprofit,llm_tail_v3 (high)
chep,transportation_logistics,llm_tail_v3 (high)
chevron-phillips-chemical-company,manufacturing,llm_tail_v3 (high)
chromatic,tech_software_internet,llm_tail_v3 (high)
clarityai,tech_software_internet,llm_tail_v3 (high)
cleanlaundry,consumer_brands,llm_tail_v3 (high)
cobo,finance_fintech,llm_tail_v3 (high)
cochlear-malaysia-sdn-bhd,healthcare_devices,llm_tail_v3 (high)
coinbase,finance_fintech,llm_tail_v3 (high)
comity,energy_utilities,llm_tail_v3 (high)
comstruct,tech_software_internet,llm_tail_v3 (medium)
comulate,tech_software_internet,llm_tail_v3 (high)
considine-search,consulting_professional_services,llm_tail_v3 (high)
consultnet-technology-services-and-solutions,consulting_professional_services,llm_tail_v3 (high)
contech-control-services,consulting_professional_services,llm_tail_v3 (high)
coopervision,healthcare_devices,llm_tail_v3 (high)
copiapower,energy_utilities,llm_tail_v3 (high)
core-group-resources,consulting_professional_services,llm_tail_v3 (high)
corteva-agriscience,agriculture_food_production,llm_tail_v3 (high)
country-garden-pacificview-sdn-bhd,real_estate_construction,llm_tail_v3 (high)
covanta,energy_utilities,llm_tail_v3 (high)
coway-malaysia-sdn-bhd,consumer_brands,llm_tail_v3 (high)
cpi-kl-sdn-bhd,manufacturing,llm_tail_v3 (medium)
csm-corporation,hospitality_food_service,llm_tail_v3 (high)
cura-hospitality,hospitality_food_service,llm_tail_v3 (high)
d3-search,consulting_professional_services,llm_tail_v3 (high)
debutbiotech25,healthcare_pharma_biotech,llm_tail_v3 (high)
defense-intelligence-agency,defense_aerospace,llm_tail_v3 (high)
devcare-solutions,consulting_professional_services,llm_tail_v3 (high)
dewberry,consulting_professional_services,llm_tail_v3 (high)
digitalab-sdn-bhd,tech_software_internet,llm_tail_v3 (medium)
distinct-hub-plt,consulting_professional_services,llm_tail_v3 (medium)
distributed-spectrum,defense_aerospace,llm_tail_v3 (high)
dodmg,defense_aerospace,llm_tail_v3 (medium)
dons-garage-doors,real_estate_construction,llm_tail_v3 (high)
dp-world,transportation_logistics,llm_tail_v3 (high)
drsc,consulting_professional_services,llm_tail_v3 (high)
ducerapartners,finance_banking,llm_tail_v3 (high)
dun-bradstreet-d-b-malaysia-sdn-bhd,tech_software_internet,llm_tail_v3 (high)
dyneti,tech_software_internet,llm_tail_v3 (high)
dyson-manufacturing-sdn-bhd,consumer_brands,llm_tail_v3 (high)
e-it,consulting_professional_services,llm_tail_v3 (high)
e-nescom-designify-elements-sdn-bhd,consulting_professional_services,llm_tail_v3 (medium)
ea-team-inc,consulting_professional_services,llm_tail_v3 (high)
easybook-m-sdn-bhd,transportation_logistics,llm_tail_v3 (high)
ecoatmgazelle,consumer_brands,llm_tail_v3 (high)
egenesisbio,healthcare_pharma_biotech,llm_tail_v3 (high)
elna-pcb-m-sdn-bhd,tech_hardware_semiconductors,llm_tail_v3 (high)
emery-sapp-sons-inc,real_estate_construction,llm_tail_v3 (high)
enablecomp,healthcare_provider,llm_tail_v3 (high)
engtex-group-berhad,manufacturing,llm_tail_v3 (high)
ensemble-health-partners,healthcare_provider,llm_tail_v3 (high)
entegris,tech_hardware_semiconductors,llm_tail_v3 (high)
epickids,tech_software_internet,llm_tail_v3 (high)
evergreenaction,nonprofit,llm_tail_v3 (high)
evolutioniq,tech_software_internet,llm_tail_v3 (high)
exact-asia-development-centre-sdn-bhd,consulting_professional_services,llm_tail_v3 (medium)
fable,tech_software_internet,llm_tail_v3 (high)
fabrion,tech_software_internet,llm_tail_v3 (high)
factorialenergy,manufacturing,llm_tail_v3 (high)
fastrain-technology-malaysia-sdn-bhd,manufacturing,llm_tail_v3 (medium)
finitestate,tech_software_internet,llm_tail_v3 (high)
firstconnectinsurance,finance_insurance,llm_tail_v3 (high)
flawless,tech_software_internet,llm_tail_v3 (high)
fleetzero,transportation_logistics,llm_tail_v3 (high)
fnz-services-nz-limited,finance_fintech,llm_tail_v3 (high)
foley-equipment,manufacturing,llm_tail_v3 (high)
forest-service,public_sector_government,llm_tail_v3 (high)
form3,finance_fintech,llm_tail_v3 (high)
formal,tech_software_internet,llm_tail_v3 (high)
fortrobotics,manufacturing,llm_tail_v3 (high)
forward,healthcare_provider,llm_tail_v3 (high)
forward-air-corporation,transportation_logistics,llm_tail_v3 (high)
foundationhealthcareers,healthcare_provider,llm_tail_v3 (high)
fourtitude-asia,consulting_professional_services,llm_tail_v3 (medium)
foxelligroup,retail_ecommerce,llm_tail_v3 (medium)
frasco-profiles,consulting_professional_services,llm_tail_v3 (high)
friedfrankharrisshriverjacobsonllp,legal_services,llm_tail_v3 (high)
fsastorecom,retail_ecommerce,llm_tail_v3 (high)
furtherai,tech_software_internet,llm_tail_v3 (high)
garmin,tech_hardware_semiconductors,llm_tail_v3 (high)
genentech,healthcare_pharma_biotech,llm_tail_v3 (high)
genting-plantations-berhad,agriculture_food_production,llm_tail_v3 (high)
goodie-ai,tech_software_internet,llm_tail_v3 (high)
goodinside,consumer_brands,llm_tail_v3 (medium)
govworx,tech_software_internet,llm_tail_v3 (high)
granica,tech_software_internet,llm_tail_v3 (high)
green-packet,telecommunications,llm_tail_v3 (high)
gridcare,energy_utilities,llm_tail_v3 (high)
gursey,consulting_professional_services,llm_tail_v3 (high)
h-e-equipment-services-inc,manufacturing,llm_tail_v3 (high)
hauler-hero,tech_software_internet,llm_tail_v3 (high)
havenparkcommunities,real_estate_construction,llm_tail_v3 (high)
hellbenderinc,manufacturing,llm_tail_v3 (high)
hexaware-technologies,consulting_professional_services,llm_tail_v3 (high)
hire-with-jarvis,consulting_professional_services,llm_tail_v3 (high)
holcim-building-envelope,manufacturing,llm_tail_v3 (high)
homepro-malaysia,retail_ecommerce,llm_tail_v3 (high)
hometap,finance_fintech,llm_tail_v3 (high)
house-of-representatives,public_sector_government,llm_tail_v3 (high)
hugheshubbardreedllp,legal_services,llm_tail_v3 (high)
human-computer-lab,tech_hardware_semiconductors,llm_tail_v3 (medium)
hungryroot,consumer_brands,llm_tail_v3 (high)
hyundai-motor-america,automotive,llm_tail_v3 (high)
ibm-malaysia-sdn-bhd,tech_software_internet,llm_tail_v3 (high)
iimmpact,consulting_professional_services,llm_tail_v3 (medium)
impinjexternal,tech_hardware_semiconductors,llm_tail_v3 (high)
infinite-computer-solutions,consulting_professional_services,llm_tail_v3 (high)
infinity-8,consulting_professional_services,llm_tail_v3 (medium)
infosoft-inc,consulting_professional_services,llm_tail_v3 (high)
infostride,consulting_professional_services,llm_tail_v3 (high)
innovativesol-2,consulting_professional_services,llm_tail_v3 (high)
inspira-resources-sdn-bhd,real_estate_construction,llm_tail_v3 (medium)
interplay,finance_fintech,llm_tail_v3 (medium)
interstellarlab,defense_aerospace,llm_tail_v3 (high)
intuit,tech_software_internet,llm_tail_v3 (high)
ioi-plantation-services-sdn-bhd,agriculture_food_production,llm_tail_v3 (high)
ioi-properties-group-offices,real_estate_construction,llm_tail_v3 (high)
ipay88-holding-sdn-bhd,finance_fintech,llm_tail_v3 (high)
irvine-technology-corporation,consulting_professional_services,llm_tail_v3 (high)
jcl-credit-leasing-sdn-bhd,finance_fintech,llm_tail_v3 (high)
jess-technology-sdn-bhd,manufacturing,llm_tail_v3 (medium)
jhm-consolidation-berhad,manufacturing,llm_tail_v3 (high)
joyrideautos,automotive,llm_tail_v3 (high)
jp-caliber,consulting_professional_services,llm_tail_v3 (high)
jstar-motion-sdn-bhd,manufacturing,llm_tail_v3 (medium)
jumo,finance_fintech,llm_tail_v3 (high)
juneshine,consumer_brands,llm_tail_v3 (high)
jurutera-jasa-sarawak-sdn-bhd,consulting_professional_services,llm_tail_v3 (high)
kellerpostman,legal_services,llm_tail_v3 (high)
kelly-professional-industrial,consulting_professional_services,llm_tail_v3 (high)
kldiscovery,legal_services,llm_tail_v3 (high)
klook-travel-technology-sdn-bhd,tech_software_internet,llm_tail_v3 (high)
knox-systems,tech_software_internet,llm_tail_v3 (high)
kombo,tech_software_internet,llm_tail_v3 (high)
konecranes,manufacturing,llm_tail_v3 (high)
koperasi-polis-diraja-malaysia-berhad,finance_banking,llm_tail_v3 (medium)
kumpulan-lebar-daun,real_estate_construction,llm_tail_v3 (medium)
kyra,media_entertainment,llm_tail_v3 (high)
landdesign,consulting_professional_services,llm_tail_v3 (high)
lb-aluminium-berhad,manufacturing,llm_tail_v3 (high)
legal-io,legal_services,llm_tail_v3 (high)
legion,tech_software_internet,llm_tail_v3 (high)
leslie-s,retail_ecommerce,llm_tail_v3 (high)
liberis,finance_fintech,llm_tail_v3 (high)
lightspark,finance_fintech,llm_tail_v3 (high)
lincoln-financial-group,finance_fintech,llm_tail_v3 (high)
livechatinc,tech_software_internet,llm_tail_v3 (high)
lonza,healthcare_pharma_biotech,llm_tail_v3 (high)
loveholidays,tech_software_internet,llm_tail_v3 (high)
luxor-beauty-world-sdn-bhd,consumer_brands,llm_tail_v3 (high)
lyellimmunopharma,healthcare_pharma_biotech,llm_tail_v3 (high)
m-link-system-m-sdn-bhd,tech_software_internet,llm_tail_v3 (medium)
madison-davis-llc,consulting_professional_services,llm_tail_v3 (high)
mamsys-world,consulting_professional_services,llm_tail_v3 (high)
manulife-insurance-berhad,finance_insurance,llm_tail_v3 (high)
marie-france-bodyline-sdn-bhd,consumer_brands,llm_tail_v3 (high)
markforged,manufacturing,llm_tail_v3 (high)
masis-professional-group,consulting_professional_services,llm_tail_v3 (high)
mastec-power-delivery,energy_utilities,llm_tail_v3 (high)
matthews-international-malaysia-sdn-bhd,manufacturing,llm_tail_v3 (high)
mayora-malaysia-sdn-bhd,consumer_brands,llm_tail_v3 (high)
mccallister-sdn-bhd,consulting_professional_services,llm_tail_v3 (medium)
medal,gaming,llm_tail_v3 (high)
medi.ci,healthcare_provider,llm_tail_v3 (high)
melwood,nonprofit,llm_tail_v3 (high)
memx,finance_fintech,llm_tail_v3 (high)
merchantsfleetmanagement,transportation_logistics,llm_tail_v3 (high)
metropolis-technologies,tech_software_internet,llm_tail_v3 (high)
mindvalley-labs-sdn-bhd,tech_software_internet,llm_tail_v3 (high)
minesense,manufacturing,llm_tail_v3 (high)
mmn-bina-sdn-bhd,real_estate_construction,llm_tail_v3 (high)
mobile-arts-sdn-bhd,consulting_professional_services,llm_tail_v3 (medium)
mol-accessportal-sdn-bhd,tech_software_internet,llm_tail_v3 (medium)
molg,manufacturing,llm_tail_v3 (medium)
montrose-environmental-group,consulting_professional_services,llm_tail_v3 (high)
morpho,finance_fintech,llm_tail_v3 (high)
move concierge,consulting_professional_services,llm_tail_v3 (medium)
moxie,healthcare_provider,llm_tail_v3 (high)
murad,consumer_brands,llm_tail_v3 (high)
nasafcu,finance_banking,llm_tail_v3 (high)
nationgate-solution-m-sdn-bhd,tech_hardware_semiconductors,llm_tail_v3 (high)
netapp,tech_software_internet,llm_tail_v3 (high)
networkright,consulting_professional_services,llm_tail_v3 (high)
neuropace,healthcare_devices,llm_tail_v3 (high)
new-seasons-market,retail_ecommerce,llm_tail_v3 (high)
newleafenergy,energy_utilities,llm_tail_v3 (high)
nextgreen-pulp-paper-sdn-bhd,manufacturing,llm_tail_v3 (high)
ninja-logistics-thailand-limited,transportation_logistics,llm_tail_v3 (high)
noah-medical,healthcare_devices,llm_tail_v3 (high)
noblesoft-solutions,consulting_professional_services,llm_tail_v3 (high)
northbound-executive-search,consulting_professional_services,llm_tail_v3 (high)
northwestadministratorsinc,finance_insurance,llm_tail_v3 (high)
ntt-data-corporation,consulting_professional_services,llm_tail_v3 (high)
nvr-inc,real_estate_construction,llm_tail_v3 (high)
nyan-kids-m-sdn-bhd,consumer_brands,llm_tail_v3 (medium)
nz-mobile-windscreen,automotive,llm_tail_v3 (high)
ock-group-of-companies,telecommunications,llm_tail_v3 (high)
onestudyteam,healthcare_pharma_biotech,llm_tail_v3 (high)
oplabs,finance_fintech,llm_tail_v3 (high)
opositiv,consumer_brands,llm_tail_v3 (high)
pacaso,real_estate_construction,llm_tail_v3 (high)
pairteam,healthcare_provider,llm_tail_v3 (high)
palaterium-sdn-bhd,real_estate_construction,llm_tail_v3 (medium)
panasonic-manufacturing-malaysia-berhad,manufacturing,llm_tail_v3 (high)
passport,tech_software_internet,llm_tail_v3 (high)
patch.io,tech_software_internet,llm_tail_v3 (high)
pathai,healthcare_pharma_biotech,llm_tail_v3 (high)
patton-labs-inc,consulting_professional_services,llm_tail_v3 (high)
pdi-technologies,tech_software_internet,llm_tail_v3 (high)
pearce-services,real_estate_construction,llm_tail_v3 (high)
pegaunihan-technology-malaysia-sdn-bhd,manufacturing,llm_tail_v3 (medium)
pekat,energy_utilities,llm_tail_v3 (high)
pella-corporation,manufacturing,llm_tail_v3 (high)
pengurusan-aset-air-berhad-paab,energy_utilities,llm_tail_v3 (high)
pentas-flora-sdn-bhd,energy_utilities,llm_tail_v3 (medium)
pertama-ferroalloys-sdn-bhd,manufacturing,llm_tail_v3 (high)
pfizer-malaysia-sdn-bhd,healthcare_pharma_biotech,llm_tail_v3 (high)
phaedon,media_entertainment,llm_tail_v3 (medium)
pierce-manufacturing,manufacturing,llm_tail_v3 (high)
pinecone,tech_software_internet,llm_tail_v3 (high)
pintaras-group,manufacturing,llm_tail_v3 (high)
pivotalventuresexternal,nonprofit,llm_tail_v3 (high)
pivotenergy,energy_utilities,llm_tail_v3 (high)
planetscale,tech_software_internet,llm_tail_v3 (high)
polaris-inc,manufacturing,llm_tail_v3 (high)
pplwise,consulting_professional_services,llm_tail_v3 (high)
practisinglawinstitute,education_higher,llm_tail_v3 (high)
premier-plus-property-sdn-bhd,real_estate_construction,llm_tail_v3 (high)
premierautomation,manufacturing,llm_tail_v3 (high)
premium-retail-services,consulting_professional_services,llm_tail_v3 (high)
presslogic-malaysia-sdn-bhd,media_entertainment,llm_tail_v3 (high)
prime,finance_fintech,llm_tail_v3 (medium)
proconex,manufacturing,llm_tail_v3 (high)
propublica,media_entertainment,llm_tail_v3 (high)
prosum,consulting_professional_services,llm_tail_v3 (high)
protecthealth-corporation-sdn-bhd,healthcare_provider,llm_tail_v3 (high)
pts-advance,consulting_professional_services,llm_tail_v3 (high)
pubgcorporation,gaming,llm_tail_v3 (high)
publicis-media,media_entertainment,llm_tail_v3 (high)
puma-sports-goods-sdn-bhd,consumer_brands,llm_tail_v3 (high)
r-a-commercial-vehicles-sdn-bhd,automotive,llm_tail_v3 (high)
racetrac,hospitality_food_service,llm_tail_v3 (high)
railway,tech_software_internet,llm_tail_v3 (high)
rapidai,tech_software_internet,llm_tail_v3 (high)
rasma-corporation-sdn-bhd,consulting_professional_services,llm_tail_v3 (medium)
reach-air-medical-services,healthcare_provider,llm_tail_v3 (high)
rebag,retail_ecommerce,llm_tail_v3 (high)
reece-usa,real_estate_construction,llm_tail_v3 (high)
remx-the-workforce-experts,consulting_professional_services,llm_tail_v3 (high)
reproductivefreedomforall,nonprofit,llm_tail_v3 (high)
request-technology-llc,consulting_professional_services,llm_tail_v3 (high)
reviverx,healthcare_pharma_biotech,llm_tail_v3 (high)
revolution-technologies,consulting_professional_services,llm_tail_v3 (high)
rh,retail_ecommerce,llm_tail_v3 (high)
rigel-technology-malaysia-sdn-bhd,consulting_professional_services,llm_tail_v3 (medium)
rippling,tech_software_internet,llm_tail_v3 (high)
rivian,automotive,llm_tail_v3 (high)
rohas-euco-industries-bhd,manufacturing,llm_tail_v3 (high)
roo,healthcare_provider,llm_tail_v3 (high)
rosendin,real_estate_construction,llm_tail_v3 (high)
ross-stores-inc,retail_ecommerce,llm_tail_v3 (high)
safar-gemilang-sdn-bhd,tech_software_internet,llm_tail_v3 (medium)
safetykit,tech_software_internet,llm_tail_v3 (high)
sagility,consulting_professional_services,llm_tail_v3 (high)
samaritan-s-purse,nonprofit,llm_tail_v3 (high)
samayaai,tech_software_internet,llm_tail_v3 (high)
san-manuel-band-of-mission-indians,media_entertainment,llm_tail_v3 (high)
saris-ai,tech_software_internet,llm_tail_v3 (high)
saxon-ai,consulting_professional_services,llm_tail_v3 (high)
sbt,tech_hardware_semiconductors,llm_tail_v3 (high)
scoreplay,media_entertainment,llm_tail_v3 (high)
screenvisiondirectinc,media_entertainment,llm_tail_v3 (high)
search-personnel-pte-ltd,consulting_professional_services,llm_tail_v3 (high)
secondharvest,nonprofit,llm_tail_v3 (high)
secu,finance_banking,llm_tail_v3 (high)
seesaw,education_k12,llm_tail_v3 (high)
segi-fresh,retail_ecommerce,llm_tail_v3 (high)
sensei,hospitality_food_service,llm_tail_v3 (high)
sfgiants,media_entertainment,llm_tail_v3 (high)
sime-darby-beyond-auto-sdn-bhd,automotive,llm_tail_v3 (high)
sirim-berhad,public_sector_government,llm_tail_v3 (high)
siriusxm,media_entertainment,llm_tail_v3 (high)
sk-magic-retails-malaysia-sdn-bhd,retail_ecommerce,llm_tail_v3 (high)
skill-bird,consulting_professional_services,llm_tail_v3 (high)
skyscanner,tech_software_internet,llm_tail_v3 (high)
slate,tech_software_internet,llm_tail_v3 (high)
smartrent,tech_software_internet,llm_tail_v3 (high)
solomonedwards,consulting_professional_services,llm_tail_v3 (high)
sourcepassinc,consulting_professional_services,llm_tail_v3 (high)
sphinx,tech_software_internet,llm_tail_v3 (medium)
staffing-technologies,consulting_professional_services,llm_tail_v3 (high)
star-hill-hotel-sdn-bhd-jw-marriott-kuala-lumpur,hospitality_food_service,llm_tail_v3 (high)
stashaway-malaysia-sdn-bhd,finance_fintech,llm_tail_v3 (high)
stone-forest,consulting_professional_services,llm_tail_v3 (high)
storiogroup,consumer_brands,llm_tail_v3 (high)
stream-environment-sdn-bhd,energy_utilities,llm_tail_v3 (medium)
substack,media_entertainment,llm_tail_v3 (high)
supergoop,consumer_brands,llm_tail_v3 (high)
suzuki-malaysia-automobile-sdn-bhd,automotive,llm_tail_v3 (high)
system1,media_entertainment,llm_tail_v3 (high)
tavus,tech_software_internet,llm_tail_v3 (high)
tc-restaurant-group,hospitality_food_service,llm_tail_v3 (high)
tea-garden-management-sdn-bhd,hospitality_food_service,llm_tail_v3 (medium)
tech-mahindra-ict-services-malaysia-sdn-bhd,consulting_professional_services,llm_tail_v3 (high)
techwish,consulting_professional_services,llm_tail_v3 (high)
the-phoenix-group,consulting_professional_services,llm_tail_v3 (high)
theathletic,media_entertainment,llm_tail_v3 (high)
thedurstorganization,real_estate_construction,llm_tail_v3 (high)
thesiscareers,consulting_professional_services,llm_tail_v3 (medium)
theweathercompany,media_entertainment,llm_tail_v3 (high)
third-party-platform-sdn-bhd,finance_fintech,llm_tail_v3 (high)
thrivecart,tech_software_internet,llm_tail_v3 (high)
tiaa,finance_fintech,llm_tail_v3 (high)
tolan,gaming,llm_tail_v3 (high)
tonal,consumer_brands,llm_tail_v3 (high)
topazlabs,tech_software_internet,llm_tail_v3 (high)
trackonomysystems,tech_hardware_semiconductors,llm_tail_v3 (high)
trellix,tech_software_internet,llm_tail_v3 (high)
truelayer,finance_fintech,llm_tail_v3 (high)
tucows,telecommunications,llm_tail_v3 (high)
twelve,energy_utilities,llm_tail_v3 (high)
typescouts,consulting_professional_services,llm_tail_v3 (high)
udig,consulting_professional_services,llm_tail_v3 (high)
uhy-llp-certified-public-accountants,consulting_professional_services,llm_tail_v3 (high)
umc,real_estate_construction,llm_tail_v3 (high)
unisys,tech_software_internet,llm_tail_v3 (high)
universaldx,healthcare_pharma_biotech,llm_tail_v3 (high)
upwardhealth,healthcare_provider,llm_tail_v3 (high)
upwork,tech_software_internet,llm_tail_v3 (high)
valpro,consulting_professional_services,llm_tail_v3 (high)
varite-inc,consulting_professional_services,llm_tail_v3 (high)
verto,finance_fintech,llm_tail_v3 (high)
vestiairecollective,retail_ecommerce,llm_tail_v3 (high)
vestland-resources-sdn-bhd,real_estate_construction,llm_tail_v3 (high)
vestmark,finance_fintech,llm_tail_v3 (high)
vii-style-holding-sdn-bhd,hospitality_food_service,llm_tail_v3 (medium)
vistra-corporate-services-malaysia-sdn-bhd,consulting_professional_services,llm_tail_v3 (high)
vistra-corporate-services-sea-pte-ltd,consulting_professional_services,llm_tail_v3 (high)
vitality-boost-sdn-bhd,consulting_professional_services,llm_tail_v3 (medium)
vitalize,tech_software_internet,llm_tail_v3 (medium)
volka,gaming,llm_tail_v3 (high)
vuori,consumer_brands,llm_tail_v3 (high)
waldorf-astoria-monarch-beach-resort-club,hospitality_food_service,llm_tail_v3 (high)
walleyecapital-external-fulltime,finance_fintech,llm_tail_v3 (high)
wentel-engineering-sdn-bhd,manufacturing,llm_tail_v3 (high)
windranger,finance_fintech,llm_tail_v3 (high)
wintoo-technology-sdn-bhd,consulting_professional_services,llm_tail_v3 (medium)
wood-master-furniture-manufacturing,manufacturing,llm_tail_v3 (high)
worldpay,finance_fintech,llm_tail_v3 (high)
wundercapital,energy_utilities,llm_tail_v3 (high)
xdinizioengage,consulting_professional_services,llm_tail_v3 (high)
ymca-of-greater-seattle,nonprofit,llm_tail_v3 (high)
yobi,media_entertainment,llm_tail_v3 (high)
zerohomes,real_estate_construction,llm_tail_v3 (high)
zodiac-capital-sdn-bhd,finance_fintech,llm_tail_v3 (medium)
zuellig-pharma-sdn-bhd,healthcare_pharma_biotech,llm_tail_v3 (high)
1company,consulting_professional_services,llm_tail_v3 (high)
1st-recruit-llc-an-e-verified-company,consulting_professional_services,llm_tail_v3 (high)
3eco,consulting_professional_services,llm_tail_v3 (high)
4e,consulting_professional_services,llm_tail_v3 (medium)
541,finance_fintech,llm_tail_v3 (high)
5minlab,gaming,llm_tail_v3 (high)
BranchInsurance,finance_insurance,llm_tail_v3 (high)
FitifyWorkouts,tech_software_internet,llm_tail_v3 (high)
GrowthX AI,consulting_professional_services,llm_tail_v3 (medium)
a-r-medicom-m-sdn-bhd,healthcare_devices,llm_tail_v3 (high)
aaa-northern-california-nevada-utah,finance_insurance,llm_tail_v3 (high)
aam-american-axle-manufacturing,automotive,llm_tail_v3 (high)
abnormal-security,tech_software_internet,llm_tail_v3 (high)
accountants-one,consulting_professional_services,llm_tail_v3 (high)
acme-markets,retail_ecommerce,llm_tail_v3 (high)
acumen,nonprofit,llm_tail_v3 (high)
adabi-consumer-industries-sdn-bhd,consumer_brands,llm_tail_v3 (high)
adecco-permanent-recruitment,consulting_professional_services,llm_tail_v3 (high)
advanced-energy-industries-malaysia-sdn-bhd,tech_hardware_semiconductors,llm_tail_v3 (high)
advantage-resourcing,consulting_professional_services,llm_tail_v3 (high)
advantis-global-is-becoming-inspyr-solutions,consulting_professional_services,llm_tail_v3 (high)
aeg,media_entertainment,llm_tail_v3 (high)
aimflex-systems-sdn-bhd,manufacturing,llm_tail_v3 (medium)
airbyte,tech_software_internet,llm_tail_v3 (high)
alephalpha,tech_software_internet,llm_tail_v3 (high)
alifsemi,tech_hardware_semiconductors,llm_tail_v3 (high)
allspice,tech_software_internet,llm_tail_v3 (high)
alpha-international-women-s-specialists-sdn-bhd,healthcare_provider,llm_tail_v3 (high)
alta-equipment-company,manufacturing,llm_tail_v3 (high)
altair,tech_software_internet,llm_tail_v3 (high)
altamiratechnologies,consulting_professional_services,llm_tail_v3 (high)
altec,manufacturing,llm_tail_v3 (high)
altmansolonuslp,consulting_professional_services,llm_tail_v3 (high)
aluminium-company-of-malaysia-berhad,manufacturing,llm_tail_v3 (high)
alvarez-marsal,consulting_professional_services,llm_tail_v3 (high)
americancapitalgroup,real_estate_construction,llm_tail_v3 (high)
americanoperator,consulting_professional_services,llm_tail_v3 (medium)
amerihealth-caritas,finance_insurance,llm_tail_v3 (high)
ampsortation,manufacturing,llm_tail_v3 (high)
anod-tech-industry-m-sdn-bhd,manufacturing,llm_tail_v3 (medium)
anomali,tech_software_internet,llm_tail_v3 (high)
aon-insurance-brokers-m-sdn-bhd,finance_insurance,llm_tail_v3 (high)
aperiasolutions,consulting_professional_services,llm_tail_v3 (high)
applied-medical,healthcare_devices,llm_tail_v3 (high)
april,finance_fintech,llm_tail_v3 (high)
aqua,energy_utilities,llm_tail_v3 (high)
aquabyte,agriculture_food_production,llm_tail_v3 (high)
arable,agriculture_food_production,llm_tail_v3 (high)
arb-interactive,gaming,llm_tail_v3 (high)
arcadiascience,healthcare_pharma_biotech,llm_tail_v3 (high)
arizona-biltmore-a-waldorf-astoria-resort,hospitality_food_service,llm_tail_v3 (high)
arkema-coating-resins-malaysia-sdn-bhd,manufacturing,llm_tail_v3 (high)
artian,tech_software_internet,llm_tail_v3 (high)
artisanpartners,finance_fintech,llm_tail_v3 (high)
asian-business-software-solutions-sdn-bhd,tech_software_internet,llm_tail_v3 (high)
astrion,defense_aerospace,llm_tail_v3 (high)
atariinc,gaming,llm_tail_v3 (high)
ati-restoration-llc,real_estate_construction,llm_tail_v3 (high)
atomic,consulting_professional_services,llm_tail_v3 (high)
avi-spl,consulting_professional_services,llm_tail_v3 (high)
axiad,tech_software_internet,llm_tail_v3 (high)
axion,tech_software_internet,llm_tail_v3 (high)
backpack,finance_fintech,llm_tail_v3 (high)
baosteel-can-making-malaysia-sdn-bhd,manufacturing,llm_tail_v3 (high)
barrington-james,consulting_professional_services,llm_tail_v3 (high)
beeducation-adventures-sdn-bhd,education_k12,llm_tail_v3 (medium)
beewise,agriculture_food_production,llm_tail_v3 (high)
bel,consumer_brands,llm_tail_v3 (high)
benchmark-electronics-m-sdn-bhd,tech_hardware_semiconductors,llm_tail_v3 (high)
besfellowship,education_k12,llm_tail_v3 (high)
betr,gaming,llm_tail_v3 (high)
big-grain-credit-sdn-bhd,finance_fintech,llm_tail_v3 (medium)
biofact-life-sdn-bhd,healthcare_pharma_biotech,llm_tail_v3 (medium)
bivacor-inc,healthcare_devices,llm_tail_v3 (high)
boss-solutions-global-sdn-bhd,consulting_professional_services,llm_tail_v3 (medium)
bouldercare,healthcare_provider,llm_tail_v3 (high)
brand-advance-ssp,media_entertainment,llm_tail_v3 (high)
brookfield-properties,real_estate_construction,llm_tail_v3 (high)
bullish-aim-sdn-bhd,real_estate_construction,llm_tail_v3 (medium)
burnt,finance_fintech,llm_tail_v3 (high)
business-media-international-sdn-bhd,media_entertainment,llm_tail_v3 (high)
businesswire,media_entertainment,llm_tail_v3 (high)
buspatrol,tech_software_internet,llm_tail_v3 (high)
buzzclan,consulting_professional_services,llm_tail_v3 (high)
cambium,consulting_professional_services,llm_tail_v3 (medium)
cannondale,consumer_brands,llm_tail_v3 (high)
capgemini-engineering,consulting_professional_services,llm_tail_v3 (high)
capital-region-boces,education_k12,llm_tail_v3 (high)
capital-vacations,hospitality_food_service,llm_tail_v3 (high)
carnot-ai,tech_software_internet,llm_tail_v3 (high)
centennial,real_estate_construction,llm_tail_v3 (medium)
central-coldstorage-kuching-sdn-bhd,transportation_logistics,llm_tail_v3 (high)
cerebra-consulting-inc,consulting_professional_services,llm_tail_v3 (high)
chailease-berjaya-credit-sdn-bhd,finance_fintech,llm_tail_v3 (high)
chambercardio,healthcare_provider,llm_tail_v3 (high)
chenega-security-sbu,defense_aerospace,llm_tail_v3 (high)
chobani,consumer_brands,llm_tail_v3 (high)
circana,consulting_professional_services,llm_tail_v3 (high)
clearcapital,tech_software_internet,llm_tail_v3 (high)
clearco,finance_fintech,llm_tail_v3 (high)
close,tech_software_internet,llm_tail_v3 (high)
cloud-destinations,consulting_professional_services,llm_tail_v3 (high)
codebase-inc,consulting_professional_services,llm_tail_v3 (high)
comfori-sdn-bhd,consulting_professional_services,llm_tail_v3 (high)
compex-technologies-sdn-bhd,tech_software_internet,llm_tail_v3 (medium)
comptechcomputertechnologies,consulting_professional_services,llm_tail_v3 (high)
comun,finance_fintech,llm_tail_v3 (high)
conetic-group,consulting_professional_services,llm_tail_v3 (medium)
conlay-construction-sdn-bhd,real_estate_construction,llm_tail_v3 (high)
convelio,transportation_logistics,llm_tail_v3 (high)
cosm,media_entertainment,llm_tail_v3 (high)
coursecareers,education_higher,llm_tail_v3 (high)
creativex,tech_software_internet,llm_tail_v3 (high)
cred,finance_fintech,llm_tail_v3 (high)
creditunionofcolorado,finance_banking,llm_tail_v3 (high)
crg,consulting_professional_services,llm_tail_v3 (high)
crst-the-transportation-solution-inc,transportation_logistics,llm_tail_v3 (high)
csg-talent,consulting_professional_services,llm_tail_v3 (high)
ctdi,telecommunications,llm_tail_v3 (high)
cts-complete-technical-services,consulting_professional_services,llm_tail_v3 (high)
custom-food-ingredients-sdn-bhd,agriculture_food_production,llm_tail_v3 (high)
custom-truck-one-source,manufacturing,llm_tail_v3 (high)
daher,defense_aerospace,llm_tail_v3 (high)
dataskate,consulting_professional_services,llm_tail_v3 (medium)
davistechnologymanagement,consulting_professional_services,llm_tail_v3 (high)
daybreakgames,gaming,llm_tail_v3 (high)
daydream,tech_software_internet,llm_tail_v3 (medium)
delima-kinta-sdn-bhd,automotive,llm_tail_v3 (medium)
delta-dental-ins,finance_insurance,llm_tail_v3 (high)
delta-system-software-inc,consulting_professional_services,llm_tail_v3 (high)
democracyforward,nonprofit,llm_tail_v3 (high)
detroitlions,media_entertainment,llm_tail_v3 (high)
dfi-retail-group,retail_ecommerce,llm_tail_v3 (high)
diligent,real_estate_construction,llm_tail_v3 (medium)
diligente-technologies,consulting_professional_services,llm_tail_v3 (high)
direct-sales-recruiting-llc,consulting_professional_services,llm_tail_v3 (high)
disqo,media_entertainment,llm_tail_v3 (high)
diversified-automation,manufacturing,llm_tail_v3 (high)
dollskill,retail_ecommerce,llm_tail_v3 (high)
dp-professionals-dpp,consulting_professional_services,llm_tail_v3 (high)
dps-group-global,consulting_professional_services,llm_tail_v3 (high)
drb-hicom-berhad,automotive,llm_tail_v3 (high)
dream-finders-homes,real_estate_construction,llm_tail_v3 (high)
dropee,tech_software_internet,llm_tail_v3 (high)
duke-energy-corporation,energy_utilities,llm_tail_v3 (high)
e-business-international-inc,consulting_professional_services,llm_tail_v3 (high)
ecco-select,consulting_professional_services,llm_tail_v3 (high)
educative,tech_software_internet,llm_tail_v3 (high)
edwards-lifesciences-malaysia-sdn-bhd,healthcare_devices,llm_tail_v3 (high)
ekohealth,healthcare_devices,llm_tail_v3 (high)
electrolux-group,consumer_brands,llm_tail_v3 (high)
elektrisola-m-sdn-bhd,manufacturing,llm_tail_v3 (high)
elementscience,healthcare_devices,llm_tail_v3 (high)
embrace,tech_software_internet,llm_tail_v3 (high)
emslinqinc,tech_software_internet,llm_tail_v3 (high)
enboarder,tech_software_internet,llm_tail_v3 (high)
endeavor,media_entertainment,llm_tail_v3 (high)
eng-han-bina-sdn-bhd,real_estate_construction,llm_tail_v3 (medium)
enhesa,consulting_professional_services,llm_tail_v3 (high)
enterprise-peak,consulting_professional_services,llm_tail_v3 (high)
epay-policy,finance_fintech,llm_tail_v3 (high)
epic-games,gaming,llm_tail_v3 (high)
epicor-software-m-sdn-bhd,tech_software_internet,llm_tail_v3 (high)
esusu,tech_software_internet,llm_tail_v3 (high)
esw,tech_software_internet,llm_tail_v3 (high)
evergreennephrology,healthcare_provider,llm_tail_v3 (high)
evergy,energy_utilities,llm_tail_v3 (high)
evernorth-health-services,healthcare_provider,llm_tail_v3 (high)
expel,tech_software_internet,llm_tail_v3 (high)
express,retail_ecommerce,llm_tail_v3 (high)
ezytronic-sdn-bhd,retail_ecommerce,llm_tail_v3 (medium)
fairmont-orchid-hawaii,hospitality_food_service,llm_tail_v3 (high)
fannie-mae,finance_fintech,llm_tail_v3 (high)
finary,finance_fintech,llm_tail_v3 (high)
finsterai,finance_fintech,llm_tail_v3 (high)
first-pavilion-trading-sdn-bhd,consulting_professional_services,llm_tail_v3 (medium)
flashpoint.io,tech_software_internet,llm_tail_v3 (high)
fletcherjonesmotorcars,automotive,llm_tail_v3 (high)
flipdish,tech_software_internet,llm_tail_v3 (high)
flipp,tech_software_internet,llm_tail_v3 (high)
flock,finance_insurance,llm_tail_v3 (high)
flowserve-corporation,manufacturing,llm_tail_v3 (high)
fluxer-technology-sdn-bhd,tech_software_internet,llm_tail_v3 (medium)
focalsystems,tech_software_internet,llm_tail_v3 (high)
focus-point-vision-care-group-sdn-bhd,healthcare_devices,llm_tail_v3 (high)
foot-locker,retail_ecommerce,llm_tail_v3 (high)
fortesys-sdn-bhd,tech_software_internet,llm_tail_v3 (high)
fragomen-malaysia-sdn-bhd,legal_services,llm_tail_v3 (high)
freed,tech_software_internet,llm_tail_v3 (high)
fresenius-medical-care-production-sdn-bhd,healthcare_provider,llm_tail_v3 (high)
friends-of-youth,nonprofit,llm_tail_v3 (high)
fti-consulting,consulting_professional_services,llm_tail_v3 (high)
futureof-life,nonprofit,llm_tail_v3 (high)
futures-consulting-llc,consulting_professional_services,llm_tail_v3 (high)
gaf,manufacturing,llm_tail_v3 (high)
galactic-minds-inc,defense_aerospace,llm_tail_v3 (medium)
gameseven,media_entertainment,llm_tail_v3 (high)
garage,tech_software_internet,llm_tail_v3 (medium)
gd-pavilion-sdn-bhd,real_estate_construction,llm_tail_v3 (medium)
genesys,tech_software_internet,llm_tail_v3 (high)
genisis-technology-solutions,consulting_professional_services,llm_tail_v3 (high)
genomics,healthcare_pharma_biotech,llm_tail_v3 (high)
genpact-malaysia-sdn-bhd,consulting_professional_services,llm_tail_v3 (high)
georgia-it-inc,consulting_professional_services,llm_tail_v3 (high)
georgia-tech-research-institute,defense_aerospace,llm_tail_v3 (high)
getground,finance_fintech,llm_tail_v3 (high)
globalaccelerator,consulting_professional_services,llm_tail_v3 (high)
globalelitecareers,finance_insurance,llm_tail_v3 (high)
glocomms,consulting_professional_services,llm_tail_v3 (high)
glory-global-solutions-m,tech_hardware_semiconductors,llm_tail_v3 (high)
gmo,finance_fintech,llm_tail_v3 (high)
gptzero,tech_software_internet,llm_tail_v3 (high)
grand-fitness,consumer_brands,llm_tail_v3 (medium)
granite-construction,real_estate_construction,llm_tail_v3 (high)
graphic-packaging-international-llc,manufacturing,llm_tail_v3 (high)
graphite,tech_software_internet,llm_tail_v3 (high)
greenwaveradios,telecommunications,llm_tail_v3 (high)
grotto,tech_software_internet,llm_tail_v3 (medium)
gsa,public_sector_government,llm_tail_v3 (high)
gsk,healthcare_pharma_biotech,llm_tail_v3 (high)
gwkinvestmentmanagementllc,finance_fintech,llm_tail_v3 (high)
h-r-block,finance_fintech,llm_tail_v3 (high)
halliburton,energy_utilities,llm_tail_v3 (high)
hanover-park,finance_fintech,llm_tail_v3 (medium)
hard-rock-hotel-casino-bristol,media_entertainment,llm_tail_v3 (high)
harmony-new-energy-auto-service-malaysia-sdn-bhd,automotive,llm_tail_v3 (high)
harris-computer,tech_software_internet,llm_tail_v3 (high)
harrisenergysolutions,energy_utilities,llm_tail_v3 (high)
harrison.ai,tech_software_internet,llm_tail_v3 (high)
haus,media_entertainment,llm_tail_v3 (high)
hcesquared,consulting_professional_services,llm_tail_v3 (medium)
hcl-global-systems-inc,consulting_professional_services,llm_tail_v3 (high)
healthfirst,finance_insurance,llm_tail_v3 (high)
hearthside-food-solutions,agriculture_food_production,llm_tail_v3 (high)
henderson-scott,consulting_professional_services,llm_tail_v3 (high)
henkel,consumer_brands,llm_tail_v3 (high)
henry-butcher-malaysia-mont-kiara-sdn-bhd,real_estate_construction,llm_tail_v3 (high)
herbaline-global-wellness-group,consumer_brands,llm_tail_v3 (high)
herm-s,retail_ecommerce,llm_tail_v3 (high)
heymilo,tech_software_internet,llm_tail_v3 (high)
hilti-north-america,manufacturing,llm_tail_v3 (high)
hka-enterprises,consulting_professional_services,llm_tail_v3 (high)
hong-poh-engineering-construction-sdn-bhd,real_estate_construction,llm_tail_v3 (high)
housinganywhere,real_estate_construction,llm_tail_v3 (high)
hpmt-industries-sdn-bhd,manufacturing,llm_tail_v3 (high)
hrc-international,hospitality_food_service,llm_tail_v3 (high)
hubbell-incorporated,manufacturing,llm_tail_v3 (high)
hubblenetwork,defense_aerospace,llm_tail_v3 (high)
hugo-boss-malaysia-sdn-bhd,consumer_brands,llm_tail_v3 (high)
hunter-douglas-inc,manufacturing,llm_tail_v3 (high)
hwa-tai-industries-berhad,agriculture_food_production,llm_tail_v3 (high)
hyperfine53,healthcare_devices,llm_tail_v3 (high)
hyperproof,tech_software_internet,llm_tail_v3 (high)
icon-strategic-solutions,healthcare_pharma_biotech,llm_tail_v3 (high)
iconsultera,consulting_professional_services,llm_tail_v3 (high)
ideogram,tech_software_internet,llm_tail_v3 (high)
iff,consumer_brands,llm_tail_v3 (high)
ikimie-technology,consulting_professional_services,llm_tail_v3 (medium)
imbibeinc,consumer_brands,llm_tail_v3 (high)
imcs-group,healthcare_provider,llm_tail_v3 (high)
inazume-m-sdn-bhd,real_estate_construction,llm_tail_v3 (medium)
inductive-bio,healthcare_pharma_biotech,llm_tail_v3 (high)
inmarket,media_entertainment,llm_tail_v3 (high)
institut-darul-ridzuan-bhd,public_sector_government,llm_tail_v3 (medium)
intco-malaysia-sdn-bhd,manufacturing,llm_tail_v3 (high)
intelligent-advisory-sdn-bhd,consulting_professional_services,llm_tail_v3 (medium)
intermexwiretransfer,finance_fintech,llm_tail_v3 (high)
iscistech-business-solutions-sdn-bhd,consulting_professional_services,llm_tail_v3 (medium)
itmax-system-berhad,tech_software_internet,llm_tail_v3 (high)
jito.wtf,finance_fintech,llm_tail_v3 (high)
jmawireless,telecommunications,llm_tail_v3 (high)
jobsguru-sdn-bhd,consulting_professional_services,llm_tail_v3 (medium)
joul,consulting_professional_services,llm_tail_v3 (high)
jp-morgan-chase-bank-bhd,finance_banking,llm_tail_v3 (high)
jti-japan-tobacco-international,consumer_brands,llm_tail_v3 (high)
jubin-bms-1990-sdn-bhd,real_estate_construction,llm_tail_v3 (medium)
judge-direct-placement,consulting_professional_services,llm_tail_v3 (high)
kaefer-integrated-services-pty-ltd,consulting_professional_services,llm_tail_v3 (high)
kaizenlabs,tech_software_internet,llm_tail_v3 (high)
kastle,tech_software_internet,llm_tail_v3 (high)
kejuruteraan-qks-sdn-bhd,real_estate_construction,llm_tail_v3 (medium)
kepler-ai,tech_software_internet,llm_tail_v3 (high)
kinergy-limited,energy_utilities,llm_tail_v3 (medium)
kiss-products-inc,consumer_brands,llm_tail_v3 (high)
kivaorg,nonprofit,llm_tail_v3 (high)
kl-wellness-city-sdn-bhd,real_estate_construction,llm_tail_v3 (high)
kloeckner-metals-americas,manufacturing,llm_tail_v3 (high)
koda-woodcraft-sdn-bhd,manufacturing,llm_tail_v3 (high)
koperasi-tentera,finance_banking,llm_tail_v3 (high)
kpdnhep,public_sector_government,llm_tail_v3 (high)
kraftonindia,gaming,llm_tail_v3 (high)
kraken-kinetics,defense_aerospace,llm_tail_v3 (high)
kunai,consulting_professional_services,llm_tail_v3 (high)
kustomer,tech_software_internet,llm_tail_v3 (high)
langfuse,tech_software_internet,llm_tail_v3 (high)
larkinstreetyouthservices,nonprofit,llm_tail_v3 (high)
lattice,tech_software_internet,llm_tail_v3 (high)
leapwork,tech_software_internet,llm_tail_v3 (high)
legend-integrated-logistics-sdn-bhd,transportation_logistics,llm_tail_v3 (high)
levelup-hcs,consulting_professional_services,llm_tail_v3 (high)
lig,consulting_professional_services,llm_tail_v3 (medium)
linde-malaysia-sdn-bhd,manufacturing,llm_tail_v3 (high)
linqia,media_entertainment,llm_tail_v3 (high)
livein-sdn-bhd,real_estate_construction,llm_tail_v3 (medium)
livescore9,gaming,llm_tail_v3 (high)
louis-vuitton,consumer_brands,llm_tail_v3 (high)
lovesac,retail_ecommerce,llm_tail_v3 (high)
lucenxia-m-sdn-bhd,healthcare_devices,llm_tail_v3 (medium)
lyondellbasell,manufacturing,llm_tail_v3 (high)
m3,tech_software_internet,llm_tail_v3 (high)
macom,tech_hardware_semiconductors,llm_tail_v3 (high)
macquarie-group,finance_banking,llm_tail_v3 (high)
magentic,tech_software_internet,llm_tail_v3 (high)
magnit,consulting_professional_services,llm_tail_v3 (high)
magnum-4d-berhad,gaming,llm_tail_v3 (high)
mainstay,consulting_professional_services,llm_tail_v3 (medium)
majuhome,retail_ecommerce,llm_tail_v3 (high)
makita-power-tools-malaysia-sdn-bhd,manufacturing,llm_tail_v3 (high)
manscaped,consumer_brands,llm_tail_v3 (high)
mapletree-investments-pte-ltd,real_estate_construction,llm_tail_v3 (high)
marloo,tech_software_internet,llm_tail_v3 (medium)
massmutual,finance_insurance,llm_tail_v3 (high)
matic,finance_insurance,llm_tail_v3 (high)
mattress-firm,retail_ecommerce,llm_tail_v3 (high)
mcdonald-s-malaysia-gerbang-alaf-restaurants-sdn-bhd,hospitality_food_service,llm_tail_v3 (high)
md-capital-berhad,finance_fintech,llm_tail_v3 (medium)
metron,defense_aerospace,llm_tail_v3 (high)
metronet,telecommunications,llm_tail_v3 (high)
midstream,tech_software_internet,llm_tail_v3 (medium)
milton-cat,manufacturing,llm_tail_v3 (high)
miracle-software-systems-inc,consulting_professional_services,llm_tail_v3 (high)
miracom-hive,consulting_professional_services,llm_tail_v3 (medium)
mirelo,tech_software_internet,llm_tail_v3 (high)
mishimoto,automotive,llm_tail_v3 (high)
mka-cabinet-design-m-sdn-bhd,real_estate_construction,llm_tail_v3 (medium)
mobiik,consulting_professional_services,llm_tail_v3 (high)
mobile-mini-solutions,real_estate_construction,llm_tail_v3 (high)
mobilityware,gaming,llm_tail_v3 (high)
momentumcompany3,tech_software_internet,llm_tail_v3 (medium)
mondelez-malaysia-sdn-bhd,consumer_brands,llm_tail_v3 (high)
mondo,consulting_professional_services,llm_tail_v3 (high)
monkey-s-canopy-resort,hospitality_food_service,llm_tail_v3 (high)
mosaic,finance_fintech,llm_tail_v3 (high)
mosaic-life-care,healthcare_provider,llm_tail_v3 (high)
msa-the-safety-company,manufacturing,llm_tail_v3 (high)
mulia-property-development-sdn-bhd,real_estate_construction,llm_tail_v3 (high)
my-e-g-services-bhd,tech_software_internet,llm_tail_v3 (high)
my-hero-hypermarket-sdn-bhd,retail_ecommerce,llm_tail_v3 (high)
mytos,healthcare_pharma_biotech,llm_tail_v3 (high)
nagaworld,media_entertainment,llm_tail_v3 (high)
nanofilm-technologies-international-ltd,manufacturing,llm_tail_v3 (high)
nebula,consulting_professional_services,llm_tail_v3 (high)
netsmart,tech_software_internet,llm_tail_v3 (high)
new-relic,tech_software_internet,llm_tail_v3 (high)
newpages-network-sdn-bhd,tech_software_internet,llm_tail_v3 (medium)
nextracker-inc,energy_utilities,llm_tail_v3 (high)
nibiru,finance_fintech,llm_tail_v3 (high)
nikola-corporation,automotive,llm_tail_v3 (high)
ninedotholdingsinc,real_estate_construction,llm_tail_v3 (medium)
noblis,defense_aerospace,llm_tail_v3 (high)
nomos,tech_software_internet,llm_tail_v3 (medium)
nory,tech_software_internet,llm_tail_v3 (high)
novel-leap-sdn-bhd,finance_fintech,llm_tail_v3 (medium)
npowermedicine,healthcare_pharma_biotech,llm_tail_v3 (high)
nsrg,finance_fintech,llm_tail_v3 (high)
ocean-labs-technology-sdn-bhd,consulting_professional_services,llm_tail_v3 (medium)
offgamers-sdn-bhd,gaming,llm_tail_v3 (high)
office-of-personnel-management,public_sector_government,llm_tail_v3 (high)
oleria-security,tech_software_internet,llm_tail_v3 (high)
onbe,finance_fintech,llm_tail_v3 (high)
one-it-corp,consulting_professional_services,llm_tail_v3 (high)
onecampaign,nonprofit,llm_tail_v3 (high)
oneleet,tech_software_internet,llm_tail_v3 (high)
opencoreventures,consulting_professional_services,llm_tail_v3 (medium)
opti-staffing-group,consulting_professional_services,llm_tail_v3 (high)
ordergroove,tech_software_internet,llm_tail_v3 (high)
oriongroup,consulting_professional_services,llm_tail_v3 (medium)
outset,tech_software_internet,llm_tail_v3 (medium)
owens-corning,manufacturing,llm_tail_v3 (high)
panteracapitalcareers,finance_fintech,llm_tail_v3 (high)
paralleldomain,tech_software_internet,llm_tail_v3 (high)
partnership-healthplan-of-california,finance_insurance,llm_tail_v3 (high)
partumhealth,healthcare_provider,llm_tail_v3 (high)
payzen-inc,finance_fintech,llm_tail_v3 (high)
pc-group,real_estate_construction,llm_tail_v3 (medium)
pelaburan-hartanah-berhad,real_estate_construction,llm_tail_v3 (high)
pembinaan-sujaman-sdn-bhd,real_estate_construction,llm_tail_v3 (high)
pendulum,consumer_brands,llm_tail_v3 (high)
perbadanan-bekalan-air-pulau-pinang-sdn-bhd,energy_utilities,llm_tail_v3 (high)
percetakan-tenaga-sdn-bhd,media_entertainment,llm_tail_v3 (medium)
peritus-inc,consulting_professional_services,llm_tail_v3 (high)
permutive,tech_software_internet,llm_tail_v3 (high)
pet-universe-sdn-bhd,consumer_brands,llm_tail_v3 (high)
petroliam-nasional-berhad-petronas,energy_utilities,llm_tail_v3 (high)
pgf-insulation-sdn-bhd-a-company-of-pgf-capital-berhad,manufacturing,llm_tail_v3 (high)
phia,tech_software_internet,llm_tail_v3 (high)
phillip-securities-pte-ltd,finance_fintech,llm_tail_v3 (high)
pilot-fiber,telecommunications,llm_tail_v3 (high)
pinnacle-live,media_entertainment,llm_tail_v3 (high)
pkl-manufacturers-sdn-bhd,manufacturing,llm_tail_v3 (high)
point-one-navigation,tech_hardware_semiconductors,llm_tail_v3 (high)
pointc,finance_insurance,llm_tail_v3 (high)
polygon-labs,finance_fintech,llm_tail_v3 (high)
powercap-electric-sdn-bhd,energy_utilities,llm_tail_v3 (medium)
ppmd,healthcare_provider,llm_tail_v3 (high)
premier-integrated-labs-sdn-bhd,healthcare_pharma_biotech,llm_tail_v3 (high)
primary-services,consulting_professional_services,llm_tail_v3 (high)
privasia-sdn-bhd,tech_software_internet,llm_tail_v3 (high)
procept-biorobotics,healthcare_devices,llm_tail_v3 (high)
prokeep,tech_software_internet,llm_tail_v3 (high)
prosper-ai,tech_software_internet,llm_tail_v3 (high)
pure-storage,tech_software_internet,llm_tail_v3 (high)
putnamassociatesllc,consulting_professional_services,llm_tail_v3 (high)
quidelortho,healthcare_devices,llm_tail_v3 (high)
radixuniversity,finance_fintech,llm_tail_v3 (high)
rapidfortinc,tech_software_internet,llm_tail_v3 (high)
rapidmicrobio,healthcare_pharma_biotech,llm_tail_v3 (high)
ravenna,tech_software_internet,llm_tail_v3 (high)
reading-truck,manufacturing,llm_tail_v3 (high)
realitydefender,tech_software_internet,llm_tail_v3 (high)
reckitt-malaysia,consumer_brands,llm_tail_v3 (high)
released,consulting_professional_services,llm_tail_v3 (medium)
rennscotmfg,manufacturing,llm_tail_v3 (high)
rentokil-initial-m-sdn-bhd,consumer_brands,llm_tail_v3 (medium)
righttalents-llc,consulting_professional_services,llm_tail_v3 (high)
riverwoods,healthcare_provider,llm_tail_v3 (high)
rmj-consulting-sdn-bhd,consulting_professional_services,llm_tail_v3 (medium)
roadrunner-studios,consulting_professional_services,llm_tail_v3 (medium)
robin-ai,tech_software_internet,llm_tail_v3 (high)
robust-hpc-sdn-bhd,consulting_professional_services,llm_tail_v3 (high)
rocketmiles,tech_software_internet,llm_tail_v3 (high)
rondoenergy,energy_utilities,llm_tail_v3 (high)
rti,tech_software_internet,llm_tail_v3 (high)
rw1,consulting_professional_services,llm_tail_v3 (medium)
rxvantage,tech_software_internet,llm_tail_v3 (high)
rylo,tech_hardware_semiconductors,llm_tail_v3 (high)
s-c-electric-company,manufacturing,llm_tail_v3 (high)
salesworks-sdn-bhd,consulting_professional_services,llm_tail_v3 (medium)
sanctuary,real_estate_construction,llm_tail_v3 (medium)
sapura-resources-berhad,defense_aerospace,llm_tail_v3 (high)
schaeffler-bearings-malaysia-sdn-bhd,manufacturing,llm_tail_v3 (high)
scientific-search,consulting_professional_services,llm_tail_v3 (high)
scn-search-consulting-network,consulting_professional_services,llm_tail_v3 (high)
seaportglobal,finance_banking,llm_tail_v3 (high)
sem-matic-sdn-bhd,manufacturing,llm_tail_v3 (high)
sena-letrik-m-sdn-bhd,real_estate_construction,llm_tail_v3 (medium)
sensmore,manufacturing,llm_tail_v3 (medium)
serba-wangi-sdn-bhd,consulting_professional_services,llm_tail_v3 (medium)
signature-distribution-sdn-bhd,consulting_professional_services,llm_tail_v3 (medium)
skanska,real_estate_construction,llm_tail_v3 (high)
slg-construction-sdn-bhd,real_estate_construction,llm_tail_v3 (high)
smec-m-sdn-bhd,consulting_professional_services,llm_tail_v3 (high)
sofarocean,tech_hardware_semiconductors,llm_tail_v3 (high)
sol-technology-partners,consulting_professional_services,llm_tail_v3 (high)
solidpower,manufacturing,llm_tail_v3 (high)
solopulseco,defense_aerospace,llm_tail_v3 (high)
sourcegraph91,tech_software_internet,llm_tail_v3 (high)
spinnakersupport,tech_software_internet,llm_tail_v3 (high)
spotme,tech_software_internet,llm_tail_v3 (high)
spotter,media_entertainment,llm_tail_v3 (high)
square,finance_fintech,llm_tail_v3 (high)
sri-kdu-sdn-bhd,education_k12,llm_tail_v3 (high)
stable,tech_software_internet,llm_tail_v3 (high)
staff-management-smx,consulting_professional_services,llm_tail_v3 (high)
staffbright,consulting_professional_services,llm_tail_v3 (high)
strateq-group-strateq-sdn-bhd,consulting_professional_services,llm_tail_v3 (high)
stream-empire-holdings,consulting_professional_services,llm_tail_v3 (medium)
suite-studios,tech_software_internet,llm_tail_v3 (high)
sunway-construction-sdn-bhd,real_estate_construction,llm_tail_v3 (high)
swca-environmental-consultants,consulting_professional_services,llm_tail_v3 (high)
swipe-say-easy,media_entertainment,llm_tail_v3 (medium)
tailwind,tech_software_internet,llm_tail_v3 (high)
taion-sdn-bhd,manufacturing,llm_tail_v3 (medium)
tce-tackles-sdn-bhd,consumer_brands,llm_tail_v3 (medium)
teleflex,healthcare_devices,llm_tail_v3 (high)
teleperformance,consulting_professional_services,llm_tail_v3 (high)
tempus-unlimited-inc,nonprofit,llm_tail_v3 (high)
the-select-group,consulting_professional_services,llm_tail_v3 (high)
thesalesfactory,consulting_professional_services,llm_tail_v3 (high)
times-ceramica-sdn-bhd,manufacturing,llm_tail_v3 (high)
toll-brothers,real_estate_construction,llm_tail_v3 (high)
tomei-consolidated-berhad,retail_ecommerce,llm_tail_v3 (high)
torchdental,tech_software_internet,llm_tail_v3 (high)
trc-talent-solutions,consulting_professional_services,llm_tail_v3 (high)
treeline-inc,consulting_professional_services,llm_tail_v3 (high)
trellahealth,tech_software_internet,llm_tail_v3 (high)
triedge-investments,finance_fintech,llm_tail_v3 (medium)
truwater-cooling-towers-sdn-bhd,manufacturing,llm_tail_v3 (medium)
turbineone,defense_aerospace,llm_tail_v3 (high)
tutor-time-childcare,education_k12,llm_tail_v3 (high)
uac-berhad,manufacturing,llm_tail_v3 (high)
ukm-specialist-centre-sdn-bhd,healthcare_provider,llm_tail_v3 (high)
ul-solutions,consulting_professional_services,llm_tail_v3 (high)
ultra-clean-technology,tech_hardware_semiconductors,llm_tail_v3 (high)
united-it,consulting_professional_services,llm_tail_v3 (high)
unybrands,retail_ecommerce,llm_tail_v3 (high)
uob-kay-hian-securities-m-sdn-bhd,finance_fintech,llm_tail_v3 (high)
uplane,tech_software_internet,llm_tail_v3 (high)
uts-marketing-solutions-sdn-bhd,consulting_professional_services,llm_tail_v3 (medium)
vans,consumer_brands,llm_tail_v3 (high)
verity-intelligence-sdn-bhd,consulting_professional_services,llm_tail_v3 (medium)
vertiv,manufacturing,llm_tail_v3 (high)
vh-associates-sdn-bhd,consulting_professional_services,llm_tail_v3 (medium)
vidmob,media_entertainment,llm_tail_v3 (high)
viggle,tech_software_internet,llm_tail_v3 (high)
virtue-ai,tech_software_internet,llm_tail_v3 (high)
vsco39,tech_software_internet,llm_tail_v3 (high)
vulcan-materials-company,manufacturing,llm_tail_v3 (high)
wahi,real_estate_construction,llm_tail_v3 (high)
water-engineering-technology-sdn-bhd,real_estate_construction,llm_tail_v3 (medium)
waterworks,manufacturing,llm_tail_v3 (high)
wellfit,tech_software_internet,llm_tail_v3 (medium)
western-area-power-administration,public_sector_government,llm_tail_v3 (high)
wfclainc,media_entertainment,llm_tail_v3 (high)
withflex,tech_software_internet,llm_tail_v3 (high)
xoriant,consulting_professional_services,llm_tail_v3 (high)
ye-chiu-non-ferrous-metal-m-sdn-bhd,manufacturing,llm_tail_v3 (high)
yeet,tech_software_internet,llm_tail_v3 (high)
ymca-of-greater-houston,nonprofit,llm_tail_v3 (high)
zelis,finance_insurance,llm_tail_v3 (high)
zhongshi-chemical-engineering-construction-malaysia-sdn-bhd,real_estate_construction,llm_tail_v3 (high)
zurichinstruments,tech_hardware_semiconductors,llm_tail_v3 (high)
zwift,tech_software_internet,llm_tail_v3 (high)
86repairs,consulting_professional_services,llm_tail_v3 (high)
908devicesinc,healthcare_devices,llm_tail_v3 (high)
BlueMatrix,finance_fintech,llm_tail_v3 (high)
Substrate,tech_hardware_semiconductors,llm_tail_v3 (high)
a24,media_entertainment,llm_tail_v3 (high)
abacus-group-llc,consulting_professional_services,llm_tail_v3 (high)
abhidi-solution-sdn-bhd,consulting_professional_services,llm_tail_v3 (high)
abx-express-m-sdn-bhd,transportation_logistics,llm_tail_v3 (high)
academy-sports-outdoors,retail_ecommerce,llm_tail_v3 (high)
ace-gases-sdn-bhd,manufacturing,llm_tail_v3 (high)
acog,nonprofit,llm_tail_v3 (high)
action-behavior-centers-aba-therapy-for-autism,healthcare_provider,llm_tail_v3 (high)
adaptivefinancialconsulting,consulting_professional_services,llm_tail_v3 (high)
addx,finance_fintech,llm_tail_v3 (high)
adena-corporation,real_estate_construction,llm_tail_v3 (high)
advanced-assembly-materials-m-sdn-bhd,manufacturing,llm_tail_v3 (high)
advantex-professional-services,consulting_professional_services,llm_tail_v3 (high)
aegon,finance_insurance,llm_tail_v3 (high)
aerispartners.com,finance_banking,llm_tail_v3 (high)
affinitiv,media_entertainment,llm_tail_v3 (high)
ag1,consumer_brands,llm_tail_v3 (high)
agilent-technologies-lda-malaysia-sdn-bhd,manufacturing,llm_tail_v3 (high)
ajinomoto-malaysia-berhad,consumer_brands,llm_tail_v3 (high)
akasa,tech_software_internet,llm_tail_v3 (high)
alight-solutions,consulting_professional_services,llm_tail_v3 (high)
allianz-life,finance_insurance,llm_tail_v3 (high)
alljoined,healthcare_pharma_biotech,llm_tail_v3 (medium)
allnex-malaysia-sdn-bhd,manufacturing,llm_tail_v3 (high)
alloy-kitchen-marketing-sdn-bhd,real_estate_construction,llm_tail_v3 (medium)
alo-yoga,retail_ecommerce,llm_tail_v3 (high)
alpha-masterclass-sdn-bhd,finance_fintech,llm_tail_v3 (medium)
altarum,consulting_professional_services,llm_tail_v3 (high)
altium,tech_software_internet,llm_tail_v3 (high)
alton-intelligent-technology-sdn-bhd,manufacturing,llm_tail_v3 (medium)
alva-energy,energy_utilities,llm_tail_v3 (high)
amarok,real_estate_construction,llm_tail_v3 (medium)
american-family-insurance,finance_insurance,llm_tail_v3 (high)
american-water,energy_utilities,llm_tail_v3 (high)
amount,finance_fintech,llm_tail_v3 (high)
ampeco-global,tech_software_internet,llm_tail_v3 (high)
ana-corp,defense_aerospace,llm_tail_v3 (medium)
anellophotonics,tech_hardware_semiconductors,llm_tail_v3 (high)
aogarciaagency,finance_insurance,llm_tail_v3 (high)
apex-pharmacy-marketing-sdn-bhd,healthcare_pharma_biotech,llm_tail_v3 (high)
aqua-voice,tech_software_internet,llm_tail_v3 (high)
artera,tech_software_internet,llm_tail_v3 (high)
arvinas,healthcare_pharma_biotech,llm_tail_v3 (high)
asia-leisure-car-rental-sdn-bhd,automotive,llm_tail_v3 (high)
asian-pac-holdings-bhd,real_estate_construction,llm_tail_v3 (high)
asian-trails-m-sdn-bhd,hospitality_food_service,llm_tail_v3 (high)
asteriai,tech_software_internet,llm_tail_v3 (high)
astino-berhad,manufacturing,llm_tail_v3 (high)
ataraxis-ai,healthcare_pharma_biotech,llm_tail_v3 (high)
atlas-air,transportation_logistics,llm_tail_v3 (high)
atr-international,consulting_professional_services,llm_tail_v3 (high)
attaintalent,consulting_professional_services,llm_tail_v3 (high)
automat,tech_software_internet,llm_tail_v3 (high)
autowell-technology,manufacturing,llm_tail_v3 (high)
avance-consulting,consulting_professional_services,llm_tail_v3 (high)
avancez-llc,automotive,llm_tail_v3 (high)
avi-foodsystems,hospitality_food_service,llm_tail_v3 (high)
aviatornation,consumer_brands,llm_tail_v3 (high)
awatra-sdn-bhd,consulting_professional_services,llm_tail_v3 (medium)
ballinger,consulting_professional_services,llm_tail_v3 (high)
bandar-utama-city-centre-sdn-bhd,real_estate_construction,llm_tail_v3 (high)
bankjoy,tech_software_internet,llm_tail_v3 (high)
barkley,media_entertainment,llm_tail_v3 (high)
basis-bay-group,consulting_professional_services,llm_tail_v3 (medium)
bateriku-m-sdn-bhd,automotive,llm_tail_v3 (medium)
bd-malaysia,healthcare_devices,llm_tail_v3 (high)
beamup,tech_software_internet,llm_tail_v3 (high)
bedrock,tech_software_internet,llm_tail_v3 (high)
behavox,tech_software_internet,llm_tail_v3 (high)
beryl-s-chocolate-confectionery-sdn-bhd,consumer_brands,llm_tail_v3 (high)
besteel-berhad,manufacturing,llm_tail_v3 (high)
bethesda-game-studios,gaming,llm_tail_v3 (high)
bettermoney,finance_fintech,llm_tail_v3 (high)
binalyze,tech_software_internet,llm_tail_v3 (high)
biomarin-pharmaceutical-inc,healthcare_pharma_biotech,llm_tail_v3 (high)
bitstack,finance_fintech,llm_tail_v3 (high)
blinkux,consulting_professional_services,llm_tail_v3 (high)
bliro,tech_software_internet,llm_tail_v3 (high)
blue-chip-talent,consulting_professional_services,llm_tail_v3 (high)
blusky-restoration-contractors,real_estate_construction,llm_tail_v3 (high)
bond-m-e-sdn-bhd,real_estate_construction,llm_tail_v3 (medium)
bradken-casting-m-sdn-bhd,manufacturing,llm_tail_v3 (high)
bradyplus,retail_ecommerce,llm_tail_v3 (medium)
brand-knew,media_entertainment,llm_tail_v3 (high)
bravotech,consulting_professional_services,llm_tail_v3 (high)
browserbase,tech_software_internet,llm_tail_v3 (high)
brp,manufacturing,llm_tail_v3 (high)
bruker-daltonics,healthcare_devices,llm_tail_v3 (high)
buffalo-rock-company,consumer_brands,llm_tail_v3 (high)
callrail,tech_software_internet,llm_tail_v3 (high)
calrecycle,public_sector_government,llm_tail_v3 (high)
campbell-soup-southeast-asia-sdn-bhd,consumer_brands,llm_tail_v3 (high)
careers.azx.io,tech_software_internet,llm_tail_v3 (high)
carusoaffiliated,real_estate_construction,llm_tail_v3 (high)
cbai,nonprofit,llm_tail_v3 (high)
ccm-chemicals-sdn-bhd,manufacturing,llm_tail_v3 (high)
cei,consulting_professional_services,llm_tail_v3 (high)
cellanome,healthcare_pharma_biotech,llm_tail_v3 (high)
centerfield-business-solutions-sdn-bhd,consulting_professional_services,llm_tail_v3 (medium)
century-group,consulting_professional_services,llm_tail_v3 (high)
cezars-kitchen-sdn-bhd,hospitality_food_service,llm_tail_v3 (high)
chart-industries-inc,manufacturing,llm_tail_v3 (high)
chick-fil-a-corporate-support-center,hospitality_food_service,llm_tail_v3 (high)
chooose,tech_software_internet,llm_tail_v3 (high)
chorusinnovations,tech_software_internet,llm_tail_v3 (high)
chowbus,tech_software_internet,llm_tail_v3 (high)
chronograph,tech_software_internet,llm_tail_v3 (high)
chuan-huat-resources-berhad,manufacturing,llm_tail_v3 (high)
chuan-sin-sdn-bhd,consumer_brands,llm_tail_v3 (high)
chubb,finance_insurance,llm_tail_v3 (high)
circuithub,manufacturing,llm_tail_v3 (high)
citian,tech_software_internet,llm_tail_v3 (high)
city-facilities-management-sdn-bhd,real_estate_construction,llm_tail_v3 (high)
clair,finance_fintech,llm_tail_v3 (high)
clarium,tech_software_internet,llm_tail_v3 (high)
clearlink,media_entertainment,llm_tail_v3 (high)
clicktherapeutics,healthcare_pharma_biotech,llm_tail_v3 (high)
cobank,finance_banking,llm_tail_v3 (high)
codeforamerica,nonprofit,llm_tail_v3 (high)
colemanresearch,consulting_professional_services,llm_tail_v3 (high)
colonist,gaming,llm_tail_v3 (high)
columbia-sportswear-company,consumer_brands,llm_tail_v3 (high)
commerce-dot-com-sdn-bhd,tech_software_internet,llm_tail_v3 (high)
commercetools,tech_software_internet,llm_tail_v3 (high)
compass-group-usa,hospitality_food_service,llm_tail_v3 (high)
composite-technology-research-malaysia-sdn-bhd,manufacturing,llm_tail_v3 (high)
comtec-information-systems-it,consulting_professional_services,llm_tail_v3 (high)
conflux-systems,consulting_professional_services,llm_tail_v3 (high)
constellation-culinary-group,hospitality_food_service,llm_tail_v3 (high)
consumer-cellular-inc,telecommunications,llm_tail_v3 (high)
conviva,tech_software_internet,llm_tail_v3 (high)
corebridge-financial,finance_fintech,llm_tail_v3 (high)
corvus-robotics,manufacturing,llm_tail_v3 (high)
costar-group,tech_software_internet,llm_tail_v3 (high)
craftwater,consulting_professional_services,llm_tail_v3 (high)
creativefabrica,tech_software_internet,llm_tail_v3 (high)
credible,finance_fintech,llm_tail_v3 (high)
credit-acceptance,finance_fintech,llm_tail_v3 (high)
crest-business-solutions-sdn-bhd,consulting_professional_services,llm_tail_v3 (high)
crookedmedia,media_entertainment,llm_tail_v3 (high)
crossjoin-solutions,consulting_professional_services,llm_tail_v3 (high)
crrc-rolling-stock-center-malaysia-sdn-bhd,transportation_logistics,llm_tail_v3 (high)
crystal-equation-corporation,consulting_professional_services,llm_tail_v3 (high)
cs-eco-glass-m-sdn-bhd,manufacturing,llm_tail_v3 (medium)
cube-hub-inc,consulting_professional_services,llm_tail_v3 (high)
cv-resources,consulting_professional_services,llm_tail_v3 (high)
cyngn,automotive,llm_tail_v3 (high)
daikin-applied-americas,manufacturing,llm_tail_v3 (high)
dapl-it-services-sdn-bhd,consulting_professional_services,llm_tail_v3 (medium)
datawizz,tech_software_internet,llm_tail_v3 (high)
dbsi-services,manufacturing,llm_tail_v3 (high)
deleum-services-sdn-bhd,energy_utilities,llm_tail_v3 (high)
dell-technologies,tech_hardware_semiconductors,llm_tail_v3 (high)
delphi,tech_software_internet,llm_tail_v3 (high)
denverbroncosteamllc,media_entertainment,llm_tail_v3 (high)
dialecticch,finance_fintech,llm_tail_v3 (high)
digitive,consulting_professional_services,llm_tail_v3 (high)
din-tai-fung-malaysia,hospitality_food_service,llm_tail_v3 (high)
dkatalislabs,tech_software_internet,llm_tail_v3 (high)
dnow,energy_utilities,llm_tail_v3 (high)
docsumo,tech_software_internet,llm_tail_v3 (high)
dodgshunmedlin,agriculture_food_production,llm_tail_v3 (high)
doola,finance_fintech,llm_tail_v3 (high)
double,consulting_professional_services,llm_tail_v3 (high)
dragonfly-educational-sdn-bhd,education_k12,llm_tail_v3 (high)
dsi,real_estate_construction,llm_tail_v3 (high)
duna,tech_software_internet,llm_tail_v3 (high)
duquesne-light-company,energy_utilities,llm_tail_v3 (high)
ead,consulting_professional_services,llm_tail_v3 (high)
eaglestar-marine-holdings-l-pte-ltd,transportation_logistics,llm_tail_v3 (high)
early-warning,finance_fintech,llm_tail_v3 (high)
edenor-oleochemicals-m-sdn-bhd,manufacturing,llm_tail_v3 (high)
edmund-optics-malaysia-sdn-bhd,tech_hardware_semiconductors,llm_tail_v3 (high)
edsights,tech_software_internet,llm_tail_v3 (high)
ef-english-first,education_higher,llm_tail_v3 (high)
emergence-capital-partners,finance_fintech,llm_tail_v3 (high)
employ,tech_software_internet,llm_tail_v3 (high)
employvision-inc,consulting_professional_services,llm_tail_v3 (high)
empower,finance_fintech,llm_tail_v3 (high)
emr-usa-metal-recycling,manufacturing,llm_tail_v3 (high)
engineersgate,finance_fintech,llm_tail_v3 (high)
entergy,energy_utilities,llm_tail_v3 (high)
entrust-solutions-group,energy_utilities,llm_tail_v3 (high)
ep-manufacturing-berhad,automotive,llm_tail_v3 (high)
epson-precision-malaysia-sdn-bhd,tech_hardware_semiconductors,llm_tail_v3 (high)
equity-staffing-group,consulting_professional_services,llm_tail_v3 (high)
eriks,manufacturing,llm_tail_v3 (high)
esb-technologies,consulting_professional_services,llm_tail_v3 (high)
everest,finance_insurance,llm_tail_v3 (high)
evolusi-bersatu-sdn-bhd,real_estate_construction,llm_tail_v3 (medium)
evolution,gaming,llm_tail_v3 (high)
exclusive-factory-mobile-sdn-bhd,retail_ecommerce,llm_tail_v3 (medium)
f2-ai,tech_software_internet,llm_tail_v3 (high)
factor,consumer_brands,llm_tail_v3 (high)
fandom,media_entertainment,llm_tail_v3 (high)
fiducial,defense_aerospace,llm_tail_v3 (high)
filken-sdn-bhd,consulting_professional_services,llm_tail_v3 (medium)
finbond-heavy-machinery-sdn-bhd,manufacturing,llm_tail_v3 (medium)
findem,tech_software_internet,llm_tail_v3 (high)
finto,tech_software_internet,llm_tail_v3 (high)
firstenergy,energy_utilities,llm_tail_v3 (high)
fit-pioneer-resources-sdn-bhd,consulting_professional_services,llm_tail_v3 (medium)
fleetcor,finance_fintech,llm_tail_v3 (high)
flint,tech_software_internet,llm_tail_v3 (high)
florencehealthcare,healthcare_pharma_biotech,llm_tail_v3 (high)
florim-usa,manufacturing,llm_tail_v3 (high)
food-excellence-specialist-sdn-bhd,agriculture_food_production,llm_tail_v3 (high)
foodpanda-malaysia-sdn-bhd,tech_software_internet,llm_tail_v3 (high)
freiheit-2,tech_software_internet,llm_tail_v3 (medium)
fujiaireglobal-sdn-bhd,consumer_brands,llm_tail_v3 (high)
fwgsolutions,defense_aerospace,llm_tail_v3 (medium)
gates-it-solution-sdn-bhd,consulting_professional_services,llm_tail_v3 (medium)
gcmgrosvenor,finance_fintech,llm_tail_v3 (high)
geico,finance_insurance,llm_tail_v3 (high)
generate,energy_utilities,llm_tail_v3 (high)
georgiatek-systems-inc,consulting_professional_services,llm_tail_v3 (high)
getmaple,healthcare_provider,llm_tail_v3 (high)
gettyimages,media_entertainment,llm_tail_v3 (high)
giga-sports-sdn-bhd,retail_ecommerce,llm_tail_v3 (medium)
goal,nonprofit,llm_tail_v3 (high)
goodnotes,tech_software_internet,llm_tail_v3 (high)
goodr,consumer_brands,llm_tail_v3 (high)
goodshufflepro,tech_software_internet,llm_tail_v3 (high)
gooutdoors,retail_ecommerce,llm_tail_v3 (high)
gordian,consulting_professional_services,llm_tail_v3 (high)
gouspack,transportation_logistics,llm_tail_v3 (medium)
gravityclimate,tech_software_internet,llm_tail_v3 (high)
great-gray-group,finance_fintech,llm_tail_v3 (high)
greif,manufacturing,llm_tail_v3 (high)
group14,manufacturing,llm_tail_v3 (high)
growth-well-industry-sdn-bhd,consumer_brands,llm_tail_v3 (medium)
gsacapital,finance_fintech,llm_tail_v3 (high)
hanson-quarry-products-sdn-bhd,manufacturing,llm_tail_v3 (high)
haverse-development-sdn-bhd-f-k-a-sanjung-horizon-development-sdn-bhd,real_estate_construction,llm_tail_v3 (medium)
hayward-holdings-inc,manufacturing,llm_tail_v3 (high)
hc360,healthcare_provider,llm_tail_v3 (high)
headway-tek-inc,consulting_professional_services,llm_tail_v3 (high)
healthtech-1,tech_software_internet,llm_tail_v3 (high)
heartshare-human-services-of-new-york,nonprofit,llm_tail_v3 (high)
helius,finance_fintech,llm_tail_v3 (high)
hennionwalsh,finance_fintech,llm_tail_v3 (high)
hereio,tech_software_internet,llm_tail_v3 (high)
hi-beau-malaysia-sdn-bhd,consumer_brands,llm_tail_v3 (high)
highlightai,tech_software_internet,llm_tail_v3 (high)
hireclout,consulting_professional_services,llm_tail_v3 (high)
hirexa-solutions,consulting_professional_services,llm_tail_v3 (high)
hongrita-precision-component-m-sdn-bhd,manufacturing,llm_tail_v3 (high)
hope,nonprofit,llm_tail_v3 (high)
hostanalytics,tech_software_internet,llm_tail_v3 (high)
house-of-cards-limited,media_entertainment,llm_tail_v3 (medium)
housemarque,gaming,llm_tail_v3 (high)
hovid-bhd,healthcare_pharma_biotech,llm_tail_v3 (high)
huhtamaki,manufacturing,llm_tail_v3 (high)
humanrightswatch,nonprofit,llm_tail_v3 (high)
hume-cement-sdn-bhd,manufacturing,llm_tail_v3 (high)
hypori,tech_software_internet,llm_tail_v3 (high)
i3d,tech_software_internet,llm_tail_v3 (high)
ibraco-berhad,real_estate_construction,llm_tail_v3 (high)
icst,consulting_professional_services,llm_tail_v3 (high)
idexx,healthcare_devices,llm_tail_v3 (high)
ids-medical-systems-group,healthcare_devices,llm_tail_v3 (high)
imi,manufacturing,llm_tail_v3 (high)
imocha-sdn-bhd,consulting_professional_services,llm_tail_v3 (medium)
inchargeenergy,energy_utilities,llm_tail_v3 (high)
incorta,tech_software_internet,llm_tail_v3 (high)
indah-utara-enterprise-sdn-bhd,automotive,llm_tail_v3 (high)
infobahn-softworld-inc,consulting_professional_services,llm_tail_v3 (high)
ingenious,consulting_professional_services,llm_tail_v3 (medium)
ingredion-incorporated,agriculture_food_production,llm_tail_v3 (high)
innoquest-pathology-sdn-bhd,healthcare_pharma_biotech,llm_tail_v3 (high)
instiglio,nonprofit,llm_tail_v3 (high)
integrated-modern-environmental-control-sdn-bhd,real_estate_construction,llm_tail_v3 (medium)
integrated-oncology-network,healthcare_provider,llm_tail_v3 (high)
interlink-talent-solutions,consulting_professional_services,llm_tail_v3 (high)
international-organization-for-migration-iom,nonprofit,llm_tail_v3 (high)
intrix-group,consulting_professional_services,llm_tail_v3 (medium)
ioi-properties-group,real_estate_construction,llm_tail_v3 (high)
ipsos-sdn-bhd,consulting_professional_services,llm_tail_v3 (high)
irregular,tech_software_internet,llm_tail_v3 (high)
isotalent,consulting_professional_services,llm_tail_v3 (high)
itradenetworkinc,tech_software_internet,llm_tail_v3 (high)
ivc-solutions-limited,consulting_professional_services,llm_tail_v3 (medium)
izeno-sdn-bhd,consulting_professional_services,llm_tail_v3 (high)
jbs-usa,agriculture_food_production,llm_tail_v3 (high)
je-dunn-construction,real_estate_construction,llm_tail_v3 (high)
jebsen-jessen-malaysia-sdn-bhd,consulting_professional_services,llm_tail_v3 (high)
jellyvision,tech_software_internet,llm_tail_v3 (high)
jigsaw,tech_software_internet,llm_tail_v3 (high)
jos-a-bank-clothiers,retail_ecommerce,llm_tail_v3 (high)
jumpcrypto,finance_fintech,llm_tail_v3 (high)
justrite-safety-group,manufacturing,llm_tail_v3 (high)
k-k-i-p-sdn-bhd,real_estate_construction,llm_tail_v3 (medium)
kah-motor-company-sdn-bhd,automotive,llm_tail_v3 (high)
kerry-logistics-malaysia-sdn-bhd,transportation_logistics,llm_tail_v3 (high)
kindo,tech_software_internet,llm_tail_v3 (high)
king-county-housing-authority,public_sector_government,llm_tail_v3 (high)
kj-property-management-sdn-bhd,real_estate_construction,llm_tail_v3 (high)
knock,tech_software_internet,llm_tail_v3 (high)
krispy-kreme,hospitality_food_service,llm_tail_v3 (high)
kubra,tech_software_internet,llm_tail_v3 (high)
kum-hoi-engineering-industries-sdn-bhd,manufacturing,llm_tail_v3 (medium)
l-co-plt,consulting_professional_services,llm_tail_v3 (medium)
l-t-technology-services,consulting_professional_services,llm_tail_v3 (high)
lablink-m-sdn-bhd,healthcare_pharma_biotech,llm_tail_v3 (high)
labuan-shipyard-engineering-sdn-bhd,transportation_logistics,llm_tail_v3 (high)
lam-research-international-sdn-bhd,tech_hardware_semiconductors,llm_tail_v3 (high)
landscapeforms,manufacturing,llm_tail_v3 (high)
leadstack-inc,consulting_professional_services,llm_tail_v3 (high)
lenora-systems-inc,consulting_professional_services,llm_tail_v3 (high)
lenusehealth,tech_software_internet,llm_tail_v3 (high)
leveragedge-sdn-bhd,energy_utilities,llm_tail_v3 (high)
liaisoninternational,tech_software_internet,llm_tail_v3 (high)
lightcast,tech_software_internet,llm_tail_v3 (high)
lightspeedsystems,tech_software_internet,llm_tail_v3 (high)
lindawernerassociates,media_entertainment,llm_tail_v3 (medium)
lippert,manufacturing,llm_tail_v3 (high)
littler,legal_services,llm_tail_v3 (high)
lmr,hospitality_food_service,llm_tail_v3 (high)
lorikeet,tech_software_internet,llm_tail_v3 (high)
lotlinx,tech_software_internet,llm_tail_v3 (high)
lovelace-biomedical,healthcare_pharma_biotech,llm_tail_v3 (high)
lseg-london-stock-exchange-group,finance_fintech,llm_tail_v3 (high)
ltaresearch,defense_aerospace,llm_tail_v3 (high)
lunar-solar-group,media_entertainment,llm_tail_v3 (high)
mahmee,healthcare_provider,llm_tail_v3 (high)
maica-laminates-sdn-bhd,manufacturing,llm_tail_v3 (high)
makeawishamerica,nonprofit,llm_tail_v3 (high)
mario-technical-service-sdn-bhd,media_entertainment,llm_tail_v3 (medium)
matrix-design-group-inc,consulting_professional_services,llm_tail_v3 (high)
maxar-technologies,defense_aerospace,llm_tail_v3 (high)
maxim-textile-technology-sdn-bhd,manufacturing,llm_tail_v3 (high)
maxlinear,tech_hardware_semiconductors,llm_tail_v3 (high)
mazehq,tech_software_internet,llm_tail_v3 (high)
mccormick-company,consumer_brands,llm_tail_v3 (high)
mcubesoft,consulting_professional_services,llm_tail_v3 (high)
mechanicallicensingcollective,media_entertainment,llm_tail_v3 (high)
medicalinformaticsengineering,tech_software_internet,llm_tail_v3 (high)
mediterranean-shipping-company-m-sdn-bhd,transportation_logistics,llm_tail_v3 (high)
medraai,healthcare_pharma_biotech,llm_tail_v3 (high)
medrhythms,healthcare_devices,llm_tail_v3 (high)
medrio,tech_software_internet,llm_tail_v3 (high)
melilea-m-sdn-bhd,consumer_brands,llm_tail_v3 (high)
meo-design-studio,consulting_professional_services,llm_tail_v3 (medium)
merqube,finance_fintech,llm_tail_v3 (high)
metalab,consulting_professional_services,llm_tail_v3 (high)
metrea,defense_aerospace,llm_tail_v3 (high)
mhg-desaru-hotel-sdn-bhd,hospitality_food_service,llm_tail_v3 (high)
michael-foods,agriculture_food_production,llm_tail_v3 (high)
mightynetworks,tech_software_internet,llm_tail_v3 (high)
milestone-technologies-inc,consulting_professional_services,llm_tail_v3 (high)
millervein,healthcare_provider,llm_tail_v3 (high)
milliporesigma,healthcare_pharma_biotech,llm_tail_v3 (high)
mindvalley,education_higher,llm_tail_v3 (high)
minnesota-pollution-control-agency,public_sector_government,llm_tail_v3 (high)
missiongraduates,nonprofit,llm_tail_v3 (high)
mistplay,gaming,llm_tail_v3 (high)
mitsubishi-motors-malaysia-sdn-bhd,automotive,llm_tail_v3 (high)
mj-department-stores-sdn-bhd,retail_ecommerce,llm_tail_v3 (high)
mlabs-systems-bhd,consulting_professional_services,llm_tail_v3 (high)
modernfi,finance_banking,llm_tail_v3 (high)
moego,tech_software_internet,llm_tail_v3 (high)
moltonbrown,consumer_brands,llm_tail_v3 (high)
moonshot-ai,tech_software_internet,llm_tail_v3 (high)
movement-search-delivery,consulting_professional_services,llm_tail_v3 (high)
moversshakers,media_entertainment,llm_tail_v3 (high)
myfundaction,nonprofit,llm_tail_v3 (high)
mytech-assembly-sdn-bhd,manufacturing,llm_tail_v3 (medium)
national-grid,energy_utilities,llm_tail_v3 (high)
nationwide,finance_insurance,llm_tail_v3 (high)
naztec-international-group,consulting_professional_services,llm_tail_v3 (high)
ncr-atleos,tech_software_internet,llm_tail_v3 (high)
nebraska-furniture-mart,retail_ecommerce,llm_tail_v3 (high)
nes-fircroft,consulting_professional_services,llm_tail_v3 (high)
nestl-nespresso-sa,consumer_brands,llm_tail_v3 (high)
neumeric-technologies-corp,consulting_professional_services,llm_tail_v3 (high)
neuroscale,tech_software_internet,llm_tail_v3 (high)
new-millenium-consulting,consulting_professional_services,llm_tail_v3 (high)
new-york-power-authority,energy_utilities,llm_tail_v3 (high)
nexus,consulting_professional_services,llm_tail_v3 (medium)
nexus-clinic,healthcare_provider,llm_tail_v3 (high)
nexus-wise-sdn-bhd,manufacturing,llm_tail_v3 (medium)
noctrixhealth,healthcare_devices,llm_tail_v3 (high)
northbeam,tech_software_internet,llm_tail_v3 (high)
novanta-inc,manufacturing,llm_tail_v3 (high)
noventiq,consulting_professional_services,llm_tail_v3 (high)
now-cfo,consulting_professional_services,llm_tail_v3 (high)
nr-consulting,consulting_professional_services,llm_tail_v3 (high)
o-connor-s-engineering-sdn-bhd,telecommunications,llm_tail_v3 (medium)
o-p-e-n,consulting_professional_services,llm_tail_v3 (medium)
obsidiantherapeutics,healthcare_pharma_biotech,llm_tail_v3 (high)
oci,consulting_professional_services,llm_tail_v3 (high)
odaseva,tech_software_internet,llm_tail_v3 (high)
oliver-james,consulting_professional_services,llm_tail_v3 (high)
olympus-corporation-of-the-americas,healthcare_devices,llm_tail_v3 (high)
on-demand-group,consulting_professional_services,llm_tail_v3 (high)
one-only-desaru-coast,hospitality_food_service,llm_tail_v3 (high)
onoshealth,tech_software_internet,llm_tail_v3 (high)
onshore,consulting_professional_services,llm_tail_v3 (medium)
openweb,media_entertainment,llm_tail_v3 (high)
openwork,consulting_professional_services,llm_tail_v3 (high)
opulent-solutions-sdn-bhd,manufacturing,llm_tail_v3 (medium)
opus-training,tech_software_internet,llm_tail_v3 (high)
orbit-recruitment-group,consulting_professional_services,llm_tail_v3 (high)
orium,consulting_professional_services,llm_tail_v3 (high)
oroapac-m-sdn-bhd,consulting_professional_services,llm_tail_v3 (medium)
oversea-lighting-electric-m-sdn-bhd,manufacturing,llm_tail_v3 (medium)
pacific-seafood,agriculture_food_production,llm_tail_v3 (high)
pakai-industries-berhad,consumer_brands,llm_tail_v3 (medium)
pamir-development-sdn-bhd,real_estate_construction,llm_tail_v3 (high)
pan-malaysian-pools-sdn-bhd,gaming,llm_tail_v3 (high)
pansophiclearning,education_k12,llm_tail_v3 (high)
pantech-corporation-sdn-bhd,manufacturing,llm_tail_v3 (high)
pantherlabs,tech_software_internet,llm_tail_v3 (high)
partnerforces,defense_aerospace,llm_tail_v3 (high)
pastry-pro-sdn-bhd,consumer_brands,llm_tail_v3 (medium)
paths-management-services,real_estate_construction,llm_tail_v3 (high)
pearmill,media_entertainment,llm_tail_v3 (high)
pembinaan-mitrajaya-sdn-bhd,real_estate_construction,llm_tail_v3 (high)
people-solutions-center,consulting_professional_services,llm_tail_v3 (high)
people-tech-group-inc,consulting_professional_services,llm_tail_v3 (high)
persol-apac-business-support-services-sdn-bhd,consulting_professional_services,llm_tail_v3 (high)
phxproduction,consumer_brands,llm_tail_v3 (high)
phyton-talent-advisors,consulting_professional_services,llm_tail_v3 (high)
picus,tech_software_internet,llm_tail_v3 (high)
pilgrim,defense_aerospace,llm_tail_v3 (medium)
pimco,finance_fintech,llm_tail_v3 (high)
platoapp,tech_software_internet,llm_tail_v3 (high)
playworks96,nonprofit,llm_tail_v3 (high)
pointb,consulting_professional_services,llm_tail_v3 (high)
poka,tech_software_internet,llm_tail_v3 (high)
portcast,tech_software_internet,llm_tail_v3 (high)
portland-general-electric,energy_utilities,llm_tail_v3 (high)
pqshield,tech_software_internet,llm_tail_v3 (high)
princeton10,media_entertainment,llm_tail_v3 (high)
programmers-io,consulting_professional_services,llm_tail_v3 (high)
proofpoint,tech_software_internet,llm_tail_v3 (high)
protingent,consulting_professional_services,llm_tail_v3 (high)
pryzm,tech_software_internet,llm_tail_v3 (high)
purple-technology,finance_fintech,llm_tail_v3 (high)
purvis,telecommunications,llm_tail_v3 (medium)
qra-sdn-bhd,retail_ecommerce,llm_tail_v3 (medium)
quadrivia,tech_software_internet,llm_tail_v3 (high)
quanthealth,healthcare_pharma_biotech,llm_tail_v3 (high)
quisitivejobs,consulting_professional_services,llm_tail_v3 (high)
quotewell,finance_insurance,llm_tail_v3 (high)
racapitalmanagementllc,finance_fintech,llm_tail_v3 (high)
rainfocus,tech_software_internet,llm_tail_v3 (high)
ranhill-technologies-sdn-bhd,energy_utilities,llm_tail_v3 (medium)
raylu-ai,tech_software_internet,llm_tail_v3 (high)
recall,tech_software_internet,llm_tail_v3 (high)
red-oak,tech_software_internet,llm_tail_v3 (high)
redbock-an-nes-fircroft-company,consulting_professional_services,llm_tail_v3 (high)
redtech-offshore-sdn-bhd,energy_utilities,llm_tail_v3 (high)
refeyn,healthcare_devices,llm_tail_v3 (high)
regent-international-school,education_k12,llm_tail_v3 (high)
reliable-business-technologies-sdn-bhd,consulting_professional_services,llm_tail_v3 (high)
relotus,real_estate_construction,llm_tail_v3 (medium)
repurposeglobal,consumer_brands,llm_tail_v3 (medium)
resonate,media_entertainment,llm_tail_v3 (high)
retro,healthcare_pharma_biotech,llm_tail_v3 (high)
rev-energy-sdn-bhd,energy_utilities,llm_tail_v3 (high)
revlocal,media_entertainment,llm_tail_v3 (high)
rfa-2,consulting_professional_services,llm_tail_v3 (high)
rimbunan-hijau-group-rh-group,agriculture_food_production,llm_tail_v3 (high)
riocan,real_estate_construction,llm_tail_v3 (high)
rk-south-asia-sdn-bhd,manufacturing,llm_tail_v3 (medium)
romac-industries-inc,manufacturing,llm_tail_v3 (high)
rothesaylife,finance_insurance,llm_tail_v3 (high)
ruhm-marine-sdn-bhd,transportation_logistics,llm_tail_v3 (high)
rva,healthcare_provider,llm_tail_v3 (high)
rw-ship-management-sdn-bhd,transportation_logistics,llm_tail_v3 (high)
safariai,tech_software_internet,llm_tail_v3 (high)
saint-gobain-malaysia-sdn-bhd,manufacturing,llm_tail_v3 (high)
salient,tech_software_internet,llm_tail_v3 (high)
sap,tech_software_internet,llm_tail_v3 (high)
sarawak-consolidated-industries-berhad,manufacturing,llm_tail_v3 (high)
savii-2,finance_fintech,llm_tail_v3 (high)
savvyinsurance-trellis,finance_insurance,llm_tail_v3 (high)
scandinavian-ibs-sdn-bhd,manufacturing,llm_tail_v3 (medium)
scholastic,education_k12,llm_tail_v3 (high)
sdatasystems.com,consulting_professional_services,llm_tail_v3 (high)
search-masters-inc,consulting_professional_services,llm_tail_v3 (high)
searchapi,tech_software_internet,llm_tail_v3 (high)
seerinteractive,media_entertainment,llm_tail_v3 (high)
sema4.ai,tech_software_internet,llm_tail_v3 (high)
sendcloud,tech_software_internet,llm_tail_v3 (high)
sfmoma,nonprofit,llm_tail_v3 (high)
sgs-technologie,consulting_professional_services,llm_tail_v3 (high)
shake-shack,hospitality_food_service,llm_tail_v3 (high)
shakepay,finance_fintech,llm_tail_v3 (high)
shane-co,retail_ecommerce,llm_tail_v3 (high)
shopmonkey,tech_software_internet,llm_tail_v3 (high)
siaraa,consulting_professional_services,llm_tail_v3 (high)
sig-sauer-inc,defense_aerospace,llm_tail_v3 (high)
signature-international-berhad,manufacturing,llm_tail_v3 (high)
silverspace-technologies-inc,consulting_professional_services,llm_tail_v3 (high)
simple-ai,tech_software_internet,llm_tail_v3 (high)
simpletruss-sdn-bhd,tech_software_internet,llm_tail_v3 (medium)
simplextrading,finance_fintech,llm_tail_v3 (high)
sinar-widuri-sdn-bhd,real_estate_construction,llm_tail_v3 (high)
skill-quotient-technologies-sdn-bhd,consulting_professional_services,llm_tail_v3 (high)
skp-bm-electronics-sdn-bhd,tech_hardware_semiconductors,llm_tail_v3 (high)
skyworld-development-berhad,real_estate_construction,llm_tail_v3 (high)
sls-bearings-malaysia-sdn-bhd,manufacturing,llm_tail_v3 (high)
smaamerica,manufacturing,llm_tail_v3 (high)
smartasset,tech_software_internet,llm_tail_v3 (high)
spare,tech_software_internet,llm_tail_v3 (high)
spekit,tech_software_internet,llm_tail_v3 (high)
spinai,tech_software_internet,llm_tail_v3 (high)
spins,consulting_professional_services,llm_tail_v3 (high)
spmb,consulting_professional_services,llm_tail_v3 (high)
sprchrgr,consulting_professional_services,llm_tail_v3 (high)
sprypointservices,tech_software_internet,llm_tail_v3 (high)
sri-kdu-subang-jaya-sdn-bhd,education_k12,llm_tail_v3 (high)
st-elizabeth-physicians,healthcare_provider,llm_tail_v3 (high)
staff-financial-group,consulting_professional_services,llm_tail_v3 (high)
starcompliance,tech_software_internet,llm_tail_v3 (high)
starkbank,finance_fintech,llm_tail_v3 (high)
startale,finance_fintech,llm_tail_v3 (high)
stashinvest,finance_fintech,llm_tail_v3 (high)
storm2,consulting_professional_services,llm_tail_v3 (high)
storyblok,tech_software_internet,llm_tail_v3 (high)
suger,tech_software_internet,llm_tail_v3 (high)
swift-haulage-berhad,transportation_logistics,llm_tail_v3 (high)
syarikat-sin-kwang-plastic-industries-sdn-bhd-batu-pahat,manufacturing,llm_tail_v3 (high)
symmetrio,consulting_professional_services,llm_tail_v3 (high)
synmax,tech_software_internet,llm_tail_v3 (high)
systems-llc-poweramp-dlm,manufacturing,llm_tail_v3 (high)
systems-planning-analysis,defense_aerospace,llm_tail_v3 (high)
t-e-m-engineering-group-sdn-bhd,manufacturing,llm_tail_v3 (medium)
tactile-medical,healthcare_devices,llm_tail_v3 (high)
tai-chong-marine-engineering-sdn-bhd,transportation_logistics,llm_tail_v3 (medium)
tandemlaunch,consulting_professional_services,llm_tail_v3 (medium)
tarvos-talent,consulting_professional_services,llm_tail_v3 (high)
taskus-sdn-bhd,consulting_professional_services,llm_tail_v3 (high)
tbwachiatday,media_entertainment,llm_tail_v3 (high)
teachstone,education_k12,llm_tail_v3 (high)
teague,defense_aerospace,llm_tail_v3 (high)
team-one,media_entertainment,llm_tail_v3 (high)
the-academies-of-math-and-science,education_k12,llm_tail_v3 (high)
thltestcareers,nonprofit,llm_tail_v3 (medium)
thornton-tomasetti,consulting_professional_services,llm_tail_v3 (high)
thrive,healthcare_pharma_biotech,llm_tail_v3 (medium)
thrivedigital,media_entertainment,llm_tail_v3 (high)
thunder-software-technology-malaysia-sdn-bhd,tech_software_internet,llm_tail_v3 (high)
tillo,finance_fintech,llm_tail_v3 (high)
tin-can,tech_software_internet,llm_tail_v3 (high)
titan-ai,tech_software_internet,llm_tail_v3 (high)
tokio-marine-hcc,finance_insurance,llm_tail_v3 (high)
tom-thumb-supermarket,retail_ecommerce,llm_tail_v3 (high)
top-quality-recruitment-tqr,consulting_professional_services,llm_tail_v3 (high)
toyota-malaysia,automotive,llm_tail_v3 (high)
transcargo-worldwide-m-sdn-bhd,transportation_logistics,llm_tail_v3 (high)
trinityparktalent,consulting_professional_services,llm_tail_v3 (high)
trip-com-group,tech_software_internet,llm_tail_v3 (high)
tripleringtechnologies,tech_hardware_semiconductors,llm_tail_v3 (high)
troveo,tech_software_internet,llm_tail_v3 (high)
trumid,finance_fintech,llm_tail_v3 (high)
trustbank,finance_banking,llm_tail_v3 (high)
tsmc,tech_hardware_semiconductors,llm_tail_v3 (high)
turtlerockstudios,gaming,llm_tail_v3 (high)
uda-holdings-berhad,real_estate_construction,llm_tail_v3 (high)
uicgs-bowhead-family-of-companies,defense_aerospace,llm_tail_v3 (high)
ulteig,consulting_professional_services,llm_tail_v3 (high)
underdogfantasy,gaming,llm_tail_v3 (high)
unity-search,consulting_professional_services,llm_tail_v3 (high)
univar-solutions,manufacturing,llm_tail_v3 (high)
univeris.com,tech_software_internet,llm_tail_v3 (high)
varian,healthcare_devices,llm_tail_v3 (high)
vat-manufacturing-malaysia-sdn-bhd,manufacturing,llm_tail_v3 (high)
veear-projects-inc,consulting_professional_services,llm_tail_v3 (high)
viamrobotics,tech_software_internet,llm_tail_v3 (high)
villa-chee-sdn-bhd,hospitality_food_service,llm_tail_v3 (medium)
vio,tech_software_internet,llm_tail_v3 (high)
vip-community-services,nonprofit,llm_tail_v3 (high)
virtahealth,healthcare_provider,llm_tail_v3 (high)
vitablehealth,healthcare_provider,llm_tail_v3 (high)
vital-lyfe,consumer_brands,llm_tail_v3 (medium)
vizcom,tech_software_internet,llm_tail_v3 (high)
voldex,gaming,llm_tail_v3 (high)
volt,consulting_professional_services,llm_tail_v3 (high)
voltalabs,healthcare_devices,llm_tail_v3 (high)
vrchat,gaming,llm_tail_v3 (high)
waveapps,finance_fintech,llm_tail_v3 (high)
wealth-mastery-academy-sdn-bhd,education_higher,llm_tail_v3 (medium)
wellist,healthcare_provider,llm_tail_v3 (high)
weyerhaeuser,manufacturing,llm_tail_v3 (high)
whitecircle,tech_software_internet,llm_tail_v3 (high)
williams,energy_utilities,llm_tail_v3 (high)
wingtra-2,defense_aerospace,llm_tail_v3 (high)
wiz,tech_software_internet,llm_tail_v3 (high)
wpg-holdings,tech_hardware_semiconductors,llm_tail_v3 (medium)
wpp-success-enterprise,consulting_professional_services,llm_tail_v3 (medium)
xla,consulting_professional_services,llm_tail_v3 (high)
yan-sheung-malaysia-sdn-bhd,consumer_brands,llm_tail_v3 (medium)
yld,consulting_professional_services,llm_tail_v3 (high)
yubo,media_entertainment,llm_tail_v3 (high)
yuen-keong-construction-renovation-sdn-bhd,real_estate_construction,llm_tail_v3 (high)
yulista-holding-llc,defense_aerospace,llm_tail_v3 (high)
zauber,tech_software_internet,llm_tail_v3 (high)
zealotech-people,consulting_professional_services,llm_tail_v3 (high)
zen-digital-marketing,media_entertainment,llm_tail_v3 (medium)
zonecompanysoftwareconsultingllc,consulting_professional_services,llm_tail_v3 (high)
zurn-elkay-water-solutions,manufacturing,llm_tail_v3 (high)
1199seiu-benefit-and-pension-funds,finance_insurance,llm_tail_v3 (high)
15five,tech_software_internet,llm_tail_v3 (high)
1910genetics,healthcare_pharma_biotech,llm_tail_v3 (high)
3f-resources-sdn-bhd,consulting_professional_services,llm_tail_v3 (medium)
3go-technology-sdn-bhd,tech_software_internet,llm_tail_v3 (medium)
3m,manufacturing,llm_tail_v3 (high)
617mediagroup,media_entertainment,llm_tail_v3 (high)
80000hours,nonprofit,llm_tail_v3 (high)
9loop-software-sdn-bhd,tech_software_internet,llm_tail_v3 (high)
a-w-malaysia-sdn-bhd,hospitality_food_service,llm_tail_v3 (high)
ably30,tech_software_internet,llm_tail_v3 (high)
abod-technology-services,consulting_professional_services,llm_tail_v3 (medium)
abt-global,consulting_professional_services,llm_tail_v3 (high)
acc-hesed-sdn-bhd,consumer_brands,llm_tail_v3 (medium)
accesssoftek,tech_software_internet,llm_tail_v3 (high)
accion-labs-sdn-bhd,consulting_professional_services,llm_tail_v3 (high)
acclara,healthcare_provider,llm_tail_v3 (high)
ace-partners,consulting_professional_services,llm_tail_v3 (high)
acmar-group,consulting_professional_services,llm_tail_v3 (medium)
ada-infrastructure,tech_software_internet,llm_tail_v3 (high)
adbakx,consulting_professional_services,llm_tail_v3 (high)
adidevelopments,real_estate_construction,llm_tail_v3 (high)
adient-automotive-holding-m-sdn-bhd,automotive,llm_tail_v3 (high)
advocate,legal_services,llm_tail_v3 (high)
aegis-worldwide,consulting_professional_services,llm_tail_v3 (high)
aem-microtronics-m-sdn-bhd,tech_hardware_semiconductors,llm_tail_v3 (high)
aero,transportation_logistics,llm_tail_v3 (high)
aescape,tech_hardware_semiconductors,llm_tail_v3 (high)
aestudio,tech_software_internet,llm_tail_v3 (high)
agilisys,tech_software_internet,llm_tail_v3 (high)
agilize,consulting_professional_services,llm_tail_v3 (high)
agmo-studio-sdn-bhd,tech_software_internet,llm_tail_v3 (high)
airbus-customer-services-sdn-bhd,defense_aerospace,llm_tail_v3 (high)
aircapture,energy_utilities,llm_tail_v3 (high)
airdrop,tech_software_internet,llm_tail_v3 (medium)
aisi,nonprofit,llm_tail_v3 (high)
alembic,tech_software_internet,llm_tail_v3 (high)
alku,consulting_professional_services,llm_tail_v3 (high)
allegion,manufacturing,llm_tail_v3 (high)
alleviatehealth,healthcare_provider,llm_tail_v3 (high)
allied-reliability,consulting_professional_services,llm_tail_v3 (high)
alphatech-software-sdn-bhd,consulting_professional_services,llm_tail_v3 (medium)
alumniventures,finance_fintech,llm_tail_v3 (high)
alunan-asas-sdn-bhd,real_estate_construction,llm_tail_v3 (medium)
american-tire-distributors,retail_ecommerce,llm_tail_v3 (high)
amsty,manufacturing,llm_tail_v3 (high)
amy-s-kitchen,consumer_brands,llm_tail_v3 (high)
anheuser-busch,consumer_brands,llm_tail_v3 (high)
anhsin-technology-sdn-bhd,tech_software_internet,llm_tail_v3 (high)
ant-builder-concept-sdn-bhd,real_estate_construction,llm_tail_v3 (medium)
antara-elektrik-sdn-bhd,real_estate_construction,llm_tail_v3 (medium)
antenna,tech_software_internet,llm_tail_v3 (high)
anthropologie,retail_ecommerce,llm_tail_v3 (high)
arbor-homes,real_estate_construction,llm_tail_v3 (high)
arcade-ai,tech_software_internet,llm_tail_v3 (high)
aretum,defense_aerospace,llm_tail_v3 (high)
arketa,tech_software_internet,llm_tail_v3 (high)
arrow-electronics,tech_hardware_semiconductors,llm_tail_v3 (high)
aryzta-food-solutions-malaysia-sdn-bhd,agriculture_food_production,llm_tail_v3 (high)
ascentt,consulting_professional_services,llm_tail_v3 (high)
ascertain,tech_software_internet,llm_tail_v3 (high)
ashton-woods-homes,real_estate_construction,llm_tail_v3 (high)
aspiringit,consulting_professional_services,llm_tail_v3 (high)
astaka-padu-sdn-bhd,real_estate_construction,llm_tail_v3 (medium)
astellas-pharma,healthcare_pharma_biotech,llm_tail_v3 (high)
atc-surface-finishing-sdn-bhd,manufacturing,llm_tail_v3 (high)
authenticx,tech_software_internet,llm_tail_v3 (high)
avanciers,consulting_professional_services,llm_tail_v3 (high)
avante,tech_software_internet,llm_tail_v3 (medium)
axiom-space,defense_aerospace,llm_tail_v3 (high)
azman-hamzah-plastik-sdn-bhd,manufacturing,llm_tail_v3 (high)
b12,tech_software_internet,llm_tail_v3 (high)
baker-tilly,consulting_professional_services,llm_tail_v3 (high)
ballard-spahr-llp,legal_services,llm_tail_v3 (high)
bangsar-heights-pavilion-sdn-bhd,real_estate_construction,llm_tail_v3 (high)
bannershop-advertising-printing-m-sdn-bhd,media_entertainment,llm_tail_v3 (medium)
baselane,finance_fintech,llm_tail_v3 (high)
batu-kawan-bhd,agriculture_food_production,llm_tail_v3 (high)
bcc,defense_aerospace,llm_tail_v3 (medium)
bd-agriculture-malaysia-sdn-bhd,agriculture_food_production,llm_tail_v3 (high)
bekk,consulting_professional_services,llm_tail_v3 (high)
belcan,consulting_professional_services,llm_tail_v3 (high)
bellworth-developments-sdn-bhd,real_estate_construction,llm_tail_v3 (high)
berlinbrands,consumer_brands,llm_tail_v3 (high)
berrypay-m-sdn-bhd,finance_fintech,llm_tail_v3 (high)
bhg-inc,finance_fintech,llm_tail_v3 (high)
big-tex-trailers,manufacturing,llm_tail_v3 (high)
bigbear-ai,defense_aerospace,llm_tail_v3 (high)
billion-onsen-spa-sdn-bhd,hospitality_food_service,llm_tail_v3 (medium)
billups,media_entertainment,llm_tail_v3 (high)
biomedrealty,real_estate_construction,llm_tail_v3 (high)
bizhub-asia-pte-ltd,defense_aerospace,llm_tail_v3 (high)
blackrock-resources-llc,consulting_professional_services,llm_tail_v3 (high)
blaxel,tech_software_internet,llm_tail_v3 (high)
blockparty,hospitality_food_service,llm_tail_v3 (high)
bloomin-brands-inc,hospitality_food_service,llm_tail_v3 (high)
bmw-manufacturing-co-llc,automotive,llm_tail_v3 (high)
bodycote,manufacturing,llm_tail_v3 (high)
bose-corporation,consumer_brands,llm_tail_v3 (high)
bossard-m-sdn-bhd,manufacturing,llm_tail_v3 (high)
braiins,finance_fintech,llm_tail_v3 (high)
braineffectjobs,consumer_brands,llm_tail_v3 (high)
brandsafway,real_estate_construction,llm_tail_v3 (high)
brevium,tech_software_internet,llm_tail_v3 (high)
brickhouse-resources,consulting_professional_services,llm_tail_v3 (high)
bridgestone-americas,manufacturing,llm_tail_v3 (high)
bright-property-service-malaysia-sdn-bhd,real_estate_construction,llm_tail_v3 (high)
brighte,finance_fintech,llm_tail_v3 (high)
brilliant,education_higher,llm_tail_v3 (high)
brilliant-infotech-inc,consulting_professional_services,llm_tail_v3 (high)
britecore,tech_software_internet,llm_tail_v3 (high)
bssb-leather-fabric-chairs,manufacturing,llm_tail_v3 (medium)
bunkerhillhealth,tech_software_internet,llm_tail_v3 (high)
c-h-robinson,transportation_logistics,llm_tail_v3 (high)
c3integratedsolutions,defense_aerospace,llm_tail_v3 (high)
cais,finance_fintech,llm_tail_v3 (high)
cambrex,healthcare_pharma_biotech,llm_tail_v3 (high)
camwell-sdn-bhd,manufacturing,llm_tail_v3 (medium)
canvasmedical,tech_software_internet,llm_tail_v3 (high)
capchase,finance_fintech,llm_tail_v3 (high)
capital-group,finance_fintech,llm_tail_v3 (high)
cara-ai,tech_software_internet,llm_tail_v3 (high)
cardinal-group-companies,real_estate_construction,llm_tail_v3 (high)
cardzone-sdn-bhd,tech_software_internet,llm_tail_v3 (medium)
careerstrengo,consulting_professional_services,llm_tail_v3 (medium)
caring-pharmacy-retail-management-sdn-bhd,retail_ecommerce,llm_tail_v3 (high)
cbase-inc,consulting_professional_services,llm_tail_v3 (high)
ccc-intelligent-solutions,tech_software_internet,llm_tail_v3 (high)
ccs-global-tech,defense_aerospace,llm_tail_v3 (high)
cerebral,healthcare_provider,llm_tail_v3 (high)
certitude-placement-sdn-bhd,consulting_professional_services,llm_tail_v3 (high)
cf-industries,agriculture_food_production,llm_tail_v3 (high)
championsgroupholdings,real_estate_construction,llm_tail_v3 (high)
chariotenergy,energy_utilities,llm_tail_v3 (high)
charles-charles-group,real_estate_construction,llm_tail_v3 (high)
charter-global,consulting_professional_services,llm_tail_v3 (high)
chenmoore,consulting_professional_services,llm_tail_v3 (high)
china-railway-electrification-engineering-group-malaysia-sdn-bhd,transportation_logistics,llm_tail_v3 (high)
chipotle-mexican-grill,hospitality_food_service,llm_tail_v3 (high)
christiancareministry,nonprofit,llm_tail_v3 (high)
cibc-us,finance_banking,llm_tail_v3 (high)
cid-realtors-sdn-bhd,real_estate_construction,llm_tail_v3 (high)
cin7,tech_software_internet,llm_tail_v3 (high)
circleso,tech_software_internet,llm_tail_v3 (high)
ciresi-morek,consulting_professional_services,llm_tail_v3 (high)
cisco-m-sdn-bhd,tech_hardware_semiconductors,llm_tail_v3 (high)
citizen,media_entertainment,llm_tail_v3 (high)
clear-engineering-recruitment,consulting_professional_services,llm_tail_v3 (high)
clearlinktechnologiesllc,media_entertainment,llm_tail_v3 (high)
clovity,consulting_professional_services,llm_tail_v3 (high)
cma-cgm-ficom-sdn-bhd,transportation_logistics,llm_tail_v3 (high)
cmgi-sdn-bhd,consulting_professional_services,llm_tail_v3 (medium)
codeorg,nonprofit,llm_tail_v3 (high)
coderpad,tech_software_internet,llm_tail_v3 (high)
coefficient,tech_software_internet,llm_tail_v3 (high)
coforge,consulting_professional_services,llm_tail_v3 (high)
coinhako,finance_fintech,llm_tail_v3 (high)
community-access,nonprofit,llm_tail_v3 (high)
compassx,consulting_professional_services,llm_tail_v3 (high)
cond-nast,media_entertainment,llm_tail_v3 (high)
conduct,tech_software_internet,llm_tail_v3 (high)
conductorai,defense_aerospace,llm_tail_v3 (high)
conduent,consulting_professional_services,llm_tail_v3 (high)
connection,consulting_professional_services,llm_tail_v3 (high)
constellation-brands,consumer_brands,llm_tail_v3 (high)
contentstack,tech_software_internet,llm_tail_v3 (high)
copilot-money,finance_fintech,llm_tail_v3 (high)
cordia-resources-by-cherry-bekaert,consulting_professional_services,llm_tail_v3 (high)
corporatecareers,consulting_professional_services,llm_tail_v3 (high)
corps-team,consulting_professional_services,llm_tail_v3 (high)
cotullaeducation,education_higher,llm_tail_v3 (high)
cowsquare-technology-limited,tech_software_internet,llm_tail_v3 (medium)
cox-communications,telecommunications,llm_tail_v3 (high)
cpc-colder-products-company,manufacturing,llm_tail_v3 (high)
cps-recruitment,consulting_professional_services,llm_tail_v3 (high)
cr-sea-malaysia-sdn-bhd,consulting_professional_services,llm_tail_v3 (medium)
criticalinnovations,healthcare_pharma_biotech,llm_tail_v3 (high)
crown-equipment-corporation,manufacturing,llm_tail_v3 (high)
csciconsulting,consulting_professional_services,llm_tail_v3 (high)
cvista-hr-consulting-pte-ltd,consulting_professional_services,llm_tail_v3 (high)
cxnpl,tech_software_internet,llm_tail_v3 (high)
cxtsoftware,tech_software_internet,llm_tail_v3 (high)
d-d-food-beverage-sdn-bhd,consumer_brands,llm_tail_v3 (medium)
daikin-applied-malaysia-sdn-bhd,manufacturing,llm_tail_v3 (high)
daikin-comfort,manufacturing,llm_tail_v3 (high)
dantech-corporation-inc,consulting_professional_services,llm_tail_v3 (high)
darson-electronics-sdn-bhd,tech_hardware_semiconductors,llm_tail_v3 (medium)
databento,finance_fintech,llm_tail_v3 (high)
datastealth,tech_software_internet,llm_tail_v3 (high)
daylight,energy_utilities,llm_tail_v3 (high)
dcconnect-global,telecommunications,llm_tail_v3 (high)
deepwatchinc,tech_software_internet,llm_tail_v3 (high)
defense-contract-audit-agency,defense_aerospace,llm_tail_v3 (high)
degem-masterpiece-sdn-bhd,retail_ecommerce,llm_tail_v3 (medium)
dematic,manufacturing,llm_tail_v3 (high)
dentsu,media_entertainment,llm_tail_v3 (high)
dhl-express,transportation_logistics,llm_tail_v3 (high)
dhl-global-forwarding,transportation_logistics,llm_tail_v3 (high)
dhl-global-forwarding-malaysia-sdn-bhd,transportation_logistics,llm_tail_v3 (high)
digible,media_entertainment,llm_tail_v3 (high)
diginn,hospitality_food_service,llm_tail_v3 (high)
digitas-north-america,media_entertainment,llm_tail_v3 (high)
dj-engineering-and-construction,real_estate_construction,llm_tail_v3 (high)
doji,tech_software_internet,llm_tail_v3 (high)
dollar-general,retail_ecommerce,llm_tail_v3 (high)
dominium,real_estate_construction,llm_tail_v3 (high)
donatech-corporation,defense_aerospace,llm_tail_v3 (high)
donato-technologies-inc,consulting_professional_services,llm_tail_v3 (high)
dourolabs.xyz,finance_fintech,llm_tail_v3 (high)
dozo-nanyang-kopi-house,hospitality_food_service,llm_tail_v3 (high)
drug-enforcement-administration,public_sector_government,llm_tail_v3 (high)
dtb-creation-sdn-bhd,media_entertainment,llm_tail_v3 (medium)
duck-duck-go,tech_software_internet,llm_tail_v3 (high)
dufu-industries-s-b,manufacturing,llm_tail_v3 (high)
dupont,manufacturing,llm_tail_v3 (high)
e2open-development-corporation,tech_software_internet,llm_tail_v3 (high)
ea-recruitment-pte-ltd,consulting_professional_services,llm_tail_v3 (high)
easterseals-goodwill-northern-rocky-mountain,nonprofit,llm_tail_v3 (high)
eating-recovery-center,healthcare_provider,llm_tail_v3 (high)
echo-chem-sdn-bhd,manufacturing,llm_tail_v3 (high)
ecldc,tech_software_internet,llm_tail_v3 (medium)
econsave-cash-carry-pd-sdn-bhd,retail_ecommerce,llm_tail_v3 (high)
edaran-precision-industries-sdn-bhd,manufacturing,llm_tail_v3 (high)
effectual,consulting_professional_services,llm_tail_v3 (high)
eita-resources-bhd,manufacturing,llm_tail_v3 (high)
eko-metal-industries-sdn-bhd,manufacturing,llm_tail_v3 (high)
elegance-senior-living,healthcare_provider,llm_tail_v3 (high)
elite-workforce-inc,consulting_professional_services,llm_tail_v3 (high)
elken-sdn-bhd,consumer_brands,llm_tail_v3 (high)
emergent-holdings,finance_insurance,llm_tail_v3 (high)
enable,tech_software_internet,llm_tail_v3 (high)
encore-talent-solutions,consulting_professional_services,llm_tail_v3 (high)
energy-by-5,energy_utilities,llm_tail_v3 (high)
energyrecovery,energy_utilities,llm_tail_v3 (high)
envato-2,tech_software_internet,llm_tail_v3 (high)
envision-digital-technologies-sdn-bhd,consulting_professional_services,llm_tail_v3 (medium)
epic-insurance-brokers-consultants,finance_insurance,llm_tail_v3 (high)
epsom-international-school,education_k12,llm_tail_v3 (high)
ergon-inc,manufacturing,llm_tail_v3 (high)
ernest,consulting_professional_services,llm_tail_v3 (high)
ernst-young-consulting-sdn-bhd,consulting_professional_services,llm_tail_v3 (high)
etd-makmur-m-sdn-bhd,consulting_professional_services,llm_tail_v3 (medium)
ethena,tech_software_internet,llm_tail_v3 (high)
ethenalabs,finance_fintech,llm_tail_v3 (high)
evergreenservicesgroup,consulting_professional_services,llm_tail_v3 (high)
evol-technologies-sdn-bhd,tech_software_internet,llm_tail_v3 (medium)
exact-automation-sdn-bhd,manufacturing,llm_tail_v3 (medium)
excel-force,tech_software_internet,llm_tail_v3 (high)
fairmont-industries-sdn-bhd,manufacturing,llm_tail_v3 (medium)
famous-footwear,retail_ecommerce,llm_tail_v3 (high)
fc-bios-sdn-bhd,healthcare_devices,llm_tail_v3 (medium)
fci-connectors-malaysia-sdn-bhd,tech_hardware_semiconductors,llm_tail_v3 (high)
federation-of-malaysian-manufacturers,nonprofit,llm_tail_v3 (high)
findanomaly,tech_software_internet,llm_tail_v3 (high)
finexus-sdn-bhd,tech_software_internet,llm_tail_v3 (high)
fintrust-connect,consulting_professional_services,llm_tail_v3 (high)
first-search-inc,consulting_professional_services,llm_tail_v3 (high)
flextek,consulting_professional_services,llm_tail_v3 (high)
flintex-consulting-pte-ltd,consulting_professional_services,llm_tail_v3 (high)
foodpanda-malaysia-sdn-bhd-corporate-office,tech_software_internet,llm_tail_v3 (high)
foresight-asia-pacific-sdn-bhd,manufacturing,llm_tail_v3 (medium)
forthea,media_entertainment,llm_tail_v3 (high)
foundation-llm-technologies,tech_software_internet,llm_tail_v3 (high)
founderscard,consumer_brands,llm_tail_v3 (high)
foursquare,tech_software_internet,llm_tail_v3 (high)
foxconn-technology-malaysia-sdn-bhd,manufacturing,llm_tail_v3 (high)
fpi-management,real_estate_construction,llm_tail_v3 (high)
fpt-software-malaysia-sdn-bhd,consulting_professional_services,llm_tail_v3 (high)
frankel-staffing-partners,consulting_professional_services,llm_tail_v3 (high)
franky-construction-sdn-bhd,real_estate_construction,llm_tail_v3 (high)
freemont-yardley-search,consulting_professional_services,llm_tail_v3 (high)
freshworks,tech_software_internet,llm_tail_v3 (high)
fuji-electric-malaysia-sdn-bhd,tech_hardware_semiconductors,llm_tail_v3 (high)
fujifilm-malaysia-sdn-bhd,tech_hardware_semiconductors,llm_tail_v3 (high)
fujitsu-systems-global-solutions-management-sdn-bhd,consulting_professional_services,llm_tail_v3 (high)
fusion-life-sciences-technologies-llc,healthcare_pharma_biotech,llm_tail_v3 (high)
gadang-works-sdn-bhd,real_estate_construction,llm_tail_v3 (high)
galaxy,finance_fintech,llm_tail_v3 (high)
gametimeunited,media_entertainment,llm_tail_v3 (high)
garage-door-doctor,real_estate_construction,llm_tail_v3 (high)
gard-inc-sdn-bhd,consulting_professional_services,llm_tail_v3 (medium)
gates-corporation,manufacturing,llm_tail_v3 (high)
gausslabs,tech_software_internet,llm_tail_v3 (high)
gb-global-malaysia-sdn-bhd,consulting_professional_services,llm_tail_v3 (medium)
generalintelligencecompany,tech_software_internet,llm_tail_v3 (high)
generalrobotics,tech_hardware_semiconductors,llm_tail_v3 (high)
generation-two-thousand-apparel-sdn-bhd,consumer_brands,llm_tail_v3 (high)
genmab,healthcare_pharma_biotech,llm_tail_v3 (high)
gensler,consulting_professional_services,llm_tail_v3 (high)
getzuma,tech_software_internet,llm_tail_v3 (high)
gfk-retail-and-technology-malaysia-sdn-bhd,consulting_professional_services,llm_tail_v3 (high)
giantspoon,media_entertainment,llm_tail_v3 (high)
gigfinesse,media_entertainment,llm_tail_v3 (high)
gingerlabsinc,tech_software_internet,llm_tail_v3 (high)
golden-technology,consulting_professional_services,llm_tail_v3 (high)
goldenhippo,consumer_brands,llm_tail_v3 (high)
gotrg,retail_ecommerce,llm_tail_v3 (high)
gowin-search-llc,consulting_professional_services,llm_tail_v3 (high)
grabagun,retail_ecommerce,llm_tail_v3 (high)
gradient,tech_software_internet,llm_tail_v3 (high)
gratia,finance_fintech,llm_tail_v3 (high)
green-force-sustainability-sdn-bhd,consulting_professional_services,llm_tail_v3 (medium)
greenboard,tech_software_internet,llm_tail_v3 (high)
greenheck-group,manufacturing,llm_tail_v3 (high)
grifols,healthcare_pharma_biotech,llm_tail_v3 (high)
groupbyinc,tech_software_internet,llm_tail_v3 (high)
grover,retail_ecommerce,llm_tail_v3 (high)
grownce-sdn-bhd,consulting_professional_services,llm_tail_v3 (medium)
guardian,real_estate_construction,llm_tail_v3 (high)
guardian-industries,manufacturing,llm_tail_v3 (high)
guerbet,healthcare_pharma_biotech,llm_tail_v3 (high)
guidewheel,tech_software_internet,llm_tail_v3 (high)
guntergroup,consulting_professional_services,llm_tail_v3 (high)
gussmann-technologies-sdn-bhd,manufacturing,llm_tail_v3 (medium)
h-r-chempharm-asia-sdn-bhd,manufacturing,llm_tail_v3 (medium)
haizelabs,tech_software_internet,llm_tail_v3 (high)
halobraid,manufacturing,llm_tail_v3 (medium)
hamlyn-williams,consulting_professional_services,llm_tail_v3 (high)
hang,tech_software_internet,llm_tail_v3 (high)
hanwa-steel-centre-m-sdn-bhd,manufacturing,llm_tail_v3 (high)
hanwharenewables,energy_utilities,llm_tail_v3 (high)
hao-xiang-chi-seafood-restaurant-group-sdn-bhd,hospitality_food_service,llm_tail_v3 (high)
hard-rock-casino-cincinnati,media_entertainment,llm_tail_v3 (high)
hard-rock-casino-rockford,media_entertainment,llm_tail_v3 (high)
harmonic-security-inc,tech_software_internet,llm_tail_v3 (high)
hasbro,consumer_brands,llm_tail_v3 (high)
hati-international-sdn-bhd,consulting_professional_services,llm_tail_v3 (high)
helius-technologies-sdn-bhd,consulting_professional_services,llm_tail_v3 (high)
henderson-harbor-group,consulting_professional_services,llm_tail_v3 (high)
herondata,tech_software_internet,llm_tail_v3 (high)
hf-sinclair,energy_utilities,llm_tail_v3 (high)
hgen,energy_utilities,llm_tail_v3 (high)
higherlogic,tech_software_internet,llm_tail_v3 (high)
hilton-americas-houston,hospitality_food_service,llm_tail_v3 (high)
hire-it-people-inc,consulting_professional_services,llm_tail_v3 (high)
hivesmart-consulting,consulting_professional_services,llm_tail_v3 (high)
hok,consulting_professional_services,llm_tail_v3 (high)
homevision,tech_software_internet,llm_tail_v3 (high)
hosailey-technology-sdn-bhd,consulting_professional_services,llm_tail_v3 (medium)
hotwire-communications-ltd,telecommunications,llm_tail_v3 (high)
hunt-guillot-associates-hga,consulting_professional_services,llm_tail_v3 (high)
hunter-bond,consulting_professional_services,llm_tail_v3 (high)
huxley,consulting_professional_services,llm_tail_v3 (high)
hypr,tech_software_internet,llm_tail_v3 (high)
icon,tech_software_internet,llm_tail_v3 (high)
idaho-national-laboratory,energy_utilities,llm_tail_v3 (high)
idealistconsulting,consulting_professional_services,llm_tail_v3 (high)
iep-sdn-bhd,manufacturing,llm_tail_v3 (medium)
ifp-engineering-solutions-sdn-bhd,energy_utilities,llm_tail_v3 (high)
igb-berhad,real_estate_construction,llm_tail_v3 (high)
imec,manufacturing,llm_tail_v3 (medium)
imeg,consulting_professional_services,llm_tail_v3 (high)
inceptive,healthcare_pharma_biotech,llm_tail_v3 (high)
indebted,finance_fintech,llm_tail_v3 (high)
infinit,automotive,llm_tail_v3 (high)
infinite-machine,tech_hardware_semiconductors,llm_tail_v3 (high)
infoobjects-inc,consulting_professional_services,llm_tail_v3 (high)
ingenious-lab-sdn-bhd,tech_software_internet,llm_tail_v3 (medium)
inmagine,tech_software_internet,llm_tail_v3 (high)
inotiv,healthcare_pharma_biotech,llm_tail_v3 (high)
insperity,consulting_professional_services,llm_tail_v3 (high)
inspire-medical-systems,healthcare_devices,llm_tail_v3 (high)
instapay-technologies-sdn-bhd,finance_fintech,llm_tail_v3 (high)
insultec-duragate-sdn-bhd,real_estate_construction,llm_tail_v3 (medium)
integer-holdings-corporation,healthcare_devices,llm_tail_v3 (high)
intellect,healthcare_provider,llm_tail_v3 (high)
interior-talent,consulting_professional_services,llm_tail_v3 (high)
international-federation-of-red-cross-red-crescent-societies,nonprofit,llm_tail_v3 (high)
international-systems-technologies-inc,consulting_professional_services,llm_tail_v3 (high)
intone,consulting_professional_services,llm_tail_v3 (high)
inx-international-ink-co,manufacturing,llm_tail_v3 (high)
iovino,real_estate_construction,llm_tail_v3 (high)
iris-software-inc,consulting_professional_services,llm_tail_v3 (high)
isoftstone-sdn-bhd,consulting_professional_services,llm_tail_v3 (high)
it-america-inc,consulting_professional_services,llm_tail_v3 (high)
ita-asia-limited,finance_fintech,llm_tail_v3 (medium)
itt-inc,manufacturing,llm_tail_v3 (high)
itw,manufacturing,llm_tail_v3 (high)
itw-meritex-sdn-bhd,manufacturing,llm_tail_v3 (high)
jab-recruitment,consulting_professional_services,llm_tail_v3 (high)
james-avery-artisan-jewelry,retail_ecommerce,llm_tail_v3 (high)
jd-sports-fashion-sdn-bhd,retail_ecommerce,llm_tail_v3 (high)
jebsen-jessen-group-services-sdn-bhd,consulting_professional_services,llm_tail_v3 (high)
jobsmckinneycom,media_entertainment,llm_tail_v3 (medium)
johnson-matthey-services-sdn-bhd,consulting_professional_services,llm_tail_v3 (medium)
jp-asia-capital-sdn-bhd,finance_fintech,llm_tail_v3 (medium)
jrk-holdings-berhad,real_estate_construction,llm_tail_v3 (medium)
jump-from-paper-sdn-bhd,consumer_brands,llm_tail_v3 (high)
juullabs,consumer_brands,llm_tail_v3 (high)
kapta-space,defense_aerospace,llm_tail_v3 (high)
kate-spade-new-york,consumer_brands,llm_tail_v3 (high)
katimas-sdn-bhd,consulting_professional_services,llm_tail_v3 (medium)
kerry,consumer_brands,llm_tail_v3 (high)
khaite,consumer_brands,llm_tail_v3 (high)
kindred,tech_software_internet,llm_tail_v3 (high)
kineta-sdn-bhd,real_estate_construction,llm_tail_v3 (medium)
kingdom-digital-solutions-sdn-bhd,media_entertainment,llm_tail_v3 (high)
kinta-press-packaging-m-sdn-bhd,manufacturing,llm_tail_v3 (high)
knowhirematch,consulting_professional_services,llm_tail_v3 (high)
knowlix,tech_software_internet,llm_tail_v3 (high)
knute-nelson,healthcare_provider,llm_tail_v3 (high)
ko-specialist-medical-centre,healthcare_provider,llm_tail_v3 (high)
koalahealth,healthcare_provider,llm_tail_v3 (high)
kodifly,tech_software_internet,llm_tail_v3 (high)
koerber-technologies-sdn-bhd,manufacturing,llm_tail_v3 (high)
komatsu,manufacturing,llm_tail_v3 (high)
koyo-corporate-m-sdn-bhd,manufacturing,llm_tail_v3 (medium)
l-occitane-malaysia-sdn-bhd,consumer_brands,llm_tail_v3 (high)
la-perfeccion-sdn-bhd,consumer_brands,llm_tail_v3 (medium)
labuan-financial-services-authority-labuan-fsa,public_sector_government,llm_tail_v3 (high)
laclippers,media_entertainment,llm_tail_v3 (high)
lakeshore-learning-materials,education_k12,llm_tail_v3 (high)
land-pacific-development-sdn-bhd,real_estate_construction,llm_tail_v3 (high)
lassie,tech_software_internet,llm_tail_v3 (high)
laticrete-international,manufacturing,llm_tail_v3 (high)
lawrence-livermore-national-laboratory,defense_aerospace,llm_tail_v3 (high)
lds-international-asset-management-sdn-bhd,real_estate_construction,llm_tail_v3 (medium)
leader-energy-holding-berhad,energy_utilities,llm_tail_v3 (high)
leaf-home,real_estate_construction,llm_tail_v3 (high)
leanlayer,consulting_professional_services,llm_tail_v3 (high)
legalist,finance_fintech,llm_tail_v3 (high)
lendlease,real_estate_construction,llm_tail_v3 (high)
lexisnexis,tech_software_internet,llm_tail_v3 (high)
licor,manufacturing,llm_tail_v3 (high)
light-wonder,gaming,llm_tail_v3 (high)
lightship,automotive,llm_tail_v3 (high)
linkk-busway-systems-m-sdn-bhd,manufacturing,llm_tail_v3 (medium)
linquest,defense_aerospace,llm_tail_v3 (high)
litellm,tech_software_internet,llm_tail_v3 (high)
litify,tech_software_internet,llm_tail_v3 (high)
llc-infra-sdn-bhd,real_estate_construction,llm_tail_v3 (medium)
loancrate,finance_fintech,llm_tail_v3 (high)
localcoin,finance_fintech,llm_tail_v3 (high)
lodestarspace,defense_aerospace,llm_tail_v3 (high)
loot-labs,tech_software_internet,llm_tail_v3 (high)
lotte-em-malaysia-sdn-bhd,manufacturing,llm_tail_v3 (high)
ltv,tech_software_internet,llm_tail_v3 (high)
lucas-james-talent-partners,consulting_professional_services,llm_tail_v3 (high)
lumiq-learn,education_higher,llm_tail_v3 (high)
lundbeck,healthcare_pharma_biotech,llm_tail_v3 (high)
lutheran-community-services-northwest,nonprofit,llm_tail_v3 (high)
lvmh-fashion-group,consumer_brands,llm_tail_v3 (high)
m-a-securities-sdn-bhd,finance_fintech,llm_tail_v3 (high)
mac-cosmetics,consumer_brands,llm_tail_v3 (high)
mac-partners,consulting_professional_services,llm_tail_v3 (medium)
mach9,tech_software_internet,llm_tail_v3 (high)
madison-square-garden-entertainment-corp,media_entertainment,llm_tail_v3 (high)
madisonenergyinfrastructure,energy_utilities,llm_tail_v3 (high)
magnopus,media_entertainment,llm_tail_v3 (high)
mara-liner-sdn-bhd,transportation_logistics,llm_tail_v3 (high)
maravailifesciences,healthcare_pharma_biotech,llm_tail_v3 (high)
marketsense-ict-sdn-bhd,consulting_professional_services,llm_tail_v3 (medium)
mastercard,finance_fintech,llm_tail_v3 (high)
mastertech-solutions-sdn-bhd,consulting_professional_services,llm_tail_v3 (medium)
maven-link,consulting_professional_services,llm_tail_v3 (medium)
maxwise-management-hr-services,consulting_professional_services,llm_tail_v3 (high)
mcghealth,healthcare_provider,llm_tail_v3 (high)
mdcalc,tech_software_internet,llm_tail_v3 (high)
mechanism-ventures,finance_fintech,llm_tail_v3 (high)
medpace,healthcare_pharma_biotech,llm_tail_v3 (high)
mega-fortris-berhad,manufacturing,llm_tail_v3 (high)
meijer,retail_ecommerce,llm_tail_v3 (high)
meinhardt-epcm-sdn-bhd,consulting_professional_services,llm_tail_v3 (high)
melaleuca-the-wellness-company,consumer_brands,llm_tail_v3 (high)
memglobal,nonprofit,llm_tail_v3 (high)
memic,finance_insurance,llm_tail_v3 (high)
metoxinternationalinc,manufacturing,llm_tail_v3 (high)
metroplushealth,finance_insurance,llm_tail_v3 (high)
mettler-toledo-m-sdn-bhd,manufacturing,llm_tail_v3 (high)
michael-kors,consumer_brands,llm_tail_v3 (high)
micro-ocean-technologies-sdn-bhd,consulting_professional_services,llm_tail_v3 (medium)
micro-technology-solution-sdn-bhd,consulting_professional_services,llm_tail_v3 (high)
microplan-tech-sdn-bhd,consulting_professional_services,llm_tail_v3 (medium)
mie-industrial-sdn-bhd,real_estate_construction,llm_tail_v3 (medium)
mindsource,consulting_professional_services,llm_tail_v3 (high)
minted,retail_ecommerce,llm_tail_v3 (high)
misarma-supply-sdn-bhd,consulting_professional_services,llm_tail_v3 (medium)
miteksystems-2,tech_software_internet,llm_tail_v3 (high)
modivcare,healthcare_provider,llm_tail_v3 (high)
modular-scale-sdn-bhd,real_estate_construction,llm_tail_v3 (medium)
monoluxury-sdn-bhd,consumer_brands,llm_tail_v3 (medium)
morningbrew,media_entertainment,llm_tail_v3 (high)
morph-enterprise,consulting_professional_services,llm_tail_v3 (high)
motive,media_entertainment,llm_tail_v3 (high)
motor-city-auto-parts-sdn-bhd,automotive,llm_tail_v3 (high)
mott-macdonald-malaysia-sdn-bhd,consulting_professional_services,llm_tail_v3 (high)
mountaire-farms,agriculture_food_production,llm_tail_v3 (high)
moveindustries,tech_software_internet,llm_tail_v3 (high)
movementstrategy,media_entertainment,llm_tail_v3 (high)
myshell,tech_software_internet,llm_tail_v3 (high)
navi,tech_software_internet,llm_tail_v3 (high)
nayya,finance_insurance,llm_tail_v3 (high)
neerinfo-solutions,consulting_professional_services,llm_tail_v3 (high)
nehemiah-reinforced-soil-sdn-bhd,real_estate_construction,llm_tail_v3 (high)
neighborly,real_estate_construction,llm_tail_v3 (high)
net-one-asia-sdn-bhd,tech_software_internet,llm_tail_v3 (medium)
netizen-testing-sdn-bhd,tech_software_internet,llm_tail_v3 (high)
networkoptix,tech_software_internet,llm_tail_v3 (high)
neural-solutions,defense_aerospace,llm_tail_v3 (high)
new-chen-motor-credit-sdn-bhd,finance_fintech,llm_tail_v3 (medium)
newbridge-alliance-pte-ltd,energy_utilities,llm_tail_v3 (high)
newly-weds-foods,agriculture_food_production,llm_tail_v3 (high)
nextenergygroup,energy_utilities,llm_tail_v3 (high)
niktor,consulting_professional_services,llm_tail_v3 (high)
nipro-medical-corporation,healthcare_devices,llm_tail_v3 (high)
norma-products-malaysia-sdn-bhd,manufacturing,llm_tail_v3 (high)
norsk-hydro,manufacturing,llm_tail_v3 (high)
nsw-automation-sdn-bhd,manufacturing,llm_tail_v3 (medium)
nv5,consulting_professional_services,llm_tail_v3 (high)
o-i,manufacturing,llm_tail_v3 (high)
oak-technologies-inc,consulting_professional_services,llm_tail_v3 (high)
oakland-feather-river-camp,hospitality_food_service,llm_tail_v3 (high)
obvious,consulting_professional_services,llm_tail_v3 (high)
odp-business-solutions,retail_ecommerce,llm_tail_v3 (high)
office-of-inspector-general,public_sector_government,llm_tail_v3 (high)
office-of-management-and-budget,public_sector_government,llm_tail_v3 (high)
olly,consumer_brands,llm_tail_v3 (high)
omnilex,tech_software_internet,llm_tail_v3 (high)
one-allianz-consortium-sdn-bhd,consulting_professional_services,llm_tail_v3 (medium)
one-medicare-sdn-bhd,real_estate_construction,llm_tail_v3 (high)
onesixsolutions27,consulting_professional_services,llm_tail_v3 (high)
onsemi,tech_hardware_semiconductors,llm_tail_v3 (high)
ooma,telecommunications,llm_tail_v3 (high)
optimus-people-solutions-delivered,consulting_professional_services,llm_tail_v3 (high)
orennia,energy_utilities,llm_tail_v3 (high)
organo-asia-sdn-bhd,manufacturing,llm_tail_v3 (medium)
orion-talent,consulting_professional_services,llm_tail_v3 (high)
orionmano-technology-sdn-bhd,tech_software_internet,llm_tail_v3 (medium)
osk-ventures-international-berhad-a-member-of-osk-group,finance_fintech,llm_tail_v3 (high)
ouji-seiyaku-m-sdn-bhd,healthcare_pharma_biotech,llm_tail_v3 (high)
output,tech_software_internet,llm_tail_v3 (medium)
outrider,automotive,llm_tail_v3 (high)
owi-lab-m-sdn-bhd,manufacturing,llm_tail_v3 (medium)
p2p.org,finance_fintech,llm_tail_v3 (high)
pacific-gas-and-electric-company,energy_utilities,llm_tail_v3 (high)
pagaya,finance_fintech,llm_tail_v3 (high)
palm-oleo-sdn-bhd-gate-a,manufacturing,llm_tail_v3 (high)
paragon-union-berhad,automotive,llm_tail_v3 (high)
paris-baguette-logistics-sdn-bhd,hospitality_food_service,llm_tail_v3 (high)
parkade,tech_software_internet,llm_tail_v3 (high)
pastry-world-sdn-bhd,consumer_brands,llm_tail_v3 (medium)
paul-bakery-malaysia,hospitality_food_service,llm_tail_v3 (high)
paytient,finance_fintech,llm_tail_v3 (high)
peace-corps,public_sector_government,llm_tail_v3 (high)
pembinaan-teguh-maju-sdn-bhd,real_estate_construction,llm_tail_v3 (high)
penrodsoftware,consulting_professional_services,llm_tail_v3 (high)
perfect-pentagon-sdn-bhd,consulting_professional_services,llm_tail_v3 (medium)
perrknight,consulting_professional_services,llm_tail_v3 (high)
persefoniaiinc,tech_software_internet,llm_tail_v3 (high)
pertama-digital-berhad,tech_software_internet,llm_tail_v3 (high)
petro-excel-sdn-bhd,energy_utilities,llm_tail_v3 (medium)
pga-tour,media_entertainment,llm_tail_v3 (high)
pgal,consulting_professional_services,llm_tail_v3 (high)
pgt-innovations,manufacturing,llm_tail_v3 (high)
phaidon-international,consulting_professional_services,llm_tail_v3 (high)
phaidra,tech_software_internet,llm_tail_v3 (high)
pharmacore-technology-and-innovation-sdn-bhd,consumer_brands,llm_tail_v3 (medium)
pico-international-m-sdn-bhd,media_entertainment,llm_tail_v3 (high)
pika,tech_software_internet,llm_tail_v3 (high)
pitch-labs,nonprofit,llm_tail_v3 (high)
plane,tech_software_internet,llm_tail_v3 (high)
planet-telecoms-managed-services-sdn-bhd,telecommunications,llm_tail_v3 (high)
plastictecnic-m-sdn-bhd,manufacturing,llm_tail_v3 (high)
platformsh,tech_software_internet,llm_tail_v3 (high)
platinum-legal-search-group-llc,legal_services,llm_tail_v3 (high)
platinum-victory-development-sdn-bhd,real_estate_construction,llm_tail_v3 (high)
pmmalliance,media_entertainment,llm_tail_v3 (high)
pocketbook-agency,consulting_professional_services,llm_tail_v3 (high)
pod-network,finance_fintech,llm_tail_v3 (high)
polygonus,consulting_professional_services,llm_tail_v3 (medium)
post-consumer-brands,consumer_brands,llm_tail_v3 (high)
precious-trend-sdn-bhd,retail_ecommerce,llm_tail_v3 (medium)
precision-medicine-group,consulting_professional_services,llm_tail_v3 (high)
precision-technologies,consulting_professional_services,llm_tail_v3 (high)
precisionvehicleholdings,automotive,llm_tail_v3 (high)
premier-life-sciences-llc,healthcare_pharma_biotech,llm_tail_v3 (high)
prestasi-flour-mill-m-sdn-bhd-199401031689,agriculture_food_production,llm_tail_v3 (high)
pro-office-technology-sdn-bhd,tech_software_internet,llm_tail_v3 (medium)
pro2learn,consulting_professional_services,llm_tail_v3 (high)
progressive-recruitment,consulting_professional_services,llm_tail_v3 (high)
project-expedition,tech_software_internet,llm_tail_v3 (high)
prolim-corporation,consulting_professional_services,llm_tail_v3 (high)
prolink,consulting_professional_services,llm_tail_v3 (high)
prorata,tech_software_internet,llm_tail_v3 (high)
protonai,tech_software_internet,llm_tail_v3 (high)
publix-super-markets,retail_ecommerce,llm_tail_v3 (high)
pursuit-collection,hospitality_food_service,llm_tail_v3 (high)
pwm-pet-world-international-sdn-bhd,consumer_brands,llm_tail_v3 (high)
py-konsep-perunding-sdn-bhd,consulting_professional_services,llm_tail_v3 (high)
qdos-flexcircuits-sdn-bhd,tech_hardware_semiconductors,llm_tail_v3 (high)
qinetiq-us,defense_aerospace,llm_tail_v3 (high)
ql-livestock-farming-sdn-bhd,agriculture_food_production,llm_tail_v3 (high)
qontext,tech_software_internet,llm_tail_v3 (high)
quad-a-solomonedwards-company,consulting_professional_services,llm_tail_v3 (high)
quail-park-communities,healthcare_provider,llm_tail_v3 (high)
qual-it-resources,consulting_professional_services,llm_tail_v3 (high)
quantumbricks,consulting_professional_services,llm_tail_v3 (high)
radgov-inc,consulting_professional_services,llm_tail_v3 (high)
radiant-code-sdn-bhd,consulting_professional_services,llm_tail_v3 (medium)
radio-frequency-services-m-sdn-bhd,telecommunications,llm_tail_v3 (medium)
radixexperienced,finance_fintech,llm_tail_v3 (high)
rampanttechnologies,defense_aerospace,llm_tail_v3 (high)
randstad-sourceright,consulting_professional_services,llm_tail_v3 (high)
raps-consulting-inc,consulting_professional_services,llm_tail_v3 (high)
rapsys-technologies-malaysia-sdn-bhd,consulting_professional_services,llm_tail_v3 (high)
realtek-consulting-llc,consulting_professional_services,llm_tail_v3 (high)
recron-malaysia-sdn-bhd,manufacturing,llm_tail_v3 (high)
red-oak-technologies,consulting_professional_services,llm_tail_v3 (high)
reflexrobotics,manufacturing,llm_tail_v3 (high)
regional-finance-regional-management-corp,finance_fintech,llm_tail_v3 (high)
relaygraduateschoolofeducation,education_higher,llm_tail_v3 (high)
relevante-inc,consulting_professional_services,llm_tail_v3 (high)
renaissance-lakewood-llc,healthcare_pharma_biotech,llm_tail_v3 (high)
resilinc,tech_software_internet,llm_tail_v3 (high)
resonac-materials-malaysia-sdn-bhd,manufacturing,llm_tail_v3 (high)
revefi,tech_software_internet,llm_tail_v3 (high)
revhealth,media_entertainment,llm_tail_v3 (high)
revivn,retail_ecommerce,llm_tail_v3 (medium)
ri-international,healthcare_provider,llm_tail_v3 (high)
rightway,real_estate_construction,llm_tail_v3 (high)
ripplematch,tech_software_internet,llm_tail_v3 (high)
rm-leopad-sdn-bhd,consulting_professional_services,llm_tail_v3 (medium)
roadie,transportation_logistics,llm_tail_v3 (high)
rohde-schwarz,tech_hardware_semiconductors,llm_tail_v3 (high)
roofr,tech_software_internet,llm_tail_v3 (high)
rtx,defense_aerospace,llm_tail_v3 (high)
runwise,tech_software_internet,llm_tail_v3 (high)
ryco-hydraulics-sdn-bhd,manufacturing,llm_tail_v3 (high)
safeguards-corporation-sdn-bhd,consulting_professional_services,llm_tail_v3 (medium)
sagecare,tech_software_internet,llm_tail_v3 (high)
sailpeak,tech_software_internet,llm_tail_v3 (high)
saks,retail_ecommerce,llm_tail_v3 (high)
salt,consulting_professional_services,llm_tail_v3 (high)
saltbox,real_estate_construction,llm_tail_v3 (high)
samurai-2k-aerosol-sdn-bhd,consumer_brands,llm_tail_v3 (high)
samwa-precision-sdn-bhd,manufacturing,llm_tail_v3 (high)
san-soon-seng-food-industries-sdn-bhd,agriculture_food_production,llm_tail_v3 (high)
sanli-m-e-engineering-sdn-bhd,real_estate_construction,llm_tail_v3 (high)
sanmina-sci-systems-malaysia-sdn-bhd-technoplex-penang,manufacturing,llm_tail_v3 (high)
santander-consumer-usa,finance_fintech,llm_tail_v3 (high)
sapinsider,media_entertainment,llm_tail_v3 (high)
sapura-energy-berhad-corporate,energy_utilities,llm_tail_v3 (high)
saransh-inc,consulting_professional_services,llm_tail_v3 (high)
scality,tech_software_internet,llm_tail_v3 (high)
schaeffler,manufacturing,llm_tail_v3 (high)
sci-ecommerce,consulting_professional_services,llm_tail_v3 (medium)
seatrium-engineering-penang-sdn-bhd,manufacturing,llm_tail_v3 (high)
seattle-children-s,healthcare_provider,llm_tail_v3 (high)
see-hoy-chan-facilities-management-sdn-bhd,real_estate_construction,llm_tail_v3 (high)
sevenresearch,finance_fintech,llm_tail_v3 (high)
sewer-ai,tech_software_internet,llm_tail_v3 (high)
sgff.org,nonprofit,llm_tail_v3 (high)
shiftkey,tech_software_internet,llm_tail_v3 (high)
shinewing-ty-teoh,consulting_professional_services,llm_tail_v3 (high)
shubhashrayhousingcareers,real_estate_construction,llm_tail_v3 (high)
sierra-executive-solutions-inc,consulting_professional_services,llm_tail_v3 (high)
sierra-studio,tech_software_internet,llm_tail_v3 (high)
signature-cabinet-sdn-bhd,real_estate_construction,llm_tail_v3 (medium)
silkron-technology-sdn-bhd,tech_software_internet,llm_tail_v3 (high)
simpson-strong-tie,manufacturing,llm_tail_v3 (high)
sin-kung-logistics-berhad,transportation_logistics,llm_tail_v3 (high)
sinclair-inc,media_entertainment,llm_tail_v3 (high)
skill-termite-exterminator-sdn-bhd,consumer_brands,llm_tail_v3 (medium)
skio,tech_software_internet,llm_tail_v3 (high)
skipscooters,transportation_logistics,llm_tail_v3 (high)
sks-southern-sdn-bhd,real_estate_construction,llm_tail_v3 (high)
sleepdoctor,healthcare_provider,llm_tail_v3 (high)
sni-financial,consulting_professional_services,llm_tail_v3 (high)
software-one-experts-sdn-bhd,consulting_professional_services,llm_tail_v3 (high)
softworld,consulting_professional_services,llm_tail_v3 (high)
solestial,defense_aerospace,llm_tail_v3 (high)
sonio,tech_software_internet,llm_tail_v3 (high)
sono-bello,healthcare_provider,llm_tail_v3 (high)
sony-pictures-entertainment,media_entertainment,llm_tail_v3 (high)
sound-environment-sdn-bhd,consulting_professional_services,llm_tail_v3 (medium)
southland-industries,real_estate_construction,llm_tail_v3 (high)
southstarcareers,consulting_professional_services,llm_tail_v3 (high)
spd-scientific-m-sdn-bhd,healthcare_pharma_biotech,llm_tail_v3 (high)
spearbio,healthcare_pharma_biotech,llm_tail_v3 (high)
spectrumvascular,healthcare_devices,llm_tail_v3 (high)
spices-seasonings-specialities-sdn-bhd,consumer_brands,llm_tail_v3 (high)
splitero,finance_fintech,llm_tail_v3 (high)
spreedly,finance_fintech,llm_tail_v3 (high)
sr-asia-resources-sdn-bhd,consulting_professional_services,llm_tail_v3 (medium)
stackone,tech_software_internet,llm_tail_v3 (high)
stanley-david-and-associates,consulting_professional_services,llm_tail_v3 (high)
starfaceworld,consumer_brands,llm_tail_v3 (high)
stark-aerospace,defense_aerospace,llm_tail_v3 (high)
startengine,finance_fintech,llm_tail_v3 (high)
statsig,tech_software_internet,llm_tail_v3 (high)
stf-resources-sdn-bhd-facility-and-f-b,real_estate_construction,llm_tail_v3 (medium)
sti-fire-safety-sdn-bhd,real_estate_construction,llm_tail_v3 (high)
straightarrownews,media_entertainment,llm_tail_v3 (high)
strike,tech_software_internet,llm_tail_v3 (high)
successkpiinc,tech_software_internet,llm_tail_v3 (high)
sulzer-pumps-wastewater-malaysia-sdn-bhd,manufacturing,llm_tail_v3 (high)
sunmow-construction-sdn-bhd,real_estate_construction,llm_tail_v3 (high)
sunnova-energy,energy_utilities,llm_tail_v3 (high)
sunray-construction-interior-sdn-bhd,real_estate_construction,llm_tail_v3 (high)
supervision,manufacturing,llm_tail_v3 (medium)
sureify,tech_software_internet,llm_tail_v3 (high)
swans,consulting_professional_services,llm_tail_v3 (high)
swapcard,tech_software_internet,llm_tail_v3 (high)
swiftsolar,energy_utilities,llm_tail_v3 (high)
synack,tech_software_internet,llm_tail_v3 (high)
syndicatebleu,consulting_professional_services,llm_tail_v3 (high)
synergisticit,consulting_professional_services,llm_tail_v3 (high)
synovus,finance_banking,llm_tail_v3 (high)
t-y-lin-international-sdn-bhd,consulting_professional_services,llm_tail_v3 (high)
tajir,retail_ecommerce,llm_tail_v3 (high)
talisman-advisory-partners,consulting_professional_services,llm_tail_v3 (high)
tamarindbio,healthcare_pharma_biotech,llm_tail_v3 (high)
tandemmoneylimited,finance_fintech,llm_tail_v3 (high)
tbs-asia-management-consultants-sdn-bhd,consulting_professional_services,llm_tail_v3 (medium)
tcwglobal,consulting_professional_services,llm_tail_v3 (high)
teachforall,nonprofit,llm_tail_v3 (high)
tec-group-inc,consulting_professional_services,llm_tail_v3 (high)
tech-consulting,consulting_professional_services,llm_tail_v3 (high)
techcential-sdn-bhd,manufacturing,llm_tail_v3 (medium)
teguh-harian-sdn-bhd,real_estate_construction,llm_tail_v3 (medium)
tenby-schools-setia-eco-park,education_k12,llm_tail_v3 (high)
tenneco,automotive,llm_tail_v3 (high)
tenstreet,tech_software_internet,llm_tail_v3 (high)
tera-va-sdn-bhd,energy_utilities,llm_tail_v3 (high)
tetra-pak,manufacturing,llm_tail_v3 (high)
tgp-living-collection-sdn-bhd,retail_ecommerce,llm_tail_v3 (high)
the-aerospace-corporation,defense_aerospace,llm_tail_v3 (high)
the-bolton-group,consulting_professional_services,llm_tail_v3 (high)
the-general,finance_insurance,llm_tail_v3 (high)
the-greene-group,consulting_professional_services,llm_tail_v3 (high)
the-midtown-group,consulting_professional_services,llm_tail_v3 (high)
the-north-face,consumer_brands,llm_tail_v3 (high)
the-pacific-insurance-berhad,finance_insurance,llm_tail_v3 (high)
the-trustees-of-reservations,nonprofit,llm_tail_v3 (high)
thegershagency,media_entertainment,llm_tail_v3 (high)
think-academy-international-education-inc,education_k12,llm_tail_v3 (high)
thoropass,tech_software_internet,llm_tail_v3 (high)
tk-elevator,manufacturing,llm_tail_v3 (high)
top-fruits-sdn-bhd,agriculture_food_production,llm_tail_v3 (high)
top-hat,education_higher,llm_tail_v3 (high)
topsteptrader,finance_fintech,llm_tail_v3 (high)
tortus,tech_software_internet,llm_tail_v3 (high)
totalenergies,energy_utilities,llm_tail_v3 (high)
towa-tool-sdn-bhd,manufacturing,llm_tail_v3 (high)
toyo-tyre-sales-and-marketing-malaysia-sdn-bhd,automotive,llm_tail_v3 (high)
tramgroup,manufacturing,llm_tail_v3 (medium)
transwater-api-sdn-bhd,energy_utilities,llm_tail_v3 (high)
tread,tech_software_internet,llm_tail_v3 (high)
trex-company,manufacturing,llm_tail_v3 (high)
triaset-sdn-bhd,consulting_professional_services,llm_tail_v3 (high)
trinity-property-consultants,real_estate_construction,llm_tail_v3 (high)
triple-access-sdn-bhd,telecommunications,llm_tail_v3 (medium)
trolley,finance_fintech,llm_tail_v3 (high)
tsh-manufacturing-solutions-sdn-bhd,manufacturing,llm_tail_v3 (high)
ttt-bullion-m-sdn-bhd,finance_fintech,llm_tail_v3 (high)
turvo,tech_software_internet,llm_tail_v3 (high)
two-dots,tech_software_internet,llm_tail_v3 (high)
uberall,tech_software_internet,llm_tail_v3 (high)
universal-traveller-shop-sdn-bhd,retail_ecommerce,llm_tail_v3 (high)
unlimitedindustries,tech_software_internet,llm_tail_v3 (high)
unto-labs,tech_software_internet,llm_tail_v3 (high)
unusual,finance_fintech,llm_tail_v3 (high)
vance-bioenergy-sdn-bhd,energy_utilities,llm_tail_v3 (high)
vannahealth,healthcare_provider,llm_tail_v3 (high)
vantage-point-consulting-inc,consulting_professional_services,llm_tail_v3 (high)
veolia-water-technologies-solutions,energy_utilities,llm_tail_v3 (high)
veritiv-corporation,manufacturing,llm_tail_v3 (high)
viabill,finance_fintech,llm_tail_v3 (high)
viagogo,media_entertainment,llm_tail_v3 (high)
videa.ai,tech_software_internet,llm_tail_v3 (high)
vision-diagnostic-sdn-bhd,healthcare_devices,llm_tail_v3 (high)
visionaire-partners,consulting_professional_services,llm_tail_v3 (high)
vivodyne,healthcare_pharma_biotech,llm_tail_v3 (high)
vmware,tech_software_internet,llm_tail_v3 (high)
volto-consulting,consulting_professional_services,llm_tail_v3 (high)
wa.technology,gaming,llm_tail_v3 (high)
wah-chan-consolidated-sdn-bhd,retail_ecommerce,llm_tail_v3 (medium)
wang-s-b-wong-kulai,legal_services,llm_tail_v3 (high)
waterfall,finance_fintech,llm_tail_v3 (medium)
wearemeru,consulting_professional_services,llm_tail_v3 (high)
web-enabled-workpaper-controls-sdn-bhd,consulting_professional_services,llm_tail_v3 (high)
webologix-ltd-inc,consulting_professional_services,llm_tail_v3 (high)
webstacks,consulting_professional_services,llm_tail_v3 (high)
weida-integrated-industries-sdn-bhd,manufacturing,llm_tail_v3 (high)
wellness-concept-m-sdn-bhd,consumer_brands,llm_tail_v3 (medium)
western-digital-tech-and-regional-center-m-sdn-bhd,tech_hardware_semiconductors,llm_tail_v3 (high)
what3words,tech_software_internet,llm_tail_v3 (high)
whataburger,hospitality_food_service,llm_tail_v3 (high)
wheels-inc,automotive,llm_tail_v3 (high)
white-heron-pharmaceutical-sdn-bhd,healthcare_pharma_biotech,llm_tail_v3 (high)
whitridge-associates,consulting_professional_services,llm_tail_v3 (high)
winner-venture-sdn-bhd,consulting_professional_services,llm_tail_v3 (medium)
winstar-aluminium-manufacturing-sdn-bhd,manufacturing,llm_tail_v3 (high)
wipro-unza-malaysia-sdn-bhd,consumer_brands,llm_tail_v3 (high)
wisdomtree,finance_fintech,llm_tail_v3 (high)
withwisdom,healthcare_provider,llm_tail_v3 (high)
workerbase,tech_software_internet,llm_tail_v3 (high)
wyld,consumer_brands,llm_tail_v3 (high)
xcel-energy,energy_utilities,llm_tail_v3 (high)
xfs-sdn-bhd,manufacturing,llm_tail_v3 (medium)
xin-hwa-trading-transport-sdn-bhd,transportation_logistics,llm_tail_v3 (high)
xohealthinc,finance_insurance,llm_tail_v3 (high)
y-g-corporation-bhd,real_estate_construction,llm_tail_v3 (high)
yash-technologies,consulting_professional_services,llm_tail_v3 (high)
yayasan-peneraju-pendidikan-bumiputera,nonprofit,llm_tail_v3 (high)
yazio,tech_software_internet,llm_tail_v3 (high)
ycombinator,finance_fintech,llm_tail_v3 (high)
yeo-hiap-seng-malaysia-sdn-bhd,consumer_brands,llm_tail_v3 (high)
yerbamadre,consumer_brands,llm_tail_v3 (high)
yield-engineering-systems,tech_hardware_semiconductors,llm_tail_v3 (high)
yoke-food-industries-sdn-bhd,agriculture_food_production,llm_tail_v3 (high)
yokowo-electronics-m-sdn-bhd,tech_hardware_semiconductors,llm_tail_v3 (high)
yours-resources-llc,consulting_professional_services,llm_tail_v3 (medium)
zale-maritime-sdn-bhd,transportation_logistics,llm_tail_v3 (high)
zanko-sdn-bhd,consulting_professional_services,llm_tail_v3 (medium)
zeiss-group,manufacturing,llm_tail_v3 (high)
zeit-ai,tech_software_internet,llm_tail_v3 (high)
zenbusiness,tech_software_internet,llm_tail_v3 (high)
ziosk,tech_software_internet,llm_tail_v3 (high)
zushealth,tech_software_internet,llm_tail_v3 (high)
24-hour-fitness,consumer_brands,llm_tail_v3 (high)
32Co,healthcare_devices,llm_tail_v3 (high)
3d-systems-corporation,manufacturing,llm_tail_v3 (high)
80twenty,consulting_professional_services,llm_tail_v3 (high)
Eon Systems,tech_software_internet,llm_tail_v3 (high)
NJStateOfficeofInnovation,public_sector_government,llm_tail_v3 (high)
Technitask,consulting_professional_services,llm_tail_v3 (high)
abc-home-commercial-services-texas,real_estate_construction,llm_tail_v3 (high)
abeam-consulting-malaysia-sdn-bhd,consulting_professional_services,llm_tail_v3 (high)
able,tech_software_internet,llm_tail_v3 (high)
able-global-berhad-formerly-known-as-johore-tin-berhad,manufacturing,llm_tail_v3 (high)
acara-solutions-an-aleron-company,consulting_professional_services,llm_tail_v3 (high)
accelerationpartners,media_entertainment,llm_tail_v3 (high)
accenture-tcm,consulting_professional_services,llm_tail_v3 (high)
accessholdingsmanagementfirm,consulting_professional_services,llm_tail_v3 (high)
accurate-personnel-llc,consulting_professional_services,llm_tail_v3 (high)
ace-hardware-corporation,retail_ecommerce,llm_tail_v3 (high)
acilearning,education_higher,llm_tail_v3 (high)
aclunc,nonprofit,llm_tail_v3 (high)
acunor,consulting_professional_services,llm_tail_v3 (high)
acxiom,media_entertainment,llm_tail_v3 (high)
addeen-engineering-sdn-bhd,real_estate_construction,llm_tail_v3 (medium)
adni-food-drinks-sdn-bhd,hospitality_food_service,llm_tail_v3 (high)
adusa-transportation,transportation_logistics,llm_tail_v3 (high)
aesc-us,manufacturing,llm_tail_v3 (high)
agama-solutions-inc,consulting_professional_services,llm_tail_v3 (high)
aggreko,energy_utilities,llm_tail_v3 (high)
agi-inc,tech_software_internet,llm_tail_v3 (high)
agilix-solutions,manufacturing,llm_tail_v3 (high)
agrace,healthcare_provider,llm_tail_v3 (high)
ah-cheng-laksa-sdn-bhd,hospitality_food_service,llm_tail_v3 (high)
aica-asia-pacific-holding-pte-ltd,manufacturing,llm_tail_v3 (high)
air-energy-consulting-malaysia-sdn-bhd,consulting_professional_services,llm_tail_v3 (high)
airgarage,tech_software_internet,llm_tail_v3 (high)
ajiya-berhad,manufacturing,llm_tail_v3 (high)
akam,real_estate_construction,llm_tail_v3 (high)
akidev-corporation,consulting_professional_services,llm_tail_v3 (high)
akube,consulting_professional_services,llm_tail_v3 (high)
alaka-ina-foundation-family-of-companies,defense_aerospace,llm_tail_v3 (high)
align-technology,healthcare_devices,llm_tail_v3 (high)
aligned-data-centers,tech_software_internet,llm_tail_v3 (high)
alila-hotels,hospitality_food_service,llm_tail_v3 (high)
alkegen,manufacturing,llm_tail_v3 (high)
allegiant,transportation_logistics,llm_tail_v3 (high)
alliance-medinet-m-sdn-bhd,healthcare_provider,llm_tail_v3 (high)
allied-universal-janitorial-services,real_estate_construction,llm_tail_v3 (high)
alloyenterprises,manufacturing,llm_tail_v3 (high)
almabase,tech_software_internet,llm_tail_v3 (high)
alpha-industries-sdn-bhd,manufacturing,llm_tail_v3 (medium)
altura,tech_software_internet,llm_tail_v3 (high)
amazon-lab126,tech_hardware_semiconductors,llm_tail_v3 (high)
amberelectric,energy_utilities,llm_tail_v3 (high)
amd-solutions-sdn-bhd,healthcare_devices,llm_tail_v3 (high)
american-heart-association,nonprofit,llm_tail_v3 (high)
american-public-education-inc-apei,education_higher,llm_tail_v3 (high)
amiseq,consulting_professional_services,llm_tail_v3 (high)
amphenol-tcs-m-sdn-bhd,tech_hardware_semiconductors,llm_tail_v3 (high)
andaz,hospitality_food_service,llm_tail_v3 (high)
ang-trading-motor-credit-sdn-bhd,automotive,llm_tail_v3 (high)
ansell-global-trading-center-malaysia-sdn-bhd,healthcare_devices,llm_tail_v3 (high)
answersnow,healthcare_provider,llm_tail_v3 (high)
anything,tech_software_internet,llm_tail_v3 (high)
apella,tech_software_internet,llm_tail_v3 (high)
applied-integrators-sdn-bhd,tech_software_internet,llm_tail_v3 (high)
apria,healthcare_devices,llm_tail_v3 (high)
aquant,tech_software_internet,llm_tail_v3 (high)
aquent-talent,consulting_professional_services,llm_tail_v3 (high)
aralezbio,healthcare_pharma_biotech,llm_tail_v3 (high)
aramijaya-agri-agro-sdn-bhd,agriculture_food_production,llm_tail_v3 (high)
ardmore-home-design-inc,consumer_brands,llm_tail_v3 (high)
ares-management-corporation,finance_fintech,llm_tail_v3 (high)
argano,consulting_professional_services,llm_tail_v3 (high)
artafinance,finance_fintech,llm_tail_v3 (high)
artera-2,tech_software_internet,llm_tail_v3 (high)
artie,tech_software_internet,llm_tail_v3 (high)
arus-juta-sdn-bhd,real_estate_construction,llm_tail_v3 (medium)
asapp-2,tech_software_internet,llm_tail_v3 (high)
ascend-wellness-holdings-cse-aawh-u-otcqx-aawh,consumer_brands,llm_tail_v3 (high)
ascendanalytics,energy_utilities,llm_tail_v3 (high)
ascentec-engineering-sdn-bhd,manufacturing,llm_tail_v3 (high)
asia-business-advisory-sdn-bhd,consulting_professional_services,llm_tail_v3 (high)
asm-business-advisory-sdn-bhd,consulting_professional_services,llm_tail_v3 (medium)
aspire-bakeries,agriculture_food_production,llm_tail_v3 (high)
assembly,tech_software_internet,llm_tail_v3 (high)
astrazeneca-malaysia,healthcare_pharma_biotech,llm_tail_v3 (high)
atlan,tech_software_internet,llm_tail_v3 (high)
atlantica-sustainable-infrastructure-plc,energy_utilities,llm_tail_v3 (high)
atlas-copco,manufacturing,llm_tail_v3 (high)
atlassian,tech_software_internet,llm_tail_v3 (high)
atolio,tech_software_internet,llm_tail_v3 (high)
atroposhealth,healthcare_pharma_biotech,llm_tail_v3 (high)
atumworks,tech_hardware_semiconductors,llm_tail_v3 (medium)
atwork-personnel,consulting_professional_services,llm_tail_v3 (high)
aura798,tech_software_internet,llm_tail_v3 (high)
austral-avenue-sdn-bhd,real_estate_construction,llm_tail_v3 (high)
autocar-trucks,manufacturing,llm_tail_v3 (high)
av-sis,healthcare_devices,llm_tail_v3 (medium)
ava-labs,finance_fintech,llm_tail_v3 (high)
aven,finance_fintech,llm_tail_v3 (high)
aventon,consumer_brands,llm_tail_v3 (high)
axiom,finance_fintech,llm_tail_v3 (high)
ayatt-management-service-sdn-bhd,consulting_professional_services,llm_tail_v3 (medium)
b-m-muntaha-sdn-bhd,real_estate_construction,llm_tail_v3 (medium)
badger-meter,manufacturing,llm_tail_v3 (high)
bae-systems-digital-intelligence,defense_aerospace,llm_tail_v3 (high)
baerlocher-m-sdn-bhd,manufacturing,llm_tail_v3 (high)
bain-company,consulting_professional_services,llm_tail_v3 (high)
baker-tilly-us,consulting_professional_services,llm_tail_v3 (high)
bangkok-bank-berhad,finance_banking,llm_tail_v3 (high)
barrick-gold-corporation,manufacturing,llm_tail_v3 (high)
barry-callebaut-malaysia-sdn-bhd,agriculture_food_production,llm_tail_v3 (high)
barti,tech_software_internet,llm_tail_v3 (high)
basf-petronas-chemicals-sdn-bhd,manufacturing,llm_tail_v3 (high)
bastion,tech_software_internet,llm_tail_v3 (high)
baublebar,consumer_brands,llm_tail_v3 (high)
bbrpartners,finance_fintech,llm_tail_v3 (high)
bdp-global-services-centre-sdn-bhd,consulting_professional_services,llm_tail_v3 (high)
be-international-marketing-sdn-bhd,consumer_brands,llm_tail_v3 (medium)
bedrockenergy,energy_utilities,llm_tail_v3 (high)
best-auto-biz-sdn-bhd,automotive,llm_tail_v3 (high)
beyondsoft,consulting_professional_services,llm_tail_v3 (high)
bezosearthfund,nonprofit,llm_tail_v3 (high)
bi-technologies-corporation-sdn-bhd,manufacturing,llm_tail_v3 (high)
bifrost,tech_software_internet,llm_tail_v3 (high)
biogen,healthcare_pharma_biotech,llm_tail_v3 (high)
birdie,tech_software_internet,llm_tail_v3 (high)
bizjobz-llc,consulting_professional_services,llm_tail_v3 (high)
bluedale-integrated-m-sdn-bhd,media_entertainment,llm_tail_v3 (medium)
blusharkdigital,media_entertainment,llm_tail_v3 (high)
boltjobs,education_higher,llm_tail_v3 (medium)
bolton-optical-group,healthcare_devices,llm_tail_v3 (high)
bona-film-culture-sdn-bhd,media_entertainment,llm_tail_v3 (high)
bonneville-power-administration,energy_utilities,llm_tail_v3 (high)
boustead-properties-berhad,real_estate_construction,llm_tail_v3 (high)
braeburn,healthcare_pharma_biotech,llm_tail_v3 (high)
brecon-synergy-sdn-bhd,education_k12,llm_tail_v3 (medium)
breef,consulting_professional_services,llm_tail_v3 (medium)
brightideainc,tech_software_internet,llm_tail_v3 (high)
brillio,consulting_professional_services,llm_tail_v3 (high)
britt-one-enterprise,media_entertainment,llm_tail_v3 (medium)
brooks-running,consumer_brands,llm_tail_v3 (high)
bryantparkconsulting,consulting_professional_services,llm_tail_v3 (high)
bsi,consulting_professional_services,llm_tail_v3 (high)
bsl-containers-sdn-bhd,manufacturing,llm_tail_v3 (high)
buildlinx,real_estate_construction,llm_tail_v3 (high)
builtin,tech_software_internet,llm_tail_v3 (high)
bunzl-distribution-na,retail_ecommerce,llm_tail_v3 (high)
butcherbox,consumer_brands,llm_tail_v3 (high)
bybit-fintech-limited,finance_fintech,llm_tail_v3 (high)
bytedance,tech_software_internet,llm_tail_v3 (high)
cadence-design-systems,tech_software_internet,llm_tail_v3 (high)
cae,defense_aerospace,llm_tail_v3 (high)
cafin-plt,consumer_brands,llm_tail_v3 (medium)
cagamas-berhad,finance_banking,llm_tail_v3 (high)
cahya-mata-professionals-sdn-bhd,manufacturing,llm_tail_v3 (high)
calibre-systems-inc,defense_aerospace,llm_tail_v3 (high)
california-correctional-health-care-services,healthcare_provider,llm_tail_v3 (high)
calpers,finance_fintech,llm_tail_v3 (high)
capaian-persada-sdn-bhd,real_estate_construction,llm_tail_v3 (high)
capco-the-capital-market-company-group,consulting_professional_services,llm_tail_v3 (high)
career-collective,consulting_professional_services,llm_tail_v3 (high)
carmichaellynch,media_entertainment,llm_tail_v3 (high)
cascades,manufacturing,llm_tail_v3 (high)
celanese,manufacturing,llm_tail_v3 (high)
celaralabs,consulting_professional_services,llm_tail_v3 (medium)
cerve,tech_software_internet,llm_tail_v3 (high)
cfm-technologies-sdn-bhd,manufacturing,llm_tail_v3 (high)
chabeztech-llc,consulting_professional_services,llm_tail_v3 (high)
chariotdefense,defense_aerospace,llm_tail_v3 (high)
cheerz,consumer_brands,llm_tail_v3 (high)
chenega-corporation-eh-f,defense_aerospace,llm_tail_v3 (high)
chip-eng-seng-construction-pte-ltd,real_estate_construction,llm_tail_v3 (high)
ciq,tech_software_internet,llm_tail_v3 (high)
cityswift,tech_software_internet,llm_tail_v3 (high)
cj-jet-media-sdn-bhd,media_entertainment,llm_tail_v3 (medium)
ck-group,media_entertainment,llm_tail_v3 (medium)
cks-retail-sdn-bhd,retail_ecommerce,llm_tail_v3 (high)
click-services-sdn-bhd,consulting_professional_services,llm_tail_v3 (medium)
clipbook,media_entertainment,llm_tail_v3 (high)
cloudinity-inc,consulting_professional_services,llm_tail_v3 (high)
cloudspire,consulting_professional_services,llm_tail_v3 (high)
club-med,hospitality_food_service,llm_tail_v3 (high)
cobnb-sdn-bhd,consulting_professional_services,llm_tail_v3 (medium)
cogstateinc,healthcare_pharma_biotech,llm_tail_v3 (high)
coherent-corp,tech_hardware_semiconductors,llm_tail_v3 (high)
cohnreznick-llp,consulting_professional_services,llm_tail_v3 (high)
collabora,tech_software_internet,llm_tail_v3 (high)
columbia-forest-products,manufacturing,llm_tail_v3 (high)
commit-ai-career-agents-for-developers,consulting_professional_services,llm_tail_v3 (high)
commonwealth-care-alliance,finance_insurance,llm_tail_v3 (high)
companial,consulting_professional_services,llm_tail_v3 (high)
computer-data-concepts-inc,consulting_professional_services,llm_tail_v3 (high)
computercare,consulting_professional_services,llm_tail_v3 (high)
configusa,consulting_professional_services,llm_tail_v3 (high)
consilio-llc,legal_services,llm_tail_v3 (high)
consumeredge,consulting_professional_services,llm_tail_v3 (high)
contech-engineered-solutions,manufacturing,llm_tail_v3 (high)
convatec,healthcare_devices,llm_tail_v3 (high)
convergenz,consulting_professional_services,llm_tail_v3 (high)
convey,consulting_professional_services,llm_tail_v3 (high)
copperco,tech_software_internet,llm_tail_v3 (high)
corbins,real_estate_construction,llm_tail_v3 (high)
coreflow,tech_software_internet,llm_tail_v3 (high)
coretelligent,consulting_professional_services,llm_tail_v3 (high)
corgan,consulting_professional_services,llm_tail_v3 (high)
cornerstone-building-brands,manufacturing,llm_tail_v3 (high)
coworker,tech_software_internet,llm_tail_v3 (high)
crashplan,tech_software_internet,llm_tail_v3 (high)
creative-artists-agency,media_entertainment,llm_tail_v3 (high)
crescendo-international-school-sdn-bhd-johor,education_k12,llm_tail_v3 (high)
crescens-inc,consulting_professional_services,llm_tail_v3 (high)
crest-builder-sdn-bhd,real_estate_construction,llm_tail_v3 (high)
csf-agency,consulting_professional_services,llm_tail_v3 (medium)
culver-careers-culvercareers-com,consulting_professional_services,llm_tail_v3 (high)
curinos,finance_fintech,llm_tail_v3 (high)
curlec-sdn-bhd,finance_fintech,llm_tail_v3 (high)
cuspai,tech_software_internet,llm_tail_v3 (high)
customcraft-m-sdn-bhd,real_estate_construction,llm_tail_v3 (medium)
customuse,tech_software_internet,llm_tail_v3 (high)
cybertec-inc,consulting_professional_services,llm_tail_v3 (high)
david,media_entertainment,llm_tail_v3 (high)
davidenergy,energy_utilities,llm_tail_v3 (high)
dawn-foods-global,consumer_brands,llm_tail_v3 (high)
dawson,consulting_professional_services,llm_tail_v3 (high)
day-one-agency,media_entertainment,llm_tail_v3 (high)
dayou-united-electronics-m-sdn-bhd,tech_hardware_semiconductors,llm_tail_v3 (medium)
dayton-freight-lines-inc,transportation_logistics,llm_tail_v3 (high)
dbeconorthamerica,consulting_professional_services,llm_tail_v3 (high)
dcap-commercial-sdn-bhd,consulting_professional_services,llm_tail_v3 (medium)
deepgenomics,healthcare_pharma_biotech,llm_tail_v3 (high)
deepnote,tech_software_internet,llm_tail_v3 (high)
deepwalk,tech_software_internet,llm_tail_v3 (high)
defense-threat-reduction-agency,defense_aerospace,llm_tail_v3 (high)
degreed,tech_software_internet,llm_tail_v3 (high)
deltek,tech_software_internet,llm_tail_v3 (high)
digimarc,tech_software_internet,llm_tail_v3 (high)
direct-access-solutions-sdn-bhd,tech_software_internet,llm_tail_v3 (medium)
dk-my-properties-sdn-bhd,real_estate_construction,llm_tail_v3 (high)
dmd-marine-engineering-m-sdn-bhd,manufacturing,llm_tail_v3 (medium)
dnc-automation-m-sdn-bhd,manufacturing,llm_tail_v3 (medium)
donaldson-filtration-malaysia-sdn-bhd,manufacturing,llm_tail_v3 (high)
dong-ji-m-sdn-bhd-selangor-branch,manufacturing,llm_tail_v3 (medium)
donorbox,tech_software_internet,llm_tail_v3 (high)
dormakaba-americas,manufacturing,llm_tail_v3 (high)
dorman-products,manufacturing,llm_tail_v3 (high)
dover-corporation,manufacturing,llm_tail_v3 (high)
dreamthree,media_entertainment,llm_tail_v3 (high)
dreemhealth,healthcare_provider,llm_tail_v3 (high)
drivetime,automotive,llm_tail_v3 (high)
dryft,tech_software_internet,llm_tail_v3 (high)
durin,manufacturing,llm_tail_v3 (medium)
dynasty-dragon-seafood-restaurant-sdn-bhd,hospitality_food_service,llm_tail_v3 (high)
dyno-nobel,manufacturing,llm_tail_v3 (high)
e184,healthcare_pharma_biotech,llm_tail_v3 (high)
eadeco-sdn-bhd,manufacturing,llm_tail_v3 (medium)
eadess-sdn-bhd,retail_ecommerce,llm_tail_v3 (medium)
eastman,manufacturing,llm_tail_v3 (high)
easypost-2,tech_software_internet,llm_tail_v3 (high)
eber,tech_software_internet,llm_tail_v3 (high)
ecolab-international-sdn-bhd,manufacturing,llm_tail_v3 (high)
ecolex,consulting_professional_services,llm_tail_v3 (medium)
education,tech_software_internet,llm_tail_v3 (medium)
education-malaysia-global-services,public_sector_government,llm_tail_v3 (high)
educlaas,education_higher,llm_tail_v3 (high)
eh2,energy_utilities,llm_tail_v3 (high)
ehh-food-industry-sdn-bhd,agriculture_food_production,llm_tail_v3 (high)
elbit-systems-of-america,defense_aerospace,llm_tail_v3 (high)
electroloy-corporation-sdn-bhd,manufacturing,llm_tail_v3 (high)
electronx,finance_fintech,llm_tail_v3 (high)
elk-desa-capital-sdn-bhd,finance_fintech,llm_tail_v3 (high)
elsa-energy-sdn-bhd,energy_utilities,llm_tail_v3 (high)
emerging-blue,consulting_professional_services,llm_tail_v3 (high)
emico-penang-sdn-bhd,manufacturing,llm_tail_v3 (medium)
emilyslist,nonprofit,llm_tail_v3 (high)
employers,finance_insurance,llm_tail_v3 (high)
emv-nyc,consulting_professional_services,llm_tail_v3 (medium)
emzi-holding-sdn-bhd,consulting_professional_services,llm_tail_v3 (medium)
endress-hauser-m-sdn-bhd,manufacturing,llm_tail_v3 (high)
enter-rcm-llc,healthcare_provider,llm_tail_v3 (high)
enthalpy-analytical,consulting_professional_services,llm_tail_v3 (high)
enumerate,tech_software_internet,llm_tail_v3 (high)
envipure-sdn-bhd,energy_utilities,llm_tail_v3 (medium)
environmental-resources-management-m-sdn-bhd,consulting_professional_services,llm_tail_v3 (high)
eonmetall-group-bhd,manufacturing,llm_tail_v3 (high)
epg-engineering-system-sdn-bhd,real_estate_construction,llm_tail_v3 (medium)
epik-solutions,consulting_professional_services,llm_tail_v3 (high)
epson-precision-johor-sdn-bhd,tech_hardware_semiconductors,llm_tail_v3 (high)
equipment-doctor-services,manufacturing,llm_tail_v3 (medium)
europ-assistance,finance_insurance,llm_tail_v3 (high)
everbank,finance_banking,llm_tail_v3 (high)
eversana-intouch,media_entertainment,llm_tail_v3 (high)
everself,healthcare_provider,llm_tail_v3 (high)
everstreamanalytics,tech_software_internet,llm_tail_v3 (high)
evidentid,tech_software_internet,llm_tail_v3 (high)
evonik,manufacturing,llm_tail_v3 (high)
exabytes-network-sdn-bhd,tech_software_internet,llm_tail_v3 (high)
exact-analytical-sdn-bhd,consulting_professional_services,llm_tail_v3 (medium)
excel-glamour-housing-sdn-bhd,real_estate_construction,llm_tail_v3 (high)
excel-metal-industries-sdn-bhd,manufacturing,llm_tail_v3 (high)
exis-tech-sdn-bhd,tech_hardware_semiconductors,llm_tail_v3 (high)
experity,tech_software_internet,llm_tail_v3 (high)
express-employment-professionals-hawaii,consulting_professional_services,llm_tail_v3 (high)
express-mission-sdn-bhd,consulting_professional_services,llm_tail_v3 (medium)
f-n-creameries-m-sdn-bhd,consumer_brands,llm_tail_v3 (high)
f5,tech_software_internet,llm_tail_v3 (high)
fair-work-m-sdn-bhd,consulting_professional_services,llm_tail_v3 (medium)
family-care-center,healthcare_provider,llm_tail_v3 (high)
fastspring,tech_software_internet,llm_tail_v3 (high)
fatty-chemical-m-sdn-bhd,manufacturing,llm_tail_v3 (high)
felda-investment-corporation-sdn-bhd,agriculture_food_production,llm_tail_v3 (high)
ferrotec-power-semiconductor-malaysia-sdn-bhd,tech_hardware_semiconductors,llm_tail_v3 (high)
figfinancial,finance_fintech,llm_tail_v3 (high)
filter-man-supply-sdn-bhd,manufacturing,llm_tail_v3 (medium)
firstent,finance_banking,llm_tail_v3 (high)
firstkey-homes,real_estate_construction,llm_tail_v3 (high)
firstservice-residential-texas,real_estate_construction,llm_tail_v3 (high)
fitson-sdn-bhd,manufacturing,llm_tail_v3 (medium)
fizz,tech_software_internet,llm_tail_v3 (high)
fleet-services-by-cox-automotive,automotive,llm_tail_v3 (high)
fletcherjonesishiringmechanicsandtechnicians,automotive,llm_tail_v3 (high)
flex-employee-services,consulting_professional_services,llm_tail_v3 (high)
flexmodus-sdn-bhd,manufacturing,llm_tail_v3 (medium)
flint-hills-resources,energy_utilities,llm_tail_v3 (high)
flock-safety,tech_software_internet,llm_tail_v3 (high)
flsmidth,manufacturing,llm_tail_v3 (high)
fluence,energy_utilities,llm_tail_v3 (high)
fluency,tech_software_internet,llm_tail_v3 (high)
fmc-corporation,agriculture_food_production,llm_tail_v3 (high)
forcebrands,consulting_professional_services,llm_tail_v3 (high)
formach-asia-sdn-bhd,manufacturing,llm_tail_v3 (medium)
formance,finance_fintech,llm_tail_v3 (high)
forsyth-barnes,consulting_professional_services,llm_tail_v3 (high)
fortinet-philippines,tech_software_internet,llm_tail_v3 (high)
fortna,consulting_professional_services,llm_tail_v3 (high)
fortune-brands-innovations,consumer_brands,llm_tail_v3 (high)
fourier,manufacturing,llm_tail_v3 (high)
franklin-electric,manufacturing,llm_tail_v3 (high)
franklin-templeton,finance_fintech,llm_tail_v3 (high)
freeport-mcmoran,manufacturing,llm_tail_v3 (high)
front-tech-engineering-sdn-bhd,energy_utilities,llm_tail_v3 (medium)
fuel-cycle,consulting_professional_services,llm_tail_v3 (high)
fulcrumglobaltechnologies,tech_software_internet,llm_tail_v3 (high)
fundwell,finance_fintech,llm_tail_v3 (high)
fusion-academy,education_k12,llm_tail_v3 (high)
fustis-llc,consulting_professional_services,llm_tail_v3 (high)
futurestandard,finance_fintech,llm_tail_v3 (high)
gaintheory,media_entertainment,llm_tail_v3 (high)
galur-unggul-sdn-bhd,consulting_professional_services,llm_tail_v3 (medium)
galvanizeclimatesolutions,finance_fintech,llm_tail_v3 (high)
gamer2gamer-sdn-bhd,gaming,llm_tail_v3 (high)
gateway-search-pte-ltd,consulting_professional_services,llm_tail_v3 (high)
gcihealth,media_entertainment,llm_tail_v3 (high)
genesis10,consulting_professional_services,llm_tail_v3 (high)
genting-berhad,media_entertainment,llm_tail_v3 (high)
genuine-parts-company,automotive,llm_tail_v3 (high)
geocomply-2,tech_software_internet,llm_tail_v3 (high)
geopaq-logic-inc,consulting_professional_services,llm_tail_v3 (high)
gerbang-nusajaya-sdn-bhd,real_estate_construction,llm_tail_v3 (high)
getha-1969-sdn-bhd,consumer_brands,llm_tail_v3 (high)
givaudan,consumer_brands,llm_tail_v3 (high)
gladron-chemicals-sdn-bhd,healthcare_pharma_biotech,llm_tail_v3 (medium)
glanbia-nutritionals,consumer_brands,llm_tail_v3 (high)
global-amity-sdn-bhd,automotive,llm_tail_v3 (medium)
global-development-technology-sdn-bhd,tech_software_internet,llm_tail_v3 (high)
goip-business-solution-pte-ltd,telecommunications,llm_tail_v3 (medium)
goodrx,tech_software_internet,llm_tail_v3 (high)
goosehead-insurance-agency,finance_insurance,llm_tail_v3 (high)
gorilla,energy_utilities,llm_tail_v3 (high)
gosford-leather-industries-sdn-bhd,manufacturing,llm_tail_v3 (high)
gp-energy-tech-malaysia-sdn-bhd,energy_utilities,llm_tail_v3 (medium)
grab,tech_software_internet,llm_tail_v3 (high)
grand-wailea,hospitality_food_service,llm_tail_v3 (high)
gravity-it-resources,consulting_professional_services,llm_tail_v3 (high)
green-aquatic-feed-m-sdn-bhd,agriculture_food_production,llm_tail_v3 (high)
green-healthy-homes-initiative,nonprofit,llm_tail_v3 (high)
green-lagoon-technology-sdn-bhd,real_estate_construction,llm_tail_v3 (medium)
greene-resources,consulting_professional_services,llm_tail_v3 (high)
griffin,finance_banking,llm_tail_v3 (high)
groma,real_estate_construction,llm_tail_v3 (high)
grovecollaborative,consumer_brands,llm_tail_v3 (high)
gsd-land-m-sdn-bhd,real_estate_construction,llm_tail_v3 (medium)
gtc-associates,consulting_professional_services,llm_tail_v3 (high)
gtech-llc,consulting_professional_services,llm_tail_v3 (high)
gtv,media_entertainment,llm_tail_v3 (medium)
guocera-sdn-bhd-kluang,manufacturing,llm_tail_v3 (high)
hab-construction-sdn-bhd-formerly-known-as-haw-ah-bee-construction-sdn-bhd,real_estate_construction,llm_tail_v3 (high)
hagerty,finance_insurance,llm_tail_v3 (high)
hans-advisory-trust-co-ltd,consulting_professional_services,llm_tail_v3 (high)
harbour-link-group-berhad,transportation_logistics,llm_tail_v3 (high)
hard-rock-hotel-casino-sacramento,media_entertainment,llm_tail_v3 (high)
harness,tech_software_internet,llm_tail_v3 (high)
hck-capital-group,real_estate_construction,llm_tail_v3 (high)
healing-partners,healthcare_provider,llm_tail_v3 (high)
healthy-way-m-sdn-bhd,consumer_brands,llm_tail_v3 (medium)
healthy-world-lifestyle-sdn-bhd-ogawa,consumer_brands,llm_tail_v3 (high)
hearinglife,healthcare_devices,llm_tail_v3 (high)
helix-electric,real_estate_construction,llm_tail_v3 (high)
hellermanntyton-north-america,manufacturing,llm_tail_v3 (high)
heng-huat-resources-group-berhad,manufacturing,llm_tail_v3 (high)
hennepin-county,public_sector_government,llm_tail_v3 (high)
hensel-phelps,real_estate_construction,llm_tail_v3 (high)
heritage-landscape-supply-group-inc,real_estate_construction,llm_tail_v3 (high)
hexamatics-servcomm-sdn-bhd,consulting_professional_services,llm_tail_v3 (high)
hightower-advisors,finance_fintech,llm_tail_v3 (high)
hilton-waikoloa-village,hospitality_food_service,llm_tail_v3 (high)
hipagesgroup,tech_software_internet,llm_tail_v3 (high)
hireminds,consulting_professional_services,llm_tail_v3 (high)
hitachi-vantara-sdn-bhd,tech_software_internet,llm_tail_v3 (high)
hks-inc,consulting_professional_services,llm_tail_v3 (high)
hong-seng-assembly-sdn-bhd,manufacturing,llm_tail_v3 (medium)
horizon-hospitality-associates-inc,hospitality_food_service,llm_tail_v3 (high)
hosen-chocolate-sdn-bhd,consumer_brands,llm_tail_v3 (high)
howard-sloan-search,consulting_professional_services,llm_tail_v3 (high)
hqda-field-operating-agencies-and-staff-support-agencies,defense_aerospace,llm_tail_v3 (high)
hspgroup,consulting_professional_services,llm_tail_v3 (high)
hua-ao-sdn-bhd,finance_fintech,llm_tail_v3 (high)
hummingsoft-sdn-bhd,consulting_professional_services,llm_tail_v3 (high)
hunt-military-communities,real_estate_construction,llm_tail_v3 (high)
hyperheat,tech_software_internet,llm_tail_v3 (medium)
hyred,consulting_professional_services,llm_tail_v3 (high)
hyster-yale-group,manufacturing,llm_tail_v3 (high)
iconix,real_estate_construction,llm_tail_v3 (medium)
ifit,tech_software_internet,llm_tail_v3 (high)
iftother,tech_software_internet,llm_tail_v3 (high)
ignite-reading,education_k12,llm_tail_v3 (high)
igt,gaming,llm_tail_v3 (high)
iherb-llc,retail_ecommerce,llm_tail_v3 (high)
ikano-handel-sdn-bhd,retail_ecommerce,llm_tail_v3 (high)
ikhasas-sdn-bhd,tech_software_internet,llm_tail_v3 (medium)
imagine-learning,education_k12,llm_tail_v3 (high)
imcs,nonprofit,llm_tail_v3 (high)
imerys,manufacturing,llm_tail_v3 (high)
incedo-inc,consulting_professional_services,llm_tail_v3 (high)
indigenouspactpbcinc,healthcare_provider,llm_tail_v3 (high)
indotronix-international-corporation,consulting_professional_services,llm_tail_v3 (high)
inflect,tech_software_internet,llm_tail_v3 (high)
info-services,consulting_professional_services,llm_tail_v3 (high)
info-tech-systems-integrators-m-sdn-bhd,consulting_professional_services,llm_tail_v3 (high)
info-way-solutions,consulting_professional_services,llm_tail_v3 (high)
infomatics-corp,consulting_professional_services,llm_tail_v3 (high)
infomatics-inc,consulting_professional_services,llm_tail_v3 (high)
infomina-berhad,consulting_professional_services,llm_tail_v3 (high)
infosyte-sdn-bhd,consulting_professional_services,llm_tail_v3 (high)
infstones,finance_fintech,llm_tail_v3 (high)
ing,finance_banking,llm_tail_v3 (high)
innovalues-precision-sdn-bhd,manufacturing,llm_tail_v3 (high)
intelletec,consulting_professional_services,llm_tail_v3 (high)
intellicept-inc,consulting_professional_services,llm_tail_v3 (high)
intellisoft-technologies,consulting_professional_services,llm_tail_v3 (high)
inter-pacific-securities-sdn-bhd,finance_fintech,llm_tail_v3 (high)
interaction,tech_software_internet,llm_tail_v3 (high)
international-facility-engineering-m-sdn-bhd,real_estate_construction,llm_tail_v3 (high)
invitation-homes,real_estate_construction,llm_tail_v3 (high)
invopop,tech_software_internet,llm_tail_v3 (high)
ircare-sdn-bhd,healthcare_devices,llm_tail_v3 (medium)
isatec-sdn-bhd,consulting_professional_services,llm_tail_v3 (high)
it-business-solutions-sdn-bhd,consulting_professional_services,llm_tail_v3 (high)
it-usaha-engineering-sdn-bhd,real_estate_construction,llm_tail_v3 (medium)
itero-group,consulting_professional_services,llm_tail_v3 (high)
itron-inc,energy_utilities,llm_tail_v3 (high)
its-testing-services-m-sdn-bhd,consulting_professional_services,llm_tail_v3 (high)
j-k-wire-harness-sdn-bhd,manufacturing,llm_tail_v3 (high)
jabil-sdn-bhd-global-business-center,manufacturing,llm_tail_v3 (high)
jacobs-engineering-group-malaysia-sdn-bhd,consulting_professional_services,llm_tail_v3 (high)
jadebiosciences,healthcare_pharma_biotech,llm_tail_v3 (high)
jcr-workforce,consulting_professional_services,llm_tail_v3 (high)
jd-ross-energy,energy_utilities,llm_tail_v3 (high)
jetblue,transportation_logistics,llm_tail_v3 (high)
jmj-phillip-group,consulting_professional_services,llm_tail_v3 (high)
jnani-tech-support-sdn-bhd,consulting_professional_services,llm_tail_v3 (medium)
jnw-packaging-sdn-bhd,manufacturing,llm_tail_v3 (high)
joby-aviation,defense_aerospace,llm_tail_v3 (high)
johnson-controls-hitachi-air-conditioning-malaysia-sdn-bhd,manufacturing,llm_tail_v3 (high)
journey,consulting_professional_services,llm_tail_v3 (high)
julie-s-marketing-sdn-bhd,consumer_brands,llm_tail_v3 (high)
jvv-international-sdn-bhd,consulting_professional_services,llm_tail_v3 (medium)
jwp,media_entertainment,llm_tail_v3 (high)
kace-company,defense_aerospace,llm_tail_v3 (high)
kanand-corporation,consulting_professional_services,llm_tail_v3 (high)
kane-partners-llc,consulting_professional_services,llm_tail_v3 (high)
kastech-software-solutions-group,consulting_professional_services,llm_tail_v3 (high)
kb-colour-image-sdn-bhd,media_entertainment,llm_tail_v3 (medium)
kedai-pajak-well-chip-sdn-bhd,finance_fintech,llm_tail_v3 (high)
kenan-advantage-group,transportation_logistics,llm_tail_v3 (high)
kenworth-truck-co,manufacturing,llm_tail_v3 (high)
kerjaya-prospek-m-sdn-bhd,real_estate_construction,llm_tail_v3 (high)
keycard-labs,tech_software_internet,llm_tail_v3 (high)
khean-seng-engineering-sdn-bhd,real_estate_construction,llm_tail_v3 (medium)
khk-plantation,agriculture_food_production,llm_tail_v3 (high)
kingdom-bsl-technology-sdn-bhd,manufacturing,llm_tail_v3 (medium)
kiswire-sdn-bhd,manufacturing,llm_tail_v3 (high)
kl-kepong-rubber-products-sdn-bhd,manufacturing,llm_tail_v3 (high)
kla,tech_hardware_semiconductors,llm_tail_v3 (high)
klk-hardwood-flooring-sdn-bhd,manufacturing,llm_tail_v3 (high)
koch-industries,manufacturing,llm_tail_v3 (high)
kolej-unikop,education_higher,llm_tail_v3 (high)
kolibrigames,gaming,llm_tail_v3 (high)
kossan-latex-industries-m-sdn-bhd,manufacturing,llm_tail_v3 (high)
kpaonline,consulting_professional_services,llm_tail_v3 (high)
kraton-corporation,manufacturing,llm_tail_v3 (high)
kroll,finance_fintech,llm_tail_v3 (high)
kronosresearch,finance_fintech,llm_tail_v3 (high)
kruidvat,retail_ecommerce,llm_tail_v3 (high)
kti-property,real_estate_construction,llm_tail_v3 (high)
kuan-press-sdn-bhd,manufacturing,llm_tail_v3 (medium)
la-calisto-sdn-bhd,retail_ecommerce,llm_tail_v3 (medium)
lacework,tech_software_internet,llm_tail_v3 (high)
lacto-asia-m-sdn-bhd,consumer_brands,llm_tail_v3 (high)
laika,media_entertainment,llm_tail_v3 (high)
landcare-llc,real_estate_construction,llm_tail_v3 (high)
langsat-osc-sdn-bhd,energy_utilities,llm_tail_v3 (medium)
launch2,media_entertainment,llm_tail_v3 (medium)
leantaas,tech_software_internet,llm_tail_v3 (high)
leddy-group,consulting_professional_services,llm_tail_v3 (high)
lelandsaylorassociates,consulting_professional_services,llm_tail_v3 (high)
lendzfinancial,finance_fintech,llm_tail_v3 (high)
lenox-hill-neighborhood-house,nonprofit,llm_tail_v3 (high)
leoch-battery-m-sdn-bhd,manufacturing,llm_tail_v3 (high)
leona,tech_software_internet,llm_tail_v3 (high)
leppo-concrete-sdn-bhd,manufacturing,llm_tail_v3 (medium)
lg-electronics-m-sdn-bhd,tech_hardware_semiconductors,llm_tail_v3 (high)
lg-electronics-north-america,tech_hardware_semiconductors,llm_tail_v3 (high)
lhoist,manufacturing,llm_tail_v3 (high)
lightdash,tech_software_internet,llm_tail_v3 (high)
lightforceorthodontics,healthcare_devices,llm_tail_v3 (high)
lilt-corporate,tech_software_internet,llm_tail_v3 (high)
linde-material-handling-m-sdn-bhd,manufacturing,llm_tail_v3 (high)
lineate,consulting_professional_services,llm_tail_v3 (high)
link-creation-sdn-bhd,consulting_professional_services,llm_tail_v3 (medium)
lirio,tech_software_internet,llm_tail_v3 (high)
livemed-sdn-bhd,healthcare_devices,llm_tail_v3 (high)
local-assembly-sdn-bhd,manufacturing,llm_tail_v3 (medium)
lovisa-asia,retail_ecommerce,llm_tail_v3 (high)
loyola-medicine,healthcare_provider,llm_tail_v3 (high)
ls-solutions,consulting_professional_services,llm_tail_v3 (high)
lumana,tech_software_internet,llm_tail_v3 (high)
lumenbioscience,healthcare_pharma_biotech,llm_tail_v3 (high)
lyc-mother-child-centre-sdn-bhd,healthcare_provider,llm_tail_v3 (high)
lyj-events-marketing-sdn-bhd,consulting_professional_services,llm_tail_v3 (medium)
lynxtech,tech_software_internet,llm_tail_v3 (high)
maax-factor-sdn-bhd,finance_fintech,llm_tail_v3 (medium)
macdermid-performance-solutions,manufacturing,llm_tail_v3 (high)
mace,consulting_professional_services,llm_tail_v3 (high)
machines-sdn-bhd,retail_ecommerce,llm_tail_v3 (high)
maica-corporation-sdn-bhd,manufacturing,llm_tail_v3 (medium)
makai-labs,tech_software_internet,llm_tail_v3 (high)
makpar,consulting_professional_services,llm_tail_v3 (high)
mal-consumer-financial-services-division,finance_fintech,llm_tail_v3 (high)
malaysia-land-properties-sdn-bhd,real_estate_construction,llm_tail_v3 (high)
malibu-events-promotions,media_entertainment,llm_tail_v3 (medium)
mandarin-oriental-hotel-group,hospitality_food_service,llm_tail_v3 (high)
manjaku-retail-sdn-bhd,retail_ecommerce,llm_tail_v3 (high)
mantis,media_entertainment,llm_tail_v3 (high)
map-active-malaysia-sdn-bhd,retail_ecommerce,llm_tail_v3 (high)
maquettevirtuelle,manufacturing,llm_tail_v3 (high)
mark-s-food-solutions-sdn-bhd,agriculture_food_production,llm_tail_v3 (high)
mary-kay-global,consumer_brands,llm_tail_v3 (high)
materialbank,tech_software_internet,llm_tail_v3 (high)
matrix-service,real_estate_construction,llm_tail_v3 (high)
matterworks,healthcare_pharma_biotech,llm_tail_v3 (high)
maverickx,manufacturing,llm_tail_v3 (medium)
maxis-clinical-sciences,healthcare_pharma_biotech,llm_tail_v3 (high)
mbta,transportation_logistics,llm_tail_v3 (high)
mcc-shared-service-centre-sdn-bhd,consulting_professional_services,llm_tail_v3 (medium)
mccarthy-building-companies-inc,real_estate_construction,llm_tail_v3 (high)
mce-technologies-sdn-bhd,manufacturing,llm_tail_v3 (medium)
mcgriff,finance_insurance,llm_tail_v3 (high)
mcm-petcare-m-sdn-bhd,consumer_brands,llm_tail_v3 (high)
mco,retail_ecommerce,llm_tail_v3 (medium)
mechanicalorchard,tech_software_internet,llm_tail_v3 (high)
mechmar-boilers-sdn-bhd,manufacturing,llm_tail_v3 (high)
media-prima-berhad,media_entertainment,llm_tail_v3 (high)
medispend,tech_software_internet,llm_tail_v3 (high)
mednet,healthcare_pharma_biotech,llm_tail_v3 (high)
megacorplogistics,transportation_logistics,llm_tail_v3 (high)
meinhardt-hong-kong-limited,consulting_professional_services,llm_tail_v3 (high)
mem0,tech_software_internet,llm_tail_v3 (high)
membrane,tech_software_internet,llm_tail_v3 (high)
mercator,tech_software_internet,llm_tail_v3 (high)
mesiniaga-berhad,consulting_professional_services,llm_tail_v3 (high)
method.security,tech_software_internet,llm_tail_v3 (high)
metisinc,consulting_professional_services,llm_tail_v3 (high)
meyzer360,consulting_professional_services,llm_tail_v3 (high)
mf-technology-supply-services-m-sdn-bhd,consulting_professional_services,llm_tail_v3 (medium)
midea-america-corp,consumer_brands,llm_tail_v3 (high)
mighty-bakery-sdn-bhd,consumer_brands,llm_tail_v3 (high)
milestone-production-sdn-bhd,media_entertainment,llm_tail_v3 (high)
minda-global-management-sdn-bhd,consulting_professional_services,llm_tail_v3 (medium)
mindgrub,consulting_professional_services,llm_tail_v3 (high)
mindly,tech_software_internet,llm_tail_v3 (high)
minkey-builder-sdn-bhd,real_estate_construction,llm_tail_v3 (medium)
minsec-engineering-sdn-bhd,manufacturing,llm_tail_v3 (high)
miq,media_entertainment,llm_tail_v3 (high)
miramace,tech_software_internet,llm_tail_v3 (high)
mission-foods,consumer_brands,llm_tail_v3 (high)
missioncap,finance_fintech,llm_tail_v3 (high)
mitsubishi-logisnext-americas-inc,manufacturing,llm_tail_v3 (high)
ml4t,nonprofit,llm_tail_v3 (high)
moderntreasury,finance_fintech,llm_tail_v3 (high)
moh-pharmaceutical-technologies-sdn-bhd,healthcare_pharma_biotech,llm_tail_v3 (high)
momentous,consumer_brands,llm_tail_v3 (high)
mondelez-international,consumer_brands,llm_tail_v3 (high)
moody-s-corporation,finance_fintech,llm_tail_v3 (high)
moonshot,finance_fintech,llm_tail_v3 (high)
movon-sdn-bhd,consulting_professional_services,llm_tail_v3 (medium)
mranti-corporation-sdn-bhd,nonprofit,llm_tail_v3 (high)
msh-sea-sdn-bhd,finance_insurance,llm_tail_v3 (high)
mtd-industries-sdn-bhd,manufacturing,llm_tail_v3 (medium)
mulpha-international-bhd,real_estate_construction,llm_tail_v3 (high)
murray-resources,consulting_professional_services,llm_tail_v3 (high)
musixmatch,media_entertainment,llm_tail_v3 (high)
mvgx-holdings-pte-ltd,finance_fintech,llm_tail_v3 (high)
my-health-clinic-gong-badak,healthcare_provider,llm_tail_v3 (high)
myriad-genetics,healthcare_pharma_biotech,llm_tail_v3 (high)
n2co,consulting_professional_services,llm_tail_v3 (high)
nam-info-inc,consulting_professional_services,llm_tail_v3 (high)
nametag,tech_software_internet,llm_tail_v3 (high)
nano-qt,tech_hardware_semiconductors,llm_tail_v3 (high)
nansen,finance_fintech,llm_tail_v3 (high)
nasty,consulting_professional_services,llm_tail_v3 (medium)
national-audubon-society,nonprofit,llm_tail_v3 (high)
national-radio-astronomy-observatory,public_sector_government,llm_tail_v3 (high)
national-security-agency-central-security-service,defense_aerospace,llm_tail_v3 (high)
nbs-intellectual-sdn-bhd,legal_services,llm_tail_v3 (medium)
nefab-malaysia-sdn-bhd,manufacturing,llm_tail_v3 (high)
neo-fashion-of-two-l-meiconsepts-sdn-bhd,retail_ecommerce,llm_tail_v3 (high)
net-at-work,consulting_professional_services,llm_tail_v3 (high)
new-york-skin-sdn-bhd,consumer_brands,llm_tail_v3 (high)
newmark,real_estate_construction,llm_tail_v3 (high)
newrez-llc,finance_fintech,llm_tail_v3 (high)
nextdc,tech_software_internet,llm_tail_v3 (high)
nexus.xyz,finance_fintech,llm_tail_v3 (high)
ngk-electronics-devices-m-sdn-bhd,tech_hardware_semiconductors,llm_tail_v3 (high)
nhs-management-llc,healthcare_provider,llm_tail_v3 (high)
niagara-bottling,consumer_brands,llm_tail_v3 (high)
nodeverse-sdn-bhd,tech_software_internet,llm_tail_v3 (medium)
north-west-enterprise-sdn-bhd,consulting_professional_services,llm_tail_v3 (medium)
northern-tool-equipment,retail_ecommerce,llm_tail_v3 (high)
nova-buildings-group,real_estate_construction,llm_tail_v3 (high)
novel,tech_software_internet,llm_tail_v3 (high)
nucleo,consulting_professional_services,llm_tail_v3 (high)
nutrien,agriculture_food_production,llm_tail_v3 (high)
oasishealthpartners,healthcare_provider,llm_tail_v3 (high)
obsidiansystems,tech_software_internet,llm_tail_v3 (high)
oceaneering,energy_utilities,llm_tail_v3 (high)
offshorelaunch,consulting_professional_services,llm_tail_v3 (high)
oldcastle-infrastructure,manufacturing,llm_tail_v3 (high)
omnicell,healthcare_devices,llm_tail_v3 (high)
oncourse-home-solutions,real_estate_construction,llm_tail_v3 (high)
one-pass-solutions,consulting_professional_services,llm_tail_v3 (high)
oneimpression,media_entertainment,llm_tail_v3 (high)
onemain-financial,finance_fintech,llm_tail_v3 (high)
onetexx-sdn-bhd,manufacturing,llm_tail_v3 (medium)
ongs-properties-sdn-bhd,real_estate_construction,llm_tail_v3 (high)
opploans,finance_fintech,llm_tail_v3 (high)
optimax-eye-specialist-centre-sdn-bhd,healthcare_provider,llm_tail_v3 (high)
oriental-fortune-trading-malaysia-sdn-bhd,consulting_professional_services,llm_tail_v3 (medium)
oro-clean-chemie-sdn-bhd,manufacturing,llm_tail_v3 (medium)
oshihealth,healthcare_provider,llm_tail_v3 (high)
oshkosh-corporation,defense_aerospace,llm_tail_v3 (high)
osi-group,agriculture_food_production,llm_tail_v3 (high)
osim-m-sdn-bhd,consumer_brands,llm_tail_v3 (high)
oskano-academy-sdn-bhd,education_higher,llm_tail_v3 (medium)
ostium,finance_fintech,llm_tail_v3 (high)
oswald-companies,finance_insurance,llm_tail_v3 (high)
otc-training-centre-sdn-bhd,education_higher,llm_tail_v3 (medium)
owl-services,real_estate_construction,llm_tail_v3 (high)
oxford-solutions,consulting_professional_services,llm_tail_v3 (high)
oxman,tech_software_internet,llm_tail_v3 (high)
oxosmedical,healthcare_devices,llm_tail_v3 (high)
oyo-rooms-hospitality-sdn-bhd,hospitality_food_service,llm_tail_v3 (high)
pacific-scientific-energetic-materials-company,defense_aerospace,llm_tail_v3 (high)
pacific-trustees-berhad,finance_fintech,llm_tail_v3 (high)
packsize,manufacturing,llm_tail_v3 (high)
palette-media,media_entertainment,llm_tail_v3 (high)
palm-mach-sdn-bhd,manufacturing,llm_tail_v3 (medium)
palm-oleo-sdn-bhd-gate-b,manufacturing,llm_tail_v3 (high)
panasonic-north-america,manufacturing,llm_tail_v3 (high)
paragon-globe-berhad,real_estate_construction,llm_tail_v3 (high)
paragon-it-professionals,consulting_professional_services,llm_tail_v3 (high)
parallel-bio,healthcare_pharma_biotech,llm_tail_v3 (high)
paramount-property-development-sdn-bhd,real_estate_construction,llm_tail_v3 (high)
partners-personnel,consulting_professional_services,llm_tail_v3 (high)
patchmypc,tech_software_internet,llm_tail_v3 (high)
paul-hastings,legal_services,llm_tail_v3 (high)
payactiv,finance_fintech,llm_tail_v3 (high)
paydee,finance_fintech,llm_tail_v3 (high)
paypal,finance_fintech,llm_tail_v3 (high)
pbk,consulting_professional_services,llm_tail_v3 (high)
peabody-energy,energy_utilities,llm_tail_v3 (high)
peace-evolution,consulting_professional_services,llm_tail_v3 (medium)
peerhealth-malaysia-sdn-bhd-p-s-l-group,consulting_professional_services,llm_tail_v3 (high)
pelmorex,media_entertainment,llm_tail_v3 (high)
people-ai,tech_software_internet,llm_tail_v3 (high)
people-culture-talent,consulting_professional_services,llm_tail_v3 (high)
peoples-first-insurance-services-llc,finance_insurance,llm_tail_v3 (high)
perfect-venue,tech_software_internet,llm_tail_v3 (high)
peritus-a-colina-tech-group,consulting_professional_services,llm_tail_v3 (high)
petron-bukit-gambir-svc-station,energy_utilities,llm_tail_v3 (high)
petroplan,consulting_professional_services,llm_tail_v3 (high)
pets-universe-sdn-bhd,consumer_brands,llm_tail_v3 (high)
pickles-asia-sdn-bhd,consulting_professional_services,llm_tail_v3 (medium)
pilgrim-s,agriculture_food_production,llm_tail_v3 (high)
piper-maddox,consulting_professional_services,llm_tail_v3 (high)
pivot,tech_software_internet,llm_tail_v3 (high)
pixl-solutions-pte-ltd,consulting_professional_services,llm_tail_v3 (high)
pj-trailers,manufacturing,llm_tail_v3 (high)
pkf-malaysia,consulting_professional_services,llm_tail_v3 (high)
platform-recruitment,consulting_professional_services,llm_tail_v3 (high)
platt-electric-supply,retail_ecommerce,llm_tail_v3 (high)
pluralsight,tech_software_internet,llm_tail_v3 (high)
plus-one-an-optum-company,healthcare_provider,llm_tail_v3 (high)
pmb-aluminium-sdn-bhd,manufacturing,llm_tail_v3 (high)
polaranalytics,tech_software_internet,llm_tail_v3 (high)
power-extreme-sdn-bhd,real_estate_construction,llm_tail_v3 (medium)
praxis,consulting_professional_services,llm_tail_v3 (high)
precast-concrete-pontian-sdn-bhd,manufacturing,llm_tail_v3 (high)
precede-business-solution-sdn-bhd,consulting_professional_services,llm_tail_v3 (medium)
premier-group-recruitment,consulting_professional_services,llm_tail_v3 (high)
premium-sound-solutions-sdn-bhd,manufacturing,llm_tail_v3 (high)
primary,finance_fintech,llm_tail_v3 (high)
prismic,tech_software_internet,llm_tail_v3 (high)
proampac,manufacturing,llm_tail_v3 (high)
procter-gamble,consumer_brands,llm_tail_v3 (high)
prolec-energy,energy_utilities,llm_tail_v3 (high)
promac-enterprises-sdn-bhd,consulting_professional_services,llm_tail_v3 (medium)
protech-automotive-solutions,automotive,llm_tail_v3 (high)
prove,tech_software_internet,llm_tail_v3 (high)
ps-solutions,consulting_professional_services,llm_tail_v3 (high)
psi-incontrol-sdn-bhd,manufacturing,llm_tail_v3 (medium)
psrtek,consulting_professional_services,llm_tail_v3 (high)
public,finance_fintech,llm_tail_v3 (high)
public-consulting-group,consulting_professional_services,llm_tail_v3 (high)
publicis-collective,media_entertainment,llm_tail_v3 (high)
publicis-groupe,media_entertainment,llm_tail_v3 (high)
qashier,tech_software_internet,llm_tail_v3 (high)
qashier-sdn-bhd,tech_software_internet,llm_tail_v3 (high)
qbe-insurance-m-bhd,finance_insurance,llm_tail_v3 (high)
qcells-north-america,energy_utilities,llm_tail_v3 (high)
ql-kitchen-sdn-bhd,agriculture_food_production,llm_tail_v3 (high)
qsc,tech_hardware_semiconductors,llm_tail_v3 (high)
qualitest,consulting_professional_services,llm_tail_v3 (high)
quantix-inc,consulting_professional_services,llm_tail_v3 (high)
quest-financial,consulting_professional_services,llm_tail_v3 (high)
quilter,tech_software_internet,llm_tail_v3 (high)
quintus,consulting_professional_services,llm_tail_v3 (medium)
quip,consumer_brands,llm_tail_v3 (high)
r-beaute-sdn-bhd,consumer_brands,llm_tail_v3 (medium)
radius-payment-solutions,finance_fintech,llm_tail_v3 (high)
radius-recycling,manufacturing,llm_tail_v3 (high)
rakuten-trade-sdn-bhd,finance_fintech,llm_tail_v3 (high)
ramsay-sime-darby-health-care,healthcare_provider,llm_tail_v3 (high)
rand,nonprofit,llm_tail_v3 (high)
randalls-food-market,retail_ecommerce,llm_tail_v3 (high)
ranhill-capital-sdn-bhd,finance_fintech,llm_tail_v3 (medium)
rapid-growth-technology-sdn-bhd,manufacturing,llm_tail_v3 (medium)
rapid-response-monitoring,consulting_professional_services,llm_tail_v3 (medium)
rasa,tech_software_internet,llm_tail_v3 (high)
ratp-dev-usa,transportation_logistics,llm_tail_v3 (high)
ravago-manufacturing-americas,manufacturing,llm_tail_v3 (high)
reach,tech_software_internet,llm_tail_v3 (high)
ready,tech_software_internet,llm_tail_v3 (high)
realpage-inc,tech_software_internet,llm_tail_v3 (high)
recraft,tech_software_internet,llm_tail_v3 (high)
recruitingprograms,consulting_professional_services,llm_tail_v3 (medium)
relate-search,consulting_professional_services,llm_tail_v3 (high)
relaypayments,finance_fintech,llm_tail_v3 (high)
relayprotocol,finance_fintech,llm_tail_v3 (high)
reliable-software,consulting_professional_services,llm_tail_v3 (high)
reliance-one-inc,consulting_professional_services,llm_tail_v3 (high)
remotewoman,consulting_professional_services,llm_tail_v3 (high)
remprex-llc,transportation_logistics,llm_tail_v3 (high)
residenthome,consumer_brands,llm_tail_v3 (high)
resilience,healthcare_pharma_biotech,llm_tail_v3 (high)
resmed-malaysia-sdn-bhd-my,healthcare_devices,llm_tail_v3 (high)
revenuevessel,tech_software_internet,llm_tail_v3 (high)
revive,tech_software_internet,llm_tail_v3 (high)
rfs-cekal-sdn-bhd,real_estate_construction,llm_tail_v3 (high)
rgb-international-bhd,gaming,llm_tail_v3 (high)
rhymetec,tech_software_internet,llm_tail_v3 (high)
risklabs,finance_fintech,llm_tail_v3 (high)
riskledger,tech_software_internet,llm_tail_v3 (high)
rocketpartners,consulting_professional_services,llm_tail_v3 (high)
rockwills-corporation-sdn-bhd,legal_services,llm_tail_v3 (high)
rohde-schwarz-technologies-malaysia-sdn-bhd,tech_hardware_semiconductors,llm_tail_v3 (high)
root-access,tech_software_internet,llm_tail_v3 (high)
royal-caribbean-group,hospitality_food_service,llm_tail_v3 (high)
rqdclearingllc,finance_fintech,llm_tail_v3 (high)
rstudio,tech_software_internet,llm_tail_v3 (high)
rt-1994-optical-sdn-bhd,retail_ecommerce,llm_tail_v3 (high)
rtp,nonprofit,llm_tail_v3 (high)
running-lab-sdn-bhd,retail_ecommerce,llm_tail_v3 (high)
runzero,tech_software_internet,llm_tail_v3 (high)
salad-and-go,hospitality_food_service,llm_tail_v3 (high)
salcon-engineering-berhad,energy_utilities,llm_tail_v3 (high)
salt-lake-city-corporation,public_sector_government,llm_tail_v3 (high)
samsung-semiconductor,tech_hardware_semiconductors,llm_tail_v3 (high)
sanmina,manufacturing,llm_tail_v3 (high)
sap-malaysia-sdn-bhd,tech_software_internet,llm_tail_v3 (high)
sapphire-software-solutions-inc,consulting_professional_services,llm_tail_v3 (high)
sapsol-technologies-inc-systems-and-process-solutions-for-your-enterprise,consulting_professional_services,llm_tail_v3 (high)
sapura-energy-berhad-drilling,energy_utilities,llm_tail_v3 (high)
savage-x-fenty,consumer_brands,llm_tail_v3 (high)
save-the-children-us,nonprofit,llm_tail_v3 (high)
sbh-fashion,consumer_brands,llm_tail_v3 (high)
sbp,nonprofit,llm_tail_v3 (high)
scanwolf-plastic-industries-sdn-bhd,manufacturing,llm_tail_v3 (high)
schweitzer-engineering-laboratories-sel,energy_utilities,llm_tail_v3 (high)
scientific-research-corporation,defense_aerospace,llm_tail_v3 (high)
sd-dream-world-sdn-bhd,consulting_professional_services,llm_tail_v3 (medium)
seagate-international-headquarters-pte-ltd,tech_hardware_semiconductors,llm_tail_v3 (high)
seama-construction-sdn-bhd,real_estate_construction,llm_tail_v3 (high)
searchasia-consulting-pte-ltd,consulting_professional_services,llm_tail_v3 (high)
second-front-systems,defense_aerospace,llm_tail_v3 (high)
secret-recipe-cakes-cafe-sdn-bhd,hospitality_food_service,llm_tail_v3 (high)
securian-financial,finance_fintech,llm_tail_v3 (high)
sedania-innovator-berhad,tech_software_internet,llm_tail_v3 (medium)
sedna,tech_software_internet,llm_tail_v3 (high)
see-hau-global-sdn-bhd,consulting_professional_services,llm_tail_v3 (medium)
seisandbox,consulting_professional_services,llm_tail_v3 (high)
seismic-change.com,consulting_professional_services,llm_tail_v3 (high)
selangor-human-resource-development-centre-shrdc,education_higher,llm_tail_v3 (high)
send,tech_software_internet,llm_tail_v3 (high)
sentient,tech_software_internet,llm_tail_v3 (high)
sep,consulting_professional_services,llm_tail_v3 (high)
servicetitan,tech_software_internet,llm_tail_v3 (high)
sf-global-express-m-sdn-bhd,transportation_logistics,llm_tail_v3 (high)
sf-metal-sdn-bhd,manufacturing,llm_tail_v3 (high)
sg-activamedia-m-sdn-bhd,media_entertainment,llm_tail_v3 (high)
sgnlai,tech_software_internet,llm_tail_v3 (high)
shabu-yo,hospitality_food_service,llm_tail_v3 (high)
shamrock-precision-m-sdn-bhd,manufacturing,llm_tail_v3 (high)
shangri-la-hotels-malaysia-berhad,hospitality_food_service,llm_tail_v3 (high)
shapr3d,tech_software_internet,llm_tail_v3 (high)
shi-international-corp,consulting_professional_services,llm_tail_v3 (high)
shiftcode-analytics-inc,consulting_professional_services,llm_tail_v3 (high)
shopreli,manufacturing,llm_tail_v3 (medium)
shorepoint-inc,defense_aerospace,llm_tail_v3 (high)
sia-partners,consulting_professional_services,llm_tail_v3 (high)
silverlake-innovation-partners-sdn-bhd,tech_software_internet,llm_tail_v3 (high)
sim,tech_software_internet,llm_tail_v3 (high)
simpleclosure,finance_fintech,llm_tail_v3 (high)
simplesense,tech_software_internet,llm_tail_v3 (high)
simplisticllc,consulting_professional_services,llm_tail_v3 (high)
singularity6,gaming,llm_tail_v3 (high)
sino-biological-inc,healthcare_pharma_biotech,llm_tail_v3 (high)
sirenopt,tech_hardware_semiconductors,llm_tail_v3 (high)
sirim-qas-international-sdn-bhd,consulting_professional_services,llm_tail_v3 (high)
sixfold,finance_insurance,llm_tail_v3 (high)
sk-jewellery-sdn-bhd,retail_ecommerce,llm_tail_v3 (high)
skimmer,tech_software_internet,llm_tail_v3 (high)
sky-power-sdn-bhd,energy_utilities,llm_tail_v3 (high)
skymavis,gaming,llm_tail_v3 (high)
skyralio,defense_aerospace,llm_tail_v3 (high)
smart-warehousing,transportation_logistics,llm_tail_v3 (high)
snaplogic,tech_software_internet,llm_tail_v3 (high)
sni-companies,consulting_professional_services,llm_tail_v3 (high)
softchoice,consulting_professional_services,llm_tail_v3 (high)
sogeti,consulting_professional_services,llm_tail_v3 (high)
solaredge-technologies,energy_utilities,llm_tail_v3 (high)
sols-energy-sdn-bhd,energy_utilities,llm_tail_v3 (high)
solva,tech_software_internet,llm_tail_v3 (high)
soniresources,consulting_professional_services,llm_tail_v3 (high)
sonothera,healthcare_pharma_biotech,llm_tail_v3 (high)
sorcero,tech_software_internet,llm_tail_v3 (high)
sorenson-communications,telecommunications,llm_tail_v3 (high)
southern-acids-cronos-resource-sdn-bhd,energy_utilities,llm_tail_v3 (high)
southwest-research-institute,defense_aerospace,llm_tail_v3 (high)
spade,tech_software_internet,llm_tail_v3 (high)
sparks-group,consulting_professional_services,llm_tail_v3 (high)
special-enhancement-sdn-bhd,consulting_professional_services,llm_tail_v3 (medium)
specialized-bicycle-components,consumer_brands,llm_tail_v3 (high)
spector-ai,tech_software_internet,llm_tail_v3 (high)
spectrum-retirement-communities-llc,healthcare_provider,llm_tail_v3 (high)
spirolite-m-sdn-bhd,manufacturing,llm_tail_v3 (high)
squads,finance_fintech,llm_tail_v3 (high)
squarepeg,consulting_professional_services,llm_tail_v3 (high)
standardmetrics,finance_fintech,llm_tail_v3 (high)
stanzo-collection,consumer_brands,llm_tail_v3 (high)
starlai-sdn-bhd,manufacturing,llm_tail_v3 (medium)
starlite-printers-m-sdn-bhd,media_entertainment,llm_tail_v3 (medium)
stilta,tech_software_internet,llm_tail_v3 (high)
stone-hendricks-group,consulting_professional_services,llm_tail_v3 (high)
stonex-group-inc,finance_fintech,llm_tail_v3 (high)
storm-search,consulting_professional_services,llm_tail_v3 (high)
strato-solutions-sdn-bhd,consulting_professional_services,llm_tail_v3 (high)
striiminc,tech_software_internet,llm_tail_v3 (high)
stronghold,finance_fintech,llm_tail_v3 (high)
subang-jaya-medical-centre,healthcare_provider,llm_tail_v3 (high)
subsplash,tech_software_internet,llm_tail_v3 (high)
sun-yuen-rubber-manufacturing-co-sdn-bhd,manufacturing,llm_tail_v3 (high)
sunset,finance_fintech,llm_tail_v3 (high)
suntory-beverage-food-malaysia-sdn-bhd,consumer_brands,llm_tail_v3 (high)
sunward-pharmaceutical-sdn-bhd,healthcare_pharma_biotech,llm_tail_v3 (high)
supreme-court-of-the-united-states,public_sector_government,llm_tail_v3 (high)
svk-technology-solutions-inc,consulting_professional_services,llm_tail_v3 (high)
swagelok-malaysia,manufacturing,llm_tail_v3 (high)
swap-asia,tech_software_internet,llm_tail_v3 (medium)
sweep,tech_software_internet,llm_tail_v3 (high)
sybill-ai,tech_software_internet,llm_tail_v3 (high)
sydney-cake-house-sdn-bhd,agriculture_food_production,llm_tail_v3 (high)
sylvera,tech_software_internet,llm_tail_v3 (high)
symbotic,manufacturing,llm_tail_v3 (high)
symphonyai,tech_software_internet,llm_tail_v3 (high)
synbone-sdn-bhd,healthcare_devices,llm_tail_v3 (medium)
syngenta,agriculture_food_production,llm_tail_v3 (high)
syntax,consulting_professional_services,llm_tail_v3 (high)
t-v-s-d-psb-pte-ltd,consulting_professional_services,llm_tail_v3 (high)
take2-consulting-llc,consulting_professional_services,llm_tail_v3 (high)
talent-elite-group,consulting_professional_services,llm_tail_v3 (high)
talentohc,consulting_professional_services,llm_tail_v3 (high)
talentplug-llc,consulting_professional_services,llm_tail_v3 (high)
talkdesk,tech_software_internet,llm_tail_v3 (high)
talroo,tech_software_internet,llm_tail_v3 (high)
tdm-berhad,agriculture_food_production,llm_tail_v3 (high)
teasdale-latin-foods,consumer_brands,llm_tail_v3 (high)
tech-one-it,consulting_professional_services,llm_tail_v3 (high)
tech-providers-inc,consulting_professional_services,llm_tail_v3 (high)
technergetics,defense_aerospace,llm_tail_v3 (high)
tekstream-solutions,consulting_professional_services,llm_tail_v3 (high)
teletrackingtechnologiesinc,tech_software_internet,llm_tail_v3 (high)
telforce-group-llp,telecommunications,llm_tail_v3 (high)
tempus-ai,healthcare_pharma_biotech,llm_tail_v3 (high)
teo-seng-capital-berhad,agriculture_food_production,llm_tail_v3 (high)
texture,tech_software_internet,llm_tail_v3 (high)
tfp-retail-sdn-bhd-201301018031-1047864-h,retail_ecommerce,llm_tail_v3 (high)
that1detailer,automotive,llm_tail_v3 (high)
the-children-s-courtyard,education_k12,llm_tail_v3 (high)
the-face-hotels-resorts-sdn-bhd,hospitality_food_service,llm_tail_v3 (high)
the-ford-agency,consulting_professional_services,llm_tail_v3 (high)
the-forum-group,consulting_professional_services,llm_tail_v3 (high)
the-goodkind-group-llc,consulting_professional_services,llm_tail_v3 (high)
the-hartford,finance_insurance,llm_tail_v3 (high)
the-hub-s-engineering-malaysia-sdn-bhd,manufacturing,llm_tail_v3 (medium)
the-j-m-smucker-co,consumer_brands,llm_tail_v3 (high)
the-jacobson-group,consulting_professional_services,llm_tail_v3 (high)
the-makeover-guys-sdn-bhd,real_estate_construction,llm_tail_v3 (high)
the-standard,finance_insurance,llm_tail_v3 (high)
the-studio,consulting_professional_services,llm_tail_v3 (high)
thefp,media_entertainment,llm_tail_v3 (high)
themotleyfool,finance_fintech,llm_tail_v3 (high)
thepacgroup,manufacturing,llm_tail_v3 (high)
thermo-systems,consulting_professional_services,llm_tail_v3 (high)
thirdwaveautomation,manufacturing,llm_tail_v3 (high)
thirstysprout,consulting_professional_services,llm_tail_v3 (high)
thong-thye-siang-sdn-bhd,consulting_professional_services,llm_tail_v3 (medium)
thunder-express-sdn-bhd,transportation_logistics,llm_tail_v3 (high)
tialoc-malaysia-sdn-bhd,real_estate_construction,llm_tail_v3 (high)
tian-ma-bird-nest-sdn-bhd,consumer_brands,llm_tail_v3 (high)
titan-system-integration-sdn-bhd,consulting_professional_services,llm_tail_v3 (high)
tommy-bahama,consumer_brands,llm_tail_v3 (high)
top-click-sdn-bhd,media_entertainment,llm_tail_v3 (medium)
top-mech-provincial-sdn-bhd,manufacturing,llm_tail_v3 (medium)
topsys-it,consulting_professional_services,llm_tail_v3 (high)
total-dynamic-technology-holding-sdn-bhd,consulting_professional_services,llm_tail_v3 (medium)
total-e-p-malaysia,media_entertainment,llm_tail_v3 (medium)
toyota-north-america,automotive,llm_tail_v3 (high)
transdev-north-america,transportation_logistics,llm_tail_v3 (high)
transgrid-energy,energy_utilities,llm_tail_v3 (high)
transgrid-ventures-sdn-bhd,real_estate_construction,llm_tail_v3 (high)
tranzeal-incorporated,consulting_professional_services,llm_tail_v3 (high)
trendcell-sdn-bhd,retail_ecommerce,llm_tail_v3 (medium)
tribalscale,consulting_professional_services,llm_tail_v3 (high)
tricomas-marketing-sdn-bhd,consumer_brands,llm_tail_v3 (medium)
trillion-diamond-m-sdn-bhd,retail_ecommerce,llm_tail_v3 (high)
trisearch,consulting_professional_services,llm_tail_v3 (high)
truegenics-pte-ltd,retail_ecommerce,llm_tail_v3 (high)
trustage,finance_insurance,llm_tail_v3 (high)
trustwill,finance_fintech,llm_tail_v3 (high)
trustyou,tech_software_internet,llm_tail_v3 (high)
ts-plastics-sdn-bhd,manufacturing,llm_tail_v3 (high)
twin-arrow-fertilizer-sdn-bhd,agriculture_food_production,llm_tail_v3 (high)
u-s-pipe,manufacturing,llm_tail_v3 (high)
ua-sports-malaysia-sdn-bhd,retail_ecommerce,llm_tail_v3 (high)
uda-facility-management,real_estate_construction,llm_tail_v3 (high)
udani-carpets-sdn-bhd,consumer_brands,llm_tail_v3 (high)
udio,media_entertainment,llm_tail_v3 (high)
ujet,tech_software_internet,llm_tail_v3 (high)
ultimed-scientific-sdn-bhd,healthcare_devices,llm_tail_v3 (high)
unanet,tech_software_internet,llm_tail_v3 (high)
under-armour,consumer_brands,llm_tail_v3 (high)
unicourt,tech_software_internet,llm_tail_v3 (high)
unifiedcomms-group,consulting_professional_services,llm_tail_v3 (high)
union-tech,manufacturing,llm_tail_v3 (high)
uniteus,tech_software_internet,llm_tail_v3 (high)
unitq,tech_software_internet,llm_tail_v3 (high)
universiti-teknikal-mara-sdn-bhd,education_higher,llm_tail_v3 (high)
unqork,tech_software_internet,llm_tail_v3 (high)
unum,finance_insurance,llm_tail_v3 (high)
upeca-aerotech-sdn-bhd,defense_aerospace,llm_tail_v3 (high)
urbn-urban-outfitters-anthropologie-group-free-people-nuuly,retail_ecommerce,llm_tail_v3 (high)
usli,finance_insurance,llm_tail_v3 (high)
uspro,consulting_professional_services,llm_tail_v3 (high)
v-series-international-sdn-bhd,consulting_professional_services,llm_tail_v3 (medium)
v-solve,consulting_professional_services,llm_tail_v3 (high)
vala-solutions-inc,consulting_professional_services,llm_tail_v3 (medium)
vanilla,finance_fintech,llm_tail_v3 (high)
vanir,real_estate_construction,llm_tail_v3 (high)
varonis,tech_software_internet,llm_tail_v3 (high)
vector-consulting-inc,consulting_professional_services,llm_tail_v3 (high)
vee-loo-guna-associates-chartered-accountant,consulting_professional_services,llm_tail_v3 (high)
vehicle-service-group-a-dover-company,manufacturing,llm_tail_v3 (high)
veit,real_estate_construction,llm_tail_v3 (high)
verdant-solar-sdn-bhd,energy_utilities,llm_tail_v3 (high)
verisinsights,consulting_professional_services,llm_tail_v3 (high)
vic-engineering-sdn-bhd,manufacturing,llm_tail_v3 (medium)
victorious,media_entertainment,llm_tail_v3 (high)
vidsy,media_entertainment,llm_tail_v3 (high)
viega-llc,manufacturing,llm_tail_v3 (high)
viget,consulting_professional_services,llm_tail_v3 (high)
vimigo,tech_software_internet,llm_tail_v3 (high)
vineyard-vines,consumer_brands,llm_tail_v3 (high)
visual-sculpture-design-m-sdn-bhd,real_estate_construction,llm_tail_v3 (medium)
vitar-group,consulting_professional_services,llm_tail_v3 (medium)
vsp-vision-care,finance_insurance,llm_tail_v3 (high)
waffle-house-inc,hospitality_food_service,llm_tail_v3 (high)
wakemed,healthcare_provider,llm_tail_v3 (high)
walrusfi,finance_fintech,llm_tail_v3 (high)
warner-music-malaysia,media_entertainment,llm_tail_v3 (high)
washington-metropolitan-area-transit-authority-wmata,transportation_logistics,llm_tail_v3 (high)
wavepoint-3pl,transportation_logistics,llm_tail_v3 (high)
wear-safe-malaysia-sdn-bhd-wsm5,manufacturing,llm_tail_v3 (high)
weatherford,energy_utilities,llm_tail_v3 (high)
weegetu-online-enterprise,consulting_professional_services,llm_tail_v3 (medium)
western-union,finance_fintech,llm_tail_v3 (high)
wildcardcreativegroup,media_entertainment,llm_tail_v3 (high)
williams-sonoma-inc,retail_ecommerce,llm_tail_v3 (high)
wimmer-solutions,consulting_professional_services,llm_tail_v3 (high)
wintech-metal-processing-sdn-bhd,manufacturing,llm_tail_v3 (high)
withclutch,tech_software_internet,llm_tail_v3 (high)
woo,finance_fintech,llm_tail_v3 (high)
workinprogress,media_entertainment,llm_tail_v3 (high)
world-kinect,energy_utilities,llm_tail_v3 (high)
world-learning,nonprofit,llm_tail_v3 (high)
world-market,retail_ecommerce,llm_tail_v3 (high)
worldsign-industries-sdn-bhd,media_entertainment,llm_tail_v3 (medium)
wuhan-city-environment-protection-engineering-m-sdn-bhd,energy_utilities,llm_tail_v3 (high)
xosinc,automotive,llm_tail_v3 (high)
yeahhost-sdn-bhd,tech_software_internet,llm_tail_v3 (medium)
ygl-intelligent-technology-sdn-bhd,tech_software_internet,llm_tail_v3 (high)
yh-tan-associates-plt,consulting_professional_services,llm_tail_v3 (high)
ymca-of-metropolitan-chicago,nonprofit,llm_tail_v3 (high)
yondr,tech_software_internet,llm_tail_v3 (medium)
zeektek,consulting_professional_services,llm_tail_v3 (high)
zeta-global,media_entertainment,llm_tail_v3 (high)
zf-automotive-malaysia-sdn-bhd,automotive,llm_tail_v3 (high)
zhihe-enterprise,consulting_professional_services,llm_tail_v3 (medium)
zico-trust-m-berhad,finance_fintech,llm_tail_v3 (high)
zolon-tech-inc,consulting_professional_services,llm_tail_v3 (high)
zte-malaysia-corporation-sdn-bhd,telecommunications,llm_tail_v3 (high)
zyxware-technologies,consulting_professional_services,llm_tail_v3 (high)
100k-job-hunt,consulting_professional_services,llm_tail_v3 (medium)
3playmedia,media_entertainment,llm_tail_v3 (high)
90seconds,media_entertainment,llm_tail_v3 (high)
Ceros,tech_software_internet,llm_tail_v3 (high)
Svix,tech_software_internet,llm_tail_v3 (high)
Trend-Health-Partners,healthcare_provider,llm_tail_v3 (high)
a-job-thing,tech_software_internet,llm_tail_v3 (medium)
a-razak-co,consulting_professional_services,llm_tail_v3 (medium)
aapico-steps,consulting_professional_services,llm_tail_v3 (high)
abacus-service-corporation,consulting_professional_services,llm_tail_v3 (high)
ablelight,nonprofit,llm_tail_v3 (high)
abyres-sdn-bhd,consulting_professional_services,llm_tail_v3 (high)
academic-partnerships,education_higher,llm_tail_v3 (high)
access-corporate-group,consumer_brands,llm_tail_v3 (high)
accuro,consulting_professional_services,llm_tail_v3 (high)
acds,education_higher,llm_tail_v3 (medium)
ace-empire-development-sdn-bhd,consulting_professional_services,llm_tail_v3 (medium)
ace-print-sdn-bhd,media_entertainment,llm_tail_v3 (medium)
ace-zeta-pte-ltd,tech_software_internet,llm_tail_v3 (medium)
aco-tech-sdn-bhd,tech_software_internet,llm_tail_v3 (medium)
acquisition-professionals-llc,consulting_professional_services,llm_tail_v3 (high)
acrt,energy_utilities,llm_tail_v3 (high)
acson-malaysia-sales-service-sdn-bhd,manufacturing,llm_tail_v3 (high)
action-facilities-management,real_estate_construction,llm_tail_v3 (high)
activate,nonprofit,llm_tail_v3 (high)
active-hydro-control-sdn-bhd,manufacturing,llm_tail_v3 (medium)
adamas-marine-sdn-bhd,transportation_logistics,llm_tail_v3 (high)
adastra-ip-m-sdn-bhd,legal_services,llm_tail_v3 (high)
adhoclabs,tech_software_internet,llm_tail_v3 (high)
advancecon-infra-sdn-bhd,real_estate_construction,llm_tail_v3 (high)
advanced-ceramics-technology-m-sdn-bhd,manufacturing,llm_tail_v3 (high)
advancedagrilytics,agriculture_food_production,llm_tail_v3 (high)
aerometals-inc,defense_aerospace,llm_tail_v3 (high)
aeromexico,transportation_logistics,llm_tail_v3 (high)
aesop,consumer_brands,llm_tail_v3 (high)
aevevo-technology,tech_software_internet,llm_tail_v3 (medium)
ag-assurance-pac,consulting_professional_services,llm_tail_v3 (high)
agartea-sdn-bhd,consumer_brands,llm_tail_v3 (medium)
agatesoftware,tech_software_internet,llm_tail_v3 (high)
agile-datapro,consulting_professional_services,llm_tail_v3 (high)
agreeya-solutions,consulting_professional_services,llm_tail_v3 (high)
agricultural-research-service,public_sector_government,llm_tail_v3 (high)
ahamad-naina-mydin-associates,consulting_professional_services,llm_tail_v3 (high)
aiconnectpro,consulting_professional_services,llm_tail_v3 (high)
aidas-system-sdn-bhd,tech_software_internet,llm_tail_v3 (medium)
aidil-colour-sdn-bhd,manufacturing,llm_tail_v3 (medium)
air-evac-lifeteam,healthcare_provider,llm_tail_v3 (high)
airfilter-engineering-m-sdn-bhd,manufacturing,llm_tail_v3 (high)
airia,tech_software_internet,llm_tail_v3 (high)
aisle,tech_software_internet,llm_tail_v3 (high)
aizon,tech_software_internet,llm_tail_v3 (high)
al-ikhsan-sports-sdn-bhd,retail_ecommerce,llm_tail_v3 (high)
albanese-confectionery-group-inc,consumer_brands,llm_tail_v3 (high)
albany-international-corp,manufacturing,llm_tail_v3 (high)
alkeus,healthcare_pharma_biotech,llm_tail_v3 (high)
all-cosmos-industries-sdn-bhd,manufacturing,llm_tail_v3 (medium)
all-fit-fitness-sdn-bhd,consumer_brands,llm_tail_v3 (medium)
alpenlabs,finance_fintech,llm_tail_v3 (high)
alpha-laboratories-nz-limited,healthcare_pharma_biotech,llm_tail_v3 (high)
alpha-silicon,consulting_professional_services,llm_tail_v3 (high)
alphabet-managed-solutions-sdn-bhd,consulting_professional_services,llm_tail_v3 (medium)
alpine-solutions-group,consulting_professional_services,llm_tail_v3 (high)
als,consulting_professional_services,llm_tail_v3 (high)
alstom,manufacturing,llm_tail_v3 (high)
alsym-energy,manufacturing,llm_tail_v3 (high)
altercall,consulting_professional_services,llm_tail_v3 (high)
alzheimer-s-association,nonprofit,llm_tail_v3 (high)
am-pm-pharmacy-sdn-bhd,retail_ecommerce,llm_tail_v3 (high)
amalgamated-metal-corporation-m-sdn-bhd,manufacturing,llm_tail_v3 (high)
amazon-games,gaming,llm_tail_v3 (high)
amc-cincaria-sdn-bhd,manufacturing,llm_tail_v3 (medium)
amdocs,tech_software_internet,llm_tail_v3 (high)
ame-development-sdn-bhd,real_estate_construction,llm_tail_v3 (high)
american-cancer-society,nonprofit,llm_tail_v3 (high)
american-structurepoint,consulting_professional_services,llm_tail_v3 (high)
ami,consulting_professional_services,llm_tail_v3 (medium)
amiga-informatics,consulting_professional_services,llm_tail_v3 (high)
ammetlife,finance_insurance,llm_tail_v3 (high)
amotec-inc,consulting_professional_services,llm_tail_v3 (high)
amperon,tech_software_internet,llm_tail_v3 (high)
amphenol-communications-solutions,tech_hardware_semiconductors,llm_tail_v3 (high)
amsteel-mills-sdn-bhd,manufacturing,llm_tail_v3 (high)
amtex-enterprises-inc-https-amtexenterprises-com-careers-jobs,consulting_professional_services,llm_tail_v3 (high)
anara,tech_software_internet,llm_tail_v3 (high)
anblicks,consulting_professional_services,llm_tail_v3 (high)
andritz-feed-and-biofuel,manufacturing,llm_tail_v3 (high)
ang-ang-s-roastery,hospitality_food_service,llm_tail_v3 (medium)
anradus-pte-ltd,consulting_professional_services,llm_tail_v3 (high)
ansabiotechnologies,healthcare_pharma_biotech,llm_tail_v3 (high)
ansatzcapital,finance_fintech,llm_tail_v3 (high)
anshin-precision-industries-sdn-bhd,manufacturing,llm_tail_v3 (high)
anson-contracting-sdn-bhd,real_estate_construction,llm_tail_v3 (high)
answerrocket,tech_software_internet,llm_tail_v3 (high)
antenna-group,media_entertainment,llm_tail_v3 (high)
anytime-fitness-trailblazers,consumer_brands,llm_tail_v3 (high)
aorton-inc,consulting_professional_services,llm_tail_v3 (high)
apex-cosmeceutical-technology-sdn-bhd,consumer_brands,llm_tail_v3 (high)
apex-office-furniture-exporter-sdn-bhd,manufacturing,llm_tail_v3 (high)
apex-placement-consulting,consulting_professional_services,llm_tail_v3 (high)
apollo-information-systems,consulting_professional_services,llm_tail_v3 (high)
applied-insight-llc,consulting_professional_services,llm_tail_v3 (high)
applied-resource-group,consulting_professional_services,llm_tail_v3 (high)
appomni,tech_software_internet,llm_tail_v3 (high)
apron,finance_fintech,llm_tail_v3 (high)
aptim,consulting_professional_services,llm_tail_v3 (high)
aptoslabs,finance_fintech,llm_tail_v3 (high)
aptous,consulting_professional_services,llm_tail_v3 (high)
arauco-north-america,manufacturing,llm_tail_v3 (high)
arbiter-ai,tech_software_internet,llm_tail_v3 (high)
arconic,manufacturing,llm_tail_v3 (high)
arenaa-star-hotel-sdn-bhd,hospitality_food_service,llm_tail_v3 (high)
arkhya-tech-inc,consulting_professional_services,llm_tail_v3 (high)
arkoselabs,tech_software_internet,llm_tail_v3 (high)
armamentsresearchcompany,defense_aerospace,llm_tail_v3 (high)
arnold-porter,legal_services,llm_tail_v3 (high)
aro-spring-sdn-bhd,manufacturing,llm_tail_v3 (medium)
arrow-components-m-sdn-bhd,tech_hardware_semiconductors,llm_tail_v3 (high)
artech-l-l-c,consulting_professional_services,llm_tail_v3 (high)
arthrex,healthcare_devices,llm_tail_v3 (high)
artificial-intelligence-home-sdn-bhd,retail_ecommerce,llm_tail_v3 (medium)
artisan-talent,consulting_professional_services,llm_tail_v3 (high)
asa-system-sdn-bhd,manufacturing,llm_tail_v3 (medium)
asdf-worldwide-sdn-bhd,consulting_professional_services,llm_tail_v3 (medium)
asia-online-publishing-group-sdn-bhd,media_entertainment,llm_tail_v3 (high)
asiapay-m-sdn-bhd,finance_fintech,llm_tail_v3 (high)
asimov,healthcare_pharma_biotech,llm_tail_v3 (high)
asociacion-puertorriquenos-en-marcha,nonprofit,llm_tail_v3 (high)
asphalt-materials-inc,manufacturing,llm_tail_v3 (high)
aspiranet,nonprofit,llm_tail_v3 (high)
astraservicespartners,consulting_professional_services,llm_tail_v3 (high)
ateeca-inc,consulting_professional_services,llm_tail_v3 (high)
athene,finance_insurance,llm_tail_v3 (high)
athleta,consumer_brands,llm_tail_v3 (high)
atlantis-it-group,consulting_professional_services,llm_tail_v3 (high)
atria-senior-living,healthcare_provider,llm_tail_v3 (high)
audubon-companies,consulting_professional_services,llm_tail_v3 (high)
aurubis-richmond,manufacturing,llm_tail_v3 (high)
authentic8,tech_software_internet,llm_tail_v3 (high)
autoliv,automotive,llm_tail_v3 (high)
automatiq,tech_software_internet,llm_tail_v3 (high)
aver-asia-rental-sdn-bhd,consulting_professional_services,llm_tail_v3 (medium)
avertium,tech_software_internet,llm_tail_v3 (high)
aviator,healthcare_provider,llm_tail_v3 (high)
avista-senior-living,healthcare_provider,llm_tail_v3 (high)
axelon-services-corporation,consulting_professional_services,llm_tail_v3 (high)
axius-technologies-inc,consulting_professional_services,llm_tail_v3 (high)
axuall,tech_software_internet,llm_tail_v3 (high)
azenta-life-sciences,healthcare_pharma_biotech,llm_tail_v3 (high)
b2b-commerce-m-sdn-bhd,consulting_professional_services,llm_tail_v3 (medium)
b2be-gss-sdn-bhd,consulting_professional_services,llm_tail_v3 (medium)
badger-infrastructure-solutions,real_estate_construction,llm_tail_v3 (high)
bailey,manufacturing,llm_tail_v3 (high)
ban-seng-plastic-industries-assembly-sdn-bhd,manufacturing,llm_tail_v3 (medium)
bansam-sdn-bhd,manufacturing,llm_tail_v3 (medium)
banyaninfrastructure,tech_software_internet,llm_tail_v3 (high)
barcel-usa,consumer_brands,llm_tail_v3 (high)
barry-wehmiller-design-group,consulting_professional_services,llm_tail_v3 (high)
batch-technologies-sdn-bhd,manufacturing,llm_tail_v3 (medium)
bauerhockeycascademaveriklacrossefc,consumer_brands,llm_tail_v3 (high)
bavarian-motorworks-sdn-bhd,automotive,llm_tail_v3 (high)
bbs-clinic,healthcare_provider,llm_tail_v3 (high)
bcp-asia-sdn-bhd,consulting_professional_services,llm_tail_v3 (medium)
bdg,media_entertainment,llm_tail_v3 (high)
be-marketable,consulting_professional_services,llm_tail_v3 (medium)
beamery,tech_software_internet,llm_tail_v3 (high)
beamish-recruitment-agency,consulting_professional_services,llm_tail_v3 (high)
beauty-quest-group,consumer_brands,llm_tail_v3 (high)
bechtel-plant-machinery-inc-bpmi,defense_aerospace,llm_tail_v3 (high)
beez-fintech-sdn-bhd,finance_fintech,llm_tail_v3 (high)
bel-brands-usa-foodservice,consumer_brands,llm_tail_v3 (high)
benchmark-electronics-ipo-division,manufacturing,llm_tail_v3 (high)
best-com-malaysia-sdn-bhd,consulting_professional_services,llm_tail_v3 (medium)
best-high-technologies-llc-bht,consulting_professional_services,llm_tail_v3 (high)
betterdebtsolutions,finance_fintech,llm_tail_v3 (high)
bettermile,tech_software_internet,llm_tail_v3 (high)
beyond-finance,finance_fintech,llm_tail_v3 (high)
bhh-products-sdn-bhd,consumer_brands,llm_tail_v3 (medium)
big-domain-sdn-bhd-bigdomain-my,tech_software_internet,llm_tail_v3 (medium)
bigrio,consulting_professional_services,llm_tail_v3 (high)
bill,finance_fintech,llm_tail_v3 (high)
binary-tech-consulting-corp,consulting_professional_services,llm_tail_v3 (high)
binasat-communication-berhad,telecommunications,llm_tail_v3 (high)
biontech-se,healthcare_pharma_biotech,llm_tail_v3 (high)
bioquest-advisory-sdn-bhd,consulting_professional_services,llm_tail_v3 (high)
birlasoft,consulting_professional_services,llm_tail_v3 (high)
bitvavo,finance_fintech,llm_tail_v3 (high)
black-point-design-sdn-bhd,real_estate_construction,llm_tail_v3 (medium)
blackhawk-network,finance_fintech,llm_tail_v3 (high)
blackstone-talent-group,consulting_professional_services,llm_tail_v3 (high)
blackthorn,tech_software_internet,llm_tail_v3 (high)
blockdaemon,finance_fintech,llm_tail_v3 (high)
blockworks,media_entertainment,llm_tail_v3 (high)
blue-spire-inc,consulting_professional_services,llm_tail_v3 (high)
blue-stream-consultancy-pte-ltd,consulting_professional_services,llm_tail_v3 (high)
bluerocktx,healthcare_pharma_biotech,llm_tail_v3 (high)
blum-usa,manufacturing,llm_tail_v3 (high)
body-guard-technologies-sdn-bhd,real_estate_construction,llm_tail_v3 (medium)
boldyn-networks,telecommunications,llm_tail_v3 (high)
bolthouse-farms,consumer_brands,llm_tail_v3 (high)
box,tech_software_internet,llm_tail_v3 (high)
bp-e-c-malaysia-sdn-bhd,consulting_professional_services,llm_tail_v3 (medium)
br-metals-sdn-bhd,finance_fintech,llm_tail_v3 (medium)
breaker,tech_hardware_semiconductors,llm_tail_v3 (high)
brego-life-sciences-sdn-bhd,healthcare_pharma_biotech,llm_tail_v3 (high)
