rank,slug,source,n_jobs,top_titles,sample_description,industry,confidence
11,usasurveyjob,lever,84,client support rep - Remote Data Entry Agent | Client Support Representative - Remote Data Entry Clerk | Customer Service Agent - Survey Assistant | Customer Service Agent - Survey Panelist | Customer Service Rep - Remote Data Entry Agent,Work from Home Survey Taker (Side Gig) We are looking for people who are motivated to participate in paid research across the country and local areas. Join this Work from Home Portugal Market Research Panel Today. You have two options when it comes to paid research : you can either take part in person or online. This is a great way for you to make extra income at home as data entry clerk. Compensa,other,low
27,focusfinancialpartners,greenhouse,79,"Account Manager | Account Manager (ST) | Accounts Assistant | Assistant Vice President, Senior Associate Counsel - Corporate | Assistant Vice President, Senior Counsel - Litigation","The VP of FP&amp;A is a senior finance leader that will report to the Head of FP&amp;A and lead enterprise-wide FP&amp;A efforts around budgeting, planning, annual forecasting and management reporting for Focus.&nbsp; This role will partner closely with business unit and corporate finance teams as well as business and functional leaders to build scalable and consistent processes and drive deeper i",other,low
29,polene-paris,ashby,79,Ingénieur Innovation Cuir & Matières H/F | Designer Maroquinerie Senior | Senior Leathergoods Designer | Leather Goods Artisan - Osaka | Prototypiste - Modéliste,"LA MAISON POLENE Fondée en 2016, la maison de maroquinerie française Polène se distingue par son savoir-faire artisanal d’excellence en créant des pièces intemporelles, au design organique directement inspiré de la nature. Dans un contexte de forte croissance et d’expansion internationale, nous structurons notre activité en 2026 et nous entourons des meilleurs talents afin de déployer une expertis",other,low
40,iherb,greenhouse,75,"3PL Region Manager- MENA | Affiliate Marketing Specialist- International | Application Security Engineer | Brand Partnerships Manager, Emerging Brands | Category Manager (Bath & Personal Care)","*THIS ROLE&nbsp; IS HYBRID AND REQUIRES ONSITE WORK AT OUR IRVINE OFFICE* &nbsp; Job Summary:&nbsp; The Tax Manager will work on various tax reporting, compliance and planning projects as directed by the Director of Tax. The Tax Manager will support and review month end close activities.&nbsp; &nbsp; Job Expectations: Oversee the end-to-end preparation and filing of state, local, and international",other,low
51,cintas,linkedin,71,Assistant Route Service Sales Representative (4-Day Workweek) | Production Shuttle Driver - CDL (4-Day Workweek) | Production Supervisor - 2nd Shift | Intern | Service Manager,"Requisition Number: 171411 Job Description Cintas is seeking an Account Manager to serve as a liaison between Cintas customers, sales and all business units. Responsibilities include managing business relationships with customers to ensure accurate and timely program implementation increased penetration; growth; profitability; execution of marketing strategy; sales; inventory management; and reten",other,low
57,petco,linkedin,70,Vetco Veterinary Assistant P/T | Senior Sales Associate - Keyholder | Junior Groomer | Sales Associate | Groomer,"Create a healthier, brighter future for pets, pet parents and people! If you want to make a real difference, create an exciting career path, feel welcome to be your whole self and nurture your wellbeing, Petco is the place for you. Our core values capture that spirit as we work to improve lives by doing what’s right for pets, people and our planet. We love all pets like our ownWe’re the future of ",other,low
66,cvx,greenhouse,68,Affärsutvecklingschef CVX Ventures Sweden | Afgangselev | Assistent Analyst | Business Development Manager CVX Ventures Denmark | Business Development Manager CVX Ventures Sweden,"CVX Venture Scout Programme Do you have a passion for sourcing investments and making a difference for growth companies? Do you want to assist an extraordinary team of talented, motivated, driven individuals who all share a deep passion for entrepreneurship? If so, you may be our new Venture Scout. Please note, this is not a full time role, but we will provide remuneration based on success criteri",other,low
68,newrelic,greenhouse,68,Account Executive - Commercial - Fixed Term Contract (Maternity) | Account Executive - Enterprise Expansion | Account Executive - Enterprise Sales | Account Executive- Enterprise Sales (Expansion) | Account Executive - Enterprise Sales - Greenfield,"We are a global team of innovators and pioneers dedicated to shaping the future of observability. At New Relic, we build an intelligent platform that empowers companies to thrive in an AI-first world by giving them unparalleled insight into their complex systems. As we continue to expand our global footprint, we're looking for passionate people to join our mission. If you're ready to help the worl",other,low
73,ableserve,lever,66,07-Licensed Lead Building Engineer | 2nd Shift Building Engineer | Assistant Chief Building Engineer | Assistant Chief Engineer | Assistant Chief Engineer – Office Building,The Workplace Guest Experience Coordinator is responsible for the day-to-day operation and administrative activities at multiple buildings within the district. Leads Supervisors to ensure conformance to contract requirements. Develops and implements cost control measures and level of service standards to ensure compliance with customer specifications / contract requirements for assigned buildings.,other,low
75,disher,lever,66,Account Executive | Assistant Controller | Automation Controls Engineer | Automation Mechanical Designer | Automation Mechanical Engineer,"Talent Consultant - Contract - Zeeland, Michigan DISHER is currently seeking an intuitive, analytical, and tenacious individual to provide professional talent acquisition support for our customers. As a part of the team, you will lead and coordinate the recruitment process (planning, sourcing, screening, and hiring) to acquire the best talent. These responsibilities will call on you to find, foste",other,low
83,wachter,lever,65,Access Control Project Technician | Access Control Technician | Access Control Technician (Licensed) | Administrative Assistant 2nd Shift | Alarm Project Manager,"Wachter's greatest asset is the people who work here. Join the Wachter family and chart your career path! Wachter is accepting applications for a Physical Security Estimator in Mount Laurel, NJ. The ideal candidate is responsible for pre-sales support, system design, drafting a bill of materials, requesting distributor quotes, organizing pricing of equipment, and applying standard labor components",other,low
89,tdcx-malaysia,jobstreet,64,Business Excellence Project Expert | Inside Sales (Telco Project) | Trainer - Mandarin Speaker | Fraud & Risk Specialist | Talent Acquisition,"[Category: Sales / Sales Representatives/Consultants] Job description: #BeMore Do you aspire for a rewarding career that lets you do more and achieve more? Unleash your full potential at work with TDCX, an award-winning and fast-growing BPO company. Work with the world's most loved brands and be with awesome, diverse people. Be home, belong, and start your journey to #BeMore! Top Reasons to work w",other,low
92,flexport,greenhouse,63,"Account Executive, ENT | Account Executive, Enterprise | Air Operations Associate | Air Operations Associate, Hanoi | Air Pricing Associate","About Flexport:&nbsp; At Flexport, we believe global trade can move the human race forward. That’s why it’s our mission to make global commerce so easy there will be more of it. We’re shaping the future of a $10T industry with solutions powered by innovative technology and exceptional people. Today, companies of all sizes—from emerging brands to Fortune 500s—use Flexport technology to move more th",other,low
110,novafounders,greenhouse,61,Afgangselev | Assistant Analyst | Associate at Search Fund | Business Analyst Internship at Nova Founders | Business Intern,"Job Description Do you thrive in a fast-paced environment, where you gain a tremendous amount of responsibility? Do you want to be part of an exceptional entrepreneurial team with young, motivated and extremely driven people? And are you curious or passionate about finding and developing this generation’s greatest talents? If so, you might be our Recruiter. &nbsp; About us Nova Founders Capital is",other,low
115,deepmind,greenhouse,60,"Administrative Business Partner, Gemini (12 months Fixed Term Contract) | Director, Engineering, Create | Director of Product Management, Robotics | Director, UX, GeminiApp, Growth and Discovery | Distinguished Designer, Gemini App Systems","Snapshot We are seeking a Senior Psychologist to join the Responsible Development &amp; Innovation team (ReDI) at Google DeepMind. The candidate should have relevant prior industry experience, a strong general understanding of core psychological principles and the ability to leverage internal and external expertise and research experience in AI-related areas (e.g., cognitive, behavioural).&nbsp; A",other,low
117,five-below,linkedin,60,PT SUPPORT LEADER | Support Lead Part Time-3038 Riverton | Support Lead Part Time | Merchandise Manager | Customer Experience Manager,"At Five Below our growth is a result of the people who embrace our purpose: We know life is way better when you are free to Let Go & Have Fun in an amazing experience, filled with unlimited possibilities, priced so low, you can always say yes to the newest, coolest stuff! Just ask any of our over 17,000 associates who work at Five Below and they’ll tell you there’s no other place like it. It all s",other,low
120,getyourguide,greenhouse,60,"Accountant | AI/ML Manager, Supply Data Products | B2B Lifecycle & CRM Campaign Lead | Business Operations & Strategy Manager - Account Management Operations (Price, C | Data Engineering Manager, Supply","Change the way the world travels Join the GetYourGuide journey to connect people with unforgettable travel experiences around the world. Millions look to us for unique activities they can trust, and it’s all powered by our commitment to make every single journey extraordinary - including yours.&nbsp; Ready to unlock your potential with a community of fellow explorers? Find your next role at our Be",other,low
122,humana,linkedin,60,UM Administration Coordinator | Senior Product Owner | Behavioral Health Medical Director - N. Central Medicaid | Utilization Management Nurse 2 | Senior Data and Reporting Professional,"Become a part of our caring community and help us put health first The Accountant performs general accounting activities, including the preparation, maintenance and reconciliation of ledger accounts and financial statements such as balance sheets, profit-and-loss statements and capital expenditure schedules. Conducts or assists in the documentation of accounting projects. The Accountant work assig",other,low
124,linkedin,greenhouse,60,123123 | Bug Bash Job [No Sensitive Questions] - 03/24 | Bug Bash Job [ With Sensitive Questions] - 03/24 | Copy 1 of EA Test - Most Questions | EA -> AC malformed questions,"Company Description LinkedIn is the world’s largest professional network, built to create economic opportunity for every member of the global workforce. Our products help people make powerful connections, discover exciting opportunities, build necessary skills, and gain valuable insights every day. We’re also committed to providing transformational opportunities for our own employees by investing ",other,low
125,proton,greenhouse,60,Account Management Lead | Account Manager | Android Test Automation Engineer (Native App) | Backend Engineer (B2B) | Backend Engineer - Marketing Technology,"About Proton Join Proton and build a better internet where privacy is the default Proton was founded in 2014 by scientists from CERN on a simple truth: privacy is a fundamental human right . Since then, we’ve built the world’s largest encrypted email service (Proton Mail) and expanded into Proton VPN, Proton Drive, Proton Pass, and Proton Calendar—tools used by millions globally to protect their f",other,low
131,usaa,linkedin,60,Property Adjuster Specialist (Field) | Entry Level Property Claims Adjuster | P&C Product Management Manager | Experienced Auto Adjuster (Non-Injury) | Claims Litigation Case Manager (Auto),"Why USAA? Let’s do something that really matters. At USAA, we have an important mission: facilitating the financial security of millions of U.S. military members and their families. Not all of our employees served in our nation’s military, but we all share in the mission to give back to those who did. We’re working as one to build a great experience and make a real impact for our members. We belie",other,low
152,meter,ashby,58,"Marketing, Majors | Deployment Engineer, Network | Customer Success | Full Stack Engineer, Command | Sales, Engineering - Northern California","At Meter, we believe events can be more than just touchpoints, you are bringing Meter’s brand into real life. As Event manager, you’ll be responsible for creating and executing small and large-scale events that differentiate Meter and leave a lasting impression on customers, partners, and employees. If you’re excited to experiment with event formats, work hand-in-hand with every department in the ",other,low
153,micron-memory-malaysia-sdn-bhd,jobstreet,58,"Recruiter (12 Months Contract) | Accountant (FA) | Senior/Engineer, Process Control System | PDE Product Integration Senior/Engineer | Senior Process Engineer (Wire Bond)","[Category: Engineering / Management] Responsibilities and Tasks: Lead a team to: Ensure product meets/exceeds all yield, quality, timeline commitments Debug, identify root causes, and develop solutions for failures through electrical failure analysis (EFA) and data analysis Develop, analyze, and optimize test flows in partnership with Test and Probe Protect customer experience by partnering with Q",other,low
163,cummins-inc,linkedin,57,Production Technician III - 1st shift | Ethics and Compliance Summer 2024 Internship Positions | Forge Press Operator (2nd Shift) | DWU - SEP - 95L Assembly Associate Special Assignment - 1st shift | DWU - CEP(HDM) - Transfer Line - Machining Production Team Associate - 2nd Shift,"Description Service Manager Our culture believes in POWERING YOUR POTENTIAL . We provide global opportunities to develop your career, make your community a better place and work with today’s most innovative thinkers to solve the world’s toughest problems. We believe in flexibility for you to explore your passions while making an impact through meaningful work within our inclusive workforce. That’s",other,low
166,immiland-canada-inc,lever,57,Accounting Analyst (Canada & Colombia Support) | Automobile Mechanics or Truck trailer Mechanics | Bicycle Mechanic | Business Development Representative BDR | Carpenter Foreman,"We are seeking a highly skilled and proactive Senior NetSuite Administrator / Business Systems Analyst to manage and optimize our ERP ecosystem. Based in Montreal, this role is responsible for the administration, configuration, and continuous improvement of NetSuite ERP, while supporting critical integrations and business processes across the organization. The role will focus on system configurati",other,low
167,life-time-inc,linkedin,57,Accountant I | Summer Camp Supervisor | Personal Training Assistant Lead | Admissions Associate | Summer Camp Counselor,"Position Summary The Nail Technician Provides various manicure, pedicure, and nail services and treatments that improve the guests overall sense of well-being and enhances the club experience while living the mission, vision and core values of LifeSpa and Salon. They work with the entire LifeSpa and Salon team to provide a superior experience in a professional atmosphere. Job Duties And Responsibi",other,low
172,premiertruck,lever,57,"Aftermarket Sales Representative | Aftermarket Sales Representative - Collision, Parts, and Service | Aftermarket Sales Representative - Parts, Service, and Collision | Auto Body Technician | Back Counter Parts Sales",We are so excited you are interested in our Service Technician/Diesel Mechanic opportunities! We are interested in talking with Service Technicians/Diesel Mechanics of all levels and backgrounds. Please reach out to find out more about the different roles of our Service Technicians/Diesel Mechanics and the career path we can offer you. Winners Work Here! Premier Truck Group is dedicated to ONE Net,other,low
178,applike,lever,56,(Senior) Business Analyst (f/m/d) | (Senior) DevOps Engineer (f/m/d) | (Senior) System Administrator (f/m/d) | Business Analyst | Business Talent Pool,"adjoe is a leading mobile ad platform developing cutting-edge advertising and monetization solutions that take its app partners’ business to the next level. Part of the applike group ecosystem, adjoe is home to an advanced tech stack , powerful financial backing from Bertelsmann, and a highly motivated workforce to be reckoned with. Meet Your Team: Demand Integrations Team (part of the Advertising",other,low
182,crescolabs,greenhouse,56,Account Executive | Accounts Receivable Coordinator | Automation Technician | Cultivation Agent | Cultivation Agent - Indoor Flower,"COMPANY OVERVIEW Cresco Labs is one of the largest public, vertically integrated, multistate operators in the cannabis industry. Our portfolio of in-house cultivated and manufactured brands features some of the highest quality, most awarded and most popular cannabis products in America. With dozens of locations nationwide, our owned and operated Sunnyside® dispensaries provide a welcoming, positiv",other,low
191,peloton,greenhouse,56,"Consumer Sales and Lead Generation Specialist | Copywriter II | Design Tools Application Engineer III | Director, Global Product Quality | Director, Global Quality Management Systems","THE ROLE Peloton is looking for a Mid-level Copywriter with strong copy and conceptual thinking to execute creative work across our marketing channels. From full 360 campaigns to CRM, promo, and performance –&nbsp;we need someone who sees creative opportunity in everything.&nbsp; In this role, you’ll help shape how Peloton shows up across channels, creating messaging and copy that elevates both th",other,low
196,toogoodtogo,greenhouse,56,Accountant | Bilingual Business Development Representative (English/French) | Bilingual Business Development Representative (English/Mandarin) | Bilingual Enterprise Customer Success Manager (English/French) | Bilingual Key Account Store Operations Specialist (English/French),"At Too Good To Go, we have an ambitious mission: to inspire and empower everyone to fight food waste together More than 1/3 of all food produced in the world is wasted. And that has a huge impact on the health of our planet. 10% of greenhouse gas emissions come from food waste and loss. Through our marketplace app, we connect businesses that have unsold, surplus food, with consumers who can buy an",other,low
198,butternutbox,greenhouse,55,Accounts Payable Team Leader | Assistant Operations Manager | Brand Ambassador - Cork | Brand Ambassador (Evenementen) | Brand Ambassador (Events),"Fresh Food, Happy Dogs. We believe dogs deserve the healthiest, most natural and tastiest meals - with none of the nasties. That’s why we make FRESHly prepared food, cooked just like you would at home and delivered direct to our customers in perfect portions. As a B-Corp certified company, you’re joining a sustainable business that genuinely cares about our people, our products and our impact on t",other,low
204,purplelandmgmt,lever,55,"Associate Landman (Entry-Level) | Curative Landman – Permian Basin | Director of Land | Division Order Analyst – Houston, TX (On-Site) | Division Order Analyst – The Woodlands, TX (On-Site)","Are you a detail-oriented researcher who takes pride in accuracy and consistency? Do you thrive in environments where high standards, accountability, and a structured approach are key? Purple Land Management (PLM) is seeking a skilled professional who excels at reviewing runsheets and creating ownership reports on lands in East Texas and Arkansas. If you are committed to maintaining quality and fo",other,low
208,theeconomistgroup,greenhouse,55,"Account Executive - New Business | Administrator | Analyst, Middle East & Africa | Associate Product Manager - Subs Growth and Lifecycle | Business Development Manager","Who we are We are an organisation that exists to drive progress. That's the “red thread” that connects everyone at The Economist Group (TEG). Our businesses share a devotion to innovation, independence and rigour in their fields of expertise. We empower people to understand and tackle the critical challenges and changes facing the world. Our analytical rigour, global expertise and evidence-based i",other,low
212,usconec,greenhouse,55,3D Printing Technician | Applications Engineer | Assembly Lead - 1st Shift (8:00am to 5:00pm) | Assembly Lead - 3rd Shift (6:00pm to 2:00am) | Assembly Production Support Specialist - 3rd Shift (6:00pm to 2:00am),"US Conec, Ltd. Engineering Innovation. Precision Plastics. Powering AI. US Conec, Ltd. is a trusted, global company that prides itself on engineering excellence—creating innovative connectivity solutions that support today’s most important technologies. We foster a friendly, inclusive culture that values teamwork, creativity, and mutual respect. At US Conec, you’ll find real opportunities to grow ",other,low
221,cologix,lever,54,"** Spécialiste en HVAC ** | Account Director | Account Director, Hyperscale Sales | Account Director, Hyperscale Sales (Remote: USA) | Agent(e) de sécurité- Horaires 15h - 23h","Notre compagnie: Basée à Denver, au Colorado, Cologix est une entreprise chef de file en Amérique du Nord dans le domaine de l’interconnexion neutres réseaux et des centres de données edge hyperscale. Notre plateforme offre à nos clients un accès à plus de 45 centres de données numérique edge et hyperscale edge Scalelogix℠ répartis dans 13 marchés aux États-Unis et au Canada, ainsi qu’à un écosyst",other,low
224,guidepostmontessori,greenhouse,54,Afternoon Assistant Teacher | Assistant Director | Assistant Guide | Assistant Head of School - Mid-Levels | Assistant Spanish Teacher,"Shape a child’s very first learning experiences . At Guidepost Montessori, our Lead Infant and Toddler Guides create calm, nurturing environments where infants and Toddlers are respected as capable individuals from the very beginning. If you’re passionate about early development and want to lead a thoughtfully designed classroom that supports independence, movement, and discovery, we’d love to mee",other,low
232,windownation,lever,54,"Call Center Team Lead | Canvasser - Aurora, CO Area | Canvassing Team Lead - Denver, CO Area - Urgently Hiring ! | Controller | Customer Experience Admin","Now backed by the nationwide reach of Window Nation, NewSouth Window Solutions delivers the same trusted local craftsmanship with even more opportunity to grow and innovate. At NewSouth, we’re proud to transform homes across the Southeast with high quality windows and doors designed to stand up to the region’s climate and elevate everyday living. For years, homeowners have chosen NewSouth for our ",other,low
239,coherehealth,greenhouse,53,"Architecture Director | Associate Facility Administrator | Associate Medical Director, Cardiology | Associate Medical Director, Orthopedic Surgery | Claims Auditor","Opportunity Overview:&nbsp; The RN Reviewer position is a crucial role in our organization — in this role you are responsible for performing a full range of activities that will positively impact the organization and contribute to guiding the strategic operations for the company.&nbsp; As an RN Reviewer, you will perform prospective review (prior authorization) admission, concurrent, and retrospec",other,low
260,manpowergroup,linkedin,52,Sr Professional Recruiter (Remote) - RPO Consultant | Automation Specialist | Environmental Sustainability Intern | Senior ESH Specialist - Air | Corporate Project Engineer,"Description A Recruiter is responsible for putting people to work, helping them get ahead, and connecting their skills to clients. Drives all aspects of the full cycle recruitment process while providing an exceptional experience and service to our candidates, associates, and clients.Making an Impact • Identify, assess, place, and manage and advance a diverse talent portfolio of associates and pro",other,low
263,myodetox,lever,52,"Chiropractor | Chiropractor - West Hollywood | Chiropractor - Flatiron, NYC | Chiropractor - Calgary Talent Pool | Chiropractor - LA (Join the Talent Pool!)","At Myo, our mission is to raise body IQ globally. We aim to empower clients with the tools they need to move better, feel better, and do what they love—longer. We envision a world where everyone feels empowered to care for their bodies with clarity and confidence. Who We Are Myo is modern physical therapy to futureproof your body. Through 1:1 expert care, our team of physiotherapists, chiropractor",other,low
271,allegiantair,lever,51,"Agent, Customer Assistance | Agent, Customer Service/Ground Operations | Airport Contract Analyst | Charter Ramp Representative - CVG | Charter Ramp Representative - IWA","Summary Senior Tax Accountant will support the Tax Manager and assist with ensuring accurate and timely completion of tax provisions and compliance. The role will assist in fostering a positive team environment and ensuring completion of day-to-day operations in the Corporate Accounting Department. This position requires the highest level of professionalism, confidentiality, and integrity from an ",other,low
278,venturatravel,greenhouse,51,"Accountant/Bilanzbuchhalter | Bilingual Tourism Operations Coordinator - Peru | Bonn -Tour Guide Japan German speaker | Create Your Own Travel Brand with Ventura TRAVEL – Your Idea, Your Niche, Your W | Düsseldorf -Tour Guide Japan German speaker","Join us at YALLAVENTURA Yallaventura offers authentic, immersive, and culturally rich travel experiences across North Africa and the Middle East , starting with Morocco . Our trips are designed to connect travelers with the heart of each destination through local encounters, artisan workshops, traditional cuisine, and meaningful cultural experiences. At Yallaventura, we believe travel should go be",other,low
287,kao,greenhouse,50,"Accounts Payable Team Leader | Assistant Brand Manager (Fixed Term) | Associate Director, Demand & Supply Planning | Associate General Counsel, Marketing & Trademarks | Ausbildung zum Industriekaufmann / zur Industriekauffrau (m/w/d)","Kao Professional Hair Brands - Sales Representative VIC, Melbourne / Southeast​ Work with Goldwell, Oribe, KMS &amp; Kerasilk ​ Full Time | Field Based | $75–80K + Commission + Car Allowance​ ​ Step into a role where your passion for hair meets high-performing brands. ​ If you’ve worked in or around the salon industry, you already know our brands. Goldwell. Oribe. KMS. Kerasilk.​ Now’s your chance",other,low
295,waremalcomb,lever,50,"Accounting Intern | Administrative Assistant | Associate Engineer, Civil Engineering | Business Operations Manager, MEP & Structural Engineering | Civil Engineering Manager","Are you ready to join a growth-oriented team where creativity meets innovation? At Ware Malcomb, we are a dynamic and forward-thinking design firm committed to pushing the boundaries. Our team-oriented, collaborative approach ensures that every project is a blend of visionary design, seamless project delivery, and we are actively engaged with both the community and the industry. Discover our vibra",other,low
309,sunway-medical-centre-sdn-bhd,jobstreet,49,"Senior Executive, Credit Control | Executive Secretary | Finance assistant (6 months contract) | Executive, Medical Affairs | Business Office Assistant",[Category: Call Centre & Customer Service / Management & Support] Job Purpose To manage and lead the Customer Service personnel to provide excellent customer care and services in achieving the Corporation’s objectives and mission through working with all stakeholders in insuring Customers’ satisfaction and retention Lead and manage the Customer Service department towards achieving continuous impro,other,low
348,financialtimes33,greenhouse,47,"Account Coordinator - 12 Month FTC | Account Manager - 12 Month FTC | Acting Deputy Editor, House & Home | Central Europe Correspondent | Credit Controller","About Us The Financial Times is one of the world’s leading news organisations, globally recognised for its authority, integrity and accuracy, with a mission to deliver quality information and services worldwide. At the FT, curiosity thrives and ambitious thinking is rewarded. Here, you’re given the chance to reach millions, create work that matters and deliver impartial journalism in a polarised w",other,low
357,nex,greenhouse,47,"2D Game Art Intern | 3D Game Art Intern | 3D Game Artist | Art Director | Associate Manager, CRM","Nex is on a mission to help families rediscover the joy of movement. Created by parents for parents, Nex combines technology and play to deliver fun, social, and interactive experiences powered by natural body motion, encouraging kids and adults to move more, play more, and have fun together. Nex Playground, the company’s award-winning active play system, is purpose-built to get families moving ye",other,low
365,topgolf,linkedin,47,Dishwasher | Team Lead | Golf Services Associate | Cook | Food Runner,"Job Responsibilities Prepare and cook food items according to standardized recipes and menu specifications.Follow proper food safety and sanitation procedures to ensure food quality and safety.Adhere to portion control guidelines and presentation standards.Collaborate with kitchen team members to coordinate food preparation and order execution.Maintain a clean and organized kitchen area, including",other,low
366,trustpilot,greenhouse,47,Account Executive | Account Executive - Belgium market (Flemish speaking) | Account Executive - Benelux market | Account Executive (Mid-level to Senior) Mid-Market DACH | Account Executive - SMB (DACH market),"At Trustpilot, we're on an incredible journey. We're a profitable, high-growth FTSE-250 company with a big vision: to become the universal symbol of trust. We run the world's largest independent consumer review platform, and while we've come a long way, there's still so much exciting work to do. Come join us at the heart of trust! We are a team of multinational customer experience specialists work",other,low
372,carecom,greenhouse,46,"Architect | Care Specialist | Childcare Provider (U.S. Locations) | Creator in Residence - Video, Social-First | Customer Service","About Care.com &nbsp; Care.com is a consumer tech company with heart. We’re on a mission to solve a human challenge we all face: finding great care for the ones we love. We’re moms and dads and pet parents. We have parents and grandparents so we understand that everyone, at some point in their lives, could use a helping hand. Our culture and our products reflect that.&nbsp;&nbsp; Care.com offers a",other,low
374,dhl-supply-chain,linkedin,46,Group Coordinator Lead | Maintenance Supervisor | Inventory Control Clerk | Operations Assistant | Yard Driver NON DOT,"This position requires processing and reconciling supplier invoices, supporting accounts receivable, supporting month-end closing, adhoc reports, and other responsibilities asigned by the manager. Role Purpose: Responsible for timely processing of all aspects of payables and/or receivables. Key Accountabilities: Vendor, customer, and employee setup in Oracle.Enter payable, billing invoices, and pr",other,low
384,trane-technologies,linkedin,46,"Commercial HVAC Service Technician - Columbus, OH | Upper Midwest Contracting Intern | Production Manager | LCUR Account Manager - Bellevue, WA | Equipment Project Manager","At Trane TechnologiesTM and through our businesses including Trane® and Thermo King®, we create innovative climate solutions for buildings, homes, and transportation that challenge what’s possible for a sustainable world. We're a team that dares to look at the world's challenges and see impactful possibilities. We believe in a better future when we uplift others and enable our people to thrive at ",other,low
402,rohlik,ashby,45,Ausbildung Fachkraft für Lagerlogistik (m/w/d) | Automation Specialist | Lagermitarbeiter Garching (m/w/d) | Lagermitarbeiter/ Picker / Kommissionierer (m/w/d) | Ausbildung Kaufmann für Büromanagement (m/w/d),"Company Overview Founded in 2014 in the Czech Republic, Rohlik is the European leader of e-grocery in Central Europe. Already active in the Czech Republic ( Rohlik.cz ), Hungary ( Kifli.hu ), Austria ( Gurkerl.at ), Germany ( Knuspr.de ), and other markets. By owning its end-to-end operations, including all technology in-house, Rohlik provides a superior customer experience and the freshest food f",other,low
405,turfmasters,greenhouse,45,Customer Service Representative (Hybrid) - Aggieland Green | Customer Service Representative - One Two Tree | Customer Service Representative - Turf Masters Lawn Care | Customer Service Specialist - Lawn Tech | Field Manager - Brothers Pest,"Turf Masters is now hiring&nbsp; Technician II's in the Greenville, SC area. Turf Masters was founded in 2002 and currently has 10 locations throughout the Southeast. Servicing over 50,000 customers makes us one of the top competitors in the industry. We separate ourselves from our competition by providing a safe and rewarding work environment for our employees, rapid advancement opportunities, an",other,low
409,at-t,linkedin,44,Field Sales Representative | Sr. Specialist Member of Technical Staff | Associate Director - Network Proj/Prog Mgmt | Lead Account Manager 3 Mid Market Mob | Lead Technical Sourcing Management,"Job Description: Overall Purpose: Responsible for supervising a team of fraud personnel that recognize and detect unauthorized access to data and misuse of sensitive customer data. Must be able to work independently. Key Roles and Responsibilities: This position may analyze complex data from multiple sources e.g. ordering, risk assessment and billing.Identify causation, validate the findings, and ",other,low
416,food-lion,linkedin,44,PT Center Store Associate | PT Deli Bakery Sales Associate | PT Food Lion To Go Associate | PT Customer Service Leader | FT Customer Service Leader,"Address: USA-NC-Raleigh-2420 Wycliff Road Store Code: Store 01484 Front End (7224844) Food Lion has been providing an easy, fresh and affordable shopping experience to the communities we serve since 1957. Today, our 82,000 associates serve more than 10 million customers a week across 10 Southeastern and Mid-Atlantic states. Primary Purpose To provide fast, easy, flexible and friendly service to ou",other,low
419,oportun,greenhouse,44,Agente Telefonico en Español | Bilingual Agent | Bilingual English and Spanish Member Loyalty Representative | Bilingual English and Spanish Member Loyalty Representative (R13741) | Bilingual English and Spanish Member Loyalty Representative (R13786),"ABOUT OPORTUN Oportun (Nasdaq: OPRT) is a mission-driven financial services company that puts its members' financial goals within reach. With intelligent borrowing, savings, and budgeting capabilities, Oportun empowers members with the confidence to build a better financial future. Since inception, Oportun has provided more than $21.3 billion in responsible and affordable credit, saved its members",other,low
438,acceldata,lever,43,Associate Product Support Engineer | Customer Advocacy Manager | Enterprise Account Executive - Central | Enterprise Account Executive - Great Lakes | Enterprise Account Executive - NY Metro,"ABOUT US Acceldata is the market leader in Enterprise Data Observability. Founded in 2018 and backed by top investors including Insight Partners, March Capital, Lightspeed, Sorenson Ventures, Industry Ventures, and Emergent Ventures, we are a Series-C funded company headquartered in Silicon Valley. Our Enterprise Data Observability Platform—the first of its kind—helps enterprises build and operate",other,low
444,doo-group,jobstreet,43,"Senior Trading Executive - (Futures, Options) | Senior Finance Manager | Accounts Executive (GL) | Senior Accounts Executive (GL) | Senior Legal and Compliance Executive",[Category: Legal / Generalists - In-house] Working closely with the CEO and spearheading the legal and compliance team to assist in business expansion plan especially in licensing and incorporation of new business around the world. You will gain regional exposure in this role as the business is growing aggressively. If a candidate does not meet all the requirements for the Compliance Manager posit,other,low
445,epicgames,greenhouse,43,"Cinematics Animation Director | Concept Outsource Lead | Data Science Lead | Design Director, Battle Pass | Influencer Marketing Director","WHAT MAKES US EPIC? At the core of Epic’s success are talented, passionate people. Epic prides itself on creating a collaborative, welcoming, and creative environment. Whether it’s building award-winning games or crafting engine technology that enables others to make visually stunning interactive experiences, we’re always innovating. Being Epic means being a part of a team that continually strives",other,low
447,floor-decor,linkedin,43,Pro Services Manager | Regional Commercial Account Manager - Virginia | Program Manager – ERP Implementation | Chief Executive Merchant in Training | ServiceNow - Information Technology Manager,"Pay Range $16.00 - $20.40 Purpose As a Cashier (Customer Service Associate), you are the first and final interaction for Floor & Decor’s customers. Our Cashiers are responsible for providing excellent customer service through greeting customers, checking out customers, handling product returns, performing basic cash office functions and providing every customer with an exceptional experience. Full",other,low
455,soni,linkedin,43,Business Immigration Coordinator | Accounts Receivable Specialist | Claims Analyst | HRIS Project Manager | Payroll Specialist,"A global private equity company is hiring a technology leader to directly support all technology requests from their key executives in HQ and anywhere they are in the world. This role requires prior experience supporting leaders accustomed to working under pressure. Requirements Previous experience supporting executive leaders in office, remotely and during travel. Polished communication - written",other,low
464,wr,lever,43,Adult Education Intern | Bilingual English/Spanish Immigration Legal Services Administrative Assistant -2 | Bilingual Spanish/English Front Administrative Assistant | Career Pathways and Student Transitions Manager | Community Engagement Coordinator - 2025665,"Are you a person of compassion? An advocate for justice? Someone who stands up for the rights of the vulnerable and speaks out for the marginalized, the exploited and the forgotten? Do you believe in our calling as Christians to welcome the least of these and love our neighbor? If you answered ‘yes’, to any of the above, World Relief, and millions of people around the world need you. At this pivot",other,low
468,american-express,linkedin,42,Resy Customer Success Manager - New York | Staff Engineer - Web Engineering | Infrastructure Engineer - GWTE | Executive Administrative Assistant | Manager-Risk Management,"You Lead the Way. We’ve Got Your Back. With the right backing, people and businesses have the power to progress in incredible ways. When you join Team Amex, you become part of a global and diverse community of colleagues with an unwavering commitment to back our customers, communities and each other. Here, you’ll learn and grow as we help you create a career journey that’s unique and meaningful to",other,low
469,aqr,greenhouse,42,"2027 Business Development Summer Analyst | 2027 Engineering Summer Analyst | 2027 Portfolio Implementation, Trading and Portfolio Finance Summer Analyst | 2027 Research Product Specialist Summer Analyst | 2027 Research Summer Analyst","AQR Capital Management AQR is a global investment firm built at the intersection of financial theory and practical application. We strive to deliver concrete, long-term results by looking past market noise to identify and isolate the factors that matter most, and by developing ideas that stand up to rigorous testing. By putting theory into practice, we have become a leader in alternative strategie",other,low
477,cision,greenhouse,42,"Account Director I | Account Executive | Account Executive II - Brandwatch, Melbourne | Business Development Manager | Business Development Manager (SPANISH speaking)","&nbsp; &nbsp; At Cision, we believe in empowering every individual to make an impact. Here, your voice is heard, your ideas are valued, and your unique perspective fuels our collective success. As part of our global team, you'll thrive in an environment that champions curiosity, collaboration, and innovation, all while making meaningful contributions to the brands we accelerate.&nbsp; &nbsp; Join ",other,low
482,finn,lever,42,(Junior) Account Manager (m/w/x) | (Junior) Content Writer (m/w/d) | (Senior) B2B Sales Manager (m/w/x) | Account Executive (m/w/x) | Customer Retention Manager (m/w/x),"Über FINN Wir bei FINN bauen die Zukunft der Mobilität und machen den Zugang zum eigenen Auto so unkompliziert und nachhaltig wie nie zuvor. Als Deutschlands führende Abo-Plattform bieten wir dir die Chance, in einem der am schnellsten wachsenden Start-ups echte Verantwortung zu übernehmen und unsere Erfolgsgeschichte aktiv mitzugestalten. Werde Teil eines Teams aus 350+ Kolleg:innen aus über 50 N",other,low
493,wizeline,greenhouse,42,Account Executive | Channel Marketing Specialist | Data Engineer (Python) | Data Scientist (Databricks) | Data Scientist – Experimentation & Causal Inference,"Senior Data Architect&nbsp; The Company Wizeline is a global digital services company helping mid-size to Fortune 500 companies build, scale, and deliver high-quality digital products and services.&nbsp; We thrive in solving our customer’s challenges through human-centered experiences, digital core modernization, and intelligence everywhere (AI/ML and data). We help them succeed in building digita",other,low
495,advantage-technical,linkedin,41,Maintenance Engineering specialist | Process Engineer- Benchmarking | Instrument Fitter | Production Supervisor Material | PMA,"Location: Bothell, Washington / or Remote Long-Term Contract-to-Hire Understand Dynamics AX 2012 Platforms Building relationships with finance so they are mobilized. ERP Business Analyst for Finance BA needs to integrate sites This person will not be a finance employee but support the finance group. Looking for someone to partner close with the business. Need to be able to see the bigger picture, ",other,low
497,cabela-s,linkedin,41,Customer Service Team Lead | Footwear Lead | Cashier Full Time | Cashier | Boat/ATV Sales,"POSITION SUMMARY: The Cashier is responsible for checking out customer's merchandise through the POS registers. They perform various Customer Service activities, to include greeting and acknowledging all customers in a prompt and friendly manner, handling merchandise with care. ESSENTIAL FUNCTIONS: Supports a strong commitment to world class customer service and ensures a pleasant and productive s",other,low
517,verramobility,greenhouse,41,Business Support Administrator | Client Success Manager | CLM & Contracts Administrator | Contracts Optimization Manager | Court Support Specialist I,"&nbsp; &nbsp; Position Overview: We are seeking a skilled and collaborative Scrum Master to join our team and lead agile delivery for multiple cross-functional teams in our T2 business unit. In this role, you will be responsible for facilitating Scrum ceremonies, removing blockers, and fostering a culture of continuous improvement, ownership, and transparency. You’ll work closely with program mana",other,low
519,zeneducate,lever,41,Account Executive | Account Manager | Account Manager - Manchester | Account Manager - Newport | Account Manager - Truro,"Location: London (Oval), United Kingdom Type: Full-time. Office-based. 👋 I’m Oren, Co-founder of Zen Educate We’re looking for a VP of Sales to join our leadership team as part of our next chapter of growth in the UK. If you love turning chaos into clarity and are deeply passionate about solving real world problems that everyone around the dinner table would love “someone to solve”, then keep read",other,low
529,dsj-global,linkedin,40,Continuous Improvement Manager | Production Manager | Quality Engineer | Senior Controls Engineer | Capital Project Manager,"Exciting Opportunity: Fortune 500 Company in Chicago, Illinois, Seeks a Principal Electrical Engineer to sit in their Chicago, Illinois location. If you're looking to make a significant impact in a dynamic and innovative environment, this could be the perfect opportunity for you. Principal Electrical Engineer: $135,000-$185,000 + 12% Bonus + stock equity Day to Day of the role: Perform preventive ",other,low
534,hcltech,linkedin,40,Service Delivery Director | Python Automation Engineer (AutoCAD/SolidWorks) | BMC Firmware Engineer | Delivery Director for Digital Business Services | Information Technology Manager @ Remote,"strategy and roadmap, Automation assets, Developing virtual services / models using Service Virtualization tool, Working in Agile Release Train (ART) and guide the team to perform more automation in each scrum level, Troubleshooting of automation scripts and should come-up with quick resolution of script related issues, Reporting dashboards that helps project stakeholders to keep informed about th",other,low
539,malt,lever,40,Account Executive SMB | Alternance - Field Marketing and Events | Apprenticeship - People Operations (September 2026) (12 months) | Bid & Proposal Manager | Brand Strategist,"🪐 Discover our galaxy Join the Future of Work ! Malt is Europe's leading freelance marketplace, connecting over 850,000 talented freelancers with 90,000+ companies. Founded in 2013, we're transforming how work gets done through our tech-powered, human-centered platform. What makes us different: A diverse team of 600 Malters across 6 European countries A culture that champions equality (50% of our ",other,low
543,skinlaundry,greenhouse,40,Accounting Manager | Aesthetician/Assistant Laser Practitioner PT | Aesthetician PT | Aesthetic Registered Nurse | Controller,"Location: Remote in the following states (CO,GA,TN,FL,TX,NV) Compensation: $120,000-$140,000 The Controller at Skin Laundry is responsible for leading and evolving the company’s &nbsp; accounting &nbsp; function into a highly controlled, scalable, and insight-driven operation. This role owns the integrity of financial reporting, the strength of internal controls, and the systems and processes that",other,low
544,smarsh,lever,40,"Account Executive III, Corporate Accounts (New Logo) | Account Executive, Enterprise (Emerging Markets) | Account Executive, SLED | Application Support Engineer II - Event | Channel Partner Business Operations Analyst","Who are we? Smarsh empowers its customers to manage risk and unleash intelligence in their digital communications. Our growing community of over 6500 organizations in regulated industries counts on Smarsh every day to help them spot compliance, legal or reputational risks in 80+ communication channels before those risks become regulatory fines or headlines. Relentless innovation has fueled our jou",other,low
552,betterup,ashby,39,"Enterprise Account Executive | Principal HR Business Partner, R&D | Senior Enterprise Account Manager | Senior Enterprise Account Executive, EMEA | Account Director, Strategic","Let’s face it, a company whose mission is human transformation better have some fresh thinking about the employer/employee relationship. We do. We can’t cram it all in here, but you’ll start noticing it from the first interview. Even our candidate experience is different. And when you get an offer from us (and accept it), you get way more than a paycheck. You get a personal BetterUp Coach, a devel",other,low
557,cirquedusoleil,lever,39,Analyste – Systèmes Talent | Analyst – Talent Systems | Analyste principal - Sécurité Opérationnelle | Senior Analyst - Security Operati | Assistant Audio and MIT Technician – Blue Man Group North American Tour | Assistant Carpentry Technician – Blue Man Group North American Tour | Assistant Chef Électricien - ECHO | Assistant Head Electrician - ECHO,"Stratège - Marketing intégré Ventes, marketing et communication Poste permanent/Temps plein Nous recherchons des personnes passionné(e)s par le bon déroulement de nos spectacles et événements, la conception de produits exceptionnels, la mise à profit de leur ingéniosité au sein de leur équipe et l’amélioration de leur expertise pour développer des pratiques novatrices. Le Groupe Cirque du Soleil m",other,low
567,instawork,greenhouse,39,Accounting Manager | Business Development Representative - Instawork Robotics | Claims Manager | Contractual || Field Engineering Technician | Contractual || Senior Recruiter,"Instawork is on a mission to create meaningful economic opportunities for skilled hourly professionals in communities around the globe. Our AI-powered labor marketplace helps local businesses scale, and enables global technology companies to push the frontiers of robotics and AI. Backed by world-class investors like Benchmark, Spark Capital, Craft Ventures, Greylock, Y Combinator, and others, we’r",other,low
572,price-chopper-supermarkets-market-32,linkedin,39,"Assistant Grocery Team Leader-Binghamton #237 | Evening Shift Supervisor - Full Time | Produce Clerk Fulltiime Hudson Valley Plaza Location | *Now Hiring! Part-Time Meat Cutter Bristol, CT Location - Experience Required* | *Now Hiring! Part-Time Cake Decorator Bristol, CT Location - Experience Required","Salary: $18.00- $22.50 Summary Provides fast, friendly, helpful and efficient service to all Price Chopper customers. Responsible for cutting all meat in accordance with trim specifications and guidelines. Ensures the quality and freshness of the meat products cut for display in the meat case to promote optimal opportunity for sales. Responsible for providing excellent customer service and courtes",other,low
575,shipbobinc,greenhouse,39,"2nd shift Lead Fulfillment Associate (Tuesday -Saturday, 3:45pm - 12:45am) | Account Executive - SMB | Area Manager, Fulfillment Operations | B2B Area Manager, Fulfillment Operations, Fri - Mo 11a-9p | Business Development Representative","As a member of the&nbsp;ShipBob&nbsp;Team, you will... &nbsp; Grow with an Ownership Mindset :&nbsp;We champion continuous learning and innovation.&nbsp;You'll&nbsp;take on real problems,&nbsp;create tangible&nbsp;solutions, and&nbsp;drive results that move the needle&nbsp;for&nbsp;ShipBob,&nbsp;our merchants, and for your own professional growth.&nbsp;If&nbsp;you're&nbsp;ready to do the most mean",other,low
577,tabs,ashby,39,"Business Development Representative | Senior Technical Talent Acquisition Partner | Senior Solutions Consultant | Data Engineer | Senior Product Manager, Usage Data","Tabs is the leading AI-native revenue platform for modern finance and accounting teams. Tabs agents automates the entire contract-to-cash lifecycle, including billing, collections, revenue recognition, and reporting, to help teams eliminate manual work and accelerate cash flow. High-growth companies like Cursor and Statsig rely on Tabs to generate invoices directly from contracts, reconcile paymen",other,low
583,adp,linkedin,38,Digital Sales Representative - Major Accounts | Digital Sales Representative - Global Accounts | Associate Client Support Consultant | Head of Enterprise Risk Management | Application Data Integration Specialist,"ADP is hiring a Summer Sales Intern. Are you looking for real corporate experience at a Fortune 250 company? Do you want to make a valuable contribution to a business' success? Are you ready to join an energetic, collaborative team and experience an inclusive culture of belonging? If so, then this may be just the opportunity you've been searching for. Read on and see for yourself. As an Intern at ",other,low
585,awin,greenhouse,38,Account Manager (f/m/d) - Benelux | Account Manager - Key Accounts Benelux | AdOps Intern (f/m/d) | Affiliate Account Manager (f/m/d) | Data Engineer,"Purpose of position Data sits at the heart of the company. This role is to ensure that Awin can leverage the data it has access to across the group and build out reporting to ensure we are able to make better commercial decisions and provide best-in-class campaign management to support client-facing departments. As a Data Engineer , your role focuses on designing, building, and optimizing scalable",other,low
588,bristol-myers-squibb,linkedin,38,"Sr. Director, Network Operations | Senior Manager, Senior Principal Statistician | R1579713 Senior Therapeutic Area Specialist, Cardiovascular Community - 2-DAY JO | Senior Therapeutic Area Specialist, Neuro Psych (FAYETTEVILLE, NC) | Senior Therapeutic Area Specialist, Neuro Psych (HOUSTON E, TX)","Working with Us Challenging. Meaningful. Life-changing. Those aren't words that are usually associated with a job. But working at Bristol Myers Squibb is anything but usual. Here, uniquely interesting work happens every day, in every department. From optimizing a production line to the latest breakthroughs in cell therapy, this is work that transforms the lives of patients, and the careers of thos",other,low
596,gainwell-technologies,linkedin,38,"Call Center-REMOTE | Assistant Claims Examiner (Onsite Atlanta GA.) | Subrogation Services, Associate (Remote, USA) | Assistant Claims Examiner (Onsite Irving, Texas) | Organization Change Management (OCM) Specialist","Join our team at the Milwaukee Document Processing Unit as a Mailroom Clerk. In this dynamic role, you will be responsible for various tasks integral to the smooth operation of our document processing center. Your duties will include sorting and organizing incoming and outgoing mail, scanning and indexing documents into electronic case files, and providing face-to-face assistance to members. This ",other,low
601,inspyr-solutions,linkedin,38,"Documentation Specialist | Product Experience Designer, EDU | Appian Product Manager | Mobile Application Architect | Technical Scrum Master","Title: Tax Accountant (Corporate) Location Options: Milwaukee, WI (1 day onsite) Duration: 8+ month contract (potential for conversion) Compensation: $30-$31/hour Requirement: US Citizen, GC Holder, or Authorized to work in the U.S. If you are interested and qualified, please apply or send your resume directly to Michelle at mnicolaus@inspyrsolutions.com. Responsible for the maintenance of tax rec",other,low
603,landor,greenhouse,38,3D Design Co-Op | 3D Designer | Artworker | Business Development (stagiaire) | Candidature spontanée,"Landor is looking for a Designer to join our New York studio. Could this be you? We are Landor, part of WPP. World-leading brand experts,&nbsp; underpinned by the most expansive strategic &amp; creative capabilities in our category. We make brands more valuable and less vulnerable. We build brands differently. We work with our clients to define and solve their business problems through the lens of",other,low
608,maxcessinternational,greenhouse,38,3rd Shift - Mill - CNC Operator | CNC Machine Maintenance Technician | CNC Machinist - 2nd Shift | CNC Mill Machinist | CNC Operator - 2nd Shift,"Candidates are required to reside or be willing to relocate to the Midwest region of the United States (IL, MO preferred). &nbsp; Primary Responsibility: Strategically manage the key accounts and OEM customers to cultivate positive partnerships and increase sales, primarily in the tag and label and web fabrication industries. &nbsp; Duties and Responsibilities: Meet assigned revenue objectives. (Q",other,low
610,myriad360,greenhouse,38,"Account Executive- Atlanta, GA (Remote) | Account Executive- Columbus, OH (Remote) | Account Executive- Detroit (Remote) | Account Executive- Indianapolis, IN (Remote) | Account Executive- Knoxville (Remote)","Who You Are You are a seasoned infrastructure leader with deep expertise across AI, ML, and HPC platforms. And has a proven ability to operate confidently at both the executive and architectural levels. You bring a strong systems-thinking mindset, with hands-on understanding of compute, GPU acceleration, storage, networking, and virtualization in integrated environments.&nbsp; You are equally comf",other,low
622,sofarsounds,lever,38,"Audio Engineer | Curator, Stuttgart (freelance independent event production, revenue-share) | Curator, Warsaw (freelance independent event production, revenue-share) | Freelance Curator, Cork (contract, revenue share) | Freelance Event Curator & Promoter (freelance, revenue share only)","While this role is hybrid, candidates must be based in the designated city. About Us Born in a London flat in 2009, Sofar began as an answer to a growing problem: live music had lost its magic. It blossomed into a global movement that kept music at its heart while expanding to comedy, singles, dance, and more — all connected by Sofar's renowned track record for discovering rising talent. Countless",other,low
627,unifirst-corporation,linkedin,38,Decontamination Technician/General Laborer - UniTech | Production Team Partner - Washroom Operator - UniFirst | Production Team Partner - Soiled Linen Sorter - UniFirst | Production Team Partner - Garment Sorter & Shipper - UniFirst | Maintenance Technician II - UniFirst,"The Central AR Analyst serves as an integral member of a quality and service-driven Financial Operations team whose focus ensures the timely and accurate processing of Cash Application reporting, data analysis and related tasks as requested by senior management . This position requires an individual who possesses AR and large data set analysis skills and experience within financial support models ",other,low
637,cpisecurity,greenhouse,37,Charleston New Home Security Sales Representative | Charleston Residential Installation Technician | Charleston Residential Service Technician | Chief Revenue Officer | Collections Agent,"Summary: CPI Security, in Charlotte, NC, is looking to hire a full-time Product Owner located in office at our corporate headquarters. The Product Owner is responsible for &nbsp;maximizing the value delivered by the product development team by defining and prioritizing the product backlog. Acting as a bridge between stakeholders and the development team, the Product Owner ensures that the team del",other,low
656,salesforce,linkedin,37,Tableau Alliances - Partner Account Manager | Senior Analyst Benefits Management & Design | Mulesoft Signature Success Sales Specialist | Analyst Program Insights & Data Visualization | Tableau Signature Success Sales Specialist,"To get the best candidate experience, please consider applying for a maximum of 3 roles within 12 months to ensure you are not duplicating efforts. Job Category Marketing & Communications Job Details About Salesforce We’re Salesforce, the Customer Company, inspiring the future of business with AI+ Data +CRM. Leading with our core values, we help companies across every industry blaze new trails and",other,low
657,sanofi,linkedin,37,"HEVA Publications Lead | Medical Science Liaison- Pulmonary- Metro Atlantic (NY, NJ, PA, DE) | Regulatory Strategist - Associate Director | Key Account Manager - Boise (ID, MT) | Executive MSL, Rheumatology - West Region","[Category: Accounting / Financial Accounting & Reporting] About the job At Sanofi Consumer Healthcare, we have one overarching mission - to work passionately, challenging ourselves and our industry every day, to drive what we believe is the next health revolution: evolving from simply serving consumers, to helping people help themselves - bringing “Health in Your Hands”. We are building trusted & ",other,low
667,world4822stri986des,greenhouse,37,"Accounts Payable Associate | Airport Experience Coordinator: Chicago, IL (ORD) | Airport Experience Coordinator: DC, MD, & VA (DCA, BWI, & IAD) | Airport Experience Coordinator: Williamsburg & Richmond, VA (ORF & RIC) | Digital Experience Specialist","Company Introduction WorldStrides&nbsp;is the global leader in educational travel and experiential learning. The company was founded in 1967 to provide middle school travel programs to Washington, D.C. and has grown to provide a wide range of programs for more than half a million students annually to over 100 countries around the world. WorldStrides offers experiential learning programs in educati",other,low
672,axogen,greenhouse,36,"Accounts Payable Specialist | Area Sales Manager - Central Illinois | Area Sales Manager - Manhattan South | Area Sales Manager - Seattle, WA | Area Sales Manager - Syracuse, Rochester, and Buffalo","Axogen is committed to building and maintaining a strong and gratifying company culture that fosters professional growth. Our hands-on and personal approach makes transitioning to a new job a seamless and enjoyable process. Most benefits are effective on day one!&nbsp;&nbsp; Axogen is an equal opportunity employer and does not discriminate against applicants on the basis of race, color, creed, rel",other,low
679,cas,ashby,36,Talent Admin (Philippines) | US Accountant (Latin America) | US Tax Accountant (Latin America) | Executive Assistant (Philippines) | US Accountant (South Africa),"CAS uses intuitive technology, unparalleled scientific content, and unmatched human expertise to help companies create groundbreaking innovations that benefit the world. As the scientific information solutions division of the American Chemical Society, CAS manages the largest curated reservoir of scientific knowledge, and for 117 years, has helped innovators mine, assess and apply that information",other,low
686,enova,greenhouse,36,"Asset Liability Management Associate (Hybrid) | Assistant General Counsel, Litigation (Hybrid) | Business Compliance Associate | Business Operations Associate (Hybrid) | CashNetUSA Customer Service Representative (Remote)","We are interested in every qualified candidate who is eligible to work in the United States. However, we are not able to sponsor visas or take over sponsorship at this time. About the Role: As a Business Operations Associate within the NetCredit Business Unit, you will serve as a strategic architect of our operational integrity. You will be responsible for the design, oversight, and continuous mai",other,low
696,iwoca.co.uk,ashby,36,Account Executive | Customer Success Advisor | Senior Business Development Executive | Account Manager (m/f/d) | Collections & Recoveries Advisor,"The company Small businesses move fast. Opportunities often don’t wait, and cash flow pressures can appear overnight. To keep going, and growing, SMEs need finance that’s as flexible and responsive as they are. That's why we built iwoca. Our smart technology, data science and five-star customer service ensures business owners can act with the speed, confidence and control they need, exactly when i",other,low
700,mewah-group,jobstreet,36,"Assistant Manager, Risk Department | Regulatory Affair | Executive, Payment | Senior Executive, Risk Management | IT Professional - Digital Innovations","[Category: Information & Communication Technology / Business/Systems Analysts] With over 60 years of experience, our Company is one of the Asia’s largest state-of-the-art edible oil refineries. As part of our expansion and sustainable plans, we invite dynamic and highly motivated individuals to join us Responsibilities To be part of our IT team, you are expected to understand the end-user business",other,low
710,sentilink,ashby,36,"Channel Partnerships Manager, Fraud & Identity | Enterprise Account Executive, Financial Services | National Account Executive, Intercept | Infrastructure Engineer (Experienced/Senior+ Levels) | Strategic Account Executive, Financial Services","SentiLink provides innovative identity and risk solutions, empowering institutions and individuals to transaction with confidence. We’re building the future of identity verification in the United States replacing a clunky, ineffective, and expensive status quo with solutions that are 10x faster, smarter, and more accurate. We’ve seen tremendous traction and are growing extremely quickly. Our real-",other,low
713,siteone-landscape-supply,linkedin,36,Customer Sales & Service Rep I/ Driver – Bilingual Preferred (English/Spanish) | Nursery Department Manager | Customer Sales & Service Rep I – Bilingual Preferred (English/Spanish) | Customer Sales & Service Rep I | Shipper/Receiver,"Company Overview SiteOne associates are customer obsessed, always safe, continuously improving, and having fun! Whether you are experienced in the green industry, a professional looking for a career change, or a new graduate or veteran transitioning into the workforce, we are confident you will find opportunity and reward with SiteOne. SiteOne Landscape Supply is the largest and only national whol",other,low
714,skillzinc,greenhouse,36,"Associate Backend Engineer | Business Development Associate, Brand & Creator Partnerships | Business Development Associate, Distribution Partnerships | CEO, Beamable | Chief Revenue Officer","About The Job&nbsp; Reporting into the Chief Accounting Officer, the Controller will play a key role in leading and scaling the accounting infrastructure and processes at Skillz. The ideal candidate is a motivated leader with strong experience in operational accounting and has the ability to thrive in a high-growth environment. This role will be hands-on, interacting and collaborating with FP&amp;",other,low
723,bird,greenhouse,35,"City Operations Manager - (NYC) | Community Partnership (SPIN), Nashville, TN | E-Scooter Field Operations Specialist - Newark, NJ | Fleet Manager - Memphis, TN (Contract) | Fleet Manager - Penticton, Canada (Contract)","Hey there! Bird launched micromobility. Now we’re shaping its future. We’re Bird, and we’re on a mission to&nbsp; transform the way the world moves one ride at a time . Our products, services, and people share one common goal: to make cities more livable by empowering people and communities everywhere to move freely, discover new possibilities, and create a cleaner, more connected future. To clean",other,low
748,moss,ashby,35,Customer Service Specialist - German / English (f/m/d)– incl. Second Level Suppo | Customer Success Manager (f/m/d) | Business Development Representative (f/m/d) | Senior Front-End Engineer (f/m/d) | Account Manager (f/m/d),"At Moss, we give finance professionals the power to automate their day-to-day and make forward-thinking decisions. Our team and culture make us unique — we’re driven by impact and growth, where every one of us strives to learn and excel. Recognised by Sifted’s Rising 100 and LinkedIn's Top Startups , we’re here to help propel your career and together, make Moss a lasting success. Join our Tax & Ac",other,low
753,pagerduty,greenhouse,35,"Account Executive (US) | Account Manager- Dallas, TX | Account Manager- DC | Account Manager- Denver | Account Manager- San Francisco","PagerDuty (NYSE:PD) is a leader in Digital Operations Management. In an always-on world, organizations of all sizes trust PagerDuty to help them deliver a perfect digital experience to their customers, every time. Teams use PagerDuty to identify issues and opportunities in real time and bring together the right people to fix problems faster and prevent them in the future. Over 13,000 organizations",other,low
756,pathful-inc,linkedin,35,Volunteer Virtual Classroom Speaker (How do I become a diesel mechanic?) | Volunteer Virtual Classroom Speaker (Career Path to becoming An: Architect) | Volunteer Virtual Classroom Speaker (Electric Guitar ) | Volunteer Virtual Classroom Speaker (Childcare) | Volunteer Virtual Classroom Speaker (5th Grade Passion Project: Poverty/hunger a,"The volunteer opportunity below is a request from an educator for you to interact with his or her classroom. The interaction is virtual so as long as you have a good internet connection and computer or device with a camera, you can participate from anywhere. The goal of the interaction is to bring real world application, professional experience and relevance to what the educator is teaching. Once ",other,low
760,solace,ashby,35,Lead Advocate | Executive Assistant | Data Engineer | Telehealth Physician (Remote) | Operations Associate,"About Solace Healthcare in the U.S. is fundamentally broken. The system is so complex that 88% of U.S. adults do not have the health literacy necessary to navigate it without help. Solace cuts through the red tape of healthcare by pairing patients with expert advocates and giving them the tools to make better decisions—and get better outcomes. We're a Series C startup, founded in 2022 and backed b",other,low
769,varsity-tutors-a-nerdy-company,linkedin,35,Marietta Middle School English Tutor | Math (in French) Tutor - Remote/Work from Home | St. Paul Middle School Tutor | Miami AP Physics 1 Tutor | Skokie Series 65 Tutor,"Wichita IB Mathematics: Analysis and Approaches Tutor Jobs The Varsity Tutors platform has thousands of students looking for online IB Mathematics: Analysis and Approaches tutors nationally and in Wichita. As a tutor who uses the Varsity Tutors platform, you can earn good money, choose your own hours, and truly make a difference in the lives of your students. Why join our platform? Enjoy competiti",other,low
781,coatesgroup,lever,34,"Commercial Legal Counsel | Director, Business Process Re-Engineering | Director, Delivery | Director, Engineering | Director, McDonald's Global Account","Be Part of Our Next Chapter For over almost 60 years, our solutions have enabled impactful connections between some of the world’s leading brands and their customers. And while we’ve already done a lot of work we’re proud of, we’re just getting started! We’re a global technology company focused on creating dynamic, smart, personalised and engaging customer experiences powered by our range of digit",other,low
784,dutch-lady-milk-industries-berhad,jobstreet,34,Supply Chain Finance Assistant Manager | OT Technical Engineer | Technical Specialist | Distribution Management System Specialist (1 year contract) | Business IT Analyst,"[Category: Engineering / Process Engineering] This position will be based in Bandar Enstek, Negeri Sembilan. This is an internship role under Process Technologist supervision to initiate develop, test and optimize (new or improved) processes, track deviations from standards and ensure compliance to quality standards, in line with the applicable SHE&Q and operations guidelines. Job Responsibilities",other,low
791,hlmg-management-co-sdn-bhd,jobstreet,34,Preventive Maintenance Section Manager | Assistant engineer (RoHS compliance) | Customer Quality Engineer (CQE) | EOL Engineer | Engineer Mechanical,[Category: Accounting / Accounts Receivable/Credit Control] Job Description Perform quantitative and qualitative credit risk assessment on new and existing credit applications; Ensure the compliance of credit policies by the subsidiary applicants and processes according to the group credit control procedures and policies; Monthly review on subsidiary companies’ debtor ageing reports and monitor th,other,low
798,invivyd,greenhouse,34,"Associate Director, Contracts Counsel | Associate Director, Drug Substance Process Development | Director, Ethics and Compliance | Director/Senior Director, Biostatistics | Field Reimbursement Manager, Midwest","ABOUT US There are more than 9 million immunocompromised people in the United States. Almost half a million of those represent a population that are moderately to severely immunocompromised and at highest risk for severe COVID-19, including stem cell and solid organ transplant patients as well as those with hematologic cancers. At Invivyd, Inc., we take those numbers very seriously and we come to ",other,low
807,raymond-james,linkedin,34,"Branch Intern (Decatur, IL) | Branch Intern (Westport, CT) | Client Service Associate-Beverly Hills, CA | Client Service Associate- Muskegon, MI | Compliance Manager, IT Security Auditing","Hybrid Work Environment: 40% in-office and up to 60% work-from-home, if desired. Must live within commutable distance from our home office. Job Summary: As a member of the Business Process Improvement (BPI) team, the Process Analyst plays a key role in projects to develop automated solutions for targeted processes. Working under limited supervision and with a high level of autonomy, this individua",other,low
810,selkirksport,greenhouse,34,Academy Coach / Technical Brand Representative | B2B Sales and Accounts Manager (Vietnam - Hanoi) | B2B Sales and Accounts Manager (Vietnam - Ho Chi Minh) | Consumer Apps Division Lead (Product Focus) | Customer Service Representative (Malaysia),"About Selkirk Sport At Selkirk Sport, we’re passionate about pushing the boundaries of pickleball innovation. Our mission is to Fuel the Pickleball Obsession by creating the sport’s premier products and ecosystem. As a leading global brand in premium pickleball equipment, we’re expanding our international presence and seeking top-tier talent to support our growth in the U.S. and abroad. We pride o",other,low
811,sesame,ashby,34,iOS Engineer | Embedded Engineer | ML Scientist | SWE - Backend Engineer | Electrical Engineer,"About the Role At Sesame, we’re building a better, more accessible healthcare experience - and our support team plays a big part in making that happen. Sesame is the first-ever healthcare marketplace, connecting thousands of healthcare providers across all 50 states directly with American consumers who are seeking high-quality, convenient medical care at half the price of what is typical. We strip",other,low
815,teecom,lever,34,Associate - Audiovisual | Associate - Security | Associate - Telecom | Associate - Telecom/WiFi – Multi Discipline | Associate Principal - Audiovisual,"About the Team TEECOMlabs is an in-house research group dedicated to testing, developing, and recommending technology that will inform TEECOM's design and engineering solutions. We’re a close-knit group that enjoys working together to solve interesting challenges. With a focus on learning and growth, our team works hard to better ourselves and explore opportunities for experimentation in the AEC (",other,low
829,airswift,linkedin,33,Principal Substation Engineer | Commissioning Manager | Environmental Specialist | Service Consultant | Environmental Compliance Specialist,"Airswift is looking for an Electrical Planner to work with a major company on a 12-month contract in Lima, OH Schedule: 7 AM – 3:30 PM The Electrical Maintenance Planner is responsible for reviewing, estimating, purchasing, and keeping a record of all work requests, which includes requests for labor, tools, material and equipment. This position plays a fundamental role in planning work activities,",other,low
840,ibm,linkedin,33,"Business Sales & Delivery Executive - SAP | Product Manager | Package Consultant-Industry Packages | Middleware Administrator, Radford, VA | Project Manager- CDC Expert","699158BR Introduction At IBM, work is more than a job - it's a calling: To build. To design. To code. To consult. To think along with clients and sell. To make markets. To invent. To collaborate. Not just to do something better, but to attempt things you've never thought possible. Are you ready to lead in this new era of technology and solve some of the world's most challenging problems? If so, le",other,low
841,idme,greenhouse,33,"Account Executive, Communities - Northern California | Account Executive, Healthcare | Account Executive, Workforce Identity East | Account Executive, Workforce Identity West | Account Manager, Communities_Eastern USA",Company Overview ID.me is the next-generation digital identity wallet that simplifies how individuals securely prove their identity online. Consumers can verify their identity with ID.me once and seamlessly login across websites without having to create a new login and verify their identity again. Over 152 million users experience streamlined login and identity verification with ID.me at 20 federa,other,low
842,ignitedigital,greenhouse,33,Acquisition Management Support I | Acquisition Management Support II | Acquisition Management Support III | Acquisitions Specialist | Automation Architect Enterprise COE Lead,"Ignite Digital enables national security agencies to accelerate decisions, elevate operational outcomes and achieve the outsized performance only an inside partner can deliver. &nbsp; We combine mission experience, domain knowledge and technology&nbsp;expertise&nbsp;with the things partners can only know by being there every day. When agencies need a combination of tech and touch, Ignite Digital c",other,low
844,later,greenhouse,33,"Account Executive | Account Manager (Client Success) | Account Manager - Influencer Marketing | Affiliate Account Manager | Associate Director, Client Strategy","Later is the world’s most intelligent influencer marketing company, built to give brands the confidence to create unforgettable campaigns. By combining real creator relationships, trusted intelligence, and expert guidance, Later removes fear and guesswork from one of marketing’s most visible investments. Built on a native, AI-powered platform and more than a decade of proprietary data—including bi",other,low
855,picarroinc,greenhouse,33,"Account Manager – EMEA (Scientific Instrumentation) | Electrical Engineer | Field Application Scientist, Netherlands | Field Application/Technical Support Engineer | Field Engineer - I&E Specialist","Electrical Engineer Board Design, Flow Control, Firmware Development, Schematic, Microcontroller We are seeking a skilled Electrical Engineer to join our team, specializing in board design, flow control, firmware development, schematic creation, and microcontroller integration. The ideal candidate will be responsible for designing and developing printed circuit boards (PCBs), creating and interpre",other,low
863,technologyadvice,greenhouse,33,"Accountant | Account Director | Account Director (AU) | Account Director, New Business | Account Director (SG)","Hi, we’re TechnologyAdvice. At TechnologyAdvice, we pride ourselves on helping B2B tech buyers manage the complexity and risk of the buying process. We are a trusted source of information for tech buyers, delivering advice and facilitating connections between our buyers and the world’s leading sellers of business technology.&nbsp; Headquartered in Nashville, Tennessee, we are a remote-first compan",other,low
865,the-walt-disney-company,linkedin,33,"Sr Manager, Business Development | Cosmetology Manager - Temporary Assignment (TA)/Project Hire (PH) | Disney Cruise Line Revenue Management Analyst | Sr Data Scientist | F&B and Sales Cast Member Roles at the Morocco Pavilion at EPCOT","“We Power the Magic!” That’s our motto at Disney Parks, Experiences and Products Technology & Digital. Our team creates world-class immersive digital experiences for the Company’s premier vacation brands including Disney’s Parks & Resorts worldwide, Disney Cruise Line, Aulani, A Disney Resort & Spa, and Disney Vacation Club. We are responsible for the end-to-end digital and physical Guest and Cast",other,low
868,vituity,linkedin,33,Benefits Administrator - Remote - Nationwide | Physician - Emergency Medicine - UMC Northeast Emergency Department | Physician - Emergency Medicine - Ascension St. Vincent Williamsport | Physician - Emergency Medicine - Up to $50K Sign On Bonus - UMC East Emergency D | Medical Director - Emergency Medicine - Ascension St. Vincent Indianapolis South,"Telemedicine Remote - Seeking Acute TeleNeurologist Join the Physician Partnership Where You Have A Voice Vituity's ownership model provides autonomy, local control, and a national system of support, so you can focus your attention where you want it to be - on your patients. Join the Vituity Team. Vituity is a 100% physician owned partnership and is led by frontline physicians that are all equitab",other,low
872,6sense,greenhouse,32,"Commercial Account Executive | Creative Director | Director, Digital Marketing | Enterprise Account Executive | Manager, SRE","Our Mission: 6sense's mission is to multiply what matters: growth, retention, and efficiency.&nbsp; We envision a future where companies, teams and people reach their full potential. Our People: People are the heart and soul of 6sense. We serve with passion and purpose. We live by our Being 6sense values of Win as One Team, Stay Curious, Do The Right Thing, Own the Outcome, and Create Belonging. &",other,low
877,brightonjones,lever,32,Advisor - Atlanta | Advisor - Chicago | Advisor - Dallas | Advisor - Los Angeles | Advisor - Morristown,"Ready to make a meaningful impact? At Brighton Jones, we’re a purpose-driven, client-focused team committed to helping individuals live richer lives. As one of the largest RIAs in the nation, we’ve built a culture of continuous growth, collaboration, and community—recognized with 15 consecutive “Best Places to Work” awards including Inc.com’s 2025 list, as well as national honors for community imp",other,low
878,burga,lever,32,Accountant | Chief Operating Officer (COO) | Content Creator | Creative Strategy Team Lead | Data / Business Insights Analyst,"ABOUT BURGA From a 7m² flat with just one printer in 2015 to a global powerhouse with 4+ million customers, 12+ million products sold, and revenue of over $147 million in 2025 - BURGA is not your average brand. Our products have been spotted with some of the world’s biggest celebrities, like Taylor Swift, Cara Delevingne, Lucy Hale, Alexis Ren, and many more. We're on a mission to turn ordinary in",other,low
886,imaginepediatrics,greenhouse,32,Acute Care Pediatric Advanced Practice Provider | Acute Care Pediatrician (Pediatric ER or Urgent Care) | Associate Actuary | Behavioral Health Care Coordinator | Bilingual Pediatric Registered Nurse,"Who We Are Imagine Pediatrics is a tech enabled, pediatrician led medical group reimagining care for children with special health care needs. We deliver 24/7 virtual first and in home medical, behavioral, and social care, working alongside families, providers, and health plans to break down barriers to quality care. We do not replace existing care teams; we enhance them, providing an extra layer o",other,low
892,micron-technology,linkedin,32,"Supply Chain Inventory Optimization Engineer | Wet Process Development Engineer - DRAM/EM | Category Supplier Manager, Global Tool Install | R&D CMP Process Development Engineer | Advanced Packaging Distinguished Member of Technical Staff or Fellow","Our vision is to transform how the world uses information to enrich life for all. Micron Technology is a world leader in innovating memory and storage solutions that accelerate the transformation of information into intelligence, inspiring the world to learn, communicate and advance faster than ever. Job Description As a Process Engineer you will be primarily responsible for starting up, developin",other,low
894,moo,lever,32,Account Executive | Account Manager | Artworker | Assembly Operator (1st Shift) | Category Management & Pricing Analyst,"MOO set out to shake up the world of print back in 2006. And we’ve come a long way since. Today we’re a 400 + strong team (we’re thinking of getting matching jackets) who create print and digital products for companies of all sizes – from Google and AirBnB to the guy who makes those amazing prints you found at a craft fair. Our global HQ is in London, UK, while we also have premises in Dagenham. I",other,low
922,yyc-group,jobstreet,32,"Associate, Audit (Johor) | Senior Audit | Associate, Accounts & Tax | Accounts Associate (Bukit Mertajam) | Tax Manager","[Category: Design & Architecture / Graphic Design] YYC is looking for creative Graphic Designer to plan the overall layout and production design for advertisements, brochures, magazines, and videos. Job Responsibilities Determine the design to convey the intended message to consumers. Create images that identify a product or convey a message and develop graphics for product illustrations, logos, a",other,low
926,alice-bob,lever,31,Cross-talk Investigation & Simulation Internship H/F | DATE26 Conference | Funded Project Management Internship H/F | Graphene Quantum Advantage Internship H/F | HSE Engineer - Quantum Computing,"Alice & Bob is developing the first universal, fault-tolerant quantum computer to solve the world’s hardest problems. The quantum computer we envision building is based on a new kind of superconducting qubit: the Schrödinger cat qubit 🐈‍⬛. In comparison to other superconducting platforms, cat qubits have the astonishing ability to implement quantum error correction autonomously! We're a diverse te",other,low
927,alliancedefendingfreedom,greenhouse,31,Accounts Payable Specialist | Administrative Assistant II (Comms & PR) | Alliance Membership Manager | Blackstone Professional Development Specialist | Communications Project Coordinator,"Make a difference with us! At Alliance Defending Freedom, we believe God has brought you here for His purpose—to stand for truth and defend the God-given right to live and speak it. Together, we protect religious freedom, free speech, the sanctity of life, marriage and family, and parental rights. Review our Statement of Faith to ensure we’re a fit for you. Locations: Scottsdale, AZ / Lansdowne, V",other,low
930,axonius,greenhouse,31,"Area Sales Director, Southeast | Backend Engineer - São Paulo | Corporate FP&A Manager | Director of Global IT Ops | Director of Product- Platform","The Axonius Finance team is seeking a Senior FP&amp;A professional to serve as a strategic financial partner to our CTO organization. Reporting directly to our senior director of Finance, you will drive the end-to-end financial reporting and planning processes for Engineering, Product, and Tech Support teams. This role is instrumental in translating technical initiatives into actionable financial ",other,low
946,iterable,greenhouse,31,"Account Executive (Commercial) | Account Executive (Enterprise) - West Region | Business Development Representative | Director, Brand & Content Strategy | Director, Monetization Strategy","Iterable is the leading AI-powered customer engagement platform that helps leading brands like Redfin, SeatGeek, Priceline, Calm, and Box create dynamic, individualized experiences at scale. Our platform empowers organizations to activate customer data, design seamless cross-channel interactions, and optimize engagement—all with enterprise-grade security and compliance. Today, nearly 1,200 brands ",other,low
955,mindbody,greenhouse,31,"Associate Technical Account Manager | Customer Success Manager | Customer Training Specialist | Design Manager, Platform & Productivity | Group Product Manager, Growth & CRM","At Playlist, life's richest moments happen when people step away from screens to move, connect, explore, and play. We're building the definitive platform for intentional living, connecting people with inspiring experiences in fitness, wellness, and beyond. With popular brands like Mindbody and ClassPass, Playlist empowers businesses and individuals, making it effortless for aspirations to become a",other,low
959,netlight,lever,31,Accounting Associate (Accounts Payable) | Amsterdam IT Consultant | Bid Manager - Sales & Growth | Business Controller (m/f/d) | Business Development & Sales (Copenhagen),"Come work with us Do you love supporting people’s growth and want to be part of an exciting learning culture? Are you a student interested in working in Learning & Development while gaining hands-on experience in a flexible role? We're looking for a Learning & Development Working Student to join our team in Munich! If you have a passion for organizing, building relationships, and contributing to i",other,low
972,smart-it-frame-llc,linkedin,31,Information Technology Epic Beaker Application Analyst 2 | DevOps Manager | User Interface Architect | PEGA Solution Architect | Product Data Analysis with Data Mining and visualization,"Hello Professionals,We are looking for a S4 Hana - Senior Business Analyst at San Jose, CA for a contract opportunity. Please find the below job description and apply for the job if you are interested. Role: S4 Hana - Senior Business Analyst Location: San Jose, CAHiring mode: Long term Contract Mandatory Skills:Implemented S4H – OCM (Optimized Contract Management) or CCM (Classic Contract Manageme",other,low
974,sp-sp-plus,linkedin,31,Shuttle Driver DOT | Maintenance Porter - Driving | Cashier - Driving | Enforcement Officer | Special Events Attendant,"Overview SP+ is driven by Our Promise, “Making Every Moment Matter for a World on the Go.” Our team understands that time is scarce, so we are intentional about putting ourselves in the shoes of those we serve. The result is a unique combination of talented people and industry-leading technology that enables SP+ to prioritize each and every moment, recognizing that the time colleagues, clients and",other,low
979,affinipay1,greenhouse,30,Account Executive | Customer Sales Expansion | Account Executive | Mid Market | Account Executive | SMB | Billing System Administrator | Business Development Representative,"It's a new day with a new opportunity at 8am!&nbsp; About the role: 8am is looking for a Staff Accountant to join our growing team. The Staff Accountant plays a key role in the month-end close process and will report to the Director of Accounting. The ideal candidate will have a solid accounting background, comprehensive understanding of GAAP and strong analytical and problem-solving skills. About",other,low
987,calvin-klein,linkedin,30,"Part Time Sales Associate- CALVIN KLEIN | Floor Supervisor- Part Time - CALVIN KLEIN- Underwear Store | Floor Supervisor- Part Time - CALVIN KLEIN | Senior Manager Sourcing, Women's Lingerie | Senior Financial Analyst","Design Your Future at PVH Senior Financial Analyst The Sr Financial Analyst – Americas FP&A The Sr Financial Analyst will support the Sr Director FP&A and will act as a financial advisor and business partner to the business stakeholders by providing insights to enable and drive fact-based, optimal decision-making, and input in the development of the business strategies and operations of the Americ",other,low
993,creatoriq,ashby,30,"Senior MLOps Engineer | Senior Technical Product Manager, Reporting | Senior Enterprise Account Executive | Senior Data Engineer, Reporting | Senior Customer Success Partner, Enterprise","CreatorIQ is the operating system for creator-led growth trusted by more than 1,300 global brands and agencies. We’re on a mission to make businesses more human, and humans more impactful. We operate by our values — be intentional, pursue excellence every day, embrace the journey together, and be a good human — every day. CreatorIQ has earned the title of best companies to work for in multiple pro",other,low
1008,lvs1,lever,30,Account Executive | Account Manager | Accounts Receivable Analyst | Analyste de support technique global - Analyste bilingue français | Application Support Analyst,"Long View. A career that helps you get more out of life. A Long View career helps you get more out of life. We don’t just say it, we prove it. Every day. We’re proud of our reputation as one of North America’s most dynamic IT providers — and we’re even prouder of our culture that allows our people to live life to its fullest. At Long View, we create an environment of collaboration and support, of ",other,low
1020,pivotal,lever,30,Aircraft Mechanic II | Business Development Representative | Data & Systems Intelligence Lead | Facilities Maintenance Technician | Flight Training Manager,"Pivotal is the leader in the emerging market of electric Vertical Takeoff and Landing (eVTOL) aircraft. We design, develop, and manufacture light eVTOL aircraft and are renowned for the BlackFly aircraft the world's first light eVTOL to fly manned missions and enter the consumer market. Efficient, compact, and simple, Pivotal aircraft are designed for a wide range of consumer, public service, and ",other,low
1021,propitious-technologies-m-sdn-bhd,jobstreet,30,Application Support - MidasPlus | Midas Plus support Engineer | ECMS Support Engineer | FERMAT RCO & FERMAT RAY Support engineer | Application Support Engineer (Fermat RCO & Fermat RAY),"[Category: Information & Communication Technology / Programme & Project Management] Description Project Manager-Infra The Job Client management experience by contributing to infra delivery development and goals specified in the project charter. Single point of contact responsible for the support all technical infrastructure delivery for application projects, dotted line reporting to the ITPM for s",other,low
1027,strava,ashby,30,"Senior Product Designer II | Senior Product Counsel | Senior Business Analyst | Engineering Manager, Identity Platform | Senior Technical Program Manager, Security","About This Role Strava is the leading digital community for active people with more than 120 million athletes, in more than 190 countries. The platform offers a holistic view of your active lifestyle, no matter where you live, which sport you love and/or what device you use. Everyone belongs on Strava when they are pursuing an active life. We are seeking data engineers to join our Data Platform te",other,low
1036,usenourish,greenhouse,30,"Area Sales Director, Midwest | Area Sales Director, Northeast | Business Recruiter | Engineering Manager | Go-To-Market Recruiter","About Us Nourish &nbsp;is on a mission to improve people’s health by making it easy to eat well. Nutrition-related chronic disease is the largest and most overlooked crisis in the world. Food can be medicine: working with a Registered Dietitian is one of the most effective interventions available, but &lt;1% of eligible Americans use their covered benefits. &nbsp; Nourish is building an AI-native,",other,low
1043,activecampaign,lever,29,Account Executive 1 | Account Executive 2 | Commercial Counsel | Customer Experience Specialist - English | Customer Experience Specialist - German,"We are seeking an experienced Data Architect to guide the design, modeling, and implementation of our customer data platform. As a Data Architect, you can translate business requirements into data management and technology requirements, strategy, principles, and architectures. In this role you will play a pivotal role in implementing scalable and performant solutions that unify data across multipl",other,low
1044,aerotek,linkedin,29,Handyman-Apartment Renovations | CNC Machinist - Can Start ASAP! | Cnc Machinist | Fitter | Forklift Technician,"HR/Field Operations Assistant - Memphis, TN Compensation: $20.19 per hour + monthly bonus potential up to $333Hours: Monday – Friday, 8:00am to 5:00pm Job SummaryThe HR/Operations Assistant is responsible for ensuring our contract employees and clients receive the highest level of service and support. They lead the charge from the time a job offer is accepted through the day a contractor starts th",other,low
1059,cockroachlabs,greenhouse,29,"Account Executive, UK | Account Executive, West US - Digital Natives | Director of Compensation and Equity | Director, Product Management | Engineering Summer Internships - 2026","&nbsp; &nbsp; &nbsp; Category-defining tech. Career-defining work. Lots of tech companies disrupt. But, many fail when they try to scale. We're different. CockroachDB makes it easier for companies to build and scale apps. This is how and why we're helping some of the most innovative companies on the planet. We tackle problems head-on and focus on solutions that create lasting impact.&nbsp; Because",other,low
1075,kelly-science-engineering-technology-telecom,linkedin,29,Quality Technician | Supply Chain Specialist | Laboratory Supervisor | Lathe Operator | Quality Control Technician,"Kelly is hiring a Quality Technician for one of our clients in Portland, ME Temp to Hire3rd shift. Sun-Fri 9p-5a$24.00/hr + $1.00 shift differential Job Description:Monitors and ensures compliance to company adopted regulatory and industry accepted quality guidelines at the production level and at all times.Contributes to the maintenance and development of quality processes to ensure the growth an",other,low
1083,mitre,linkedin,29,"Data Management Group Leader | USSTRATCOM Project Leader | Systems & Mission Engineer, Principal | Communications and Network Engineer - Early Career | Underwater Sensors Engineer - Early Career","Why choose between doing meaningful work and having a fulfilling life? At MITRE, you can have both. That's because MITRE people are committed to tackling our nation's toughest challenges—and we're committed to the long-term well-being of our employees. MITRE is different from most technology companies. We are a not-for-profit corporation chartered to work for the public interest, with no commercia",other,low
1096,synchrony,linkedin,29,"AVP, Client Services Manager | VP, Relationship Management | AVP, Sales Management | VP, High Risk Complaints Leader | VP, Controllership – Regulatory Reporting","E2401582 Job Description Role Summary/Purpose: This strategic and highly visible role requires an energetic, passionate leader with demonstrated ability to drive growth and change via a balanced focus on customers, people, process, and innovation. You will have the opportunity to develop two Account Sales Managers and partner cross-functionally with business leaders to grow the consumer credit por",other,low
1118,cargill-holdings-malaysia-sdn-bhd,jobstreet,28,Sales Support Admin | BOSC Finance Analyst | Capital Accounting Senior Analyst | Customer Operations Specialist | Assistant Plant Manager,"[Category: Information & Communication Technology / Networks & Systems Administration] Provide technical support and identify potential existing solutions to answer the brief and make recommendations on the development to be made following our formulation tool. Determine the requirements needed to achieve the solution like new raw material, new way of handling, new process, certification needed us",other,low
1127,fareharbor,greenhouse,28,Account Executive - Bilingual (Dutch) | Account Executive - Bilingual (Finnish) | Account Executive - Bilingual (German) | Account Executive - Bilingual (Italian) | Account Executive - Bilingual (Spanish),"About FareHarbor At FareHarbor, our mission is to make experiences better for everyone. Founded in 2013 in Hawaii and acquired by Booking Holdings in 2018, FareHarbor creates powerful tools that enable our clients (think boat rentals, museums, food tours, events and more!) to operate and grow. With over 20,000 clients across 90+ countries—we’re the largest in our industry and shaping the future of",other,low
1133,greenworkssunriseglobalmarketing,greenhouse,28,"Assembly Line Lead | Category Manager, Amazon | Director of Finance | Director of Sales, Walmart | Field Demo Specialist - Sacramento",&nbsp; Job Title:&nbsp;&nbsp;&nbsp;&nbsp;&nbsp;&nbsp;&nbsp;&nbsp;&nbsp;&nbsp; &nbsp;&nbsp;&nbsp;&nbsp;&nbsp;&nbsp;&nbsp;&nbsp;&nbsp;&nbsp;&nbsp;&nbsp;&nbsp;&nbsp;&nbsp;&nbsp;&nbsp;&nbsp;&nbsp;&nbsp;&nbsp;&nbsp;&nbsp;&nbsp;&nbsp;&nbsp;&nbsp;&nbsp; Quality Manager Title of Supervisor: &nbsp; &nbsp;&nbsp;&nbsp;&nbsp;&nbsp;&nbsp;&nbsp;&nbsp;&nbsp;&nbsp;&nbsp;&nbsp;&nbsp;&nbsp;&nbsp;&nbsp;&nbsp; Vice P,other,low
1134,gridware,lever,28,Compliance Engineer | Customer Success Manager | ML Infrastructure Engineer | Office Coordinator | People Partner,"About Gridware Gridware is a San Francisco-based technology company dedicated to protecting and enhancing the electrical grid. We pioneered a groundbreaking new class of grid management called active grid response (AGR), focused on monitoring the electrical, physical, and environmental aspects of the grid that affect reliability and safety. Gridware’s advanced Active Grid Response platform uses hi",other,low
1139,ironmountainsolutions,greenhouse,28,Configuration Manager | Configuration Manager & Team Lead | Contract Administrator | Customer Service Representative | Customer Service Representative NMC,"501660 Risk Manager Work Location:&nbsp;&nbsp;&nbsp;&nbsp;&nbsp;&nbsp;&nbsp;&nbsp;&nbsp;&nbsp;&nbsp; Huntsville, AL Schedule:&nbsp;&nbsp;&nbsp;&nbsp;&nbsp;&nbsp;&nbsp; &nbsp;&nbsp;&nbsp;&nbsp;&nbsp;&nbsp;&nbsp;&nbsp;&nbsp;&nbsp;&nbsp; Full Time 40 hours per week; 8 hours per day in office (remote work is not authorized) Relocation:&nbsp;&nbsp;&nbsp;&nbsp;&nbsp; &nbsp;&nbsp;&nbsp;&nbsp;&nbsp;&nbsp;",other,low
1152,pointdigitalfinance,greenhouse,28,Account Coordinator | Account Manager (Inside Sales) | Capital Formation Lead | Home Equity Closer | Inside Sales,"&nbsp; 100% Remote About Point At Point, we’re on a mission to make homeownership more valuable and accessible for our customers. Collectively, we understand that homeownership is often a very long, highly unique, and individualistic journey. By unlocking the potential held within home equity, we help our homeowners gain financial flexibility, build debt resiliency, and accelerate their highly per",other,low
1156,rise,lever,28,Account Manager | Accounts Receivable Accountant | Associate Service Delivery Manager | Business Admin Intern | Business Administration Manager,"RISE is on a mission to accelerate internet for the Philippines by providing excellent services and high-quality support to our business and wholesale partners. We focus on the efficiency of connectivity through initiatives like GetaFIX and Open Access Network, ensuring we maintain a benchmark for reliability and installation speed. Our culture is built on transparency and ownership, where team me",other,low
1168,synergy-interactive,linkedin,28,Senior Visual Designer | Network Program Manager - Financial | Visual Designer | Principal Design Director | Vice President of Product Design,"Seeking an experienced Business Analyst for a notable financial firm. This a 6.5 Month Contract and is Onsite 5 days week in Chicago. Requirements:• Proficient in data visualization tools such as Tableau, Power BI, or similar platforms.• Strong data aggregation and testing skills with a keen attention to detail.• Expertise in data analysis techniques and statistical methods.• Solid understanding o",other,low
1185,axicorpfinancialservicesptyltd,greenhouse,27,Application Services Lead | Application Support Engineer | Client Operations & Support Officer | Client & Partner Solutions Specialist | Client Success Specialist (Hindi),"Please note that we will only be able to accept candidates who have the appropriate rights and documentation for employment in Malaysia. Who We Are. Axi is a leading global provider of margin and deliverable Foreign Exchange, Contracts for Difference (CFDs), and Financial Spread betting. Our business has evolved into a world-class, multifaceted brokerage with offices in six regions. With heavy inv",other,low
1190,clearwayjobs,greenhouse,27,"Associate, O&M Cost Strategy | Associate, Project Development | Control Center Lead | Evening Shift Wind Technician | General Application","What The Role Is Reporting to the Sr. Manager, Property Tax, the Tax Analyst will be responsible for the coordination of property tax returns for the Company and its subsidiaries. The Tax Analyst will also provide support with tax research and planning. The Tax Analyst will work with other members of the tax team and collaboratively with the accounting, business development, finance, asset managem",other,low
1192,coca-cola-bottlers-malaysia-sdn-bhd,jobstreet,27,Procurement Executive (Contract) | Facilities & HR Administration Lead | Transport Planner Executive | Finance Executive- Settlement (Contract) | Sales Team Leader,"[Category: Sales / Other] Overview As a Sales Trainer, your role is to support business goals and build capabilities required by the commercial team to win with customers and shoppers, via training and development initiatives with objective to develop a highly competent, engaged and motivated commercial organization that delivers great results. Key Responsibilities Implement and execute sales trai",other,low
1196,dailypay,ashby,27,"Business Development Manager | Business Development Representative | Senior Treasury Analyst | Large Enterprise Account Executive | Analyst I, Mission Control","About Us: DailyPay is transforming the way people get paid. As a worktech company and the industry’s leading on demand pay solution, DailyPay uses an award-winning technology platform to help America’s top employers build stronger relationships with their employees. This voluntary employee benefit enables workers everywhere to feel more motivated to work harder and stay longer on the job while sup",other,low
1197,dotmatics,greenhouse,27,"Account Executive - Mid Atlantic U.S | Protein Metrics | Account Manager | Luma/ELN | Japan | Corporate Business Operations Manager | Customer Support Associate | Director, GTM Operations - Product Led Growth","Our Why At Dotmatics&nbsp; At Dotmatics, we believe science, data, and decision-making must be deeply intertwined for innovation to thrive.&nbsp; Our Portfolio includes Luma, LumaLab Connect, ELN Platform, Graphpad Prism, Geneious, SnapGene, Protein Metrics, OMIQ, FCS Express, LabArchives, NQuery, EasyPanel, MStar, SoftGenetics and Virscidian. We have a vision for a new Lab of the Future that will",other,low
1203,goodjobgames,greenhouse,27,"2D Animator, Studio | 2D Artist | 2D Artist, Marketing | 3D Animator, Marketing | 3D Artist",About us We were founded in 2017 with the motivation to reach people globally by giving them unique and unforgettable experiences with disruptive products. Our games have reached over 3.5 billion people. This could only be done by gathering exceptional talent and creating a culture to enhance team spirit and creativity. We are looking for passionate teammates to join our team! &nbsp; What you'll b,other,low
1205,harrowhealth,greenhouse,27,"Associate Director Marketing, Professional Education Portfolio | Brand Manager | Business Engagement Manager-Retina-Midwest | Business Engagement Manager-Retina-Southwest | Dry Eye Account Specialist-Bronx, Queens & Long Island","Before reading the job post, we encourage you to watch this video about our company. It gives you an inside look at how we started, the team and culture that made us successful, and where we're going. It's easy to read a job post and apply, but people often wonder about the culture and whether they would fit in. If you want to call Harrow your home and genuinely want to be part of a family and som",other,low
1212,itg-brands,linkedin,27,"Sales Representative - Toledo, OH | Sales Representative - Stratton/St Clairsville OH | Sales Representative - Springfield Township, IL | Territory Sales Representative - Harleyville, SC (Summerville, Orangeburg, St. G | Sales Representative - Oklahoma City, OK","Who We Are ITG Brands is the third-largest tobacco company in the USA with offerings of some of the most well-known cigarette, cigar, and e-vapor brands. As a member of the globally recognized Imperial Brands PLC family, we are a forward-thinking partner with operational integrity. ITG Brands is committed to putting consumers at the center of what we do, while creating an innovative workplace that",other,low
1213,jetsupport,lever,27,Account Coordinator | Aircraft Enrollment Analysts | Aircraft Maintenance Analyst (AMA) | Aircraft Maintenance Analyst (Asia Pacific) | Aircraft Records Analysts,"About JSSI Founded in 1989 and headquartered in Chicago, Jet Support Services, Inc. (JSSI) is the largest independent provider of hourly cost maintenance programs for business aviation. JSSI delivers comprehensive coverage for engines, airframes, and auxiliary power units (APUs) across more than 300 different aircraft makes and models, helping owners and operators stabilize maintenance budgets, ma",other,low
1216,meriton,greenhouse,27,"Accounting Administrator, Accounts Payable | Accounting Administrator, Accounts Receivable | Accounting Manager | Business Unit Controller | Collections Specialist","Meriton is a national team of experts driving HVAC innovation through a network of high-performing companies. From strategy and support to systems and solutions, we work behind the scenes to strengthen operations and build value—for our partners and our people. If you’re looking to make an impact, we’re glad you’re here. At Meriton, you’ll join a team that believes in big ideas, doing great work, ",other,low
1218,mumsme-sdn-bhd,jobstreet,27,Assistant Human Resource Manager | Customer Service Executive | Senior Purchasing Executive | Admin Executive | Senior Customer Service Executive,"[Category: Administration & Office Support / Administrative Assistants] Company Overview In MumsMe Sdn Bhd, we value all our employees and will endeavor to create a safe and positive working environment where all employees are treated with dignity and respect. We recognize the need for flexibility of operations dictated by rapidly changing economic and other conditions. It is our belief that our e",other,low
1222,packardculliganwater,greenhouse,27,Account Executive- No Experience Necessary | Bottled Water Plant Technician | Bozeman Route Delivery Driver | Branch Operations Manager | Business to Business Sales Representative - No Experience Necessary!,Fast Paced and Fun Work Environment! OFFICE MANAGER – GREAT BENEFITS and COMPETITIVE PAY! &nbsp; JOIN OUR THRIVING TEAM AS A CUSTOMER SERVICE/ OFFICE MANAGER – UNLEASH THE POWER OF GREAT BENEFITS AND COMPETITIVE PAY! Exciting news from Culligan of St. Louis! We are on the lookout for a dynamic individual to fill the pivotal role of Office Manager. Are you a seasoned Office Professional with a pass,other,low
1231,rillet,ashby,27,"Accounting Success Manager | Staff Product Designer | Engineering Manager, Product Engineering | Manager, Deployment Team - Accounting Solutions | Product Manager","What We Do Rillet serves accounting and finance teams. Our customers are the financial brains of their companies. Our job is to help them run the numbers with impossible speed, accuracy, and insight. Rillet is an AI-native ERP that can drive a zero-day close. We are different because of our unified source-of-truth data model, hundreds of best-in-class native integrations (Stripe, Ramp, Salesforce,",other,low
1245,AviveSolutions,lever,26,Account Manager (Alabama/Mississippi) | Business Development Representative (Northeast) | Business Systems Integration Engineer | Community Programs Specialist (Indiana/Illinois - Outside Sales) | Community Programs Specialist (Outside Sales - Colorado),"About Avive: Avive Solutions, Inc. (https://avive.life) is a growth stage Automated External Defibrillator (AED) company with a connected response system that is rapidly gaining market share. We are a mission driven team that is quite literally saving lives. Sudden Cardiac Arrest (SCA) is a leading cause of death in the United States, and we are on a mission to change that! We are a dynamic organi",other,low
1253,boldbusiness,greenhouse,26,Architectural Designer - Commercial Interiors | Architectural Wall Systems Specialist (CET) | Business Service Technician | CET Designer (Commercial Interiors) | CET - Interior designer,"Role We are seeking a highly skilled&nbsp; Certified DWDM Engineer to join our optical transport team. In this role, you will be responsible for the end-to-end lifecycle—design, deployment, and optimization—of our high-capacity Dense Wavelength Division Multiplexing (DWDM) networks. As a ""Certified"" specialist, you are expected to bring verified expertise in industry-leading platforms (such as Cie",other,low
1260,cuckoo-international-mal-sdn-bhd,jobstreet,26,"Junior Executive/Executive, Finance (AR) | Assistant/Junior Admin Executive (Risk Management team) | Executive/Senior Executive, Company Planning (Data Analyst) | Senior Executive, Finance(General Ledger) | Executive, Finance",[Category: Marketing & Communications / Marketing Communications] Job Description The Marketing Executive needs to assist in planning marketing communication strategies to meet our priorities in ensuring the brand positioning of our products and services. Assist in planning marketing communication strategies to meet our priorities in ensuring the brand positioning of our products and services. Hel,other,low
1271,givedirectly,greenhouse,26,"001-05-2026_OFFRE OFFICIER DES OPÉRATIONS / AGENT DE LIAISON -KINSHASA GD-RDC | Country Director, Uganda | Director, Individual Giving (Remote) | General Interest | Gestor De Campo - Auditoria Interna","GiveDirectly has delivered more than $1B in cash directly to 2+ million people living in poverty across 15 countries since 2011. We believe cash transfers are one of the most scalable, cost-effective, and dignified forms of aid, with the research to back it up. Our work has been covered by&nbsp; The Economist , NPR , TED , and The Washington Post . We are one of&nbsp; Time100’s Most Influential Co",other,low
1274,greenpointtechnologies,greenhouse,26,Associate Improvement Manager | Associate Mechanical Engineer | Associate Program Manager | Avionics Technician | Avionics Technician II,"&nbsp; &nbsp; Summary Supports the Design Team in the planning and execution of aviation design projects. &nbsp; Essential Duties and Responsibilities Assists the Design Team in performing the following: organizing the material library, preparing presentation boards, printing presentation materials, updating the portfolio wall, and coordinating with suppliers. Supports preparing illustrations for ",other,low
1277,heygen,greenhouse,26,B2B Field Marketer | Backend Engineer | Backend Engineer - Infrastructure | Business Sourcer / Talent Acquisition Specialist | Country Community Manager - Brazil,"About HeyGen At HeyGen, our mission is to make visual storytelling accessible to all. Over the last decade, visual content has become the preferred method of information creation, consumption, and retention. But the ability to create such content, in particular videos, continues to be costly and challenging to scale. Our ambition is to build technology that equips more people with the power to rea",other,low
1283,koboldmetals,greenhouse,26,Commercial & Scientific Analyst/Lead | Computational Hydrogeologist | Corporate Accounting Lead | Data Scientist - (Global) | Data Scientist - Staff or Senior (Australia),"About the Company&nbsp; The mining industry has steadily become worse at finding new ore deposits, requiring &gt;10X more capital to make discoveries compared to 30 years ago. The easy-to-find, near-surface deposits have largely been found, and the industry has chronically under-invested in new exploration technology, relying on the manual techniques of yesteryear – even as demand accelerates for ",other,low
1290,nirvana-asia-group,jobstreet,26,Management Support Executive | Business Analyst | Central Procurement Internship (Mandarin Speaking) | Credit Admin & Recovery Executive (Fresh/Junior)- Mandarin Speaking | Admin Assistant (Mandarin Speaking),"[Category: Marketing & Communications / Event Management] Responsibility: Develop event concepts, themes and timelines. Source and negotiate with vendors to secure necessary services. Create and manage event budgets, ensuring cost-effectiveness and adherence to financial guidelines. Develop and manage event schedules and timelines. Oversee the work of various to ensure they meet quality and timeli",other,low
1312,te-connectivity,linkedin,26,Sr. Project Manager Engineer | 2nd Shift ASSEMBLY OPERATOR II | IT Analyst (Intern) | SHIPPER / RECEIVER I | STAMPING OPERATOR II Swing Shift,"[Category: Accounting / Financial Accounting & Reporting] Key Responsibilities: Assisting with processing vendor invoices and employee expense reports. Verifying and reconciling supplier statements. Assisting in resolving accounts payable discrepancies and issues. Supporting the maintenance of vendor records. Assisting with special projects, process improvements, and ad-hoc requests, as needed. Co",other,low
1314,the-church-of-jesus-christ-of-latter-day-saints,linkedin,26,"Admin Assistant 1 Part-time@ Hillcrest Seminary | Experienced Product Manager with Asia Expertise, full-time | Scripture Translation Project Supervisor | Central Steam Plant Mechanic | Temple Facilities Asst 2 (Full-Time) - Pittsburgh PA Temple","Job Description This role helps to foster self-reliance, care for the poor and the needy, and provide opportunities for giving and service by: helping members become economically and emotionally self-reliant; providing access to essential food and clothing items, helping members prepare for and respond to disasters; and providing humanitarian aid to relieve suffering; thus furthering the mission o",other,low
1315,thefarmersdog,greenhouse,26,"Accounting Manager | Acquisition Manager, Paid Social | Compensation Lead | Director, Integrated Search | Director, Process Engineering","Who We Are The Farmer’s Dog was born from a mission to change the landscape of pet health, providing dogs and their humans with honest, smart, and simple care. We’re starting by radically improving the $90 billion pet food industry, replacing bags of highly-processed pellets with a personalized subscription service that sends complete and balanced, freshly-made dog food directly to customers’ door",other,low
1317,tubescience52,greenhouse,26,"Account Director - Growth Marketing (Paid Social) | Analyst (Paid Social) | Associate Creative Strategist | Content Creator | Creative Director, Post Production","⚡ TALENT WHISPERER DIRECTOR WANTED 🎬 Seeking Social-First Director/DP to Drive Top Performance from People and Pixels 👾 📍 Location: Full-time onsite (TS Studios + LA metro locations) 💰 Compensation: $80–110K/year + comprehensive benefits 🚀 About TubeScience TubeScience is the fastest-growing maker of performance-driven video content. We partner with the world’s most innovative brands to create, te",other,low
1322,a3c41b8b71eff8c4,greenhouse,25,"Associate Sales Engineer | Associate Site Reliability Engineer | Business Development Representative | Commercial Account Manager | Director, Revenue Operations","&nbsp; Join Ivanti and accelerate your career! Are you ready to shape how cutting-edge IT solutions reach the market? As our Sales Engineer, you will be responsible for the technical selling of Ivanti Solutions with a focus on Endpoint Management and Security in Japan. &nbsp; Why this role matters As a technical Pre-Sales Consultant / Solutions Engineer, you will play an essential role in showcasi",other,low
1331,blablacar,lever,25,Audience Monetization Manager | Brazil - HR Country Specialist | Confirmed Backend Engineer - Carpool Supply | Confirmed Backend Engineer - Payment Squad | Content Designer,"About BlaBlaCar BlaBlaCar is the world’s leading community-based travel app enabling 27 million members a year to carpool or travel by bus in 21 countries. Our team of 800 employees counts over 50 nationalities and is spread across our 5 global offices, 30% working fully remotely. Your Mission We are looking for a System and Network Engineer to join our IT Ops team at BlaBlaCar. Their mission is t",other,low
1352,leland,ashby,25,"Strategy & Ops, Courses | Consumer Account Executive | Growth Manager, Organic | GRE Tutor (Contract) | GMAT Tutor (Contract)","Leland’s mission is to unlock human potential by making the world’s expertise more accessible. Our platform connects ambitious people with coaching, content, and courses that can can help them achieve their career and educational goals. Since our founding in 2021, we’ve helped tens of thousands of people reach their most ambitious goals, raised $19M from world-class investors, and built the indust",other,low
1364,nory-co,ashby,25,"NYC Summer Camp Permits Coordinator | Studio Assistant (Manhattan, NYC) | Cleaning Professional | Materials Coordinator, Education Supply Chain | Customer Happiness Manager","About NORY: NORY is the premier STEM camp provider in NYC and Boston, enriching the learning journey of 4000+ children annually through immersive and hands-on learning experiences. Our mission is to nurture young risk-takers, problem solvers, and empathetic leaders. Discover more about our mission and program: Instagram: bit.ly/noryi Summer Camp Video: bit.ly/noryvideo1 Job Description: Our 9000+ ",other,low
1365,omniraise-sdn-bhd,jobstreet,25,Senior Recruitment Executive | Assistant Finance Manager | Communication Executive (Ipoh) | Sales Management Trainee (Kuching) | Internship - Recruitment/Admin Support,"[Category: Marketing & Communications / Marketing Communications] Omniraise is one of Asia’s fastest growing Sales and Marketing company working with the most reputable organizations across the ASIA who are creating impact in the world with purposes and values. We have a presence not only just across Malaysia, but also Thailand, Singapore, Indonesia, Hong Kong and South Korea. We are looking for h",other,low
1376,sps,linkedin,25,Client Services Associate (41962) | Concierge Associate (41959) | Service Delivery Associate (Document Processing) (41314) | Field Support Specialist (42046) | PT Field Support Specialist (42043),"Job Title: Receptionist Reports To: The Receptionist will report to the Client Services Supervisor, Client Services Manager, or equivalent leadership. Job Overview The Receptionist provides exceptional service by greeting and assisting all visitors and answering inbound calls. Continuously offers the highest level of service to all corporate employees and their visitors. Maintains a professional i",other,low
1387,theknotworldwide,greenhouse,25,"Account Executive New Business, Italian Market | Account Executive, Primary | Account Executive, Venue | Account Manager | Employment Counsel","WHAT WE DO MATTERS: At The Knot Worldwide, we champion celebration - and that starts with celebrating our people. Our employees are passionate dreamers, thoughtful doers, and lifelong learners who power meaningful moments for millions around the world. We’re united by authentic connection, shared purpose, and a deep commitment to the global community we serve. Here, flexibility and belonging go ha",other,low
1388,triplelift,greenhouse,25,"Accountant | Account Manager, Publisher Client Services | Associate Application Reliability Engineer | Associate Director, CRM Development | Data Scientist","About TripleLift We're TripleLift, an advertising platform on a mission to elevate digital advertising through beautiful creative, quality publishers, actionable data and smart targeting. Through over 1 trillion monthly ad transactions, we help publishers and platforms monetize their businesses. Our technology is where the world's leading brands find audiences across online video, connected televi",other,low
1392,zocalohealth,greenhouse,25,"Chief Operating Officer | CHW Team Lead (Merced) | Community Health Worker/Promotor(a) de Salud | Director, Community Health Worker Workforce | Director of Product Magagement","Community Health Worker Team Lead (Merced) at Zócalo Health WFH (Must reside in Merced CA) Work Schedule: Monday - Friday, 9:00AM - 5:00PM Compensation: $75,000/year &nbsp; #communityhealth #healthequity #latinohealth #healthcare &nbsp; About Us&nbsp; Zócalo Health is the first tech-driven provider built specifically for Latinos, by Latinos. We are developing a new approach to care that is designe",other,low
1399,align,greenhouse,24,"Account Executive, Expansion - Enterprise | Account Executive, Expansion - Velocity | Account Executive, New Logo - Enterprise | Account Executive, New Logo - Startup | Business Development Representative","About the Role The GRC analyst helps maintain A-LIGN’s management system as it relates to information security standards. In this role, you will be responsible for the coordination, maintenance, and improvement of A-LIGN’s corporate compliance program, including internal and external audits. Reports to Director of Compliance and Program Management Pay Classification Full-Time Responsibilities &nbs",other,low
1400,arcesiumllc,greenhouse,24,Analyst - Trade Accounting & Operations | Client Success Manager | Lead Data Engineer | Lead Engineer - Corp Tech | Lead Infrastructure Engineer,"&nbsp; Company Overview Arcesium is a global financial technology firm that solves complex data-driven challenges faced by some of the world’s most sophisticated financial institutions. We constantly innovate our platform and capabilities to meet tomorrow’s challenges, anticipate the risks our clients encounter, and design advanced solutions to help our clients achieve transformational business ou",other,low
1402,baidu,greenhouse,24,Account Manager | Advertising Sales Associate (Contractor) | Advertising Sales Manager | Associate Campaign Manager | Business Development Manager - App Advertisers,"Job Title: Account Manager (contractor) Job Location: Mountain View, CA Job Type: Contractor, Onsite, Monday - F­riday &nbsp; About the Role We are seeking a highly motivated and results-driven Client Account Manager to join our team as a contractor in the fast-paced and dynamic ad tech industry. As a Client Account Manager – publisher side, you will be responsible for managing and growing relatio",other,low
1405,blackbirdinteractive,lever,24,Animator (3-month contract) | Art Director | Art Lead (Third-person action shooter) | Character Artist (8-month contract) | Game Director,"Blackbird Interactive is a creative-fueled, future-driven, independent game studio where the best talent in the industry can find long-term careers to help grow their abilities while working on a wide range of projects, which encompass world-class IPs as well as our own creations across multiple genres. Our studio operates as a remote-first workplace, offering flexible work arrangements. At this t",other,low
1410,candlinspection,lever,24,Chief Inspector | Coating Inspector | Craft Inspector | Distribution Inspector Level 3 | Distribution Level 3 Inspector,"C & L Inspection was built on a mission to be the most trusted US Services Company delivering top-notch performance with uncompromising integrity. This way of thinking has set us above the competition. We are looking for knowledgeable, safety minded people to join our team as we grow. Job Title: Welding Inspector Location: Middletown, PA (Various Surrounding Areas) Duration: 03/01/2024-12-31-2024 ",other,low
1418,dell-global-business-center-sdn-bhd,jobstreet,24,Finance Development Program (Fresh Graduate) | Technical Support (fresh graduates) Server/Storage | Finance and Accounting Internship (2024 intake) | Inside Sales Account Manager ( Junior role) | Supply Chain Management Senior Advisor,"[Category: Accounting / Bookkeeping & Small Practice Accounting] We are a global, multi-billion-dollar corporation – and Accounting is vital to reflecting our staggering earnings, profits, cash balances and other financial results. To meet this challenge, we implement best practices, provide general financial support, resolve queries, prepare reports and provide statistics. We also design policies",other,low
1442,holcim,linkedin,24,"Human Resources Business Partner | Operator, Batcher 1 | Terminal Operator - Valley City | Sr Financial Analyst | Electrician - Plant Operator","Requisition ID: 5752 Location: Wrentham, MA, US, 2093 Pay Type: Salary ARE YOU READY TO BUILD PROGRESS WITH US? Driven by our purpose: Building progress for people and the planet. We are transforming to become the global leader in innovative and sustainable building solutions. Holcim is enabling greener cities, smarter infrastructure and improving living standards around the world. With sustainabi",other,low
1459,mural,ashby,24,"Engineering Manager, Data Modeling | Senior Product Designer, Growth (Upper Funnel) | Principal Product Designer, Integrated Workflows | Senior Product Designer, Customer Insights | Solutions Engineer, DACH","ABOUT THE TEAM The IT Service Specialist is a member of the Information Technology (IT) team within Mural’s CISO's team. The IT Team is positioned to deliver enterprise class service and support to all Muralistas, following best practices in support, application management, and proactive service management. We value accountability, efficiency, resourcefulness, and going the extra mile as we strive",other,low
1466,petrafundsgroup,greenhouse,24,Allvue Systems Specialist | Credit Accountant | Credit Accountant (Direct Lending) | Finance Manager | DCS (Financial Technology) | Fund Accounting- Assistant Controller (PE-RE),"Petra Funds Group is a single source provider for the fund administration and fund infrastructure needs of Private Equity and Debt Funds. At Petra, we enable fund managers to focus on the tasks that add the most value to their businesses and leave the rest to us. Petra is made up of highly experienced professionals across the US and Europe. In a business where accuracy and timeliness are paramount",other,low
1469,proalphagroup,greenhouse,24,Area Sales Manager m/w/d | Business Development Representative m/w/d | ERP-Consultant Außenhandel m/w/d | ERP-Consultant Finanz- und Rechnungswesen / Controlling m/w/d | ERP-Consultant Maschinen- und Anlagenbau m/w/d,"Proalpha Thailand is part of the Proalpha Group. English is used as the working language across teams. As an employer, we are&nbsp; PRO YOU – because people are at the center of everything we do . We take responsibility for one another, create continuous development opportunities, and offer an environment that supports both professional and personal growth – including flexible working time models.",other,low
1474,safetyculture-2,lever,24,"Account Executive | Account Executive - New Business (Expression of Interest) | Account Executive, French Speaking (Expression of Interest) | Accounts Receivable Officer | Customer Lifecycle Marketing Executive","Why join us? We’re a global tech company, just not the kind you’re picturing. Sure, we’ve got catered lunches, team events, cool merch, and yes... dogs in the office. But that’s not why people join. Our team of nearly a thousand people wakes up every day to make our product and our customers’ lives better. At SafetyCulture, you’ll hear “yes, let’s give it a shot” more often than “that’s not how we",other,low
1486,typeform,greenhouse,24,Account Executive - EU | Account Executive - US | Data Platform Engineer - Fixed Term Contract | DevSecOps Engineer | Editorial Manager,"Who we are Typeform is a refreshingly different form builder. We help over 150,000 businesses collect the data they need with forms, surveys, and quizzes that people enjoy. Designed to look striking and feel effortless to fill out, Typeform drives 500 million responses every year—and integrates with essential tools like Slack, Zapier, and Hubspot. Head of Creative About the role We are looking for",other,low
1488,unitedmasterstranslation,greenhouse,24,"Artist Marketing & Partnerships Consultant, UK | Artist Relations Manager | Brand Strategy | Business Affairs | Business Affairs Manager","Who We Are We are an award-winning independent creative solutions company that aspires to be the most culturally-influential company in the world. We help ambitious brands harness the power of culture to solve their biggest challenges. As a unique mix of experts in culture, technology, and storytelling, we are united by a passion to grow brands in ways that advertising alone can never do. We are a",other,low
1489,upgrade,greenhouse,24,"Account Executive, Home Improvement | Accounts Receivable Specialist | Credit Analyst | Customer Success Manager, Contractor Engagement | Dealer Development Manager, Atlanta","Upgrade helps customers move in the right direction with affordable and responsible financial products. Since 2017, we’ve helped over 7.5 million customers access over $42 billion in consumer credit. With a relentless focus on improving our customers' financial well-being, we build products that put more money in their pocket and support their journey toward a better financial future. We’re backed",other,low
