"rank","slug","source","n_jobs","top_titles","sample_description","industry","confidence"
"1","fivetran","greenhouse","83","Account Executive, Commercial | Account Executive, Commercial - EMEA | Account Executive, Commercial - German Speaking | Account Executive, Enterprise | Account Executive, Enterprise - Strategic Expansion","From Fivetran’s founding until now, our mission has remained the same: to make access to data as simple and reliable as electricity. With Fivetran, customer data arrives in their warehouses, canonical and ready to query, with no engineering or maintenance required. We’re proud that more organizations continue to leverage our technology every day to become truly data-driven. About the Role Fivetran","tech_software_internet","high"
"2","oliver","greenhouse","83","Account Director – Asset Management & Private Equity | Account Manager | Account Manager - Argentina | Account Manager (Creative/Advertising/Social) | ANALYTICS DIRECTOR","Established in 2004, OLIVER is the world’s first and only specialist in designing, building, and running bespoke in-house agencies and marketing ecosystems for brands. We partner with over 300 clients in 40+ countries and counting. Our unique model drives creativity and efficiency, allowing us to deliver tailored solutions that resonate deeply with audiences. &nbsp; As a part of The Brandtech Grou","consulting_professional_services","high"
"3","focusfinancialpartners","greenhouse","79","Account Manager | Account Manager (ST) | Accounts Assistant | Assistant Vice President, Senior Associate Counsel - Corporate | Assistant Vice President, Senior Counsel - Litigation","The VP of FP&amp;A is a senior finance leader that will report to the Head of FP&amp;A and lead enterprise-wide FP&amp;A efforts around budgeting, planning, annual forecasting and management reporting for Focus.&nbsp; This role will partner closely with business unit and corporate finance teams as well as business and functional leaders to build scalable and consistent processes and drive deeper i","finance_banking","high"
"4","polene-paris","ashby","79","Ingénieur Innovation Cuir & Matières H/F | Designer Maroquinerie Senior | Senior Leathergoods Designer | Leather Goods Artisan - Osaka | Prototypiste - Modéliste","LA MAISON POLENE Fondée en 2016, la maison de maroquinerie française Polène se distingue par son savoir-faire artisanal d’excellence en créant des pièces intemporelles, au design organique directement inspiré de la nature. Dans un contexte de forte croissance et d’expansion internationale, nous structurons notre activité en 2026 et nous entourons des meilleurs talents afin de déployer une expertis","consumer_brands","high"
"5","alfredbeneschco","greenhouse","77","Alternative Delivery Project Engineer | Alternative Delivery Project Manager | Alternative Delivery Transportation Project Engineer | Alternative Delivery Transportation Project Manager | Aviation Designer","Simply Put, A Great Place to Work Benesch is a growing, multi-disciplined planning, engineering, and professional services firm. We enhance infrastructure and communities across the country – creating spaces and providing connections in ways that make a difference. We pride ourselves on being nimble enough to remain responsive to client needs yet large enough to offer exceptional bench strength. A","consulting_professional_services","high"
"6","motional","greenhouse","77","Accounts Payable Manager | Associate Fleet Operations Specialist | AV Test Engineer | AV Test Operator Day | Data Annotation Associate Specialist","Mission Summary: The Mapping Analyst will provide global support to the Map Operations team and support launching autonomous vehicle service in new cities around the country and the world. The Mapping Analyst will provide support to the Market Entry Map Operations team by collecting infrastructure data and analyzing road features and work closely with product and engineering teams to guide feature","automotive","high"
"7","iherb","greenhouse","75","3PL Region Manager- MENA | Affiliate Marketing Specialist- International | Application Security Engineer | Brand Partnerships Manager, Emerging Brands | Category Manager (Bath & Personal Care)","*THIS ROLE&nbsp; IS HYBRID AND REQUIRES ONSITE WORK AT OUR IRVINE OFFICE* &nbsp; Job Summary:&nbsp; The Tax Manager will work on various tax reporting, compliance and planning projects as directed by the Director of Tax. The Tax Manager will support and review month end close activities.&nbsp; &nbsp; Job Expectations: Oversee the end-to-end preparation and filing of state, local, and international","retail_ecommerce","high"
"8","zone5technologies","greenhouse","74","Aerodynamics CFD Engineer III/IV | AI Assisted Software Engineer | Chief Engineer | CMMC Business Analyst III/IV | CNC Machinist I","At Zone 5 Technologies, we're redefining what's possible in unmanned aircraft systems. Our team of engineers and innovators is developing cutting-edge autonomous solutions that push the boundaries of UAS technology - solving complex challenges that matter. We're building the future of UAS capabilities, and we're looking for exceptional talent to join us. If you're driven by hard problems, energize","defense_aerospace","high"
"9","cintas","linkedin","71","Assistant Route Service Sales Representative (4-Day Workweek) | Production Shuttle Driver - CDL (4-Day Workweek) | Production Supervisor - 2nd Shift | Intern | Service Manager","Requisition Number: 171411 Job Description Cintas is seeking an Account Manager to serve as a liaison between Cintas customers, sales and all business units. Responsibilities include managing business relationships with customers to ensure accurate and timely program implementation increased penetration; growth; profitability; execution of marketing strategy; sales; inventory management; and reten","consulting_professional_services","medium"
"10","petco","linkedin","70","Vetco Veterinary Assistant P/T | Senior Sales Associate - Keyholder | Junior Groomer | Sales Associate | Groomer","Create a healthier, brighter future for pets, pet parents and people! If you want to make a real difference, create an exciting career path, feel welcome to be your whole self and nurture your wellbeing, Petco is the place for you. Our core values capture that spirit as we work to improve lives by doing what’s right for pets, people and our planet. We love all pets like our ownWe’re the future of ","retail_ecommerce","high"
"11","mach","ashby","69","Electrical Engineer | Composites Technician | Flight Test Engineer | Navigation Engineer | Crew Chief","About Mach Industries Founded in 2022, Mach Industries is a rapidly growing defense technology company focused on developing next-generation autonomous defense platforms . At the core of our mission is the commitment to delivering scalable, decentralized defense systems that enhance the strategic capabilities of the United States and its allies. With a workforce of approximately 220 employees , we","defense_aerospace","high"
"12","cvx","greenhouse","68","Affärsutvecklingschef CVX Ventures Sweden | Afgangselev | Assistent Analyst | Business Development Manager CVX Ventures Denmark | Business Development Manager CVX Ventures Sweden","CVX Venture Scout Programme Do you have a passion for sourcing investments and making a difference for growth companies? Do you want to assist an extraordinary team of talented, motivated, driven individuals who all share a deep passion for entrepreneurship? If so, you may be our new Venture Scout. Please note, this is not a full time role, but we will provide remuneration based on success criteri","finance_banking","medium"
"13","faire","greenhouse","67","Account Manager, Fulfillment | Applied AI / ML Scientist - Ads Bidding | Applied AI / ML Scientist - Search Ads | Backend Engineer | Customer Experience Associate - 3 Months Contract (London, UK)","About Faire Faire is a technology wholesale platform built on the belief that the future is local. Independent retailers around the globe collectively represent a multi-hundred-billion-dollar wholesale market that has historically been fragmented and offline. At Faire, we're using the power of tech, data, and machine learning to connect this thriving community of entrepreneurs across the globe. Pi","tech_software_internet","high"
"14","disher","lever","66","Account Executive | Assistant Controller | Automation Controls Engineer | Automation Mechanical Designer | Automation Mechanical Engineer","Talent Consultant - Contract - Zeeland, Michigan DISHER is currently seeking an intuitive, analytical, and tenacious individual to provide professional talent acquisition support for our customers. As a part of the team, you will lead and coordinate the recruitment process (planning, sourcing, screening, and hiring) to acquire the best talent. These responsibilities will call on you to find, foste","consulting_professional_services","high"
"15","flexport","greenhouse","63","Account Executive, ENT | Account Executive, Enterprise | Air Operations Associate | Air Operations Associate, Hanoi | Air Pricing Associate","About Flexport:&nbsp; At Flexport, we believe global trade can move the human race forward. That’s why it’s our mission to make global commerce so easy there will be more of it. We’re shaping the future of a $10T industry with solutions powered by innovative technology and exceptional people. Today, companies of all sizes—from emerging brands to Fortune 500s—use Flexport technology to move more th","transportation_logistics","high"
"16","novafounders","greenhouse","61","Afgangselev | Assistant Analyst | Associate at Search Fund | Business Analyst Internship at Nova Founders | Business Intern","Job Description Do you thrive in a fast-paced environment, where you gain a tremendous amount of responsibility? Do you want to be part of an exceptional entrepreneurial team with young, motivated and extremely driven people? And are you curious or passionate about finding and developing this generation’s greatest talents? If so, you might be our Recruiter. &nbsp; About us Nova Founders Capital is","finance_banking","medium"
"17","deepmind","greenhouse","60","Administrative Business Partner, Gemini (12 months Fixed Term Contract) | Director, Engineering, Create | Director of Product Management, Robotics | Director, UX, GeminiApp, Growth and Discovery | Distinguished Designer, Gemini App Systems","Snapshot We are seeking a Senior Psychologist to join the Responsible Development &amp; Innovation team (ReDI) at Google DeepMind. The candidate should have relevant prior industry experience, a strong general understanding of core psychological principles and the ability to leverage internal and external expertise and research experience in AI-related areas (e.g., cognitive, behavioural).&nbsp; A","tech_software_internet","high"
"18","five-below","linkedin","60","PT SUPPORT LEADER | Support Lead Part Time-3038 Riverton | Support Lead Part Time | Merchandise Manager | Customer Experience Manager","At Five Below our growth is a result of the people who embrace our purpose: We know life is way better when you are free to Let Go & Have Fun in an amazing experience, filled with unlimited possibilities, priced so low, you can always say yes to the newest, coolest stuff! Just ask any of our over 17,000 associates who work at Five Below and they’ll tell you there’s no other place like it. It all s","retail_ecommerce","high"
"19","getyourguide","greenhouse","60","Accountant | AI/ML Manager, Supply Data Products | B2B Lifecycle & CRM Campaign Lead | Business Operations & Strategy Manager - Account Management Operations (Price, C | Data Engineering Manager, Supply","Change the way the world travels Join the GetYourGuide journey to connect people with unforgettable travel experiences around the world. Millions look to us for unique activities they can trust, and it’s all powered by our commitment to make every single journey extraordinary - including yours.&nbsp; Ready to unlock your potential with a community of fellow explorers? Find your next role at our Be","hospitality_food_service","high"
"20","humana","linkedin","60","UM Administration Coordinator | Senior Product Owner | Behavioral Health Medical Director - N. Central Medicaid | Utilization Management Nurse 2 | Senior Data and Reporting Professional","Become a part of our caring community and help us put health first The Accountant performs general accounting activities, including the preparation, maintenance and reconciliation of ledger accounts and financial statements such as balance sheets, profit-and-loss statements and capital expenditure schedules. Conducts or assists in the documentation of accounting projects. The Accountant work assig","finance_insurance","high"
"21","proton","greenhouse","60","Account Management Lead | Account Manager | Android Test Automation Engineer (Native App) | Backend Engineer (B2B) | Backend Engineer - Marketing Technology","About Proton Join Proton and build a better internet where privacy is the default Proton was founded in 2014 by scientists from CERN on a simple truth: privacy is a fundamental human right . Since then, we’ve built the world’s largest encrypted email service (Proton Mail) and expanded into Proton VPN, Proton Drive, Proton Pass, and Proton Calendar—tools used by millions globally to protect their f","tech_software_internet","high"
"22","usaa","linkedin","60","Property Adjuster Specialist (Field) | Entry Level Property Claims Adjuster | P&C Product Management Manager | Experienced Auto Adjuster (Non-Injury) | Claims Litigation Case Manager (Auto)","Why USAA? Let’s do something that really matters. At USAA, we have an important mission: facilitating the financial security of millions of U.S. military members and their families. Not all of our employees served in our nation’s military, but we all share in the mission to give back to those who did. We’re working as one to build a great experience and make a real impact for our members. We belie","finance_insurance","high"
"23","vaynermedia","greenhouse","60","Account Director | Account Director ( Social ) | Account Supervisor | Analyst, Finance | Art Director","What’s up? We’re VaynerMedia! We are a contemporary global creative and media agency with an expertise in driving relevance for clients and delivering impactful business results. The independently-owned agency was founded in 2009 and has offices in New York, Los Angeles, London, Singapore, Australia, Thailand, Japan and Mexico City. VaynerMedia has been recognized for its work at Cannes Lions, the","consulting_professional_services","high"
"24","kodiak","greenhouse","59","Accounting Manager | Applied AI Engineer - Flywheel Automation & Continuous Learning | Autonomy Systems Software Engineer | Build Functional Verification Technician | Class A CDL Driver","Kodiak Robotics, Inc. was founded in 2018 and has become a leader in autonomous ground transportation committed to a safer and more efficient future for all. The company has developed an artificial intelligence (AI) powered technology stack purpose-built for commercial trucking and the public sector. The company delivers freight daily for its customers across the southern United States using its a","automotive","high"
"25","meter","ashby","58","Marketing, Majors | Deployment Engineer, Network | Customer Success | Full Stack Engineer, Command | Sales, Engineering - Northern California","At Meter, we believe events can be more than just touchpoints, you are bringing Meter’s brand into real life. As Event manager, you’ll be responsible for creating and executing small and large-scale events that differentiate Meter and leave a lasting impression on customers, partners, and employees. If you’re excited to experiment with event formats, work hand-in-hand with every department in the ","tech_software_internet","high"
"26","micron-memory-malaysia-sdn-bhd","jobstreet","58","Recruiter (12 Months Contract) | Accountant (FA) | Senior/Engineer, Process Control System | PDE Product Integration Senior/Engineer | Senior Process Engineer (Wire Bond)","[Category: Engineering / Management] Responsibilities and Tasks: Lead a team to: Ensure product meets/exceeds all yield, quality, timeline commitments Debug, identify root causes, and develop solutions for failures through electrical failure analysis (EFA) and data analysis Develop, analyze, and optimize test flows in partnership with Test and Probe Protect customer experience by partnering with Q","tech_hardware_semiconductors","high"
"27","cummins-inc","linkedin","57","Production Technician III - 1st shift | Ethics and Compliance Summer 2024 Internship Positions | Forge Press Operator (2nd Shift) | DWU - SEP - 95L Assembly Associate Special Assignment - 1st shift | DWU - CEP(HDM) - Transfer Line - Machining Production Team Associate - 2nd Shift","Description Service Manager Our culture believes in POWERING YOUR POTENTIAL . We provide global opportunities to develop your career, make your community a better place and work with today’s most innovative thinkers to solve the world’s toughest problems. We believe in flexibility for you to explore your passions while making an impact through meaningful work within our inclusive workforce. That’s","manufacturing","high"
"28","floqast","lever","57","Account Executive, Canada | Account Executive, Corporate | Account Manager | Account Manager, Los Angeles | Account Manager, Northern California","The People Operations Coordinator will play a pivotal role in championing our commitment to global employee success and organizational excellence. The role will be responsible for coordinating and managing People operation programs including maintenance, development, implementation, enforcement, enablement, and enhancements. The People Operations function will be the center of maintenance for our ","tech_software_internet","high"
"29","immiland-canada-inc","lever","57","Accounting Analyst (Canada & Colombia Support) | Automobile Mechanics or Truck trailer Mechanics | Bicycle Mechanic | Business Development Representative BDR | Carpenter Foreman","We are seeking a highly skilled and proactive Senior NetSuite Administrator / Business Systems Analyst to manage and optimize our ERP ecosystem. Based in Montreal, this role is responsible for the administration, configuration, and continuous improvement of NetSuite ERP, while supporting critical integrations and business processes across the organization. The role will focus on system configurati","consulting_professional_services","medium"
"30","life-time-inc","linkedin","57","Accountant I | Summer Camp Supervisor | Personal Training Assistant Lead | Admissions Associate | Summer Camp Counselor","Position Summary The Nail Technician Provides various manicure, pedicure, and nail services and treatments that improve the guests overall sense of well-being and enhances the club experience while living the mission, vision and core values of LifeSpa and Salon. They work with the entire LifeSpa and Salon team to provide a superior experience in a professional atmosphere. Job Duties And Responsibi","hospitality_food_service","low"
"31","premiertruck","lever","57","Aftermarket Sales Representative | Aftermarket Sales Representative - Collision, Parts, and Service | Aftermarket Sales Representative - Parts, Service, and Collision | Auto Body Technician | Back Counter Parts Sales","We are so excited you are interested in our Service Technician/Diesel Mechanic opportunities! We are interested in talking with Service Technicians/Diesel Mechanics of all levels and backgrounds. Please reach out to find out more about the different roles of our Service Technicians/Diesel Mechanics and the career path we can offer you. Winners Work Here! Premier Truck Group is dedicated to ONE Net","automotive","high"
"32","applike","lever","56","(Senior) Business Analyst (f/m/d) | (Senior) DevOps Engineer (f/m/d) | (Senior) System Administrator (f/m/d) | Business Analyst | Business Talent Pool","adjoe is a leading mobile ad platform developing cutting-edge advertising and monetization solutions that take its app partners’ business to the next level. Part of the applike group ecosystem, adjoe is home to an advanced tech stack , powerful financial backing from Bertelsmann, and a highly motivated workforce to be reckoned with. Meet Your Team: Demand Integrations Team (part of the Advertising","tech_software_internet","high"
"33","peloton","greenhouse","56","Consumer Sales and Lead Generation Specialist | Copywriter II | Design Tools Application Engineer III | Director, Global Product Quality | Director, Global Quality Management Systems","THE ROLE Peloton is looking for a Mid-level Copywriter with strong copy and conceptual thinking to execute creative work across our marketing channels. From full 360 campaigns to CRM, promo, and performance –&nbsp;we need someone who sees creative opportunity in everything.&nbsp; In this role, you’ll help shape how Peloton shows up across channels, creating messaging and copy that elevates both th","consumer_brands","high"
"34","butternutbox","greenhouse","55","Accounts Payable Team Leader | Assistant Operations Manager | Brand Ambassador - Cork | Brand Ambassador (Evenementen) | Brand Ambassador (Events)","Fresh Food, Happy Dogs. We believe dogs deserve the healthiest, most natural and tastiest meals - with none of the nasties. That’s why we make FRESHly prepared food, cooked just like you would at home and delivered direct to our customers in perfect portions. As a B-Corp certified company, you’re joining a sustainable business that genuinely cares about our people, our products and our impact on t","consumer_brands","high"
"35","purplelandmgmt","lever","55","Associate Landman (Entry-Level) | Curative Landman – Permian Basin | Director of Land | Division Order Analyst – Houston, TX (On-Site) | Division Order Analyst – The Woodlands, TX (On-Site)","Are you a detail-oriented researcher who takes pride in accuracy and consistency? Do you thrive in environments where high standards, accountability, and a structured approach are key? Purple Land Management (PLM) is seeking a skilled professional who excels at reviewing runsheets and creating ownership reports on lands in East Texas and Arkansas. If you are committed to maintaining quality and fo","energy_utilities","high"
"36","theeconomistgroup","greenhouse","55","Account Executive - New Business | Administrator | Analyst, Middle East & Africa | Associate Product Manager - Subs Growth and Lifecycle | Business Development Manager","Who we are We are an organisation that exists to drive progress. That's the “red thread” that connects everyone at The Economist Group (TEG). Our businesses share a devotion to innovation, independence and rigour in their fields of expertise. We empower people to understand and tackle the critical challenges and changes facing the world. Our analytical rigour, global expertise and evidence-based i","media_entertainment","high"
"37","cologix","lever","54","** Spécialiste en HVAC ** | Account Director | Account Director, Hyperscale Sales | Account Director, Hyperscale Sales (Remote: USA) | Agent(e) de sécurité- Horaires 15h - 23h","Notre compagnie: Basée à Denver, au Colorado, Cologix est une entreprise chef de file en Amérique du Nord dans le domaine de l’interconnexion neutres réseaux et des centres de données edge hyperscale. Notre plateforme offre à nos clients un accès à plus de 45 centres de données numérique edge et hyperscale edge Scalelogix℠ répartis dans 13 marchés aux États-Unis et au Canada, ainsi qu’à un écosyst","tech_software_internet","high"
"38","guidepostmontessori","greenhouse","54","Afternoon Assistant Teacher | Assistant Director | Assistant Guide | Assistant Head of School - Mid-Levels | Assistant Spanish Teacher","Shape a child’s very first learning experiences . At Guidepost Montessori, our Lead Infant and Toddler Guides create calm, nurturing environments where infants and Toddlers are respected as capable individuals from the very beginning. If you’re passionate about early development and want to lead a thoughtfully designed classroom that supports independence, movement, and discovery, we’d love to mee","education_k12","high"
"39","windownation","lever","54","Call Center Team Lead | Canvasser - Aurora, CO Area | Canvassing Team Lead - Denver, CO Area - Urgently Hiring ! | Controller | Customer Experience Admin","Now backed by the nationwide reach of Window Nation, NewSouth Window Solutions delivers the same trusted local craftsmanship with even more opportunity to grow and innovate. At NewSouth, we’re proud to transform homes across the Southeast with high quality windows and doors designed to stand up to the region’s climate and elevate everyday living. For years, homeowners have chosen NewSouth for our ","real_estate_construction","high"
"40","manpowergroup","linkedin","52","Sr Professional Recruiter (Remote) - RPO Consultant | Automation Specialist | Environmental Sustainability Intern | Senior ESH Specialist - Air | Corporate Project Engineer","Description A Recruiter is responsible for putting people to work, helping them get ahead, and connecting their skills to clients. Drives all aspects of the full cycle recruitment process while providing an exceptional experience and service to our candidates, associates, and clients.Making an Impact • Identify, assess, place, and manage and advance a diverse talent portfolio of associates and pro","consulting_professional_services","high"
"41","myodetox","lever","52","Chiropractor | Chiropractor - West Hollywood | Chiropractor - Flatiron, NYC | Chiropractor - Calgary Talent Pool | Chiropractor - LA (Join the Talent Pool!)","At Myo, our mission is to raise body IQ globally. We aim to empower clients with the tools they need to move better, feel better, and do what they love—longer. We envision a world where everyone feels empowered to care for their bodies with clarity and confidence. Who We Are Myo is modern physical therapy to futureproof your body. Through 1:1 expert care, our team of physiotherapists, chiropractor","healthcare_provider","high"
"42","quenchwater","lever","52","Bilingual Customer Care Representative | Bilingual Field Service Technician | Field Account Executive (Territory Manager) - Atlanta | Field Account Executive (Territory Manager) - New York City | Field Sales Account Executive","About Culligan Quench Culligan Quench’s purpose is to impact people’s lives and improve the earth by helping to eliminate the 500 million plastic bottles consumed each year. We play a front-line role in the battle against single-use plastic water bottles by delivering on-demand filtered water solutions to more than 120,000 healthy and environmentally conscious customers across North America. Our b","consumer_brands","low"
"43","Ridealso","ashby","51","Staff Power Electronics Engineer | Vehicle Product Design Architecture, Integration Lead | Motor Controls Engineer | Sr. Staff Electrical Engineer, Vehicle Architecture | Staff Reliability Engineer","About ALSO. We’re ALSO, an electric mobility company originally conceived as a part of Rivian. We’re a passionate team of builders, dreamers, doers and innovators, focused on creating entirely new (not to mention, innovative and delightful) vertically integrated, small EVs designed to meet the global mobility challenges of today and tomorrow. Our mission is to inspire everyone to ride ALSO—replaci","automotive","medium"
"44","allegiantair","lever","51","Agent, Customer Assistance | Agent, Customer Service/Ground Operations | Airport Contract Analyst | Charter Ramp Representative - CVG | Charter Ramp Representative - IWA","Summary Senior Tax Accountant will support the Tax Manager and assist with ensuring accurate and timely completion of tax provisions and compliance. The role will assist in fostering a positive team environment and ensuring completion of day-to-day operations in the Corporate Accounting Department. This position requires the highest level of professionalism, confidentiality, and integrity from an ","transportation_logistics","high"
"45","appsflyer","greenhouse","51","Account Executive China | Account Manager | Agency Alliances Manager EMEA | Backend Engineer | Brand & Communications Manager - GCR","AppsFlyer builds technology at massive scale, powering measurement, analytics, and fraud prevention across billions of mobile events every day. Join AppsFlyer’s Security SDK Team, responsible for protecting the integrity and authenticity of our mobile SDKs across Android and iOS. The team works on securing SDK communication, improving SDK resilience, and building trusted solutions that run on bill","tech_software_internet","high"
"46","venturatravel","greenhouse","51","Accountant/Bilanzbuchhalter | Bilingual Tourism Operations Coordinator - Peru | Bonn -Tour Guide Japan German speaker | Create Your Own Travel Brand with Ventura TRAVEL – Your Idea, Your Niche, Your W | Düsseldorf -Tour Guide Japan German speaker","Join us at YALLAVENTURA Yallaventura offers authentic, immersive, and culturally rich travel experiences across North Africa and the Middle East , starting with Morocco . Our trips are designed to connect travelers with the heart of each destination through local encounters, artisan workshops, traditional cuisine, and meaningful cultural experiences. At Yallaventura, we believe travel should go be","hospitality_food_service","high"
"47","kao","greenhouse","50","Accounts Payable Team Leader | Assistant Brand Manager (Fixed Term) | Associate Director, Demand & Supply Planning | Associate General Counsel, Marketing & Trademarks | Ausbildung zum Industriekaufmann / zur Industriekauffrau (m/w/d)","Kao Professional Hair Brands - Sales Representative VIC, Melbourne / Southeast​ Work with Goldwell, Oribe, KMS &amp; Kerasilk ​ Full Time | Field Based | $75–80K + Commission + Car Allowance​ ​ Step into a role where your passion for hair meets high-performing brands. ​ If you’ve worked in or around the salon industry, you already know our brands. Goldwell. Oribe. KMS. Kerasilk.​ Now’s your chance","consumer_brands","high"
"48","waremalcomb","lever","50","Accounting Intern | Administrative Assistant | Associate Engineer, Civil Engineering | Business Operations Manager, MEP & Structural Engineering | Civil Engineering Manager","Are you ready to join a growth-oriented team where creativity meets innovation? At Ware Malcomb, we are a dynamic and forward-thinking design firm committed to pushing the boundaries. Our team-oriented, collaborative approach ensures that every project is a blend of visionary design, seamless project delivery, and we are actively engaged with both the community and the industry. Discover our vibra","consulting_professional_services","high"
"49","digicert","greenhouse","49","Account Manager, Enterprise | Application Security Engineer | Associate Authentication Analyst (Chinese Speaker) | Associate Customer Success Manager | Associate Software Engineer","Who we are DigiCert is a global leader in intelligent trust. We protect the digital world by ensuring the security, privacy, and authenticity of every interaction. Our AI-powered DigiCert ONE platform unifies PKI, DNS, and certificate lifecycle management, to secure infrastructure, software, devices, messages, AI content and agents. Learn why more than 100,000 organizations, including 90% of the F","tech_software_internet","high"
"50","sunway-medical-centre-sdn-bhd","jobstreet","49","Senior Executive, Credit Control | Executive Secretary | Finance assistant (6 months contract) | Executive, Medical Affairs | Business Office Assistant","[Category: Call Centre & Customer Service / Management & Support] Job Purpose To manage and lead the Customer Service personnel to provide excellent customer care and services in achieving the Corporation’s objectives and mission through working with all stakeholders in insuring Customers’ satisfaction and retention Lead and manage the Customer Service department towards achieving continuous impro","healthcare_provider","high"
"51","penske-logistics","linkedin","48","Truck Driver - CDL Class A - Penske Logistics | Truck Driver - CDL Class B - Penske Logistics | Truck Driver - Local Class B - Penske Logistics | Truck Driver - Local Class A - Average $85000 Annually - Penske Logistics | Shipping & Receiving Clerk - 1st Shift","Location: St. Louis, MO Position Summary: The Senior Engineer is responsible for preparing logistics analysis and engineering work involving all aspects of transportation, and warehouse design. They design, develop or implement comprehensive supply chain solutions to solve complex supply chain initiatives or problems, for customers, development activities and request for proposals. These solutions","transportation_logistics","high"
"52","redhorsecorp","lever","48","Application Development Lead | Artificial Intelligence (AI) & Data Engineering SME Support | Artificial Intelligence/Machine Learning (AI/ML) Engineer | Case Support Manager | Chief Architect","About the Organization Now is a great time to join Redhorse Corporation. We are a solution-driven company delivering data insights and technology solutions to customers with missions critical to U.S. national interests. We’re looking for thoughtful, skilled professionals who thrive as trusted partners building technology-agnostic solutions and want to apply their talents supporting customers with ","defense_aerospace","high"
"53","anavationllc","lever","47","AnaVation General Consideration | Anti-Phishing Training Analyst | Associate Financial Analyst | Budget Analyst | Cloud Engineer","Be Challenged and Make a Difference In a world of technology, people make the difference. We believe if we invest in great people, then great things will happen. At AnaVation, we provide unmatched value to our customers and employees through innovative solutions and an engaging culture. Description of Task to be Performed: AnaVation is seeking a Senior Web Application Developer to design, test, an","defense_aerospace","high"
"54","financialtimes33","greenhouse","47","Account Coordinator - 12 Month FTC | Account Manager - 12 Month FTC | Acting Deputy Editor, House & Home | Central Europe Correspondent | Credit Controller","About Us The Financial Times is one of the world’s leading news organisations, globally recognised for its authority, integrity and accuracy, with a mission to deliver quality information and services worldwide. At the FT, curiosity thrives and ambitious thinking is rewarded. Here, you’re given the chance to reach millions, create work that matters and deliver impartial journalism in a polarised w","media_entertainment","high"
"55","freeformfuturecorp","greenhouse","47","Additive Manufacturing Development Engineer | Additive Manufacturing Technician (Post Processing Operations) | Associate CNC Machinist (Mill) | Controller | Deburr Technician (Additive Manufacturing)","CONTROLLER &nbsp; Freeform&nbsp;builds AI-native manufacturing systems that unify software, hardware, and physics to produce industrial-scale parts at the speed of human ideation. By treating manufacturing as a single integrated system, we unlock a new era of innovation where complex hardware is designed, built, and scaled without limits. &nbsp; As&nbsp;Freeform’s&nbsp;Controller, you will&nbsp;ow","manufacturing","high"
"56","nex","greenhouse","47","2D Game Art Intern | 3D Game Art Intern | 3D Game Artist | Art Director | Associate Manager, CRM","Nex is on a mission to help families rediscover the joy of movement. Created by parents for parents, Nex combines technology and play to deliver fun, social, and interactive experiences powered by natural body motion, encouraging kids and adults to move more, play more, and have fun together. Nex Playground, the company’s award-winning active play system, is purpose-built to get families moving ye","gaming","high"
"57","topgolf","linkedin","47","Dishwasher | Team Lead | Golf Services Associate | Cook | Food Runner","Job Responsibilities Prepare and cook food items according to standardized recipes and menu specifications.Follow proper food safety and sanitation procedures to ensure food quality and safety.Adhere to portion control guidelines and presentation standards.Collaborate with kitchen team members to coordinate food preparation and order execution.Maintain a clean and organized kitchen area, including","hospitality_food_service","high"
"58","carecom","greenhouse","46","Architect | Care Specialist | Childcare Provider (U.S. Locations) | Creator in Residence - Video, Social-First | Customer Service","About Care.com &nbsp; Care.com is a consumer tech company with heart. We’re on a mission to solve a human challenge we all face: finding great care for the ones we love. We’re moms and dads and pet parents. We have parents and grandparents so we understand that everyone, at some point in their lives, could use a helping hand. Our culture and our products reflect that.&nbsp;&nbsp; Care.com offers a","tech_software_internet","high"
"59","dhl-supply-chain","linkedin","46","Group Coordinator Lead | Maintenance Supervisor | Inventory Control Clerk | Operations Assistant | Yard Driver NON DOT","This position requires processing and reconciling supplier invoices, supporting accounts receivable, supporting month-end closing, adhoc reports, and other responsibilities asigned by the manager. Role Purpose: Responsible for timely processing of all aspects of payables and/or receivables. Key Accountabilities: Vendor, customer, and employee setup in Oracle.Enter payable, billing invoices, and pr","transportation_logistics","high"
"60","salonkee","ashby","46","Customer Support - German Speaking | Customer Onboarding Specialist (w/m/d) - Münster | Sales Manager im Außendienst (w/m/d) - Hannover | Customer Onboarding Specialist (w/m/d) - Raum Münster | Senior Fullstack Developer (Node.js / Angular)","Über Salonkee Wir sind eines der am schnellsten wachsenden SaaS-Unternehmen Europas und das digitale Herz der Friseur- und Beauty-Salons. Von smarter Terminplanung und Payments bis hin zu KI-gestütztem Reporting: Wir geben Salons die Tools, die sie brauchen, um als modernes Business zu glänzen. Wir verbinden Software mit Fintech und Automatisierung. Unser Ziel? Selbstständigen Unternehmer:innen de","tech_software_internet","high"
"61","skydropx","ashby","46","Postúlate aquí | UX Researcher | Ejecutivo de Ventas (Tampico) | Sales Lead | Customer Service Specialist (Tampico)","Responsabilidades e Atribuições: Criar textos e mensagens para campanhas de marketing, performance, CRM, comunicação institucional, eventos, redes sociais e materiais comerciais. Desenvolver copies para anúncios, landing pages, e-mails, WhatsApp, push notifications, banners, roteiros de vídeo, apresentações, webinars, materiais para eventos e peças de comunicação interna. Trabalhar em conjunto com","tech_software_internet","high"
"62","the-jonus-group","linkedin","46","AVP, Underwriting Team Leader | Hybrid | Commercial CSR (trucking) | Commercial Insurance Placement Specialist - Hybrid Remote | Commercial Insurance Account Assistant - Hybrid | Commercial Lines Account Manager - Workers' Compensation","Job Description Our client is seeking an L&H licensed, dedicated, and proactive Employee Benefits Account Manager to join their team. Benefits Competitive salary: $60-70KComprehensive benefits package Professional development opportunities and training.Supportive and inclusive work environment. Qualifications Active L&H LicenseRelevant certifications or licenses, such as Certified Employee Benefit","consulting_professional_services","high"
"63","trane-technologies","linkedin","46","Commercial HVAC Service Technician - Columbus, OH | Upper Midwest Contracting Intern | Production Manager | LCUR Account Manager - Bellevue, WA | Equipment Project Manager","At Trane TechnologiesTM and through our businesses including Trane® and Thermo King®, we create innovative climate solutions for buildings, homes, and transportation that challenge what’s possible for a sustainable world. We're a team that dares to look at the world's challenges and see impactful possibilities. We believe in a better future when we uplift others and enable our people to thrive at ","manufacturing","high"
"64","clsgroup","greenhouse","45","Application Development Software Engineer | Assistant Vice President, Application Support | Assistant Vice President, Business Risk & Control | Assistant Vice President, Cyber Resilience and Recovery Specialist | Assistant Vice President, Cyber Security Analyst – Incident Response","About CLS: CLS is the trusted party at the centre of the global FX ecosystem.&nbsp; Utilized by thousands of counterparties, CLS makes FX safer, smoother and more cost effective.&nbsp; Trillions of dollars’ worth of currency flows through our systems each day.&nbsp; Created by the market for the market, our unrivalled global settlement infrastructure reduces systemic risk and provides standardizat","finance_fintech","high"
"65","misfitsmarket","greenhouse","45","1st Shift - Load-out Associate | 1st Shift - Production Associate | 1st Shift Trainer | 1st Shift - Warehouse Associate | 2nd Shift Distribution Coordinator","Misfits Market is a mission-driven, high-growth startup dedicated to reducing food waste and making shopping for sustainable, high-quality groceries easier and more affordable. We deliver organic produce, high-quality meats and seafood, plant-based proteins, dairy, bakery, wine, and other grocery items to nearly every zip code in 48 states at up to 30 percent off traditional grocery store prices. ","retail_ecommerce","high"
"66","rohlik","ashby","45","Ausbildung Fachkraft für Lagerlogistik (m/w/d) | Automation Specialist | Lagermitarbeiter Garching (m/w/d) | Lagermitarbeiter/ Picker / Kommissionierer (m/w/d) | Ausbildung Kaufmann für Büromanagement (m/w/d)","Company Overview Founded in 2014 in the Czech Republic, Rohlik is the European leader of e-grocery in Central Europe. Already active in the Czech Republic ( Rohlik.cz ), Hungary ( Kifli.hu ), Austria ( Gurkerl.at ), Germany ( Knuspr.de ), and other markets. By owning its end-to-end operations, including all technology in-house, Rohlik provides a superior customer experience and the freshest food f","retail_ecommerce","high"
"67","turfmasters","greenhouse","45","Customer Service Representative (Hybrid) - Aggieland Green | Customer Service Representative - One Two Tree | Customer Service Representative - Turf Masters Lawn Care | Customer Service Specialist - Lawn Tech | Field Manager - Brothers Pest","Turf Masters is now hiring&nbsp; Technician II's in the Greenville, SC area. Turf Masters was founded in 2002 and currently has 10 locations throughout the Southeast. Servicing over 50,000 customers makes us one of the top competitors in the industry. We separate ourselves from our competition by providing a safe and rewarding work environment for our employees, rapid advancement opportunities, an","other","low"
"68","at-t","linkedin","44","Field Sales Representative | Sr. Specialist Member of Technical Staff | Associate Director - Network Proj/Prog Mgmt | Lead Account Manager 3 Mid Market Mob | Lead Technical Sourcing Management","Job Description: Overall Purpose: Responsible for supervising a team of fraud personnel that recognize and detect unauthorized access to data and misuse of sensitive customer data. Must be able to work independently. Key Roles and Responsibilities: This position may analyze complex data from multiple sources e.g. ordering, risk assessment and billing.Identify causation, validate the findings, and ","telecommunications","high"
"69","d-matrix","ashby","44","FPGA Design Engineer, Senior Staff | Compute Design Engineer, Principal | Principal Architect, Performance Analysis and Modeling | Design Verification Engineer | Senior Staff AI/ML System Software Engineer","As part of the silicon architecture team, you will be responsible for design space exploration, and workload characterization and mapping spanning the data plane as well as control plane in the SoC. You will design, model and drive new architectural features to help design next generation hardware. You will evaluate performance of cutting edge AI workloads. You will work with a team of hardware ar","tech_hardware_semiconductors","high"
"70","oportun","greenhouse","44","Agente Telefonico en Español | Bilingual Agent | Bilingual English and Spanish Member Loyalty Representative | Bilingual English and Spanish Member Loyalty Representative (R13741) | Bilingual English and Spanish Member Loyalty Representative (R13786)","ABOUT OPORTUN Oportun (Nasdaq: OPRT) is a mission-driven financial services company that puts its members' financial goals within reach. With intelligent borrowing, savings, and budgeting capabilities, Oportun empowers members with the confidence to build a better financial future. Since inception, Oportun has provided more than $21.3 billion in responsible and affordable credit, saved its members","finance_fintech","high"
"71","zuora","greenhouse","44","Account Executive IV | AI Solutions Engineer | Application Support Engineer II | Content Manager | Customer Solution Engineer","About Zuora At Zuora, we help businesses grow smarter and adapt faster. Our platform powers modern business models — from subscriptions and usage-based pricing to AI-driven and outcome-based offerings — helping companies launch new products, automate complex billing, and unlock predictable, recurring revenue. We’ve led the Subscription Economy for more than a decade. Now we’re evolving again by bu","tech_software_internet","high"
"72","acceldata","lever","43","Associate Product Support Engineer | Customer Advocacy Manager | Enterprise Account Executive - Central | Enterprise Account Executive - Great Lakes | Enterprise Account Executive - NY Metro","ABOUT US Acceldata is the market leader in Enterprise Data Observability. Founded in 2018 and backed by top investors including Insight Partners, March Capital, Lightspeed, Sorenson Ventures, Industry Ventures, and Emergent Ventures, we are a Series-C funded company headquartered in Silicon Valley. Our Enterprise Data Observability Platform—the first of its kind—helps enterprises build and operate","tech_software_internet","high"
"73","akqa","greenhouse","43","Account Director | Art Director | Associate Creative Director (Art/Design) - Virtual Creative Production | Associate Creative Director (Tokyo) | Associate Design Director (XD) (UKA) (Tokyo)","Creatives at AKQA (part of WPP) apply artistry and craftsmanship to strategic insight to create and bring to life beautiful concepts that stop people in their tracks. Skilled storytellers and ideators, they work in a multidisciplinary environment to develop work that both enthralls customers and unlocks new value for our clients. Art Directors play essential roles in the strategy, conception and d","consulting_professional_services","high"
"74","doo-group","jobstreet","43","Senior Trading Executive - (Futures, Options) | Senior Finance Manager | Accounts Executive (GL) | Senior Accounts Executive (GL) | Senior Legal and Compliance Executive","[Category: Legal / Generalists - In-house] Working closely with the CEO and spearheading the legal and compliance team to assist in business expansion plan especially in licensing and incorporation of new business around the world. You will gain regional exposure in this role as the business is growing aggressively. If a candidate does not meet all the requirements for the Compliance Manager posit","finance_banking","high"
"75","epicgames","greenhouse","43","Cinematics Animation Director | Concept Outsource Lead | Data Science Lead | Design Director, Battle Pass | Influencer Marketing Director","WHAT MAKES US EPIC? At the core of Epic’s success are talented, passionate people. Epic prides itself on creating a collaborative, welcoming, and creative environment. Whether it’s building award-winning games or crafting engine technology that enables others to make visually stunning interactive experiences, we’re always innovating. Being Epic means being a part of a team that continually strives","gaming","high"
"76","floor-decor","linkedin","43","Pro Services Manager | Regional Commercial Account Manager - Virginia | Program Manager – ERP Implementation | Chief Executive Merchant in Training | ServiceNow - Information Technology Manager","Pay Range $16.00 - $20.40 Purpose As a Cashier (Customer Service Associate), you are the first and final interaction for Floor & Decor’s customers. Our Cashiers are responsible for providing excellent customer service through greeting customers, checking out customers, handling product returns, performing basic cash office functions and providing every customer with an exceptional experience. Full","retail_ecommerce","high"
"77","maymobility","greenhouse","43","Administrative Assistant | Autonomous Vehicle Operations Specialist II | Autonomy Data Analytics & Lifecycle Engineer II | Autonomy Engineer II, Simulation | Autonomy Engineer - Perception Optimization","May Mobility is transforming cities through autonomous technology to create a safer, greener, more accessible world. Based in Ann Arbor, Michigan, May develops and deploys autonomous vehicles (AVs) powered by our innovative Multi-Policy Decision Making (MPDM) technology that literally reimagines the way AVs think. Our vehicles do more than just drive themselves - they provide value to communities,","automotive","high"
"78","soni","linkedin","43","Business Immigration Coordinator | Accounts Receivable Specialist | Claims Analyst | HRIS Project Manager | Payroll Specialist","A global private equity company is hiring a technology leader to directly support all technology requests from their key executives in HQ and anywhere they are in the world. This role requires prior experience supporting leaders accustomed to working under pressure. Requirements Previous experience supporting executive leaders in office, remotely and during travel. Polished communication - written","consulting_professional_services","high"
"79","wr","lever","43","Adult Education Intern | Bilingual English/Spanish Immigration Legal Services Administrative Assistant -2 | Bilingual Spanish/English Front Administrative Assistant | Career Pathways and Student Transitions Manager | Community Engagement Coordinator - 2025665","Are you a person of compassion? An advocate for justice? Someone who stands up for the rights of the vulnerable and speaks out for the marginalized, the exploited and the forgotten? Do you believe in our calling as Christians to welcome the least of these and love our neighbor? If you answered ‘yes’, to any of the above, World Relief, and millions of people around the world need you. At this pivot","nonprofit","low"
"80","american-express","linkedin","42","Resy Customer Success Manager - New York | Staff Engineer - Web Engineering | Infrastructure Engineer - GWTE | Executive Administrative Assistant | Manager-Risk Management","You Lead the Way. We’ve Got Your Back. With the right backing, people and businesses have the power to progress in incredible ways. When you join Team Amex, you become part of a global and diverse community of colleagues with an unwavering commitment to back our customers, communities and each other. Here, you’ll learn and grow as we help you create a career journey that’s unique and meaningful to","finance_banking","high"
"81","aqr","greenhouse","42","2027 Business Development Summer Analyst | 2027 Engineering Summer Analyst | 2027 Portfolio Implementation, Trading and Portfolio Finance Summer Analyst | 2027 Research Product Specialist Summer Analyst | 2027 Research Summer Analyst","AQR Capital Management AQR is a global investment firm built at the intersection of financial theory and practical application. We strive to deliver concrete, long-term results by looking past market noise to identify and isolate the factors that matter most, and by developing ideas that stand up to rigorous testing. By putting theory into practice, we have become a leader in alternative strategie","finance_banking","high"
"82","cision","greenhouse","42","Account Director I | Account Executive | Account Executive II - Brandwatch, Melbourne | Business Development Manager | Business Development Manager (SPANISH speaking)","&nbsp; &nbsp; At Cision, we believe in empowering every individual to make an impact. Here, your voice is heard, your ideas are valued, and your unique perspective fuels our collective success. As part of our global team, you'll thrive in an environment that champions curiosity, collaboration, and innovation, all while making meaningful contributions to the brands we accelerate.&nbsp; &nbsp; Join ","tech_software_internet","high"
"83","finn","lever","42","(Junior) Account Manager (m/w/x) | (Junior) Content Writer (m/w/d) | (Senior) B2B Sales Manager (m/w/x) | Account Executive (m/w/x) | Customer Retention Manager (m/w/x)","Über FINN Wir bei FINN bauen die Zukunft der Mobilität und machen den Zugang zum eigenen Auto so unkompliziert und nachhaltig wie nie zuvor. Als Deutschlands führende Abo-Plattform bieten wir dir die Chance, in einem der am schnellsten wachsenden Start-ups echte Verantwortung zu übernehmen und unsere Erfolgsgeschichte aktiv mitzugestalten. Werde Teil eines Teams aus 350+ Kolleg:innen aus über 50 N","automotive","high"
"84","gamma","ashby","42","Software Engineer, Trust & Safety | Staff Software Engineer, Data Engineering | Senior Lifecycle Marketing Manager | Video Producer/Editor (Contract) | GTM Engineer","About the role Gamma hit $100M ARR with fewer than 60 people. Now we're scaling — and we're building the recruiting team that makes it happen. You'll join as a founding member, partnering directly with our brilliant hiring leads who are ready to grow but need a real strategic partner, not just an executor. What we've built is rare. Your job is to help us do it bigger, without breaking what made it","tech_software_internet","high"
"85","advantage-technical","linkedin","41","Maintenance Engineering specialist | Process Engineer- Benchmarking | Instrument Fitter | Production Supervisor Material | PMA","Location: Bothell, Washington / or Remote Long-Term Contract-to-Hire Understand Dynamics AX 2012 Platforms Building relationships with finance so they are mobilized. ERP Business Analyst for Finance BA needs to integrate sites This person will not be a finance employee but support the finance group. Looking for someone to partner close with the business. Need to be able to see the bigger picture, ","consulting_professional_services","high"
"86","jushico","lever","41","Account Manager - Eastern, PA | Accounting Inventory Manager | Assistant General Manager | Assistant Manager | Co-General Manager","GET TO KNOW JUSHI We identify, evaluate, and acquire U.S.-based cannabis operations within each state to vertically integrate, produce, and distribute medical-grade cannabis formulations in the United States, offering patients and customers premium cannabis and related products. THE OPPORTUNITY The Manager, Treasury Operations will primarily be responsible for aspects of debt management, cash mana","other","low"
"87","verramobility","greenhouse","41","Business Support Administrator | Client Success Manager | CLM & Contracts Administrator | Contracts Optimization Manager | Court Support Specialist I","&nbsp; &nbsp; Position Overview: We are seeking a skilled and collaborative Scrum Master to join our team and lead agile delivery for multiple cross-functional teams in our T2 business unit. In this role, you will be responsible for facilitating Scrum ceremonies, removing blockers, and fostering a culture of continuous improvement, ownership, and transparency. You’ll work closely with program mana","tech_software_internet","medium"
"88","zeneducate","lever","41","Account Executive | Account Manager | Account Manager - Manchester | Account Manager - Newport | Account Manager - Truro","Location: London (Oval), United Kingdom Type: Full-time. Office-based. 👋 I’m Oren, Co-founder of Zen Educate We’re looking for a VP of Sales to join our leadership team as part of our next chapter of growth in the UK. If you love turning chaos into clarity and are deeply passionate about solving real world problems that everyone around the dinner table would love “someone to solve”, then keep read","consulting_professional_services","high"
"89","dsj-global","linkedin","40","Continuous Improvement Manager | Production Manager | Quality Engineer | Senior Controls Engineer | Capital Project Manager","Exciting Opportunity: Fortune 500 Company in Chicago, Illinois, Seeks a Principal Electrical Engineer to sit in their Chicago, Illinois location. If you're looking to make a significant impact in a dynamic and innovative environment, this could be the perfect opportunity for you. Principal Electrical Engineer: $135,000-$185,000 + 12% Bonus + stock equity Day to Day of the role: Perform preventive ","consulting_professional_services","high"
"90","hcltech","linkedin","40","Service Delivery Director | Python Automation Engineer (AutoCAD/SolidWorks) | BMC Firmware Engineer | Delivery Director for Digital Business Services | Information Technology Manager @ Remote","strategy and roadmap, Automation assets, Developing virtual services / models using Service Virtualization tool, Working in Agile Release Train (ART) and guide the team to perform more automation in each scrum level, Troubleshooting of automation scripts and should come-up with quick resolution of script related issues, Reporting dashboards that helps project stakeholders to keep informed about th","consulting_professional_services","high"
"91","malt","lever","40","Account Executive SMB | Alternance - Field Marketing and Events | Apprenticeship - People Operations (September 2026) (12 months) | Bid & Proposal Manager | Brand Strategist","🪐 Discover our galaxy Join the Future of Work ! Malt is Europe's leading freelance marketplace, connecting over 850,000 talented freelancers with 90,000+ companies. Founded in 2013, we're transforming how work gets done through our tech-powered, human-centered platform. What makes us different: A diverse team of 600 Malters across 6 European countries A culture that champions equality (50% of our ","tech_software_internet","high"
"92","skinlaundry","greenhouse","40","Accounting Manager | Aesthetician/Assistant Laser Practitioner PT | Aesthetician PT | Aesthetic Registered Nurse | Controller","Location: Remote in the following states (CO,GA,TN,FL,TX,NV) Compensation: $120,000-$140,000 The Controller at Skin Laundry is responsible for leading and evolving the company’s &nbsp; accounting &nbsp; function into a highly controlled, scalable, and insight-driven operation. This role owns the integrity of financial reporting, the strength of internal controls, and the systems and processes that","healthcare_provider","high"
"93","cirquedusoleil","lever","39","Analyste – Systèmes Talent | Analyst – Talent Systems | Analyste principal - Sécurité Opérationnelle | Senior Analyst - Security Operati | Assistant Audio and MIT Technician – Blue Man Group North American Tour | Assistant Carpentry Technician – Blue Man Group North American Tour | Assistant Chef Électricien - ECHO | Assistant Head Electrician - ECHO","Stratège - Marketing intégré Ventes, marketing et communication Poste permanent/Temps plein Nous recherchons des personnes passionné(e)s par le bon déroulement de nos spectacles et événements, la conception de produits exceptionnels, la mise à profit de leur ingéniosité au sein de leur équipe et l’amélioration de leur expertise pour développer des pratiques novatrices. Le Groupe Cirque du Soleil m","media_entertainment","high"
"94","clean-harbors","linkedin","39","Central Profile Representative | Sales and Service Route Class B Driver *5K SIGN ON BONUS* | Driver Class A | Field Service Technician I | Field Service Technician I *EMERGENCY RESPONSE*","Job Description Clean Harbors in Salt Lake City, UT is seeking a Class A CDL Driver to operate a variety of heavy and light duty trucks/work equipment at our customer sites; some of the vehicles operated include vacuum trucks, Cuscos, guzzlers, and roll offs. This role is responsible for performing driving and non-driving duties on and off customer sites associated with hazardous waste clean-up. C","other","medium"
"95","instawork","greenhouse","39","Accounting Manager | Business Development Representative - Instawork Robotics | Claims Manager | Contractual || Field Engineering Technician | Contractual || Senior Recruiter","Instawork is on a mission to create meaningful economic opportunities for skilled hourly professionals in communities around the globe. Our AI-powered labor marketplace helps local businesses scale, and enables global technology companies to push the frontiers of robotics and AI. Backed by world-class investors like Benchmark, Spark Capital, Craft Ventures, Greylock, Y Combinator, and others, we’r","tech_software_internet","high"
"96","price-chopper-supermarkets-market-32","linkedin","39","Assistant Grocery Team Leader-Binghamton #237 | Evening Shift Supervisor - Full Time | Produce Clerk Fulltiime Hudson Valley Plaza Location | *Now Hiring! Part-Time Meat Cutter Bristol, CT Location - Experience Required* | *Now Hiring! Part-Time Cake Decorator Bristol, CT Location - Experience Required","Salary: $18.00- $22.50 Summary Provides fast, friendly, helpful and efficient service to all Price Chopper customers. Responsible for cutting all meat in accordance with trim specifications and guidelines. Ensures the quality and freshness of the meat products cut for display in the meat case to promote optimal opportunity for sales. Responsible for providing excellent customer service and courtes","retail_ecommerce","high"
"97","shipbobinc","greenhouse","39","2nd shift Lead Fulfillment Associate (Tuesday -Saturday, 3:45pm - 12:45am) | Account Executive - SMB | Area Manager, Fulfillment Operations | B2B Area Manager, Fulfillment Operations, Fri - Mo 11a-9p | Business Development Representative","As a member of the&nbsp;ShipBob&nbsp;Team, you will... &nbsp; Grow with an Ownership Mindset :&nbsp;We champion continuous learning and innovation.&nbsp;You'll&nbsp;take on real problems,&nbsp;create tangible&nbsp;solutions, and&nbsp;drive results that move the needle&nbsp;for&nbsp;ShipBob,&nbsp;our merchants, and for your own professional growth.&nbsp;If&nbsp;you're&nbsp;ready to do the most mean","transportation_logistics","high"
"98","adp","linkedin","38","Digital Sales Representative - Major Accounts | Digital Sales Representative - Global Accounts | Associate Client Support Consultant | Head of Enterprise Risk Management | Application Data Integration Specialist","ADP is hiring a Summer Sales Intern. Are you looking for real corporate experience at a Fortune 250 company? Do you want to make a valuable contribution to a business' success? Are you ready to join an energetic, collaborative team and experience an inclusive culture of belonging? If so, then this may be just the opportunity you've been searching for. Read on and see for yourself. As an Intern at ","tech_software_internet","high"
"99","bristol-myers-squibb","linkedin","38","Sr. Director, Network Operations | Senior Manager, Senior Principal Statistician | R1579713 Senior Therapeutic Area Specialist, Cardiovascular Community - 2-DAY JO | Senior Therapeutic Area Specialist, Neuro Psych (FAYETTEVILLE, NC) | Senior Therapeutic Area Specialist, Neuro Psych (HOUSTON E, TX)","Working with Us Challenging. Meaningful. Life-changing. Those aren't words that are usually associated with a job. But working at Bristol Myers Squibb is anything but usual. Here, uniquely interesting work happens every day, in every department. From optimizing a production line to the latest breakthroughs in cell therapy, this is work that transforms the lives of patients, and the careers of thos","healthcare_pharma_biotech","high"
"100","gainwell-technologies","linkedin","38","Call Center-REMOTE | Assistant Claims Examiner (Onsite Atlanta GA.) | Subrogation Services, Associate (Remote, USA) | Assistant Claims Examiner (Onsite Irving, Texas) | Organization Change Management (OCM) Specialist","Join our team at the Milwaukee Document Processing Unit as a Mailroom Clerk. In this dynamic role, you will be responsible for various tasks integral to the smooth operation of our document processing center. Your duties will include sorting and organizing incoming and outgoing mail, scanning and indexing documents into electronic case files, and providing face-to-face assistance to members. This ","tech_software_internet","high"
"101","inspyr-solutions","linkedin","38","Documentation Specialist | Product Experience Designer, EDU | Appian Product Manager | Mobile Application Architect | Technical Scrum Master","Title: Tax Accountant (Corporate) Location Options: Milwaukee, WI (1 day onsite) Duration: 8+ month contract (potential for conversion) Compensation: $30-$31/hour Requirement: US Citizen, GC Holder, or Authorized to work in the U.S. If you are interested and qualified, please apply or send your resume directly to Michelle at mnicolaus@inspyrsolutions.com. Responsible for the maintenance of tax rec","consulting_professional_services","high"
"102","ivxhealth","greenhouse","38","Area Sales Manager | Business Applications Engineer | Business Development Manager | Business Development Manager - IVIG | Business Development Representative","Area Sales Manager – California Join IVX Health and Help Shape the Future of Infusion Care IVX Health is looking for a driven Area Sales Manager to support our Northern and Southern California market. If you're a healthcare sales leader ready to make a meaningful impact, let’s talk.&nbsp; Note: Strong preference for candidates who are currently located in Southern California. What You’ll Do As the","healthcare_provider","high"
"103","landor","greenhouse","38","3D Design Co-Op | 3D Designer | Artworker | Business Development (stagiaire) | Candidature spontanée","Landor is looking for a Designer to join our New York studio. Could this be you? We are Landor, part of WPP. World-leading brand experts,&nbsp; underpinned by the most expansive strategic &amp; creative capabilities in our category. We make brands more valuable and less vulnerable. We build brands differently. We work with our clients to define and solve their business problems through the lens of","consulting_professional_services","high"
"104","myriad360","greenhouse","38","Account Executive- Atlanta, GA (Remote) | Account Executive- Columbus, OH (Remote) | Account Executive- Detroit (Remote) | Account Executive- Indianapolis, IN (Remote) | Account Executive- Knoxville (Remote)","Who You Are You are a seasoned infrastructure leader with deep expertise across AI, ML, and HPC platforms. And has a proven ability to operate confidently at both the executive and architectural levels. You bring a strong systems-thinking mindset, with hands-on understanding of compute, GPU acceleration, storage, networking, and virtualization in integrated environments.&nbsp; You are equally comf","consulting_professional_services","high"
"105","sofarsounds","lever","38","Audio Engineer | Curator, Stuttgart (freelance independent event production, revenue-share) | Curator, Warsaw (freelance independent event production, revenue-share) | Freelance Curator, Cork (contract, revenue share) | Freelance Event Curator & Promoter (freelance, revenue share only)","While this role is hybrid, candidates must be based in the designated city. About Us Born in a London flat in 2009, Sofar began as an answer to a growing problem: live music had lost its magic. It blossomed into a global movement that kept music at its heart while expanding to comedy, singles, dance, and more — all connected by Sofar's renowned track record for discovering rising talent. Countless","media_entertainment","high"
"106","unifirst-corporation","linkedin","38","Decontamination Technician/General Laborer - UniTech | Production Team Partner - Washroom Operator - UniFirst | Production Team Partner - Soiled Linen Sorter - UniFirst | Production Team Partner - Garment Sorter & Shipper - UniFirst | Maintenance Technician II - UniFirst","The Central AR Analyst serves as an integral member of a quality and service-driven Financial Operations team whose focus ensures the timely and accurate processing of Cash Application reporting, data analysis and related tasks as requested by senior management . This position requires an individual who possesses AR and large data set analysis skills and experience within financial support models ","consulting_professional_services","high"
"107","cpisecurity","greenhouse","37","Charleston New Home Security Sales Representative | Charleston Residential Installation Technician | Charleston Residential Service Technician | Chief Revenue Officer | Collections Agent","Summary: CPI Security, in Charlotte, NC, is looking to hire a full-time Product Owner located in office at our corporate headquarters. The Product Owner is responsible for &nbsp;maximizing the value delivered by the product development team by defining and prioritizing the product backlog. Acting as a bridge between stakeholders and the development team, the Product Owner ensures that the team del","other","medium"
"108","salesforce","linkedin","37","Tableau Alliances - Partner Account Manager | Senior Analyst Benefits Management & Design | Mulesoft Signature Success Sales Specialist | Analyst Program Insights & Data Visualization | Tableau Signature Success Sales Specialist","To get the best candidate experience, please consider applying for a maximum of 3 roles within 12 months to ensure you are not duplicating efforts. Job Category Marketing & Communications Job Details About Salesforce We’re Salesforce, the Customer Company, inspiring the future of business with AI+ Data +CRM. Leading with our core values, we help companies across every industry blaze new trails and","tech_software_internet","high"
"109","sanofi","linkedin","37","HEVA Publications Lead | Medical Science Liaison- Pulmonary- Metro Atlantic (NY, NJ, PA, DE) | Regulatory Strategist - Associate Director | Key Account Manager - Boise (ID, MT) | Executive MSL, Rheumatology - West Region","[Category: Accounting / Financial Accounting & Reporting] About the job At Sanofi Consumer Healthcare, we have one overarching mission - to work passionately, challenging ourselves and our industry every day, to drive what we believe is the next health revolution: evolving from simply serving consumers, to helping people help themselves - bringing “Health in Your Hands”. We are building trusted & ","healthcare_pharma_biotech","high"
"110","world4822stri986des","greenhouse","37","Accounts Payable Associate | Airport Experience Coordinator: Chicago, IL (ORD) | Airport Experience Coordinator: DC, MD, & VA (DCA, BWI, & IAD) | Airport Experience Coordinator: Williamsburg & Richmond, VA (ORF & RIC) | Digital Experience Specialist","Company Introduction WorldStrides&nbsp;is the global leader in educational travel and experiential learning. The company was founded in 1967 to provide middle school travel programs to Washington, D.C. and has grown to provide a wide range of programs for more than half a million students annually to over 100 countries around the world. WorldStrides offers experiential learning programs in educati","transportation_logistics","low"
"111","axogen","greenhouse","36","Accounts Payable Specialist | Area Sales Manager - Central Illinois | Area Sales Manager - Manhattan South | Area Sales Manager - Seattle, WA | Area Sales Manager - Syracuse, Rochester, and Buffalo","Axogen is committed to building and maintaining a strong and gratifying company culture that fosters professional growth. Our hands-on and personal approach makes transitioning to a new job a seamless and enjoyable process. Most benefits are effective on day one!&nbsp;&nbsp; Axogen is an equal opportunity employer and does not discriminate against applicants on the basis of race, color, creed, rel","healthcare_devices","high"
"112","cas","ashby","36","Talent Admin (Philippines) | US Accountant (Latin America) | US Tax Accountant (Latin America) | Executive Assistant (Philippines) | US Accountant (South Africa)","CAS uses intuitive technology, unparalleled scientific content, and unmatched human expertise to help companies create groundbreaking innovations that benefit the world. As the scientific information solutions division of the American Chemical Society, CAS manages the largest curated reservoir of scientific knowledge, and for 117 years, has helped innovators mine, assess and apply that information","consulting_professional_services","high"
"113","enova","greenhouse","36","Asset Liability Management Associate (Hybrid) | Assistant General Counsel, Litigation (Hybrid) | Business Compliance Associate | Business Operations Associate (Hybrid) | CashNetUSA Customer Service Representative (Remote)","We are interested in every qualified candidate who is eligible to work in the United States. However, we are not able to sponsor visas or take over sponsorship at this time. About the Role: As a Business Operations Associate within the NetCredit Business Unit, you will serve as a strategic architect of our operational integrity. You will be responsible for the design, oversight, and continuous mai","finance_fintech","high"
"114","iwoca.co.uk","ashby","36","Account Executive | Customer Success Advisor | Senior Business Development Executive | Account Manager (m/f/d) | Collections & Recoveries Advisor","The company Small businesses move fast. Opportunities often don’t wait, and cash flow pressures can appear overnight. To keep going, and growing, SMEs need finance that’s as flexible and responsive as they are. That's why we built iwoca. Our smart technology, data science and five-star customer service ensures business owners can act with the speed, confidence and control they need, exactly when i","finance_fintech","high"
"115","lambda","ashby","36","Data Center Technical Program Manager | Senior Site Reliability Engineer - Observability | Engineering Manager - AI Cloud Platform | Security GRC Analyst | Accounts Payable Accountant","Lambda, The Superintelligence Cloud, is a leader in AI cloud infrastructure serving tens of thousands of customers. Our customers range from AI researchers to enterprises and hyperscalers. Lambda's mission is to make compute as ubiquitous as electricity and give everyone the power of superintelligence. One person, one GPU. If you'd like to build the world's best AI cloud, join us. *Note: This posi","tech_software_internet","high"
"116","mewah-group","jobstreet","36","Assistant Manager, Risk Department | Regulatory Affair | Executive, Payment | Senior Executive, Risk Management | IT Professional - Digital Innovations","[Category: Information & Communication Technology / Business/Systems Analysts] With over 60 years of experience, our Company is one of the Asia’s largest state-of-the-art edible oil refineries. As part of our expansion and sustainable plans, we invite dynamic and highly motivated individuals to join us Responsibilities To be part of our IT team, you are expected to understand the end-user business","agriculture_food_production","high"
"117","orchestra","greenhouse","36","Account Coordinator, Public Affairs | Account Director, PR and Influencer (Beauty & Lifestyle) | Account Executive, Public Affairs | Account Executive, Public Relations | Account Supervisor, Financial and Corporate Communications","ABOUT CIVITAS Civitas Public Affairs Group, an Orchestra company, is a values-based public affairs firm that delivers winning advocacy campaigns for our clients and the communities they serve. We enlist experts, leverage relationships, and build coalitions to address some of the most pressing political and societal challenges of our day, including climate change, protecting our democracy, reproduc","consulting_professional_services","high"
"118","pathrobotics","greenhouse","36","Customer Success Manager, Defense | Deployment Engineer | Electrical Engineer | Electrical Hardware Engineer – PCB & Electrical Systems | Executive Assistant","Build the Path Forward At Path Robotics, we’re building the future of embodied intelligence. Our AI-driven systems enable robots to adapt, learn, and perform in the real world closing the skilled labor gap and transforming industries. We go beyond traditional methods, combining perception, reasoning, and control to deliver field-ready AI that is risk-aware, reliable, and continuously improving thr","manufacturing","high"
"119","sentilink","ashby","36","Channel Partnerships Manager, Fraud & Identity | Enterprise Account Executive, Financial Services | National Account Executive, Intercept | Infrastructure Engineer (Experienced/Senior+ Levels) | Strategic Account Executive, Financial Services","SentiLink provides innovative identity and risk solutions, empowering institutions and individuals to transaction with confidence. We’re building the future of identity verification in the United States replacing a clunky, ineffective, and expensive status quo with solutions that are 10x faster, smarter, and more accurate. We’ve seen tremendous traction and are growing extremely quickly. Our real-","tech_software_internet","high"
"120","siteone-landscape-supply","linkedin","36","Customer Sales & Service Rep I/ Driver – Bilingual Preferred (English/Spanish) | Nursery Department Manager | Customer Sales & Service Rep I – Bilingual Preferred (English/Spanish) | Customer Sales & Service Rep I | Shipper/Receiver","Company Overview SiteOne associates are customer obsessed, always safe, continuously improving, and having fun! Whether you are experienced in the green industry, a professional looking for a career change, or a new graduate or veteran transitioning into the workforce, we are confident you will find opportunity and reward with SiteOne. SiteOne Landscape Supply is the largest and only national whol","real_estate_construction","medium"
"121","skillzinc","greenhouse","36","Associate Backend Engineer | Business Development Associate, Brand & Creator Partnerships | Business Development Associate, Distribution Partnerships | CEO, Beamable | Chief Revenue Officer","About The Job&nbsp; Reporting into the Chief Accounting Officer, the Controller will play a key role in leading and scaling the accounting infrastructure and processes at Skillz. The ideal candidate is a motivated leader with strong experience in operational accounting and has the ability to thrive in a high-growth environment. This role will be hands-on, interacting and collaborating with FP&amp;","gaming","high"
"122","bird","greenhouse","35","City Operations Manager - (NYC) | Community Partnership (SPIN), Nashville, TN | E-Scooter Field Operations Specialist - Newark, NJ | Fleet Manager - Memphis, TN (Contract) | Fleet Manager - Penticton, Canada (Contract)","Hey there! Bird launched micromobility. Now we’re shaping its future. We’re Bird, and we’re on a mission to&nbsp; transform the way the world moves one ride at a time . Our products, services, and people share one common goal: to make cities more livable by empowering people and communities everywhere to move freely, discover new possibilities, and create a cleaner, more connected future. To clean","transportation_logistics","high"
"123","dynetherapeutics","greenhouse","35","Associate Director, Commercial Insights and Analytics | Associate Director, Formulation and Drug Product Development | Associate Director, Oligonucleotide Development | Associate Director, Omnichannel Enablement | Associate Director, Regulatory CMC","Company Overview: Dyne Therapeutics is focused on delivering functional improvement for people living with genetically driven neuromuscular diseases. We are developing therapeutics that target muscle and the central nervous system (CNS) to address the root cause of disease. The company is advancing clinical programs for Duchenne muscular dystrophy (DMD) and myotonic dystrophy type 1 (DM1) as well ","healthcare_pharma_biotech","high"
"124","moss","ashby","35","Customer Service Specialist - German / English (f/m/d)– incl. Second Level Suppo | Customer Success Manager (f/m/d) | Business Development Representative (f/m/d) | Senior Front-End Engineer (f/m/d) | Account Manager (f/m/d)","At Moss, we give finance professionals the power to automate their day-to-day and make forward-thinking decisions. Our team and culture make us unique — we’re driven by impact and growth, where every one of us strives to learn and excel. Recognised by Sifted’s Rising 100 and LinkedIn's Top Startups , we’re here to help propel your career and together, make Moss a lasting success. Join our Tax & Ac","finance_fintech","high"
"125","pagerduty","greenhouse","35","Account Executive (US) | Account Manager- Dallas, TX | Account Manager- DC | Account Manager- Denver | Account Manager- San Francisco","PagerDuty (NYSE:PD) is a leader in Digital Operations Management. In an always-on world, organizations of all sizes trust PagerDuty to help them deliver a perfect digital experience to their customers, every time. Teams use PagerDuty to identify issues and opportunities in real time and bring together the right people to fix problems faster and prevent them in the future. Over 13,000 organizations","tech_software_internet","high"
"126","pathful-inc","linkedin","35","Volunteer Virtual Classroom Speaker (How do I become a diesel mechanic?) | Volunteer Virtual Classroom Speaker (Career Path to becoming An: Architect) | Volunteer Virtual Classroom Speaker (Electric Guitar ) | Volunteer Virtual Classroom Speaker (Childcare) | Volunteer Virtual Classroom Speaker (5th Grade Passion Project: Poverty/hunger a","The volunteer opportunity below is a request from an educator for you to interact with his or her classroom. The interaction is virtual so as long as you have a good internet connection and computer or device with a camera, you can participate from anywhere. The goal of the interaction is to bring real world application, professional experience and relevance to what the educator is teaching. Once ","tech_software_internet","medium"
"127","solace","ashby","35","Lead Advocate | Executive Assistant | Data Engineer | Telehealth Physician (Remote) | Operations Associate","About Solace Healthcare in the U.S. is fundamentally broken. The system is so complex that 88% of U.S. adults do not have the health literacy necessary to navigate it without help. Solace cuts through the red tape of healthcare by pairing patients with expert advocates and giving them the tools to make better decisions—and get better outcomes. We're a Series C startup, founded in 2022 and backed b","healthcare_provider","high"
"128","varsity-tutors-a-nerdy-company","linkedin","35","Marietta Middle School English Tutor | Math (in French) Tutor - Remote/Work from Home | St. Paul Middle School Tutor | Miami AP Physics 1 Tutor | Skokie Series 65 Tutor","Wichita IB Mathematics: Analysis and Approaches Tutor Jobs The Varsity Tutors platform has thousands of students looking for online IB Mathematics: Analysis and Approaches tutors nationally and in Wichita. As a tutor who uses the Varsity Tutors platform, you can earn good money, choose your own hours, and truly make a difference in the lives of your students. Why join our platform? Enjoy competiti","education_k12","high"
"129","coatesgroup","lever","34","Commercial Legal Counsel | Director, Business Process Re-Engineering | Director, Delivery | Director, Engineering | Director, McDonald's Global Account","Be Part of Our Next Chapter For over almost 60 years, our solutions have enabled impactful connections between some of the world’s leading brands and their customers. And while we’ve already done a lot of work we’re proud of, we’re just getting started! We’re a global technology company focused on creating dynamic, smart, personalised and engaging customer experiences powered by our range of digit","tech_software_internet","high"
"130","dutch-lady-milk-industries-berhad","jobstreet","34","Supply Chain Finance Assistant Manager | OT Technical Engineer | Technical Specialist | Distribution Management System Specialist (1 year contract) | Business IT Analyst","[Category: Engineering / Process Engineering] This position will be based in Bandar Enstek, Negeri Sembilan. This is an internship role under Process Technologist supervision to initiate develop, test and optimize (new or improved) processes, track deviations from standards and ensure compliance to quality standards, in line with the applicable SHE&Q and operations guidelines. Job Responsibilities","consumer_brands","high"
"131","hlmg-management-co-sdn-bhd","jobstreet","34","Preventive Maintenance Section Manager | Assistant engineer (RoHS compliance) | Customer Quality Engineer (CQE) | EOL Engineer | Engineer Mechanical","[Category: Accounting / Accounts Receivable/Credit Control] Job Description Perform quantitative and qualitative credit risk assessment on new and existing credit applications; Ensure the compliance of credit policies by the subsidiary applicants and processes according to the group credit control procedures and policies; Monthly review on subsidiary companies’ debtor ageing reports and monitor th","manufacturing","high"
"132","hotmartcareersbr","greenhouse","34","Account Executive Sr | Customer Success | Account Manager | Customer Success | Analista de Parcerias Estratégicas Pleno | Analista Sênior de SEO | Analytics Engineer Senior","Nossa história Impactar desde o dia um. Foi com essa certeza que João Pedro Resende e Mateus Bicalho fundaram a Hotmart em 2011. Nascemos como uma startup e hoje somos uma empresa global de tecnologia, que entrega um ecossistema completo de soluções seguras e integradas para quem deseja criar, vender e escalar negócios digitais. E o melhor de tudo? Estamos só começando. De cursos que mudam vidas a","tech_software_internet","high"
"133","invivyd","greenhouse","34","Associate Director, Contracts Counsel | Associate Director, Drug Substance Process Development | Director, Ethics and Compliance | Director/Senior Director, Biostatistics | Field Reimbursement Manager, Midwest","ABOUT US There are more than 9 million immunocompromised people in the United States. Almost half a million of those represent a population that are moderately to severely immunocompromised and at highest risk for severe COVID-19, including stem cell and solid organ transplant patients as well as those with hematologic cancers. At Invivyd, Inc., we take those numbers very seriously and we come to ","healthcare_pharma_biotech","high"
"134","project44","greenhouse","34","Business Analyst - UKG | Business Application Manager | Chief of Staff to the CEO | Customer Success Manager | Customer Support Specialist","&nbsp; &nbsp; &nbsp; Why project44? &nbsp; &nbsp; At project44, we believe in better. &nbsp; &nbsp; We challenge the status quo because we know a better supply chain isn’t just possible—it’s essential. Better for our customers. Better for their business. Better for the world.&nbsp; &nbsp; With our Decision Intelligence Platform, Movement , we’re redefining how global supply chains operate. By tran","tech_software_internet","high"
"135","raymond-james","linkedin","34","Branch Intern (Decatur, IL) | Branch Intern (Westport, CT) | Client Service Associate-Beverly Hills, CA | Client Service Associate- Muskegon, MI | Compliance Manager, IT Security Auditing","Hybrid Work Environment: 40% in-office and up to 60% work-from-home, if desired. Must live within commutable distance from our home office. Job Summary: As a member of the Business Process Improvement (BPI) team, the Process Analyst plays a key role in projects to develop automated solutions for targeted processes. Working under limited supervision and with a high level of autonomy, this individua","finance_banking","high"
"136","selkirksport","greenhouse","34","Academy Coach / Technical Brand Representative | B2B Sales and Accounts Manager (Vietnam - Hanoi) | B2B Sales and Accounts Manager (Vietnam - Ho Chi Minh) | Consumer Apps Division Lead (Product Focus) | Customer Service Representative (Malaysia)","About Selkirk Sport At Selkirk Sport, we’re passionate about pushing the boundaries of pickleball innovation. Our mission is to Fuel the Pickleball Obsession by creating the sport’s premier products and ecosystem. As a leading global brand in premium pickleball equipment, we’re expanding our international presence and seeking top-tier talent to support our growth in the U.S. and abroad. We pride o","consumer_brands","high"
"137","teecom","lever","34","Associate - Audiovisual | Associate - Security | Associate - Telecom | Associate - Telecom/WiFi – Multi Discipline | Associate Principal - Audiovisual","About the Team TEECOMlabs is an in-house research group dedicated to testing, developing, and recommending technology that will inform TEECOM's design and engineering solutions. We’re a close-knit group that enjoys working together to solve interesting challenges. With a focus on learning and growth, our team works hard to better ourselves and explore opportunities for experimentation in the AEC (","consulting_professional_services","high"
"138","weinsteinproperties","greenhouse","34","Assistant Property Manager | Business Intelligence Developer | Groundskeeper | Leasing Consultant | Leasing Consultant - Part Time","We have a fantastic Porter opportunity available! Weinstein Properties, headquartered in Richmond, Virginia owns and manages over 60 apartment communities in Virginia, North Carolina, Texas, Tennessee, and Georgia. Still owned and operated by the Weinstein family after 70+ years, our continued success is attributed to our hands on approach to daily operations and our focus on the customer experien","real_estate_construction","high"
"139","airswift","linkedin","33","Principal Substation Engineer | Commissioning Manager | Environmental Specialist | Service Consultant | Environmental Compliance Specialist","Airswift is looking for an Electrical Planner to work with a major company on a 12-month contract in Lima, OH Schedule: 7 AM – 3:30 PM The Electrical Maintenance Planner is responsible for reviewing, estimating, purchasing, and keeping a record of all work requests, which includes requests for labor, tools, material and equipment. This position plays a fundamental role in planning work activities,","consulting_professional_services","high"
"140","ibm","linkedin","33","Business Sales & Delivery Executive - SAP | Product Manager | Package Consultant-Industry Packages | Middleware Administrator, Radford, VA | Project Manager- CDC Expert","699158BR Introduction At IBM, work is more than a job - it's a calling: To build. To design. To code. To consult. To think along with clients and sell. To make markets. To invent. To collaborate. Not just to do something better, but to attempt things you've never thought possible. Are you ready to lead in this new era of technology and solve some of the world's most challenging problems? If so, le","consulting_professional_services","high"
"141","idme","greenhouse","33","Account Executive, Communities - Northern California | Account Executive, Healthcare | Account Executive, Workforce Identity East | Account Executive, Workforce Identity West | Account Manager, Communities_Eastern USA","Company Overview ID.me is the next-generation digital identity wallet that simplifies how individuals securely prove their identity online. Consumers can verify their identity with ID.me once and seamlessly login across websites without having to create a new login and verify their identity again. Over 152 million users experience streamlined login and identity verification with ID.me at 20 federa","tech_software_internet","high"
"142","ignitedigital","greenhouse","33","Acquisition Management Support I | Acquisition Management Support II | Acquisition Management Support III | Acquisitions Specialist | Automation Architect Enterprise COE Lead","Ignite Digital enables national security agencies to accelerate decisions, elevate operational outcomes and achieve the outsized performance only an inside partner can deliver. &nbsp; We combine mission experience, domain knowledge and technology&nbsp;expertise&nbsp;with the things partners can only know by being there every day. When agencies need a combination of tech and touch, Ignite Digital c","consulting_professional_services","high"
"143","picarroinc","greenhouse","33","Account Manager – EMEA (Scientific Instrumentation) | Electrical Engineer | Field Application Scientist, Netherlands | Field Application/Technical Support Engineer | Field Engineer - I&E Specialist","Electrical Engineer Board Design, Flow Control, Firmware Development, Schematic, Microcontroller We are seeking a skilled Electrical Engineer to join our team, specializing in board design, flow control, firmware development, schematic creation, and microcontroller integration. The ideal candidate will be responsible for designing and developing printed circuit boards (PCBs), creating and interpre","manufacturing","high"
"144","technologyadvice","greenhouse","33","Accountant | Account Director | Account Director (AU) | Account Director, New Business | Account Director (SG)","Hi, we’re TechnologyAdvice. At TechnologyAdvice, we pride ourselves on helping B2B tech buyers manage the complexity and risk of the buying process. We are a trusted source of information for tech buyers, delivering advice and facilitating connections between our buyers and the world’s leading sellers of business technology.&nbsp; Headquartered in Nashville, Tennessee, we are a remote-first compan","consulting_professional_services","high"
"145","the-walt-disney-company","linkedin","33","Sr Manager, Business Development | Cosmetology Manager - Temporary Assignment (TA)/Project Hire (PH) | Disney Cruise Line Revenue Management Analyst | Sr Data Scientist | F&B and Sales Cast Member Roles at the Morocco Pavilion at EPCOT","“We Power the Magic!” That’s our motto at Disney Parks, Experiences and Products Technology & Digital. Our team creates world-class immersive digital experiences for the Company’s premier vacation brands including Disney’s Parks & Resorts worldwide, Disney Cruise Line, Aulani, A Disney Resort & Spa, and Disney Vacation Club. We are responsible for the end-to-end digital and physical Guest and Cast","media_entertainment","high"
"146","brightonjones","lever","32","Advisor - Atlanta | Advisor - Chicago | Advisor - Dallas | Advisor - Los Angeles | Advisor - Morristown","Ready to make a meaningful impact? At Brighton Jones, we’re a purpose-driven, client-focused team committed to helping individuals live richer lives. As one of the largest RIAs in the nation, we’ve built a culture of continuous growth, collaboration, and community—recognized with 15 consecutive “Best Places to Work” awards including Inc.com’s 2025 list, as well as national honors for community imp","finance_banking","high"
"147","burga","lever","32","Accountant | Chief Operating Officer (COO) | Content Creator | Creative Strategy Team Lead | Data / Business Insights Analyst","ABOUT BURGA From a 7m² flat with just one printer in 2015 to a global powerhouse with 4+ million customers, 12+ million products sold, and revenue of over $147 million in 2025 - BURGA is not your average brand. Our products have been spotted with some of the world’s biggest celebrities, like Taylor Swift, Cara Delevingne, Lucy Hale, Alexis Ren, and many more. We're on a mission to turn ordinary in","consumer_brands","high"
"148","imaginepediatrics","greenhouse","32","Acute Care Pediatric Advanced Practice Provider | Acute Care Pediatrician (Pediatric ER or Urgent Care) | Associate Actuary | Behavioral Health Care Coordinator | Bilingual Pediatric Registered Nurse","Who We Are Imagine Pediatrics is a tech enabled, pediatrician led medical group reimagining care for children with special health care needs. We deliver 24/7 virtual first and in home medical, behavioral, and social care, working alongside families, providers, and health plans to break down barriers to quality care. We do not replace existing care teams; we enhance them, providing an extra layer o","healthcare_provider","high"
"149","micron-technology","linkedin","32","Supply Chain Inventory Optimization Engineer | Wet Process Development Engineer - DRAM/EM | Category Supplier Manager, Global Tool Install | R&D CMP Process Development Engineer | Advanced Packaging Distinguished Member of Technical Staff or Fellow","Our vision is to transform how the world uses information to enrich life for all. Micron Technology is a world leader in innovating memory and storage solutions that accelerate the transformation of information into intelligence, inspiring the world to learn, communicate and advance faster than ever. Job Description As a Process Engineer you will be primarily responsible for starting up, developin","tech_hardware_semiconductors","high"
"150","moo","lever","32","Account Executive | Account Manager | Artworker | Assembly Operator (1st Shift) | Category Management & Pricing Analyst","MOO set out to shake up the world of print back in 2006. And we’ve come a long way since. Today we’re a 400 + strong team (we’re thinking of getting matching jackets) who create print and digital products for companies of all sizes – from Google and AirBnB to the guy who makes those amazing prints you found at a craft fair. Our global HQ is in London, UK, while we also have premises in Dagenham. I","retail_ecommerce","high"
"151","reltio","greenhouse","32","AI Engineer - Full-Stack & Applied UI | Business Development Rep | Customer Architect | Customer Engineer | Customer Success Manager","At Reltio®, an SAP Company, we believe data should fuel your success in the enterprise AI era. Our&nbsp; Context Intelligence Platform turns fragmented data into a trusted, connected context so AI agents and systems can act with expert-level judgement at enterprise scale. Reltio’s cloud-native SaaS platform harmonizes, unifies, and governs data across sources and formats—including unstructured dat","tech_software_internet","high"
"152","sosafe","ashby","32","Corporate Account Executive DACH (m/w/d) | Technical Program Manager | Team Lead Customer Success - French speaking | Future Sales Community @SoSafe – Talent Pool für SDRs (m/w/d) | Customer Success Manager (m/w/d)","SoSafe has the ambition to become the leading human risk management provider in Europe. Our award-winning awareness platform triggers behavioural change by providing effective and engaging training and simulations on cybersecurity and data protection. Cybercrime is costing the world >$10 trillion annually and growing by 15% p.a. - we invite you to be part of the solution! Here's how you'll make a ","tech_software_internet","high"
"153","yyc-group","jobstreet","32","Associate, Audit (Johor) | Senior Audit | Associate, Accounts & Tax | Accounts Associate (Bukit Mertajam) | Tax Manager","[Category: Design & Architecture / Graphic Design] YYC is looking for creative Graphic Designer to plan the overall layout and production design for advertisements, brochures, magazines, and videos. Job Responsibilities Determine the design to convey the intended message to consumers. Create images that identify a product or convey a message and develop graphics for product illustrations, logos, a","consulting_professional_services","high"
"154","aldi-usa","linkedin","31","Sustainability Specialist - Deforestation, | Full-Time Store Manager Trainee, | Receptionist/Clerk, | Finance Project Coordinator II, | Recruitment Marketing Supervisor,","Behind every great deal at ALDI are people working to bring it all together. Our team of administrative professionals tackle the ins and outs of running a well-oiled business as they collaborate and support the operations of our National Services & divisional offices. And that helps our network of stores and warehouses run smoothly. Ready to join a team dedicated to making the ALDI Difference? In ","retail_ecommerce","high"
"155","alliancedefendingfreedom","greenhouse","31","Accounts Payable Specialist | Administrative Assistant II (Comms & PR) | Alliance Membership Manager | Blackstone Professional Development Specialist | Communications Project Coordinator","Make a difference with us! At Alliance Defending Freedom, we believe God has brought you here for His purpose—to stand for truth and defend the God-given right to live and speak it. Together, we protect religious freedom, free speech, the sanctity of life, marriage and family, and parental rights. Review our Statement of Faith to ensure we’re a fit for you. Locations: Scottsdale, AZ / Lansdowne, V","nonprofit","high"
"156","bcipkg","lever","31","Account Executive | Account Executive - Central Illinois Region | Account Executive – Central Great Plains Regional Territory | Account Executive | PA, MD, DE, NJ | Assistant Controller","Position Purpose: BCI is looking for talented, passionate associates to join our Sales Trainee program. The Sales Trainee will be enrolled in our 12-18 month sales training program to prepare and equip the associate with the knowledge and skills in learning the corrugated packaging industry to become a part of our successful Account Executive team. Duties and Responsibilities: Tasks related to thi","manufacturing","medium"
"157","netlight","lever","31","Accounting Associate (Accounts Payable) | Amsterdam IT Consultant | Bid Manager - Sales & Growth | Business Controller (m/f/d) | Business Development & Sales (Copenhagen)","Come work with us Do you love supporting people’s growth and want to be part of an exciting learning culture? Are you a student interested in working in Learning & Development while gaining hands-on experience in a flexible role? We're looking for a Learning & Development Working Student to join our team in Munich! If you have a passion for organizing, building relationships, and contributing to i","consulting_professional_services","high"
"158","smart-it-frame-llc","linkedin","31","Information Technology Epic Beaker Application Analyst 2 | DevOps Manager | User Interface Architect | PEGA Solution Architect | Product Data Analysis with Data Mining and visualization","Hello Professionals,We are looking for a S4 Hana - Senior Business Analyst at San Jose, CA for a contract opportunity. Please find the below job description and apply for the job if you are interested. Role: S4 Hana - Senior Business Analyst Location: San Jose, CAHiring mode: Long term Contract Mandatory Skills:Implemented S4H – OCM (Optimized Contract Management) or CCM (Classic Contract Manageme","consulting_professional_services","high"
"159","sp-sp-plus","linkedin","31","Shuttle Driver DOT | Maintenance Porter - Driving | Cashier - Driving | Enforcement Officer | Special Events Attendant","Overview SP+ is driven by Our Promise, “Making Every Moment Matter for a World on the Go.” Our team understands that time is scarce, so we are intentional about putting ourselves in the shoes of those we serve. The result is a unique combination of talented people and industry-leading technology that enables SP+ to prioritize each and every moment, recognizing that the time colleagues, clients and","transportation_logistics","medium"
"160","xpengmotors","greenhouse","31","Agentic Infrastructure Engineer Intern | AI Agent Data Pipeline Intern | AI Intern – Scenario Analysis | AI Intern – VLA Deployment | Data Infrastructure Engineer","XPENG is a leading smart technology company at the forefront of innovation, integrating advanced AI and autonomous driving technologies into its vehicles, including electric vehicles (EVs), electric vertical take-off and landing (eVTOL) aircraft, and robotics. With a strong focus on intelligent mobility, XPENG is dedicated to reshaping the future of transportation through cutting-edge R&amp;D in A","automotive","high"
"161","creatoriq","ashby","30","Senior MLOps Engineer | Senior Technical Product Manager, Reporting | Senior Enterprise Account Executive | Senior Data Engineer, Reporting | Senior Customer Success Partner, Enterprise","CreatorIQ is the operating system for creator-led growth trusted by more than 1,300 global brands and agencies. We’re on a mission to make businesses more human, and humans more impactful. We operate by our values — be intentional, pursue excellence every day, embrace the journey together, and be a good human — every day. CreatorIQ has earned the title of best companies to work for in multiple pro","tech_software_internet","high"
"162","lvs1","lever","30","Account Executive | Account Manager | Accounts Receivable Analyst | Analyste de support technique global - Analyste bilingue français | Application Support Analyst","Long View. A career that helps you get more out of life. A Long View career helps you get more out of life. We don’t just say it, we prove it. Every day. We’re proud of our reputation as one of North America’s most dynamic IT providers — and we’re even prouder of our culture that allows our people to live life to its fullest. At Long View, we create an environment of collaboration and support, of ","tech_software_internet","low"
"163","oliverusa","greenhouse","30","ABM Lead | Account Manager | Account Supervisor | Art Director | Business Director","Established in 2004, OLIVER is the world’s first and only specialist in designing, building, and running bespoke in-house agencies and marketing ecosystems for brands. We partner with over 300 clients in 40+ countries and counting. Our unique model drives creativity and efficiency, allowing us to deliver tailored solutions that resonate deeply with audiences. &nbsp; As a part of The Brandtech Grou","consulting_professional_services","high"
"164","propitious-technologies-m-sdn-bhd","jobstreet","30","Application Support - MidasPlus | Midas Plus support Engineer | ECMS Support Engineer | FERMAT RCO & FERMAT RAY Support engineer | Application Support Engineer (Fermat RCO & Fermat RAY)","[Category: Information & Communication Technology / Programme & Project Management] Description Project Manager-Infra The Job Client management experience by contributing to infra delivery development and goals specified in the project charter. Single point of contact responsible for the support all technical infrastructure delivery for application projects, dotted line reporting to the ITPM for s","consulting_professional_services","high"
"165","strava","ashby","30","Senior Product Designer II | Senior Product Counsel | Senior Business Analyst | Engineering Manager, Identity Platform | Senior Technical Program Manager, Security","About This Role Strava is the leading digital community for active people with more than 120 million athletes, in more than 190 countries. The platform offers a holistic view of your active lifestyle, no matter where you live, which sport you love and/or what device you use. Everyone belongs on Strava when they are pursuing an active life. We are seeking data engineers to join our Data Platform te","tech_software_internet","high"
"166","usenourish","greenhouse","30","Area Sales Director, Midwest | Area Sales Director, Northeast | Business Recruiter | Engineering Manager | Go-To-Market Recruiter","About Us Nourish &nbsp;is on a mission to improve people’s health by making it easy to eat well. Nutrition-related chronic disease is the largest and most overlooked crisis in the world. Food can be medicine: working with a Registered Dietitian is one of the most effective interventions available, but &lt;1% of eligible Americans use their covered benefits. &nbsp; Nourish is building an AI-native,","healthcare_provider","high"
"167","activecampaign","lever","29","Account Executive 1 | Account Executive 2 | Commercial Counsel | Customer Experience Specialist - English | Customer Experience Specialist - German","We are seeking an experienced Data Architect to guide the design, modeling, and implementation of our customer data platform. As a Data Architect, you can translate business requirements into data management and technology requirements, strategy, principles, and architectures. In this role you will play a pivotal role in implementing scalable and performant solutions that unify data across multipl","tech_software_internet","high"
"168","aerotek","linkedin","29","Handyman-Apartment Renovations | CNC Machinist - Can Start ASAP! | Cnc Machinist | Fitter | Forklift Technician","HR/Field Operations Assistant - Memphis, TN Compensation: $20.19 per hour + monthly bonus potential up to $333Hours: Monday – Friday, 8:00am to 5:00pm Job SummaryThe HR/Operations Assistant is responsible for ensuring our contract employees and clients receive the highest level of service and support. They lead the charge from the time a job offer is accepted through the day a contractor starts th","consulting_professional_services","high"
"169","kelly-science-engineering-technology-telecom","linkedin","29","Quality Technician | Supply Chain Specialist | Laboratory Supervisor | Lathe Operator | Quality Control Technician","Kelly is hiring a Quality Technician for one of our clients in Portland, ME Temp to Hire3rd shift. Sun-Fri 9p-5a$24.00/hr + $1.00 shift differential Job Description:Monitors and ensures compliance to company adopted regulatory and industry accepted quality guidelines at the production level and at all times.Contributes to the maintenance and development of quality processes to ensure the growth an","consulting_professional_services","high"
"170","mitre","linkedin","29","Data Management Group Leader | USSTRATCOM Project Leader | Systems & Mission Engineer, Principal | Communications and Network Engineer - Early Career | Underwater Sensors Engineer - Early Career","Why choose between doing meaningful work and having a fulfilling life? At MITRE, you can have both. That's because MITRE people are committed to tackling our nation's toughest challenges—and we're committed to the long-term well-being of our employees. MITRE is different from most technology companies. We are a not-for-profit corporation chartered to work for the public interest, with no commercia","defense_aerospace","high"
"171","semperis","ashby","29","Solution Architect | Software Architect | Senior Software Engineer, Backend | Platform Engineering Team Lead | Solutions Architect","At Semperis, our mission is to be a Force for Good. Starting with being a great place to work. We believe that when people feel valued, supported, and empowered, they do their best work. That’s why we focus on creating an employee experience rooted in purpose, growth, and balance. Semperis has been recognized as one of America’s Fastest-Growing Cybersecurity Companies by the Inc. 5000, a DUNS 100 ","tech_software_internet","high"
"172","synchrony","linkedin","29","AVP, Client Services Manager | VP, Relationship Management | AVP, Sales Management | VP, High Risk Complaints Leader | VP, Controllership – Regulatory Reporting","E2401582 Job Description Role Summary/Purpose: This strategic and highly visible role requires an energetic, passionate leader with demonstrated ability to drive growth and change via a balanced focus on customers, people, process, and innovation. You will have the opportunity to develop two Account Sales Managers and partner cross-functionally with business leaders to grow the consumer credit por","finance_banking","high"
"173","cargill-holdings-malaysia-sdn-bhd","jobstreet","28","Sales Support Admin | BOSC Finance Analyst | Capital Accounting Senior Analyst | Customer Operations Specialist | Assistant Plant Manager","[Category: Information & Communication Technology / Networks & Systems Administration] Provide technical support and identify potential existing solutions to answer the brief and make recommendations on the development to be made following our formulation tool. Determine the requirements needed to achieve the solution like new raw material, new way of handling, new process, certification needed us","agriculture_food_production","high"
"174","commerceiq","greenhouse","28","Account Director | Associate Director, Managed Services | Customer Onboarding-Intern | Customer Success Manager | Customer Success Manager, Advertising","The Company CommerceIQ is building the AI platform that runs commerce for the world's largest brands. We are not selling AI demos. We are shipping AI agents for content, media, and sales into the workflows of the Fortune 100 every week. &nbsp; &nbsp; &nbsp; &nbsp; &nbsp; &nbsp; &nbsp; &nbsp; &nbsp; &nbsp; &nbsp; &nbsp; &nbsp; &nbsp; &nbsp; &nbsp; &nbsp; &nbsp; &nbsp; &nbsp; &nbsp; &nbsp; &nbsp; &n","tech_software_internet","high"
"175","fareharbor","greenhouse","28","Account Executive - Bilingual (Dutch) | Account Executive - Bilingual (Finnish) | Account Executive - Bilingual (German) | Account Executive - Bilingual (Italian) | Account Executive - Bilingual (Spanish)","About FareHarbor At FareHarbor, our mission is to make experiences better for everyone. Founded in 2013 in Hawaii and acquired by Booking Holdings in 2018, FareHarbor creates powerful tools that enable our clients (think boat rentals, museums, food tours, events and more!) to operate and grow. With over 20,000 clients across 90+ countries—we’re the largest in our industry and shaping the future of","tech_software_internet","high"
"176","greenworkssunriseglobalmarketing","greenhouse","28","Assembly Line Lead | Category Manager, Amazon | Director of Finance | Director of Sales, Walmart | Field Demo Specialist - Sacramento","&nbsp; Job Title:&nbsp;&nbsp;&nbsp;&nbsp;&nbsp;&nbsp;&nbsp;&nbsp;&nbsp;&nbsp; &nbsp;&nbsp;&nbsp;&nbsp;&nbsp;&nbsp;&nbsp;&nbsp;&nbsp;&nbsp;&nbsp;&nbsp;&nbsp;&nbsp;&nbsp;&nbsp;&nbsp;&nbsp;&nbsp;&nbsp;&nbsp;&nbsp;&nbsp;&nbsp;&nbsp;&nbsp;&nbsp;&nbsp; Quality Manager Title of Supervisor: &nbsp; &nbsp;&nbsp;&nbsp;&nbsp;&nbsp;&nbsp;&nbsp;&nbsp;&nbsp;&nbsp;&nbsp;&nbsp;&nbsp;&nbsp;&nbsp;&nbsp;&nbsp; Vice P","consumer_brands","high"
"177","gridware","lever","28","Compliance Engineer | Customer Success Manager | ML Infrastructure Engineer | Office Coordinator | People Partner","About Gridware Gridware is a San Francisco-based technology company dedicated to protecting and enhancing the electrical grid. We pioneered a groundbreaking new class of grid management called active grid response (AGR), focused on monitoring the electrical, physical, and environmental aspects of the grid that affect reliability and safety. Gridware’s advanced Active Grid Response platform uses hi","energy_utilities","high"
"178","ironmountainsolutions","greenhouse","28","Configuration Manager | Configuration Manager & Team Lead | Contract Administrator | Customer Service Representative | Customer Service Representative NMC","501660 Risk Manager Work Location:&nbsp;&nbsp;&nbsp;&nbsp;&nbsp;&nbsp;&nbsp;&nbsp;&nbsp;&nbsp;&nbsp; Huntsville, AL Schedule:&nbsp;&nbsp;&nbsp;&nbsp;&nbsp;&nbsp;&nbsp; &nbsp;&nbsp;&nbsp;&nbsp;&nbsp;&nbsp;&nbsp;&nbsp;&nbsp;&nbsp;&nbsp; Full Time 40 hours per week; 8 hours per day in office (remote work is not authorized) Relocation:&nbsp;&nbsp;&nbsp;&nbsp;&nbsp; &nbsp;&nbsp;&nbsp;&nbsp;&nbsp;&nbsp;","defense_aerospace","medium"
"179","pointdigitalfinance","greenhouse","28","Account Coordinator | Account Manager (Inside Sales) | Capital Formation Lead | Home Equity Closer | Inside Sales","&nbsp; 100% Remote About Point At Point, we’re on a mission to make homeownership more valuable and accessible for our customers. Collectively, we understand that homeownership is often a very long, highly unique, and individualistic journey. By unlocking the potential held within home equity, we help our homeowners gain financial flexibility, build debt resiliency, and accelerate their highly per","finance_fintech","high"
"180","rise","lever","28","Account Manager | Accounts Receivable Accountant | Associate Service Delivery Manager | Business Admin Intern | Business Administration Manager","RISE is on a mission to accelerate internet for the Philippines by providing excellent services and high-quality support to our business and wholesale partners. We focus on the efficiency of connectivity through initiatives like GetaFIX and Open Access Network, ensuring we maintain a benchmark for reliability and installation speed. Our culture is built on transparency and ownership, where team me","other","low"
"181","synergy-interactive","linkedin","28","Senior Visual Designer | Network Program Manager - Financial | Visual Designer | Principal Design Director | Vice President of Product Design","Seeking an experienced Business Analyst for a notable financial firm. This a 6.5 Month Contract and is Onsite 5 days week in Chicago. Requirements:• Proficient in data visualization tools such as Tableau, Power BI, or similar platforms.• Strong data aggregation and testing skills with a keen attention to detail.• Expertise in data analysis techniques and statistical methods.• Solid understanding o","consulting_professional_services","high"
"182","axicorpfinancialservicesptyltd","greenhouse","27","Application Services Lead | Application Support Engineer | Client Operations & Support Officer | Client & Partner Solutions Specialist | Client Success Specialist (Hindi)","Please note that we will only be able to accept candidates who have the appropriate rights and documentation for employment in Malaysia. Who We Are. Axi is a leading global provider of margin and deliverable Foreign Exchange, Contracts for Difference (CFDs), and Financial Spread betting. Our business has evolved into a world-class, multifaceted brokerage with offices in six regions. With heavy inv","finance_banking","high"
"183","bazaarvoice","lever","27","Account Director (Sales) - SMB | Account Director, Mid-Market | Account Executive, Central Europe | Account Executive, SMB | Enterprise Account Director, Retail","At Bazaarvoice, we create smart shopping experiences. Through our expansive global network, product-passionate community & enterprise technology, we connect thousands of brands and retailers with billions of consumers. Our solutions enable brands to connect with consumers and collect valuable user-generated content, at an unprecedented scale. This content achieves global reach by leveraging our ex","tech_software_internet","high"
"184","clearwayjobs","greenhouse","27","Associate, O&M Cost Strategy | Associate, Project Development | Control Center Lead | Evening Shift Wind Technician | General Application","What The Role Is Reporting to the Sr. Manager, Property Tax, the Tax Analyst will be responsible for the coordination of property tax returns for the Company and its subsidiaries. The Tax Analyst will also provide support with tax research and planning. The Tax Analyst will work with other members of the tax team and collaboratively with the accounting, business development, finance, asset managem","energy_utilities","high"
"185","coca-cola-bottlers-malaysia-sdn-bhd","jobstreet","27","Procurement Executive (Contract) | Facilities & HR Administration Lead | Transport Planner Executive | Finance Executive- Settlement (Contract) | Sales Team Leader","[Category: Sales / Other] Overview As a Sales Trainer, your role is to support business goals and build capabilities required by the commercial team to win with customers and shoppers, via training and development initiatives with objective to develop a highly competent, engaged and motivated commercial organization that delivers great results. Key Responsibilities Implement and execute sales trai","consumer_brands","high"
"186","dailypay","ashby","27","Business Development Manager | Business Development Representative | Senior Treasury Analyst | Large Enterprise Account Executive | Analyst I, Mission Control","About Us: DailyPay is transforming the way people get paid. As a worktech company and the industry’s leading on demand pay solution, DailyPay uses an award-winning technology platform to help America’s top employers build stronger relationships with their employees. This voluntary employee benefit enables workers everywhere to feel more motivated to work harder and stay longer on the job while sup","finance_fintech","high"
"187","dotmatics","greenhouse","27","Account Executive - Mid Atlantic U.S | Protein Metrics | Account Manager | Luma/ELN | Japan | Corporate Business Operations Manager | Customer Support Associate | Director, GTM Operations - Product Led Growth","Our Why At Dotmatics&nbsp; At Dotmatics, we believe science, data, and decision-making must be deeply intertwined for innovation to thrive.&nbsp; Our Portfolio includes Luma, LumaLab Connect, ELN Platform, Graphpad Prism, Geneious, SnapGene, Protein Metrics, OMIQ, FCS Express, LabArchives, NQuery, EasyPanel, MStar, SoftGenetics and Virscidian. We have a vision for a new Lab of the Future that will","tech_software_internet","high"
"188","goodjobgames","greenhouse","27","2D Animator, Studio | 2D Artist | 2D Artist, Marketing | 3D Animator, Marketing | 3D Artist","About us We were founded in 2017 with the motivation to reach people globally by giving them unique and unforgettable experiences with disruptive products. Our games have reached over 3.5 billion people. This could only be done by gathering exceptional talent and creating a culture to enhance team spirit and creativity. We are looking for passionate teammates to join our team! &nbsp; What you'll b","gaming","high"
"189","harrowhealth","greenhouse","27","Associate Director Marketing, Professional Education Portfolio | Brand Manager | Business Engagement Manager-Retina-Midwest | Business Engagement Manager-Retina-Southwest | Dry Eye Account Specialist-Bronx, Queens & Long Island","Before reading the job post, we encourage you to watch this video about our company. It gives you an inside look at how we started, the team and culture that made us successful, and where we're going. It's easy to read a job post and apply, but people often wonder about the culture and whether they would fit in. If you want to call Harrow your home and genuinely want to be part of a family and som","healthcare_pharma_biotech","high"
"190","itg-brands","linkedin","27","Sales Representative - Toledo, OH | Sales Representative - Stratton/St Clairsville OH | Sales Representative - Springfield Township, IL | Territory Sales Representative - Harleyville, SC (Summerville, Orangeburg, St. G | Sales Representative - Oklahoma City, OK","Who We Are ITG Brands is the third-largest tobacco company in the USA with offerings of some of the most well-known cigarette, cigar, and e-vapor brands. As a member of the globally recognized Imperial Brands PLC family, we are a forward-thinking partner with operational integrity. ITG Brands is committed to putting consumers at the center of what we do, while creating an innovative workplace that","consumer_brands","high"
"191","jetsupport","lever","27","Account Coordinator | Aircraft Enrollment Analysts | Aircraft Maintenance Analyst (AMA) | Aircraft Maintenance Analyst (Asia Pacific) | Aircraft Records Analysts","About JSSI Founded in 1989 and headquartered in Chicago, Jet Support Services, Inc. (JSSI) is the largest independent provider of hourly cost maintenance programs for business aviation. JSSI delivers comprehensive coverage for engines, airframes, and auxiliary power units (APUs) across more than 300 different aircraft makes and models, helping owners and operators stabilize maintenance budgets, ma","consulting_professional_services","medium"
"192","menasha-corporation","linkedin","27","Line Lead | Maintenance Technician | Production Operators | Quality Coordinator | Shipping Receiving Lead","Menasha Corporation Employees, please log-in to your Workday account to apply for positions. About Us (and Our Exciting Future) Menasha Corporation is all about possibilities. Our two businesses, Menasha Packaging and ORBIS Corporation, are leaders in their industries, providing corrugated and plastic packaging products and related services to major global companies. Our employees make the differe","manufacturing","high"
"193","meriton","greenhouse","27","Accounting Administrator, Accounts Payable | Accounting Administrator, Accounts Receivable | Accounting Manager | Business Unit Controller | Collections Specialist","Meriton is a national team of experts driving HVAC innovation through a network of high-performing companies. From strategy and support to systems and solutions, we work behind the scenes to strengthen operations and build value—for our partners and our people. If you’re looking to make an impact, we’re glad you’re here. At Meriton, you’ll join a team that believes in big ideas, doing great work, ","real_estate_construction","high"
"194","nexhealth","greenhouse","27","Account Executive | Account Manager - Enterprise | Demand Generation Leader | Engineering Manager, Business Systems & Tools | Engineering Manager - Synchronizer Core","About NexHealth Our healthcare system remains frustratingly analog. When you live in a world of one-tap car rides, instant meal delivery, and unlimited streaming, why do you still have to call to schedule a doctor’s appointment and fill out a clipboard in the waiting room? NexHealth’s mission is to accelerate innovation in healthcare by connecting patients, providers, and developers.&nbsp;We’re bu","tech_software_internet","high"
"195","packardculliganwater","greenhouse","27","Account Executive- No Experience Necessary | Bottled Water Plant Technician | Bozeman Route Delivery Driver | Branch Operations Manager | Business to Business Sales Representative - No Experience Necessary!","Fast Paced and Fun Work Environment! OFFICE MANAGER – GREAT BENEFITS and COMPETITIVE PAY! &nbsp; JOIN OUR THRIVING TEAM AS A CUSTOMER SERVICE/ OFFICE MANAGER – UNLEASH THE POWER OF GREAT BENEFITS AND COMPETITIVE PAY! Exciting news from Culligan of St. Louis! We are on the lookout for a dynamic individual to fill the pivotal role of Office Manager. Are you a seasoned Office Professional with a pass","consumer_brands","high"
"196","rillet","ashby","27","Accounting Success Manager | Staff Product Designer | Engineering Manager, Product Engineering | Manager, Deployment Team - Accounting Solutions | Product Manager","What We Do Rillet serves accounting and finance teams. Our customers are the financial brains of their companies. Our job is to help them run the numbers with impossible speed, accuracy, and insight. Rillet is an AI-native ERP that can drive a zero-day close. We are different because of our unified source-of-truth data model, hundreds of best-in-class native integrations (Stripe, Ramp, Salesforce,","tech_software_internet","high"
"197","AviveSolutions","lever","26","Account Manager (Alabama/Mississippi) | Business Development Representative (Northeast) | Business Systems Integration Engineer | Community Programs Specialist (Indiana/Illinois - Outside Sales) | Community Programs Specialist (Outside Sales - Colorado)","About Avive: Avive Solutions, Inc. (https://avive.life) is a growth stage Automated External Defibrillator (AED) company with a connected response system that is rapidly gaining market share. We are a mission driven team that is quite literally saving lives. Sudden Cardiac Arrest (SCA) is a leading cause of death in the United States, and we are on a mission to change that! We are a dynamic organi","healthcare_devices","high"
"198","boldbusiness","greenhouse","26","Architectural Designer - Commercial Interiors | Architectural Wall Systems Specialist (CET) | Business Service Technician | CET Designer (Commercial Interiors) | CET - Interior designer","Role We are seeking a highly skilled&nbsp; Certified DWDM Engineer to join our optical transport team. In this role, you will be responsible for the end-to-end lifecycle—design, deployment, and optimization—of our high-capacity Dense Wavelength Division Multiplexing (DWDM) networks. As a ""Certified"" specialist, you are expected to bring verified expertise in industry-leading platforms (such as Cie","consulting_professional_services","high"
"199","cuckoo-international-mal-sdn-bhd","jobstreet","26","Junior Executive/Executive, Finance (AR) | Assistant/Junior Admin Executive (Risk Management team) | Executive/Senior Executive, Company Planning (Data Analyst) | Senior Executive, Finance(General Ledger) | Executive, Finance","[Category: Marketing & Communications / Marketing Communications] Job Description The Marketing Executive needs to assist in planning marketing communication strategies to meet our priorities in ensuring the brand positioning of our products and services. Assist in planning marketing communication strategies to meet our priorities in ensuring the brand positioning of our products and services. Hel","consumer_brands","high"
"200","givedirectly","greenhouse","26","001-05-2026_OFFRE OFFICIER DES OPÉRATIONS / AGENT DE LIAISON -KINSHASA GD-RDC | Country Director, Uganda | Director, Individual Giving (Remote) | General Interest | Gestor De Campo - Auditoria Interna","GiveDirectly has delivered more than $1B in cash directly to 2+ million people living in poverty across 15 countries since 2011. We believe cash transfers are one of the most scalable, cost-effective, and dignified forms of aid, with the research to back it up. Our work has been covered by&nbsp; The Economist , NPR , TED , and The Washington Post . We are one of&nbsp; Time100’s Most Influential Co","nonprofit","high"
"201","greenpointtechnologies","greenhouse","26","Associate Improvement Manager | Associate Mechanical Engineer | Associate Program Manager | Avionics Technician | Avionics Technician II","&nbsp; &nbsp; Summary Supports the Design Team in the planning and execution of aviation design projects. &nbsp; Essential Duties and Responsibilities Assists the Design Team in performing the following: organizing the material library, preparing presentation boards, printing presentation materials, updating the portfolio wall, and coordinating with suppliers. Supports preparing illustrations for ","defense_aerospace","high"
"202","heygen","greenhouse","26","B2B Field Marketer | Backend Engineer | Backend Engineer - Infrastructure | Business Sourcer / Talent Acquisition Specialist | Country Community Manager - Brazil","About HeyGen At HeyGen, our mission is to make visual storytelling accessible to all. Over the last decade, visual content has become the preferred method of information creation, consumption, and retention. But the ability to create such content, in particular videos, continues to be costly and challenging to scale. Our ambition is to build technology that equips more people with the power to rea","tech_software_internet","high"
"203","koboldmetals","greenhouse","26","Commercial & Scientific Analyst/Lead | Computational Hydrogeologist | Corporate Accounting Lead | Data Scientist - (Global) | Data Scientist - Staff or Senior (Australia)","About the Company&nbsp; The mining industry has steadily become worse at finding new ore deposits, requiring &gt;10X more capital to make discoveries compared to 30 years ago. The easy-to-find, near-surface deposits have largely been found, and the industry has chronically under-invested in new exploration technology, relying on the manual techniques of yesteryear – even as demand accelerates for ","energy_utilities","medium"
"204","nirvana-asia-group","jobstreet","26","Management Support Executive | Business Analyst | Central Procurement Internship (Mandarin Speaking) | Credit Admin & Recovery Executive (Fresh/Junior)- Mandarin Speaking | Admin Assistant (Mandarin Speaking)","[Category: Marketing & Communications / Event Management] Responsibility: Develop event concepts, themes and timelines. Source and negotiate with vendors to secure necessary services. Create and manage event budgets, ensuring cost-effectiveness and adherence to financial guidelines. Develop and manage event schedules and timelines. Oversee the work of various to ensure they meet quality and timeli","other","medium"
"205","plus-2","lever","26","Class A Truck Driver | Director, Corporate & Securities Counsel | Director, SEC Reporting and Technical Accounting | Field Service Engineer | Functional Safety Manager","PlusAI is a Physical AI company pioneering AI-based virtual driver software for factory-built autonomous trucks. Headquartered in Silicon Valley with operations in the United States and Europe, Plus was named by Fast Company as one of the World’s Most Innovative Companies. Partners including TRATON GROUP’s Scania, MAN, and International brands, Hyundai Motor Company, Iveco Group, Bosch, and DSV ar","other","low"
"206","seranbio","lever","26","Account Manager, Commercial Manufacturing | Analytical Development Scientist II | Associate Project Manager | Business Development Associate, Inside Sales | Business Development Director (Regional)","Serán BioScience is motivated to find an industry-experienced Validation Engineer to support the development of a new commercial manufacturing facility. The Senior Validation Engineer will be part of a cross functional team that will plan and execute commissioning/qualification (CQ) projects for equipment and critical utilities process, tech transfer of manufacturing process from clinical to comme","healthcare_pharma_biotech","high"
"207","te-connectivity","linkedin","26","Sr. Project Manager Engineer | 2nd Shift ASSEMBLY OPERATOR II | IT Analyst (Intern) | SHIPPER / RECEIVER I | STAMPING OPERATOR II Swing Shift","[Category: Accounting / Financial Accounting & Reporting] Key Responsibilities: Assisting with processing vendor invoices and employee expense reports. Verifying and reconciling supplier statements. Assisting in resolving accounts payable discrepancies and issues. Supporting the maintenance of vendor records. Assisting with special projects, process improvements, and ad-hoc requests, as needed. Co","manufacturing","high"
"208","the-church-of-jesus-christ-of-latter-day-saints","linkedin","26","Admin Assistant 1 Part-time@ Hillcrest Seminary | Experienced Product Manager with Asia Expertise, full-time | Scripture Translation Project Supervisor | Central Steam Plant Mechanic | Temple Facilities Asst 2 (Full-Time) - Pittsburgh PA Temple","Job Description This role helps to foster self-reliance, care for the poor and the needy, and provide opportunities for giving and service by: helping members become economically and emotionally self-reliant; providing access to essential food and clothing items, helping members prepare for and respond to disasters; and providing humanitarian aid to relieve suffering; thus furthering the mission o","nonprofit","high"
"209","thefarmersdog","greenhouse","26","Accounting Manager | Acquisition Manager, Paid Social | Compensation Lead | Director, Integrated Search | Director, Process Engineering","Who We Are The Farmer’s Dog was born from a mission to change the landscape of pet health, providing dogs and their humans with honest, smart, and simple care. We’re starting by radically improving the $90 billion pet food industry, replacing bags of highly-processed pellets with a personalized subscription service that sends complete and balanced, freshly-made dog food directly to customers’ door","consumer_brands","high"
"210","altoslabs","greenhouse","25","Admin Project Coordinator / Senior Admin Project Coordinator | Clinical Veterinarian, Part-time Contract | General Interest: Join Our Talent Community (Cambridge, UK) | General Interest: Join Our Talent Community (San Diego) | General Interest: Join Our Talent Community (San Francisco Bay Area)","Our Mission Our mission is to restore cell health and resilience through cell rejuvenation to reverse disease, injury, and the disabilities that can occur throughout life. For more information, see our website at altoslabs.com. Our Value Our Single Altos Value: Everyone Owns Achieving Our Inspiring Mission . Diversity at Altos Altos Labs has been named one of the Top 3 Biotech Companies and ranked","healthcare_pharma_biotech","high"
"211","blablacar","lever","25","Audience Monetization Manager | Brazil - HR Country Specialist | Confirmed Backend Engineer - Carpool Supply | Confirmed Backend Engineer - Payment Squad | Content Designer","About BlaBlaCar BlaBlaCar is the world’s leading community-based travel app enabling 27 million members a year to carpool or travel by bus in 21 countries. Our team of 800 employees counts over 50 nationalities and is spread across our 5 global offices, 30% working fully remotely. Your Mission We are looking for a System and Network Engineer to join our IT Ops team at BlaBlaCar. Their mission is t","tech_software_internet","high"
"212","careteam-solutions","linkedin","25","Registered Nurse | AMC - Travel RN - Neuro ICU/SICU - Nights | Registered Nurse, Telemetry, Days | Temp - RN - Telemetry - Cardiac / Med Surg / Float (Days) Glens Falls, NY | RN UP - Advanced Care/Med Surg PV8","Details: Must Have 2+ Years of recent Emergency Room experience. Specialty: Emergency Room Discipline: Registered Nurse Start Date: 2024-05-06 Duration: 16 Weeks Shift: 12 Hours Evening shift. Hours Per Week: 36 Hours Employment Type: ContractGross Weekly Pay: $2448.00 Six things that won’t happen if you apply to this job: You won’t have to guess what the downsides are. We’ll tell you up front. Yo","consulting_professional_services","high"
"213","darkwolfsolutions","greenhouse","25","Cloud Engineer | Cloud Security GRC Consultant | Cybersecurity Engineer | Database Engineer | Data Engineer/ETL Engineer","Dark Wolf Solutions is seeking a &nbsp; Software Engineer&nbsp; to support the development and implementation of business-critical software. The successful candidate will work closely with software development teams to ensure that applications meet quality standards and function seamlessly for users. This role involves designing and executing comprehensive test plans, detecting issues, and providi","defense_aerospace","high"
"214","leland","ashby","25","Strategy & Ops, Courses | Consumer Account Executive | Growth Manager, Organic | GRE Tutor (Contract) | GMAT Tutor (Contract)","Leland’s mission is to unlock human potential by making the world’s expertise more accessible. Our platform connects ambitious people with coaching, content, and courses that can can help them achieve their career and educational goals. Since our founding in 2021, we’ve helped tens of thousands of people reach their most ambitious goals, raised $19M from world-class investors, and built the indust","education_higher","high"
"215","nory-co","ashby","25","NYC Summer Camp Permits Coordinator | Studio Assistant (Manhattan, NYC) | Cleaning Professional | Materials Coordinator, Education Supply Chain | Customer Happiness Manager","About NORY: NORY is the premier STEM camp provider in NYC and Boston, enriching the learning journey of 4000+ children annually through immersive and hands-on learning experiences. Our mission is to nurture young risk-takers, problem solvers, and empathetic leaders. Discover more about our mission and program: Instagram: bit.ly/noryi Summer Camp Video: bit.ly/noryvideo1 Job Description: Our 9000+ ","other","low"
"216","omniraise-sdn-bhd","jobstreet","25","Senior Recruitment Executive | Assistant Finance Manager | Communication Executive (Ipoh) | Sales Management Trainee (Kuching) | Internship - Recruitment/Admin Support","[Category: Marketing & Communications / Marketing Communications] Omniraise is one of Asia’s fastest growing Sales and Marketing company working with the most reputable organizations across the ASIA who are creating impact in the world with purposes and values. We have a presence not only just across Malaysia, but also Thailand, Singapore, Indonesia, Hong Kong and South Korea. We are looking for h","consulting_professional_services","medium"
"217","theknotworldwide","greenhouse","25","Account Executive New Business, Italian Market | Account Executive, Primary | Account Executive, Venue | Account Manager | Employment Counsel","WHAT WE DO MATTERS: At The Knot Worldwide, we champion celebration - and that starts with celebrating our people. Our employees are passionate dreamers, thoughtful doers, and lifelong learners who power meaningful moments for millions around the world. We’re united by authentic connection, shared purpose, and a deep commitment to the global community we serve. Here, flexibility and belonging go ha","tech_software_internet","high"
"218","triplelift","greenhouse","25","Accountant | Account Manager, Publisher Client Services | Associate Application Reliability Engineer | Associate Director, CRM Development | Data Scientist","About TripleLift We're TripleLift, an advertising platform on a mission to elevate digital advertising through beautiful creative, quality publishers, actionable data and smart targeting. Through over 1 trillion monthly ad transactions, we help publishers and platforms monetize their businesses. Our technology is where the world's leading brands find audiences across online video, connected televi","tech_software_internet","high"
"219","zocalohealth","greenhouse","25","Chief Operating Officer | CHW Team Lead (Merced) | Community Health Worker/Promotor(a) de Salud | Director, Community Health Worker Workforce | Director of Product Magagement","Community Health Worker Team Lead (Merced) at Zócalo Health WFH (Must reside in Merced CA) Work Schedule: Monday - Friday, 9:00AM - 5:00PM Compensation: $75,000/year &nbsp; #communityhealth #healthequity #latinohealth #healthcare &nbsp; About Us&nbsp; Zócalo Health is the first tech-driven provider built specifically for Latinos, by Latinos. We are developing a new approach to care that is designe","healthcare_provider","high"
"220","arcesiumllc","greenhouse","24","Analyst - Trade Accounting & Operations | Client Success Manager | Lead Data Engineer | Lead Engineer - Corp Tech | Lead Infrastructure Engineer","&nbsp; Company Overview Arcesium is a global financial technology firm that solves complex data-driven challenges faced by some of the world’s most sophisticated financial institutions. We constantly innovate our platform and capabilities to meet tomorrow’s challenges, anticipate the risks our clients encounter, and design advanced solutions to help our clients achieve transformational business ou","finance_fintech","high"
"221","assuredpartners","linkedin","24","Regional Payroll Specialist | Personal Lines Account Coordinator | Client Operations Manager - Plansource | Commercial Lines Client Service Assistant | Employee Benefits Placement Analyst","Overview The Product Analyst will perform analyses and tasks needed to support the Conversion Team and AssuredPartners offices during conversions in a compliant manner. This role will also fulfill daily application support and training. The Ideal Candidate You possess strong business acumen, analytical skills and are passionate in developing solutions. You understand the delicate balance of taking","finance_insurance","high"
"222","baidu","greenhouse","24","Account Manager | Advertising Sales Associate (Contractor) | Advertising Sales Manager | Associate Campaign Manager | Business Development Manager - App Advertisers","Job Title: Account Manager (contractor) Job Location: Mountain View, CA Job Type: Contractor, Onsite, Monday - F­riday &nbsp; About the Role We are seeking a highly motivated and results-driven Client Account Manager to join our team as a contractor in the fast-paced and dynamic ad tech industry. As a Client Account Manager – publisher side, you will be responsible for managing and growing relatio","tech_software_internet","high"
"223","blackbirdinteractive","lever","24","Animator (3-month contract) | Art Director | Art Lead (Third-person action shooter) | Character Artist (8-month contract) | Game Director","Blackbird Interactive is a creative-fueled, future-driven, independent game studio where the best talent in the industry can find long-term careers to help grow their abilities while working on a wide range of projects, which encompass world-class IPs as well as our own creations across multiple genres. Our studio operates as a remote-first workplace, offering flexible work arrangements. At this t","gaming","high"
"224","candlinspection","lever","24","Chief Inspector | Coating Inspector | Craft Inspector | Distribution Inspector Level 3 | Distribution Level 3 Inspector","C & L Inspection was built on a mission to be the most trusted US Services Company delivering top-notch performance with uncompromising integrity. This way of thinking has set us above the competition. We are looking for knowledgeable, safety minded people to join our team as we grow. Job Title: Welding Inspector Location: Middletown, PA (Various Surrounding Areas) Duration: 03/01/2024-12-31-2024 ","energy_utilities","high"
"225","crescent","greenhouse","24","Auto Line Machine Operator (2nd Shift) | Auto Machine Line Operator (3rd Shift) | Continuous Improvement Engineer | Forklift Operator (1st Shift) | Forklift Operator (3rd Shift)","Position Summary The Logistics Supervisor serves as a liaison between the GE Warehouse Leadership and the GE operation. The position is responsible for leading operational and/or support departments including all aspects of shipping and receiving, scheduling, inventory management, quality management. The Logistics Supervisor upholds all QMP’s and work instructions. Responsible for instilling and m","manufacturing","low"
"226","dell-global-business-center-sdn-bhd","jobstreet","24","Finance Development Program (Fresh Graduate) | Technical Support (fresh graduates) Server/Storage | Finance and Accounting Internship (2024 intake) | Inside Sales Account Manager ( Junior role) | Supply Chain Management Senior Advisor","[Category: Accounting / Bookkeeping & Small Practice Accounting] We are a global, multi-billion-dollar corporation – and Accounting is vital to reflecting our staggering earnings, profits, cash balances and other financial results. To meet this challenge, we implement best practices, provide general financial support, resolve queries, prepare reports and provide statistics. We also design policies","tech_hardware_semiconductors","high"
"227","formaaiinc","greenhouse","24","Account Director | Account Executive | Director of Engineering | Director of Engineering- ICM | Director of Security Operations","About Forma.ai: &nbsp; Forma.ai is a Series B startup that's revolutionizing how sales compensation is designed, managed and optimized. We handle billions in annual managed commissions for market leaders like Edmentum, Stryker, and Autodesk.&nbsp; Our growth has been fuelled by our passion for fundamentally changing and shaping how companies use sales intelligence to drive business strategy. &nbsp","tech_software_internet","high"
"228","holcim","linkedin","24","Human Resources Business Partner | Operator, Batcher 1 | Terminal Operator - Valley City | Sr Financial Analyst | Electrician - Plant Operator","Requisition ID: 5752 Location: Wrentham, MA, US, 2093 Pay Type: Salary ARE YOU READY TO BUILD PROGRESS WITH US? Driven by our purpose: Building progress for people and the planet. We are transforming to become the global leader in innovative and sustainable building solutions. Holcim is enabling greener cities, smarter infrastructure and improving living standards around the world. With sustainabi","manufacturing","high"
"229","mixpanel","greenhouse","24","Account Executive | Account Executive, Mid Market | Account Manager | Account Manager - India | AP & Employee Expense Specialist","About Mixpanel Mixpanel turns data clarity into innovation. Trusted by more than 29,000 companies, including Workday, Pinterest, LG, and Rakuten Viber, Mixpanel’s AI-first digital analytics help teams accelerate adoption, improve retention, and ship with confidence. Powering this is an industry-leading platform that combines product and web analytics, session replay, experimentation, feature flags","tech_software_internet","high"
"230","mural","ashby","24","Engineering Manager, Data Modeling | Senior Product Designer, Growth (Upper Funnel) | Principal Product Designer, Integrated Workflows | Senior Product Designer, Customer Insights | Solutions Engineer, DACH","ABOUT THE TEAM The IT Service Specialist is a member of the Information Technology (IT) team within Mural’s CISO's team. The IT Team is positioned to deliver enterprise class service and support to all Muralistas, following best practices in support, application management, and proactive service management. We value accountability, efficiency, resourcefulness, and going the extra mile as we strive","tech_software_internet","high"
"231","petrafundsgroup","greenhouse","24","Allvue Systems Specialist | Credit Accountant | Credit Accountant (Direct Lending) | Finance Manager | DCS (Financial Technology) | Fund Accounting- Assistant Controller (PE-RE)","Petra Funds Group is a single source provider for the fund administration and fund infrastructure needs of Private Equity and Debt Funds. At Petra, we enable fund managers to focus on the tasks that add the most value to their businesses and leave the rest to us. Petra is made up of highly experienced professionals across the US and Europe. In a business where accuracy and timeliness are paramount","finance_banking","high"
"232","proalphagroup","greenhouse","24","Area Sales Manager m/w/d | Business Development Representative m/w/d | ERP-Consultant Außenhandel m/w/d | ERP-Consultant Finanz- und Rechnungswesen / Controlling m/w/d | ERP-Consultant Maschinen- und Anlagenbau m/w/d","Proalpha Thailand is part of the Proalpha Group. English is used as the working language across teams. As an employer, we are&nbsp; PRO YOU – because people are at the center of everything we do . We take responsibility for one another, create continuous development opportunities, and offer an environment that supports both professional and personal growth – including flexible working time models.","tech_software_internet","high"
"233","tailscale","greenhouse","24","Brand Designer | Content Marketing Specialist | Customer Account Executive | Customer Success Engineer | Developer Relations Engineer","About Tailscale&nbsp; Tailscale is building the new Internet by delivering software that makes it easy to securely interconnect people and their devices, no matter where they are. From hobbyists to multinational corporations, teams of every size use Tailscale each day to protect their networks, share access to internal tools, and more. We're building a future for the Internet that's easy, sensible","tech_software_internet","high"
"234","typeform","greenhouse","24","Account Executive - EU | Account Executive - US | Data Platform Engineer - Fixed Term Contract | DevSecOps Engineer | Editorial Manager","Who we are Typeform is a refreshingly different form builder. We help over 150,000 businesses collect the data they need with forms, surveys, and quizzes that people enjoy. Designed to look striking and feel effortless to fill out, Typeform drives 500 million responses every year—and integrates with essential tools like Slack, Zapier, and Hubspot. Head of Creative About the role We are looking for","tech_software_internet","high"
"235","unitedmasterstranslation","greenhouse","24","Artist Marketing & Partnerships Consultant, UK | Artist Relations Manager | Brand Strategy | Business Affairs | Business Affairs Manager","Who We Are We are an award-winning independent creative solutions company that aspires to be the most culturally-influential company in the world. We help ambitious brands harness the power of culture to solve their biggest challenges. As a unique mix of experts in culture, technology, and storytelling, we are united by a passion to grow brands in ways that advertising alone can never do. We are a","media_entertainment","high"
"236","upgrade","greenhouse","24","Account Executive, Home Improvement | Accounts Receivable Specialist | Credit Analyst | Customer Success Manager, Contractor Engagement | Dealer Development Manager, Atlanta","Upgrade helps customers move in the right direction with affordable and responsible financial products. Since 2017, we’ve helped over 7.5 million customers access over $42 billion in consumer credit. With a relentless focus on improving our customers' financial well-being, we build products that put more money in their pocket and support their journey toward a better financial future. We’re backed","finance_fintech","high"
"237","andrewmorgan","greenhouse","23","AI/Data Scientist | Alteryx Data Analytics Consultant | Andrew Morgan - Join our Talent Network! | Clinical Informaticist | Cloud Infrastructure Engineer","Andrew Morgan, LLC is a rapidly growing Service-Disabled Veteran-Owned Small Business (SDVOSB) and HUBZone-certified organization. We are seeking a qualified Data Analyst to support a potential contract award with a DOD Client . This role is contingent upon contract award and will play a critical part in our efforts to deliver exceptional results for this opportunity.&nbsp; The Data Analyst conduc","consulting_professional_services","high"
"238","appen","lever","23","French Search Ads Evaluator (Canada) | Image Annotator (Khmer - Thailand) | Image Annotator (Khmer - United States) | Lingala Speakers — Contribute to AI Translation Evaluation! | Linguistics Experts in the US — Contribute to AI Speech Annotation!","加入 CrowdGen 團隊，成為 Project Calathea 中的獨立分包者。 您喜歡刷 Threads 嗎？那麼這個項目就是為您量身打造的！ 關於項目： Project Calathea 專門深入內容分析來提升 Threads 推薦生態系統。我們正在收集有關關鍵屬性的標記，如原創性、誘惑性和其他與 Threads 相關的客觀元素的標記。您的貢獻將發揮重要的作用，能幫助我們準確衡量這些屬性、建立強大的歸類工具，幫助改善推薦系統，提升數百萬用戶的體驗。 我們找的是哪些人？ 我們正在尋找對社群媒體和內容分析充滿熱情的人。理想的候選人應具備以下條件： - 批判性思維：能夠評估和分析 Threads 內容，判斷其是否具有原創性、誘惑性或包含其他客觀屬性。 - 注重細節：具備敏銳的觀察力，檢視貼文中的細微差異，確保標註準確。小小的差異可能對內容類型的劃分至關重要。 - 理解社群媒體動態：熟悉","tech_software_internet","high"
"239","arrow-search-partners","linkedin","23","Artificial Intelligence Vice President | Treasury Analyst | Business Solutions Specialist | Associate | Software Engineer","About The Company Our client is a family office located in NYC. The role will coordinate with the executive assistant team on logistics and planning for the family’s travel, events, and security domestically and internationally. Responsibilities Coordinate travel activities that involve complex logistics or multiple family members with the family members’ executive assistantsWork with outside vend","consulting_professional_services","high"
"240","avaland-berhad","jobstreet","23","Executive, Marketing Support | QAQC Engineer | Senior Manager, Finance | Assistant Manager, Finance | Assistant Manager, Finance (Group Reporting)","[Category: Accounting / Bookkeeping & Small Practice Accounting] Responsibilities: Ensure that billings, reminders, termination and loan documentation are carried out in accordance with the terms and conditions of the SPA. Ensure timely billings, collection and loan documentation. Maintain and improve daily credit admin operation to ensure compliances and accuracy of reports where applicable. Liai","real_estate_construction","high"
"241","avangrid","linkedin","23","Technical Trainer | Supervisor Technical Training | Director – Operational Technology Cybersecurity | Distribution Fitter B | Principal Engineer - Lines","Job Info POSITION-Union: Stockkeeper (RGE-NY - Rochester - West Av) (R-04310) NUMBER OF POSITIONS: 1 LOCATION: RGE-NY - Rochester - West Ave HOURLY RATE- $18.90 - $41.99 Responsibilities A Stockeeper is committed to safety and safe work practices. These individuals are responsible to ensure the safety of themselves, coworkers, the general public, and Company property. They know and apply principle","energy_utilities","high"
"242","avery-dennison","jobstreet","23","Solutions Architect/Project Manager | Hardware (Electrical Engineer) | Maintenance Team Manager - Nights | Materials Scientist | Plant Manager","Avery Dennison Corporation (NYSE: AVY) is a global materials science and digital identification solutions company that provides a wide range of branding and information solutions that optimize labor and supply chain efficiency, reduce waste, advance sustainability, circularity and transparency, and better connect brands and consumers. Our products and solutions include labeling and functional mate","manufacturing","high"
"243","avid4","ashby","23","Returning Staff Interest Form | Overnight Camp Assistant Director of Families | Girls Bike Camp Instructor | Colorado Mountain Biking Instructor | Summer Overnight Camp Counselor","We are looking for Mountain Biking Instructors for our Girls Shred Program providing mountain biking instruction to female and non-binary campers seeking an inclusive, encouraging learning environment. Instructors who are passionate about bringing the love of the sport to our Girls Shred Campers are highly encouraged to apply!! Important Details Work Schedule : Monday - Friday, typically 30-36 hou","education_k12","high"
"244","avidxchangeinc","greenhouse","23","Account Manager I, Supplier | Business Development Representative | Channel Manager II - Resellers | Corporate Treasury Manager | Creative Design Manager II - Motion Graphics & Animation","&nbsp; Salesforce Team Lead &nbsp; Job Description Summary: Lead a team of Salesforce developers and administrators, providing technical guidance, mentoring, and support. Conduct code reviews to ensure adherence to best practices, standards, and security guidelines. Drive innovation and continuous improvement within the Salesforce development team. Collaborate with stakeholders to gather technical","finance_fintech","high"
"245","bayforce","linkedin","23","Exciting Opportunity: Project Manager - Data Management Remote Role | Workday HRIS Lead | Exciting Opportunity: Global Analytics, BI Manager (Contract-to-Hire) | Security Operations Center Manager | Global Analytics & BI Manager","NO SPONSORSHIP AVAILABLE The Cloud Architect for Microsoft 365 position will be responsible for the design, planning, assessment and strategies around the firm’s migrations and operation within the Microsoft cloud. This position requires expert level understanding and experience Role DescriptionIn this capacity, the Cloud Architect, Microsoft 365 will: Serve as the go-to technical expert in the Mi","consulting_professional_services","high"
"246","betterhelpcom","greenhouse","23","AI Extern | Clinical Operations Consultant - Germany (M/F/D) | Clinical Operations Consultant - UK and Ireland | Clinical Quality Assurance Specialist | Credentialing and Enrollment Supervisor","Who are we and why should you join us? BetterHelp is on a mission to remove the traditional barriers to therapy and make mental health care more accessible to everyone. Founded in 2013, we are now the world’s largest online therapy service, providing affordable and convenient therapy across the globe. Our network of over 30,000 licensed therapists has helped millions of people take ownership of th","healthcare_provider","high"
"247","bisnow","lever","23","Analyst - Investments | Assistant Project Manager | Business Development Director - A/E/C | Business Development Director - Commercial Real Estate Marketing | Business Development Representative","BISNOW OVERVIEW Bisnow is the leading B2B media platform powering the commercial real estate industry. We connect CRE professionals through award-winning news, high-impact events, marketing solutions, recruiting services, and sales enablement tools that drive real business results. With 1.7M+ subscribers and 400+ events annually across 47 markets in the U.S., Canada, the UK, Ireland, and the Nethe","media_entertainment","high"
"248","brightmachines","lever","23","Controller | Director, Strategy and Operations | Integration Engineer | Operations Supervisor - Night Shift | Procurement Specialist","RETHINK MANUFACTURING The only way to ignite change is to build the best team. At Bright Machines®, we’re innovators and experts in our craft who have joined together to create a new category of manufacturing that will help transform the industry. We believe software and data are the answer, thoughtfully applied to solve our customers’ unique challenges. Through intelligent automation, we give fac","tech_software_internet","high"
"249","carbonrobotics","greenhouse","23","Contract Field Service Technician | Contract QA Field Technician | Contract Sr. Technical Sourcer | Deep Learning Engineer | Electrical Engineer","The Carbon Robotics LaserWeeder™ leverages advanced robotics, computer vision, AI/deep learning, and lasers to eliminate weeds with sub-millimeter accuracy—all without herbicides. This innovative solution reduces environmental impact, promotes soil health, and helps farmers address labor shortages and rising costs. Designed in Seattle and built at our cutting-edge manufacturing facility in Richlan","manufacturing","high"
"250","career-group","linkedin","23","Social Media Manager - Entertainment Company | Office Manager for Prestigious Finance Firm | Accounting Human Resources Manager | Executive Assistant | Administrative Assistant","Leading Entertainment Company based in Los Gatos is seeking a Receptionist to provide general assistance to visitors and employees, act as the first point of contact for all guests and candidates and deliver first class customer service! $25/h Responsibilities:Provide an exceptional lobby experience for all visitors, guests, and candidatesCoordinate with employees for guest and candidate arrivalTr","consulting_professional_services","high"
"251","cella","linkedin","23","Program Manager, Emerging Talent (Hybrid) | Freelance Digital/HTML5 Banner Ads Designer (Remote) | Digital Content Designer (Hybrid) | Store Designer II (Hybrid) | Ad Agency Project Manager (Hybrid)","Location: Katy, Texas Job Type: Contract to Perm Compensation Range: $40 - 45 per hour Our client in the retail space is looking for a second UX Researcher to add to their newly formed UXR team that will play a key role in shaping the UX design for mobile and web properties. In this role, you will find solutions to complex business problems while maintaining the integrity of the product and brand ","consulting_professional_services","high"
"252","cellares","lever","23","Automation Engineer (I, II, III) | Automation Equipment Engineer (I, II, III) | Cell Therapy Manufacturing Specialist | Director, Corporate FP&A | Director, Operations Finance","Position Summary We are seeking a highly motivated Senior Manager, Logistics who will manage clinical and commercial vein to vein logistics activities, focusing on autologous and allogeneic client programs at Cellares. The primary focus is on managing incoming patient apheresis and outgoing final drug product, import/export requirements and collaborating with third-party logistics companies. This ","healthcare_pharma_biotech","high"
"253","christfellowship","greenhouse","23","Audio Engineer | Audio Visual Technician | CFStudents Coordinator | Creative Ministries College Intern | Events / Campus Logistics College Intern","JOB SUMMARY: We are seeking a skilled and experienced Staff Accountant to join our finance team. This role supports the Finance Department by preparing monthly journal entries, reconciling balance sheet accounts and revenues, analyzing accounts and financial data, assisting with monthly financial reporting, participating in the annual audit, and contributing to the budgeting process. The ideal can","nonprofit","high"
"254","claritypay","ashby","23","Director of Risk Management | Sr. Product Manager | Product Analytics & Optimization Lead | Director of Client Success | Senior Machine Learning Engineer","Locations: Atlanta About ClarityPay We give businesses and their customers peace of mind by solving complex credit challenges with precision, speed, and intelligence, combining deep expertise with advanced technology, to simplify the experience and deliver better outcomes, every time. We're a fast‑growing fintech empowering enterprise merchants with smarter, more adaptive pay‑over‑time solutions. ","finance_fintech","high"
"255","cleerlyhealth","greenhouse","23","Analyst (Portugal) | Clinical Account Manager (Chicago) | Clinical Account Manager (Tennessee/North Carolina) | Clinical Applications Specialist (Denver, Los Angeles, or Dallas based) | Director, Market Research & Customer Insights","About Cleerly We’re Cleerly – a healthcare company that’s revolutionizing how heart disease is diagnosed, treated, and tracked. We were founded in 2017 by one of the world’s leading cardiologists and are a growing team of world-class engineering, operations, medical affairs, marketing, and sales leaders. We raised $223M in Series C funding in 2022 which has enabled rapid growth and continued suppo","healthcare_devices","high"
"256","codeway","lever","23","Affiliate Marketing Manager | Associate Growth Manager | Associate Growth Manager - Graduate | Associate Growth Manager (Web) | Associate Marketing Artist","ABOUT CODEWAY Codeway is a global consumer tech company with more than 400M users worldwide. Since 2020, we’ve built and scaled 60+ mobile apps across creativity, productivity, wellness, language learning, and entertainment. Our flagship apps — Retake AI, Cleanup, Learna, and DramaPops — and many of them lead their categories globally. In 2024, we became the most downloaded app publisher on iOS, d","tech_software_internet","high"
"257","datacamp","greenhouse","23","Backend Software Engineer - Platforms | Curriculum Manager - Data Science and AI | Curriculum Manager - Software Engineering | Customer Assurance Specialist | Data Science Editor","About DataCamp DataCamp's mission is to empower everyone with the data and AI skills essential for 21st-century success. By providing practical, engaging learning experiences, DataCamp equips learners and organizations of all sizes to harness the power of data and AI. As a trusted partner to over &nbsp;17 million learners &nbsp;and &nbsp;6,000+ companies , including 80% of the Fortune 1000, DataCa","tech_software_internet","high"
"258","decilegroup","lever","23","Chief of Staff (Remote) | Community Associate (Remote) | Decile Capital Associate, Fundraising & Operations (Remote) | Front End Engineer (Remote) | Fund Accountant (Remote)","Decile Group (https://decilegroup.com) is transforming venture capital into a force for good in the world. We are working to launch 10,000 next-generation venture capital firms by 2030, fundamentally changing the face of venture capital. We operate an integrated platform for modern venture capital, spanning education, software, and fund operations. VC Lab trains the next generation of fund manager","finance_banking","high"
"259","dmi-digital-management-llc","linkedin","23","Onsite Support Technician | Data Engineer | Scanning Supervisor | Disaster Recovery Specialist | Data Architect","DMI is a leading global provider of digital services working at the intersection of public and private sectors. With broad capabilities across IT managed services, cybersecurity, cloud migration and application development, DMI provides on-site and remote support to clients within governments, healthcare, financial services, transportation, manufacturing, and other critical infrastructure sectors.","consulting_professional_services","high"
"260","evergreenresidentialemployeeservicescorp","greenhouse","23","Bilingual Accounts Payable Clerk | Bilingual Accounts Payable Specialist | Collections Specialist | Customer Service Coordinator | Field Services Technician - Cincinnati, Ohio","Evergreen Residential is a high growth Real Estate Company and &nbsp;institutional investment platform in the single-family residential ('SFR') and build-to-rent (“BTR”) sectors. We are committed to changing the way investors own and manage SFR homes, and to building a modern way to deliver the data, tools and services that enable our clients to invest in the world’s largest asset class at scale. ","real_estate_construction","high"
"261","everlywell","lever","23","Account Manager | Applied Scientist — ML, Experimentation & Decision Systems | Contract Physician – Multi-State Licensure & Medicaid/Medicare Enrolled | Contract Physician – Medical Necessity Review (Genetic Testing) | Functional Medicine Practitioner (MD/DO or NP) Contractor","Everlywell is a digital health company pioneering the next generation of biomarker intelligence—combining AI-powered technology with human insight to deliver personalized, actionable health answers. We transform complex biomarker data into life-changing insights—seamlessly integrating advanced diagnostics, virtual care, and patient engagement to reshape how and where health happens. Over the past ","healthcare_provider","high"
"262","familyoffice","greenhouse","23","Cloud SRE & DevOps Engineer | Equity Quantitative Strategist | Executive Assistant | Fund Accountant | Head of Quantitative Research and Investment Technology","Company Overview: Soros Fund Management LLC (SFM) is a global asset manager and family office founded by George Soros in 1970. With $28 billion in assets under management (AUM), SFM serves as the principal asset manager for the Open Society Foundations, one of the world’s largest charitable foundations dedicated to advancing justice, human rights, and democracy. Distinct from other investment plat","finance_banking","high"
"263","fanatics","linkedin","23","Sr. Staff Software Engineer, Back End | Retail Market Manager | Specialist Loss Prevention | Senior Retail Regional Director | Fraud Prevention Manager","Job Description Key Responsibilities: Pick orders for customers using picking sheet and RF Scanner to maintain inventory.Put away finished goods and blank goods in storage rack, using RF Scanner to maintain inventory.Other duties as assigned by Supervisor. Job Requirements Must be able to lift up to 50lbs repeatedly throughout the day.Must be able to work in heights of up to 30 feet.Must be able t","retail_ecommerce","high"
"264","fueledcareers","greenhouse","23","Cloud Solutions Engineer | Contract Senior Content Designer | Contract Senior Front End Engineer | Contract Senior JavaScript Engineer | Contract Senior Web Engineer","Location: Remote – EMEA, open to applicants in Europe, the Middle East and Africa. Fueled is a leading digital strategy, design, and engineering agency. We are a 300+ person team that has designed and built hundreds of digital products and experiences for brands like Google, Apple, The New York Times, ESPN, Victoria’s Secret, MGM Resorts, Albertsons, and CLEAR. As a Lead UX Designer, you’ll thrive","consulting_professional_services","high"
"265","ge-green-sdn-bhd","jobstreet","23","Financial Management Program-2024 Intake | On-site Steam Turbine Blading Specialist | Equipment Maintenance Technician - PLC Troubleshooting | Senior Business Development Manager | Senior Integrity Consultant - APM - Mechanical Integrity","[Category: Human Resources & Recruitment / Consulting & Generalist HR] Job Description Summary Strong preference for intern who can join for a minimum of 6 months (max 1 year). Please indicate your internship availability in your CV. This role will be pivotal in supporting the HR Leader in Projects function in Malaysia which includes integrating and develop HR processes and strategies, analyze dat","energy_utilities","high"
"266","h-h","linkedin","23","Construction Engineer | Regional CADD Lead | Highway Designer | Mid-Level Structural Engineer | Roadway Project Manager","DescriptionH&H is currently growing the team in our new Austin, TX office. We are offering an exciting opportunity for a CADD Lead to join our H&H team! This person would have the ability to grow and manage a team of CADD technicians. H&H is a full-service infrastructure engineering firm with more than 135 years of experience steeped in solving complex engineering challenges. Consulting firms, con","consulting_professional_services","high"
"267","havenhub","greenhouse","23","Accounts Payable Clerk | Architectural 3D Renderist | Commission Specialist | Construction Bid Coordinator | Construction Manager","About HavenHub: HavenHub is a leader in home improvement solutions, specializing in creating exceptional outdoor living spaces. We take pride in fostering innovation, teamwork, and delivering outstanding customer experiences that enhance our clients' lives. Position Overview: As a Project Manager at HavenHub, you will oversee the installation and execution of custom outdoor living projects. This r","real_estate_construction","high"
"268","highlightta","ashby","23","Full Stack Engineer | Senior Ruby On Rails Engineer | Senior Software Engineer | Senior Technical Recruiter | General Accountant - Accounts Payable","About Zipline Zipline is a well-funded, rapidly growing SaaS company transforming how frontline teams work. We empower the world’s leading brands across retail, healthcare, logistics, and beyond to connect, align, and inspire their employees- from headquarters to the front lines. Our customer consistently give us best-in-class NPS and CSAT scores, and they rave about how Zipline makes their teams’","tech_software_internet","medium"
"269","interviewkickstart","greenhouse","23","Assistant Manager/ Manager, Performance Marketing | Assistant Manager - US HR and Payroll | Associate, Founder's Office | Associate Product Manager | Curriculum Manager - APM / PM","Interview Kickstart is a premier career transformation platform turbocharging tech careers through AI upskilling. Founded in 2014 in Santa Clara by Soham Mehta, ex-Box Engineering Leader, and Ryan Valles, a transformative P&amp;L leader and former CEO with a track record of scaling ventures, Interview Kickstart’s vision is to help every tech professional thrive in today’s fast-evolving tech indust","education_higher","high"
"270","kapitus","greenhouse","23","Account Executive I, Equipment Finance | Account Executive II, Equipment Finance | Account Executive, Renewal Sales | Assistant General Counsel | Capital Markets Analyst","&nbsp; Attention: Kapitus is aware that individuals posing as recruiters&nbsp; may be&nbsp;communicating with job seekers about supposed&nbsp;positions with Kapitus. Kapitus has received reports that the content and method of communication can vary, but messages may contain requests for payment (e.g., fees for equipment or training) and/or for sensitive financial information. Kapitus will never as","finance_fintech","high"
"271","keybank","linkedin","23","Enterprise Data & Analytics Infrastructure Manager | Key Private Bank Relationship Manager | Client Administrator | Data Risk Program Management Risk Analyst IV – Strategy and Change Management | Enterprise Incident Manager","Location: 7425 W Alameda Avenue - Lakewood, Colorado 80226 This is a Hire Ahead position meaning that you could be requested to move to another branch within the area upon the needs of the business. Job Summary Be a problem solver, trusted advisor, and partner to the people and businesses in our Key Bank communities. The Branch Manager builds, coaches, develops, leads, and motivates a team that is","finance_banking","high"
"272","lightningai","greenhouse","23","Account Executive | Backend Engineer | Director, Corporate Accounting | FP&A Manager | Frontend Engineer","Who We Are Lightning AI is the company behind PyTorch Lightning. Founded in 2019, we build an end-to-end platform for developing, training, and deploying AI systems—designed to take ideas from research to production with less friction. Through our merger with Voltage Park, a neocloud and AI Factory, Lightning AI combines developer-first software with cost-efficient, large-scale compute. Teams get ","tech_software_internet","high"
"273","local infusion","ashby","23","Full-time Nurse Practitioner (NP) - Glen Allen, VA | Regional Practice Manager - Philadelphia & South NJ | Intake Coordinator - Lutz, FL | Product Manager, Clinic Operations | Regional Nursing Lead","We are Local Infusion. Local Infusion is the fastest growing infusion provider in the United States, with a mission to transform the specialty infusion industry, because patients deserve better. By providing both exceptional, patient-centered care and the proprietary, AI-driven technology powering it, Local Infusion accelerates access, simplifies workflows, and improves outcomes for everyone in th","healthcare_provider","high"
"274","malaysia-marine-and-heavy-engineering-sdn-bhd","jobstreet","23","Senior Executive, Project Procurement Management | Manager Procurement (International Sourcing) | Executive, HSE Project Monitoring | Executive, Project Subcontracts | Senior Executive, Project Subcontracts","[Category: Construction / Health, Safety & Environment] JOB PURPOSE Provide technical expertise and strategic guidance on HSE Compliance elements and requirements to management, all divisions, and departments. Maintain and strategize HSE Compliance and evaluation process and requirement to ensure business/operation/employees comply with all relevant regulations, requirements, and specifications. J","manufacturing","high"
"275","matrix-concepts-holdings-berhad","jobstreet","23","Senior Site Engineer | Assistant Manager, Application Support Managament | Senior Executive, Contract | Senior Manager, Corporate Communications and Public Relations | Sales Admin Assistant","[Category: Construction / Surveying] Job Scope Project Cost : To develop project costs includes BQ structures & Pricing KPI Report : To establish project budgetary control report & cost performance report. Contract management (All) : Main, NSC, DSC contract management as to structure of trades & cost and L.O.W. Analysis of Tender & negotiations : To analyse all trade of awards, VO, scope of works,","real_estate_construction","high"
"276","merlin-entertainments","linkedin","23","LEGOLAND California Waste Management Technician | Entertainment Performer | Education Guest Experience Host | Landscape Specialist (Gardener) | Technician Supervisor","Qualifications & Experience About the Role: As an Animal Welfare Host, you'll be assisting our Aquarists in caring for our amazing marine and freshwater displays. From preparing diets to interacting with guests during feeding sessions, you'll play a vital role in ensuring the health and happiness of our aquatic friends. Plus, you'll have the opportunity to snorkel and dive alongside our mesmerizin","media_entertainment","high"
"277","milwaukee-tool","linkedin","23","Fulfillment Associate II | Design Engineer II - Power Tools | Repair Technician / Service Coordinator | Assembler 1- Hole Saw PPP- 2nd shift | Assembler 1- Hole Saw PPP-2nd shift","Job Description Come be DISRUPTIVE with us! At Milwaukee Tool, our most valued resource is our dedicated team of employees - employees who work with a passion to be the best and an unparalleled pride in their work and in the Milwaukee brand. We know that the only way to sustain growth and success is to value the growth and success of each person within the organization that's why we invest in an i","consumer_brands","high"
"278","minitab","greenhouse","23","Account Manager | Cybersecurity Program Manager | DevOps Engineer | Enterprise Account Executive | Human Resources Business Partner, Multi Country","DevOps Engineer Position Overview Minitab is seeking a skilled and motivated DevOps Engineer to play a key role in developing and maintaining our infrastructure and deployment pipelines. This role requires strong technical expertise, excellent problem-solving abilities, and the capacity to thrive in a fast-paced, collaborative team environment. As a DevOps Engineer at Minitab, you will have the op","tech_software_internet","high"
"279","neuralconcept","ashby","23","ML Application Engineer (Japanese or Korean-speaking) | EV Powertrain Solution Owner | Talent Acquisition Specialist | Senior Product Engineer | Front End | ML Application Engineer (Japanese-speaking)","About the Role As VP of Engineering, you will be responsible for building, scaling, and operating a high-performing software engineering organization capable of reliably delivering Neural Concept’s ambitious product and technology roadmap. You will turn product vision into software reality, while ensuring our teams and culture scale sustainably — in quality, velocity, and people development. What ","tech_software_internet","high"
"280","new-york-technology-partners","linkedin","23","Senior Release Train Engineer | SailPoint Developer | Climate Solutions Consultant | Commercial Architect/Project Manager―Florida! | Senior Specialist Network Engineer","Job Title: Product Manager - TechnicalLocation: St Louis, MO (Hybrid)Position Type: Contract Job Description:PMT, is a Product manager who has technical background and works on a technical product. It does not intend a PMT to do any technical jobs, such as coding or software architecture. However, the PMT will attend or facilitate or conduct meetings with very team that is involved in the product ","consulting_professional_services","high"
"281","observeai","greenhouse","23","AI Agent Engineer, Client Facing | Business Value Consultant | Director, Product Management | Engagement Manager - AI Agents | Facilities & Administration Manager ( Immediate Joiners only )","About Us Observe.AI &nbsp;is the AI Agents platform for customer experience, designed to help organizations deliver faster, smarter, and more efficient customer service at scale. The platform enables businesses to deploy specialized AI agents that autonomously execute work across the full CX lifecycle—from handling customer conversations to supporting frontline teams and optimizing operations. Eac","tech_software_internet","high"
"282","olix","ashby","23","Senior Opto-Mechanical Engineer | Senior/Staff Digital Design Engineer | Digital Design Verification Engineer | Director of Technical Program Management | Senior Optical Communications Engineer","About OLIX AI is growing faster than any technology in history and the explosion in demand has created a massive infrastructure gap; we can no longer build chips or power stations fast enough to keep up. The industry is still leaning on a ten-year-old hardware blueprint that has reached its limit. A new paradigm that is faster and more efficient will be the biggest economic opportunity of the next","tech_hardware_semiconductors","high"
"283","omni","ashby","23","Managing Architect (North America) | Software Engineer - TypeScript/JavaScript | Solutions Engineer - Pre-Sales (San Francisco, CA) | Senior Solutions Engineer, Pre-Sales | Customer Success Manager","About Omni Omni is the AI analytics platform that turns company data into a trusted source of truth for AI. Built on a semantic model, Omni gives enterprises a governed context graph for analytics and AI. Teams use Omni to ask questions in plain English, refine answers in workbooks, and bring trusted data into tools like Claude, ChatGPT, Cursor, and Slack. Based in San Francisco, CA, Omni has rais","tech_software_internet","high"
"284","optimadermatologycareers","greenhouse","23","Apply Here for Future Advanced Practitioner Openings! | Apply Here for Future Clinical Back Office Support Openings! | Apply Here for Future Corporate Openings! | Apply Here for Future Front Office Openings! | Apply Here for Future Physician Openings!","Multi-site Dermatology Group Seeks Recruiter Optima Dermatology is recruiting a Recruiter to join our Practice Support Center, based in Portsmouth, NH. Position Details: Reporting to the Director of Human Resources, the Recruiter will support the full-cycle recruitment process for all clinical support positions. This includes drafting and advertising positions, identifying and screening applicants","healthcare_provider","high"
"285","palmettocleantech","greenhouse","23","Backend Software Development Engineer III | Capital Markets Analyst or Associate, Structured Finance | Customer Billing Escalation Specialist | Don't See the Right Role Yet? Join Our Talent Community! | FP&A Manager","Company Description Palmetto is a leading clean tech company on a mission to accelerate the transition to a clean energy future. With a belief that consumers can have it all, we are an uncompromising energy company that makes coming clean a no brainer. Our award-winning technology platform empowers homeowners, businesses, and entrepreneurs to adopt renewable energy through simple, scalable, and in","energy_utilities","high"
"286","pandadoc","greenhouse","23","Account Executive | Account Executive, Small Business | Account Manager, Growth (SMB & Commercial) | Account Manager, Small Business | Application Security Engineer","About the job We are looking for individuals with a strong sales background to work in full-cycle motion with a substantial volume of inbound leads and bring new business customers to PandaDoc.&nbsp; In this role, you will: Manage the full-cycle sales of qualified SMB leads (companies with 11-200 employees), including contract generation and other deliverables for closing across a diverse portfoli","tech_software_internet","high"
"287","perryellisinternational","greenhouse","23","Accounts Payable Specialist | Allocator | Assistant Designer | Assistant Planner | Associate Merchandiser Performance","Company Overview Perry Ellis International, Inc. represents a diverse portfolio of lifestyle apparel brands. The Company, through its wholly owned subsidiaries owns and licenses nationally and with a brand portfolio of over 40 Brands domestically and internationally recognized brands including: Perry Ellis®, Original Penguin® by Munsingwear®, Laundry by Shelli Segal®, Rafaella®, Cubavera®, Ben Hog","consumer_brands","high"
"288","picoquantitativetrading","greenhouse","23","Business Development Representative | Database Administrator | Data Center Engineer | Data Centre Engineer | Infrastructure Engineer","Pico fuels the global capital markets community by providing exceptional market data services and customized managed infrastructure solutions.&nbsp; As financial industry experts at the center of markets and technology, we help our clients efficiently scale their business and quickly access markets. From infrastructure to connectivity, we support our clients through the full trading lifecycle.&nbs","finance_banking","high"
"289","plume","greenhouse","23","Corporate Strategy and Development Manager | Customer Success Director | Full Stack Developer | Professional Services Engineer | Senior Product Designer (Native App)","About Plume: Plume Health is a passion-fueled, mission-driven company that is trans-founded with a vision to transform healthcare for every trans life. We hope to make gender-affirming hormone therapy easily accessible at the touch of a button in every state of the US. This work is deeply personal and heart-driven, and we want teammates who care about the mission and the people we serve. For the r","tech_software_internet","high"
"290","plymouth-rock-assurance","linkedin","23","Data Science Manager | Principal UX Designer | Team Lead, Customer Care Independent Agent Channel | Supervisor, Database Administration | Administrative Claims Specialist, PIP - Independant Agent","Plymouth Rock is seeking an analytically minded and entrepreneurial Marketing Technology & Operations Manager to join our rapidly growing Direct Response Auto Insurance business. This role will take on the responsibility for enabling our marketing technology strategy execution across all digital paid media and brand building activities. An ideal candidate has a strong background in executing marke","finance_insurance","high"
"291","principal-financial-group","linkedin","23","Internal Wholesaler- Small Market (Retirement Solutions) | Associate Underwriter | Analyst | Associate, Underwriter (Direct Lending) - CHI / NY / DSM | Experienced Software Engineer (Salesforce) | Assistant Director- ERISA / Trust & Custody Consulting","What You'll Do As an Operations Analyst, you’ll support the execution of activities related to the creation and maintenance of investment data and communications for the benefit of retirement plan stakeholders! A few of your day to day duties will include: Maintaining investment data in databases and materials and prepare reports on the data.Perform research and assist with building new funds and ","finance_banking","high"
"292","qualcomm","linkedin","23","Financial Analyst, Staff | Program Manager | Automotive Sr. Engineer | TEST - Data Ingestion Requisition | CPU Micro-architect/RTL Designer","Company Qualcomm Technologies, Inc. Job Area Engineering Services Group, Engineering Services Group > Program Management General Summary Develops, defines, and executes plans of record, including schedules, budgets, resources, deliverables, and risks. Monitors and drives the program from initiation through delivery, interfacing with internal and external stakeholders across functions on technical ","tech_hardware_semiconductors","high"
"293","ridemobilityllc","greenhouse","23","Aftersales Engineer | Assistant Account Manager | Buyer | Director of Field Services | Electrical Engineer","The following description is not intended as an exhaustive list of all responsibilities, duties and skills required of personnel so classified. Management retains the discretion of adding or changing the duties of the position at any time. &nbsp; The following description is not intended as an exhaustive list of all responsibilities, duties and skills required of personnel so classiﬁed. Management","automotive","medium"
"294","rose-international","linkedin","23","Infrastructure Engineer | SDS Support Technician | Biologist | Securities and Derivatives Associate Analyst | Software Engineer","Date Posted: 04/11/2024Hiring Organization: Rose InternationalPosition Number: 462126Job Title: BiologistJob Location: Creve Coeur, MO, USA, 63141Work Model: OnsiteShift: Starts at 8AMEmployment Type: TemporaryEstimated Duration (In months): 13Min Hourly Rate($): 25.00Max Hourly Rate($): 29.00Must Have Skills/Attributes: Laboratory, MS Excel, Plant Science, ResearchNice To Have Skills/Attributes: ","consulting_professional_services","high"
"295","rwazi","ashby","23","Head of Marketing | Director of Product Design (SaaS) | Head of Research & Development (R&D) | Product Analyst | Decision Systems Architect","Rwazi pays people across the globe to complete short paid tasks — observations, logs, gigs — that turn into structured market intelligence for some of the world's largest brands. Our participants are the supply side of an exchange we sell into Fortune 500 clients. Every activated participant is capacity we monetize. The role You own the discipline of attracting high-intent participants — not leads","tech_software_internet","high"
"296","sustainabletalent","greenhouse","23","AI Safety Engineer | AI Security Engineer | Associate Recruiter | Autonomous Vehicle Operator – Autonomous Vehicle Test Engineer | Executive Market Intelligence Search Specialist (Remote)","Employment Type: Extended Contract Location: Onsite in the Greater Louisville Area Sustainable Talent is seeking a highly motivated&nbsp; Skilled Trades/Manufacturing Recruiter &nbsp;to support one of our valued clients through an extended contract engagement. This position plays a key role in full-cycle recruiting, skilled trades sourcing, and stakeholder collaboration. The ideal candidate will b","consulting_professional_services","high"
"297","tekmetric","greenhouse","23","Account Executive | Customer Onboarding Manager | Events Manager | Manager, Customer Success (SMB & Mid-Market) | Manager, Product Support","About Tekmetric Tekmetric is the all-in-one, cloud-based platform helping auto repair shops run smarter, grow faster, and serve customers better. Built by a shop owner and shaped by the needs of the industry, Tekmetric brings together innovation, real-world experience, and a thriving community to help shops thrive - not just survive.&nbsp;From running a shop, to securing payments to engaging custo","tech_software_internet","high"
"298","the-crox-group","linkedin","23","Product Marketing Manager | Account Manager | Senior Product Manager | Human Resources Generalist | Sterile Processing Technician","Qualifications:Education: Bachelor's degree in legal studies, paralegal studies, or a related field preferred.Experience: Previous experience in a legal setting or administrative role is desirable.Skills: Proficiency in Microsoft Office Suite, strong written and verbal communication skills, attention to detail, and ability to multitask effectively.Knowledge: Familiarity with legal terminology, pro","consulting_professional_services","high"
"299","tilthq","ashby","23","Staff Software Engineer, Backend | Lead IT Engineer, Cashalo | Agentic AI Lead (Business Transformation) | Senior Backend Engineer, NIRA | Senior Software Engineer, Backend","Join the Tilt team At Tilt, we see a side of people that traditional lenders miss. Our mobile-first products and machine learning-powered credit models look beyond credit scores, using over 250 real-time financial signals to recognize real potential. With millions of customers worldwide , we're not just changing how people access financial products — we're creating a new credit system that backs t","tech_software_internet","low"
"300","time-dotcom-berhad","jobstreet","23","Service Delivery Project Manager | Senior Cybersecurity Engineer | Wayleave & Deposit Recovery Specialist | Client Manager (Enterprise Sales) | Field Engineer","[Category: Engineering / Project Management] Metro OSP Project Manager Responsibilities To plan, strategize and monitor all the projects rollout requirement for Outside Plant (OSP) Metro Network including (MAN / CAN / Building Access) in order to complete within the timeline. To coordinate with all stakeholders (wayleave / planner / region etc) and external parties ( ie LA / contractors / building","telecommunications","high"
"301","truenorth-executive-search-inc","linkedin","23","Vice President M&A - Multi-Sector Industrial Equipment Platform – Private Equity | President/Chief Executive Officer - Lower-Middle Market Packaging Manufacturing  | General Manager – Medical Device Manufacturing – Greater Denver Area, 78807 | Chief Financial Officer – Private Equity, Highly Engineered Manufacturing, 78766 | Director of Operations – High Growth Commercial/Structural Products – Fabricatio","Chief Financial Officer - Custom Specialty Manufacturing - Private Equity Growing innovative manufacturing and construction enterprise is actively seeking a hands-on Chief Financial Officer to partner with the CEO in leading the growth and transformation of a well-established and growing Pacific-Midwest based business. The company is positioned to achieve exceptional growth in the near term which ","consulting_professional_services","high"
"302","truezerotech","lever","23","Configuration Management Analyst (R-00151) | Cyber Intelligence Analyst III (R-00139) | Cyber Tool Integration Specialist (R-00105) | Cybersecurity IT Senior Program Manager (R-00148) | Cybersecurity Operations Analyst (R-00156)","True Zero Technologies, a veteran-owned small business, was founded on the principle that the purposeful enablement of people and technology in an organization directly ties to the quality of its outcomes. True Zero recognizes that those outcomes begin and end with our people, and that is what we have built a community of like-minded, driven, and passionate individuals and innovators who are align","defense_aerospace","high"
"303","walkerconsultants","lever","23","Curb Management, Mobility, and Parking Consultant | Design Technician | Director of Building Envelope | Director of Design Services | Director of Forensics & Restoration","How Your Role will Shape Our Success Walker Consultants is seeking a Structural Project Manager to lead the design, coordination, and execution of parking structure projects. This role is ideal for an experienced structural engineer who excels in both technical expertise and project management. The successful candidate will take charge of overseeing multiple projects, ensuring seamless collaborati","consulting_professional_services","high"
"304","watson-s-personal-care-stores-sdn-bhd","jobstreet","23","Human Resource Business Partner (HRBP), Executive | Data Analysis Senior Executive (Commercial Analysis) | Business Analyst | Internal Audit Senior Executive (Process Improvement) | Senior Application Engineer","[Category: Healthcare & Medical / Pharmacy] Job Description What will you do ? Provide customers with counseling and drug information on medicines and health problems. Accountable for the sales of Health Division. Accountable for stockholding / inventory control of Health Division. Provide general advice on healthcare (and beauty care as well. To ensure that dispensary products displayed are prope","retail_ecommerce","high"
"305","whogivesacrap","greenhouse","23","Community Team Member | Community Team Member - Freelance | Creative Strategist, UK (9 month contract) | Director of Growth Marketing, UK | Director of Pricing & Revenue Management","Not all heroes wear capes — but plenty of them use toilet paper Want to challenge yourself at a purpose-led scale up AND make a difference in the world? Come join the revolootion! Funny name, serious business We make eco-friendly products and donate 50% of our profits to provide clean water and help build toilets for the billions of people who lack proper access. So far, we’ve contributed over $18","consumer_brands","high"
"306","wildlifestudios","greenhouse","23","Accounting Specialist | Business Analyst | Business Analytics Intern | Business Operations Associate | BizOps | Communications Analyst","We're looking for a talented and passionate UI/UX Designer &nbsp; to join Wildlife's Game Art Team in São Paulo. The Game Art Team at Wildlife is growing. With an audience that numbers in the millions, our games have the power to impact countless lives. Our games connect people with interesting characters, vibrant worlds, and unforgettable experiences.&nbsp; That's no small task, but we have a pow","gaming","high"
"307","wistron-technology-malaysia-sdn-bhd","jobstreet","23","Mechanical Engineer (R&D) | Engineer - PME (Final Assembly) | Procurement Sourcing Management | Department Secretary - Port Klang | Technician","[Category: Manufacturing, Transport & Logistics / Purchasing, Procurement & Inventory] Looking for candidate who has knowledge, skill and ability to responsible Follow Material Requirement Planning (MRP) demand lead time to release Purchase order Tracking vendors material preparation, production, and shipment status to ensure the ordered materials are delivered to company warehouse in time Provide","tech_hardware_semiconductors","high"
"308","zuspresso-m-sdn-bhd","jobstreet","23","Senior PHP Developer | Financial Controller | Head of Financial & Planning Analysis | Manager, Financial Planning & Analysis | Corporate Governance, Risk and Compliance Manager","[Category: Retail & Consumer Products / Merchandisers] Position Responsibilities Visual Merchandising Strategy Develop and implement visual merchandising strategies aligned with brand guidelines and marketing objectives. Plan and execute visual displays, signage, and product presentations to enhance the overall retail environment. Continuously evaluate and refresh merchandising techniques to maxim","hospitality_food_service","high"
"309","Talos-Trading","ashby","22","Software Engineer, Trading Connectivity, Singapore | Software Engineer, New York | Software Engineer, London | Client Services Engineer, New York | Senior Manager, People Team","Institutional Fabric for the Digital Asset Market Founded in 2018, Talos provides institutional-grade trading technology for the global digital asset market, powering many of the major players in the crypto ecosystem. Our mission is clear: to advance the mass adoption of digital assets by seamlessly connecting institutions to the digital asset ecosystem. We are committed to building the most innov","finance_fintech","high"
"310","actian","lever","22","AI Engineer Intern, Database Performance Knowledge | AI Productivity Customer Success Intern | Customer Success AI Insights Intern | DevOps Engineer | Enterprise Database Sales Engineer","Company Our Vision is to be the Most Trusted, Flexible and Easy to Use Hybrid Cloud Data Platform. Actian is transforming industries by empowering companies to accelerate application modernization and simplify the Cloud journey. Our customers use the Actian Data Platform to unify their siloed data, explore and securely exchange data to run a variety of analytic workloads that provide real time bus","tech_software_internet","high"
"311","afterquery","ashby","22","Strategic Projects Lead | Growth Associate | Software Engineer - Platform/Applied AI (Fullstack) | Strategic Projects - Coding Intern | AI/ML Research Intern","AfterQuery is looking for creative, driven undergraduate students to join us for the summer as a Growth Intern. You’ll help us expand AfterQuery’s expert-network, drive on-campus engagement, and launch innovative initiatives that shape the future of AI and startups, all while gaining access to unique incentives and career opportunities. This is a high-agency role designed for students who thrive o","tech_software_internet","high"
"312","airspace-intelligence.com","ashby","22","Internship - Software Engineer | Frontend Engineer | Cloud Platform Engineer | Software Engineer | Deployment Lead (Civil Aviation)","About Air Space Intelligence ASI's mission-critical technology powers decision-making across aviation, defense, energy, and other critical infrastructure domains. Backed by top-tier investors including Andreessen Horowitz, Spark Capital, and Renegade Partners, ASI delivers operational decision superiority—compressing days of analysis into seconds of action. ASI is leading the way and pushing the b","tech_software_internet","high"
"313","alphagrepsecurities","greenhouse","22","Business Operations | Campus Program | Devops Engineer | General Technology Submissions: Developers, Devops, Systems, FPGA | Junior Quantitative Researcher","AlphaGrep is a quantitative trading and investment firm founded in 2010. We are one of the largest firms by trading volume on Indian exchanges and have significant market share on several large global exchanges as well. We use a disciplined and systematic quantitative approach to identify factors that consistently generate alpha. These factors are then coupled with our proprietary ultra-low latenc","finance_banking","high"
"314","ampstek","linkedin","22","Electrical Engineer (Power Supply) | CISCO NSO DNA Engineer | TECHNICAL WRITER WITH AUTOMOTIVE DOMAIN | Technical Writer (Aerospace Exp. Preferred) | Elastic Path Product (Fullstack Developer)","Role : Senior IHS Markit EDM DeveloperLocation: Fort Mills ,SC- Onsite Skills:Expertise in IHS Markit EDM Product (Building ETL flow/pipeline using Markit EDM to integrate/process market data on the ESB), expertise in SQL.Experience in DW, ETL, SQL, Data Lake etc.Min. 7+ years of experience in IHS Markit EDMExperience in Agile and DevOps Software development methodologies.Good-to-Have experience i","consulting_professional_services","high"
"315","anrok","ashby","22","Software Engineer (7+ years of experience) | Software Engineer, Infrastructure | Software Engineer (4+ years of experience) | Account Executive, Commercial | Product Manager, Activation","Anrok is the leading tax automation platform enabling businesses to expand globally without compliance complexity. As the digital economy has grown 6x over the last decade, software businesses have gone from not worrying about sales tax to needing to monitor exposure, calculate rates, and file returns across 50+ US jurisdictions and many countries worldwide. This creates a critical bottleneck for ","tech_software_internet","high"
"316","antithesis","ashby","22","Software Engineers | All Levels | Customer Success Manager | Senior Account Executive | Business Development Representative | Forward Deployed Engineer","About Antithesis We provide a platform that helps engineering teams identify and resolve bugs that traditional testing approaches miss. Antithesis runs your entire system in a deterministic simulation, breaks it in every way imaginable, and hands you a root cause and a perfect reproduction — no flaky tests, no false positives, no ""works on my machine"". This allows engineering teams to debug faster","tech_software_internet","high"
"317","arcboatcompany","greenhouse","22","Commercial Field Systems Technician | Defense Business Development Manager | Defense Partnerships Manager | Director, Supply Chain Operations | Electrical Integration Engineer","What we’re building Every idea starts with a problem. Ours was simple: Boats are special — but they’re loud, pollutant, unreliable, and stuck in the past. Gas-powered boats dominate not because they’re great, but because no better option has existed. Until now. Arc is here to change that. We’re building 100% electric boats from the ground up — quicker, quieter, easier to maintain, and better for t","automotive","medium"
"318","architect-of-the-capitol","usajobs","22","Gardener | Inventory Management Specialist | Painter Refinisher Leader | Maintenance Mechanic | Sheet Metal Mechanic (Roofing)","You must meet all eligibility and qualifications requirements by the closing date of the job announcement. You must meet the SCREEN OUT required for this position which includes: -Ability to perform the work of a journey-level painter with an appropriate Level of Supervision Your application must show that you have sufficient training and/or experience to perform the duties of the position as desc","public_sector_government","high"
"319","ashley-furniture-industries","linkedin","22","Sr. Automation Designer | Retail Distribution Center Delivery Helper | Environmental Intern | Human Resources Generalist - 2nd Shfit | Accounting Associate","Build Your Career with Ashley Onsite Recruiter Who We Are At Ashley, we’re more than a business…we’re family. As the largest manufacturer of home furnishings in the world, we know what it takes to build incredible furniture and future leaders. We’re problem solvers with the grit to persevere during challenging times and innovators who won't coast when times are good. We create solutions, not excus","consumer_brands","high"
"320","assetwatch","greenhouse","22","Accounting Manager | Backend Engineer | Business Development Representative | Condition Monitoring Engineer | Customer Success Enablement Manager","AssetWatch serves global manufacturers by powering manufacturing uptime through the delivery of an unparalleled condition monitoring experience, with a passion to care about the assets our customers care for every day. We are a devoted and capable team that includes world-renowned engineers and distinguished business leaders united by a common goal – To build the future of predictive maintenance. ","tech_software_internet","high"
"321","aufinity-group-gmbh","ashby","22","(Senior) Grafik Designer - Marketing (m/w/d) | (Senior) Partnership Manager (m/w/d) | (Senior) European Partnership Manager (m/f/d) | Account Executive (m/w/d) | (Senior) Sales Manager Spain (m/f/d)","ÜBER UNS Wir sind die aufinity Group GmbH - eines der am schnellsten wachsenden FinTech-Scale-ups in Deutschland. Gemeinsam bauen wir Europas neuen Standard für digitales Zahlungsmanagement im Automotive Bereich aus dem Herzen Kölns. Seit 2018 optimieren wir mit unserer Plattform bezahl.de die Zahlungsprozesse in der Automobilindustrie. bezahl.de automatisiert, digitalisiert und vereinfacht den ge","finance_fintech","high"
"322","axios","greenhouse","22","Account Executive, Pro Deals | Account Manager, Client Success | Analytics Engineer | Associate, Axios Live - Talent Pool | Associate, Business Development","1 big thing: Axios is a growth-focused media company dedicated to helping people get smarter, faster on what matters. We’re looking for a Software Engineer to help scale the systems that power Axios’ core products. Why it matters: At Axios, we deliver news that’s clinical, trustworthy, and informative — reaching millions of readers every day. As a Software Engineer , you’ll help power the services","media_entertainment","high"
"323","bee-talents","lever","22","*Hej! Zostańmy w kontakcie! | Bee Talents [PL] | *Hi! Let's keep in touch! | Bee Talents [ENG] | Analityk Produkcji [k/m] | Stokson Modern Bakery - Dooti Donuts [UoP] | BIM Manager | VIATechnik [ B2B] | Remote | Business Development Representative | Naturaily [ 13-17K PLN net VAT + commissio","Who are we? We're Bee Talents, an IT recruitment agency that has been helping clients from all around the world in building their technical teams since 2015. Today, we would like to invite you to participate in the recruitment process for YAPEAL, a Swiss fintech operating in the payments and embedded finance space. YAPEAL is a regulated fintech with a FINMA banking licence, building modern financi","consulting_professional_services","high"
"324","billcom","greenhouse","22","Account Executive Growth - Spend & Expense | Email & Lifecycle Marketing Manager | Enterprise Account Executive, Supplier Growth | Growth Account Executive - AP | Growth Account Executive - Ecosystem","Innovate with purpose At BILL, we believe in empowering the businesses that drive our economy. By replacing outdated financial processes with innovative tools, we help businesses—from startups to established brands—make smarter decisions and gain control of their operations. And we don’t stop there: we’re creating the future of financial automation so businesses can spend more time on what matters","finance_fintech","high"
"325","bipo-service-malaysia-sdn-bhd","jobstreet","22","QA Engineer | Regional Project Manager/Consultant | Product Analyst | Global Payroll Service Delivery Consultant | Senior Product Analyst - Regional Payroll","[Category: Accounting / Payroll] Role & Responsibilities: To deliver efficient, accurate payroll and administrative functions, and monthly invoices to all clients. And provides client support and answer client's queries as and when required. Part (A): Payroll Outsourcing Responsible for all clients’ (assigned under the portfolio) end-to-end payroll processing functions, including the supervision o","consulting_professional_services","high"
"326","brindleyengineering","lever","22","Associate Instrumentation Engineer | Associate Process Engineer | Associate Structural Engineer | Electrical Engineer | Field Technical Specialist","Job Description: Detail-oriented, reliable, creative team player to manage maintenance and reliability & capital projects. You may be assigned projects from award to closeout or projects at various stages of development. This position may reside at one of our client sites or from our office in Lisle, IL. Job Duties/Responsibilities: •Responsible for the execution of all aspects of a project, inclu","consulting_professional_services","high"
"327","capital-staffing-solutions-inc","linkedin","22","Senior Tax Manager | Attorney | Medical Lab Scientist | Microsoft Dynamics Consultant | Growth Marketing Analyst IV REMOTE- Various Locations","Job TitleSmart Plant Administrator - Lake Mary, FL DurationDirect Hire Location Lake Mary, FL Hours/ShiftsM-F 8a-5p SUMMARYA Smart Plant Administrator plays a crucial role in overseeing and optimizing the SmartPlant software system to support engineering and construction projects, focusing on data management, configuration, customization, security, and user support.ESSENTIAL DUTIES & RESPONSIBILIT","consulting_professional_services","high"
"328","cdcfoundation","lever","22","Chemist II | Chronic Disease Epidemiologist | EMSA3 Microservice Developer (Event-Driven Architecture) | Epidemiologist – Electronic Case Reporting (eCR) Evaluation | EpiTrax Outbreak and Exposure Enhancements Developer","Position Title: Chemist II Location: Onsite (Raleigh, North Carolina) Position End Date: 2/28/2027 Salary: $67,000 plus benefits About the CDC Foundation The CDC Foundation helps the Centers for Disease Control and Prevention (CDC) save and improve lives by unleashing the power of collaboration between CDC, philanthropies, corporations, organizations, and individuals to protect the health, safety ","nonprofit","high"
"329","centific-global-solutions-m-sdn-bhd","jobstreet","22","Senior Accountant | Internet Researcher (Arabic or Thai - MY) | Technical Business Analyst (BA) | Internet Researcher (Hong Kong or Taiwanese) - Johor (Fresh Graduates) | Electrical & Electronic (EE) Product Engineer","[Category: Information & Communication Technology / Programme & Project Management] Position Title: Software Project Manager in localization/AI industry Work location: Penang, Malaysia Working hours: Mon - Fri, 8.00am - 5.00pm Type of employment: Full Time The Project Manager (PM) is responsible for overseeing the changes/updates in projects. They act as the point of contact between PAs/PCs and SP","consulting_professional_services","high"
"330","chico-s-fas-inc","linkedin","22","Assistant Store Manager - Chico's | Support Associate - Chico's | Support Associate - White House Black Market | Sales Lead - Chico's | Sales Lead - Soma","We are customer obsessed, innovative, and have the best culture in retail. Join our team today! Position Objective The Store Manager is primarily responsible for promoting a customer and product-focused sales culture where our values and guiding principles are at the forefront of all store operations, including managing sales operations, asset protection, and human resources functions to ensure gr","retail_ecommerce","high"
"331","clearedge","lever","22","Application Engineer IV | Building Technician | Database Engineer II | Database Engineer III | Full Stack Software Engineer","Join ClearRealty LLC and become part of a team focused on owning, managing, and improving properties that strengthen communities. Our professionals support a diverse portfolio of commercial and residential properties while delivering high-quality property management and home services that enhance the experience of tenants, residents, and partners. As part of the ClearSpectrum LLC family of compani","consulting_professional_services","high"
"332","clearviewhealthcarepartners","greenhouse","22","Consultant - Analytics COE | Consultant - Insights COE | Consulting Project Team Lead - Corporate Strategy | Consulting Project Team Lead - Corporate Strategy (Multiple offices) | Consulting Project Team Lead - Investor","ClearView Healthcare Partners is a premier life sciences strategy consulting firm headquartered in Boston, with offices in San Francisco, New York City, London and Gurgaon. Serving clients in the biopharmaceutical, medical device, and diagnostic spaces, we provide world-class strategic decision-making support across a diverse range of business issues. Our goal is to inform actionable recommendatio","consulting_professional_services","high"
"333","constantcontact","greenhouse","22","Account Executive | AI Solutions Engineer | Director, Performance Marketing | Director, Revenue Analytics | Lead Data Analyst - Product Growth","At Constant Contact, we are seriously awesome people who take ownership and make an impact by operating with the mindset, integrity and courage of a small business owner.&nbsp; There’s something so profoundly rewarding about knowing that your work is empowering people everywhere to pursue their dreams .&nbsp; Here, we all play an integral part in helping business owners, entrepreneurs, non-profits","tech_software_internet","high"
"334","constructortech","greenhouse","22","Business Manager (to President for Türkiye & the Balkans) - Middle+/Senior- | CRM Administrator | Customer Success Coordinator (German Speaking) | Frontend Engineer (Intern) | Head of Engineering","Our mission Constructor’s mission is to enable all educational organisations to provide high-quality digital education to 10x people with 10x efficiency.&nbsp; With strong expertise in machine intelligence and data science, Constructor’s all-in-one platform for education and research addresses today’s pressing educational challenges: access inequality, tech clutter, and low engagement of students.","tech_software_internet","high"
"335","delartech","greenhouse","22","Audio Electrical Engineer | Audio Render Experience Engineer | Audio System Engineer | Battery Lab Manager | Battery Lab Technician","About the job Delart is home to a team of world-class engineers and project leaders dedicated to developing the next generation of advanced networking technologies, consumer devices, and innovative technology solutions. Trusted by some of the world’s leading technology companies, we deliver highly scalable, mission-critical solutions that power both consumer and business applications globally. Sin","automotive","medium"
"336","delaware-north","linkedin","22","In-Seat Runner, American Family Field | Chophouse Runner, Truist Park | Club Level Stand Attendant, American Family Field | Cook II, Wuksachi Lodge | Suites Runner, American Family Field","The Opportunity Delaware North is hiring a full-time IT Technician to join our team for support of Patina Restaurant locations on the west coast, in Los Angeles, California. With all technology at your fingertips and the Operation Lead by your side, you will work to support daily technical operations on the west coast. If you are an IT Administrator that enjoys troubleshooting, assisting with impl","hospitality_food_service","high"
"337","dish-network","linkedin","22","Inventory Specialist | Distribution Supervisor | Supply Chain Program Manager II | Field Technician | Marketing Lead - Employer Brand","Company Summary DISH, an EchoStar Company, has been reimagining the future of connectivity for more than 40 years. Our business reach spans satellite television service, live-streaming and on-demand programming, smart home installation services, mobile plans and products, and now we are building America’s First Smart Network™. Today, our brands include EchoStar, Hughes, DISH TV, Sling TV, Boost In","telecommunications","high"
"338","distyl","ashby","22","Senior Platform Product Manager (AI Systems) | Software Engineer - Back End | Lead AI Engineer | Applied AI Researcher, System Discovery | Applied AI Researcher, System Self-Improvement","About Distyl AI Distyl is an applied AI technology company partnering with the world’s most ambitious institutions to rearchitect critical operations for the frontier of AI. Our customers include the largest companies in telecom, healthcare, insurance, manufacturing, consumer goods, and global social organizations. We research and deploy technologies that power AI-native operations — both for our ","tech_software_internet","high"
"339","dmgevents","greenhouse","22","Accounts Receivable Accountant - Fixed Term (6 Months) | Commercial Director | Commercial Sales Manager | Conference Manager | Conference Manager (Arabic Speaker)","Job Purpose: The Sales Manager is responsible for driving sponsorship and exhibition revenue growth through strategic account management, business development, and consultative sales across the event portfolio. The role focuses on retaining and expanding key accounts, identifying new business opportunities, negotiating high-value partnerships, and delivering commercially successful outcomes across","media_entertainment","high"
"340","dreamsports","lever","22","AVP/VP Membership Sales | Director - Data Science | DSG - Manager - MISE - Product and Contracting | Executive - Talent Acquisition | Executive/Sr.Executive/Manager - Sales","Technology @ FanCode We have one mission: Create a platform for all sports fans. Built by sports fans for sports fans we cover Sports Live Video Streaming, Live Scores & Commentary, Video On Demand, Player Analytics, Fantasy Research, News and very recently e-Commerce. We’re at the beginning of our story and growing at an incredible pace. Our tech stack is hosted on AWS and is built on Amazon EC2,","gaming","high"
"341","echo","ashby","22","ML Research Engineer, Speech | ML Infrastructure Engineer | Applied AI Scientist | Applied AI Scientist, Language & Context | Other Opportunities at Echo","Our client, a leading wealth management firm located in Des Moines, is seeking a Client Service Associate to add to their dynamic and growing team. This office has a long standing reputation in the area and works closely with high-net worth clients and small businesses to provide comprehensive financial planning. Responsibilities:Deliver advisor-ready meeting prep and follow up materialsRepresent ","tech_software_internet","high"
"342","effectiveschoolsolutions","greenhouse","22","[2026-2027] Licensed School-Based Clinical Program Coordinator | [2026-2027] Licensed School-Based Mental Health Clinician | [2026-2027] Licensed School-Based Mental Health Clinician (Lead) | [2026-2027] Licensed School-Based Mental Health Screener | [2026-2027] Mental Health Technician","CLINICIAN &nbsp; Transforming student mental health in schools. &nbsp; About Effective School Solutions &nbsp; Effective School Solutions (ESS) is a leading provider of school-based mental health services, serving 6,000+ K–12 students across 12 states. &nbsp; We deliver the level of clinical care typically found in private practice, out-of-district placements, or higher levels of care directly wit","healthcare_provider","high"
"343","emerson","linkedin","22","Integrated Marketing Specialist | Technical Sales Representative | Distribution Worker | Product Service Center Technician | Sales, Inventory, Operations & Planning (SIOP) Manager","Job Description If you are a skilled Machinist looking for an opportunity to grow, Emerson has an exciting opportunity for you based in Brenham, TX! Under limited supervision, sets up and operates two or more production machines on complicated production work involving difficult operations, close tolerances, and difficult set-ups of parts. Has basic under-standing when working with various metal p","manufacturing","high"
"344","energyhub","greenhouse","22","Contract Opportunity: Marketing Writer, Energy Sector | Director, Business Development | Director, Partner Solutions | Engineering Intern - C&I | Engineering Intern - Data Engineering","About the opportunity &nbsp; We are seeking a Software Architect who fundamentally understands that software architecture is an economic and business tool, not just an academic exercise. We do not want an ""Ivory Tower"" architect who dictates policy from afar. Instead, we need a hands-on, pragmatic leader who operates as a ""civil servant"" to our execution teams, embedding with them to understand th","energy_utilities","high"
"345","equativ","lever","22","Account Executive | Account Manager (UK & Northern Europe) | Account Manager - AdTech | Account Manager, APAC | Adjoint(e) administratif(ve) de direction","We are looking for a motivated and energetic intern to join our Cash Collection and Treasury team. The role will focus mainly on cash collection, around 90% of the internship. Cash management tasks will represent around 10% and will be introduced gradually once the intern understands our processes, clients, and business environment. This is a hands-on role in a fast-paced ad tech environment. The ","tech_software_internet","high"
"346","evismart","greenhouse","22","Account Executive | AI & Automation Engineer | AI Workflow Adoption Lead | Automation QA | Content & Product Marketing Lead","EviSmart Automation &amp; Stability Engineer ""Most QA roles are the last line of defense — they catch failures after they happen. This one is the system that makes failures impossible to reach production in the first place."" &nbsp; 📍&nbsp;BGC, Taguig, Philippines •&nbsp;&nbsp;On-site&nbsp;&nbsp;•&nbsp;&nbsp;Full-Time WHAT EVISMART IS BUILDING EviSmart is the leading dental Autopilot system operati","tech_software_internet","high"
"347","fixinssoulkitchen","lever","22","Assistant General Manager | Baker | Barback | Bartenders | Busser","Company Overview Fixins Soul Kitchen seeks to redefine the American soul food experience. We are full-service restaurants that uniquely combine traditional soul food with outstanding service and hip, energetic dining environments. Founded by former NBA All Star Kevin Johnson and his wife, Michelle, Fixins’ menu is rooted in the Southern recipes passed down through generations from Kevin’s family a","hospitality_food_service","high"
"348","forbes","greenhouse","22","Account Manager | Designer, ForbesLive | Director, ForbesLive | Engineer, Corporate Technology | Executive Director, E-Commerce Partnerships","Forbes is an iconic global media brand that has symbolized success for over a century. Fueled by journalism that informs and inspires, Forbes spotlights the doers and doings shaping industries, achieving success and making an impact on the world. Forbes connects and convenes the most influential communities ranging from billionaires, business leaders and rising entrepreneurs to creators and innova","media_entertainment","high"
"349","formationbio","greenhouse","22","Associate Director, Analytical Development & QC | Associate Director, Bioanalytical Development | Associate Director, Data Engineering (Real World Data) | Associate Director, Drug Substance, Biologics | Associate Strategic Buyer","About Formation Bio Formation Bio is a tech and AI driven pharma company differentiated by radically more efficient drug development. &nbsp; Advancements in AI and drug discovery are creating more candidate drugs than the industry can progress because of the high cost and time of clinical trials. Recognizing that this development bottleneck may ultimately limit the number of new medicines that can","healthcare_pharma_biotech","high"
"350","further","greenhouse","22","Integrations Support Engineer | Business Operations Specialist | Adobe (AEP) Architect | AI Strategist (ATL) | AI Strategist (AUS)","WE’RE HIRING! If you love data and are looking for unlimited growth opportunities, we want to talk with you about joining Further. Further is a data, cloud, and AI company whose focus is helping companies turn raw data into the right decisions. We have an award winning culture of extraordinary people. Our purpose is to enable people to thrive so that businesses can thrive. We believe that the work","consulting_professional_services","high"
"351","fusionworldwide","greenhouse","22","Business Development Manager (Beijing) - Remote | Business Development Manager (Tokyo) | Hardware Tester (Singapore) | HR Admin | Purchasing Representative (Japanese Speaking)","Position Summary: This opportunity is for proactive and detail-oriented candidates who can multitask and manage their workload in a fast-paced environment. This candidate will be working with like-minded team members in a vibrant and energetic office environment. What we can do for you!&nbsp;&nbsp; Provide training to give you the knowledge to thrive in a fast-paced environment Offer support throu","tech_hardware_semiconductors","medium"
"352","gess","lever","22","Academic Coach/ Schulbegleitung AY25/26 | Admissions Officer | Graphic Design and Photo/ Video Assistant | Lehrer/-in Grundschule - Primary School Teacher | Long-Term Internship/ Schulassistenz für Lehramtsstudierende","About GESS As one of the leading international schools in Singapore, GESS is home to students from over 70 nations worldwide. We are for many families the home away from home and we are very happy that they are part of our school community which is based on mutual support and solidarity. With our language programme, we support our students to nurture this part of their identity and want to preserv","education_k12","high"
"353","gumgum","greenhouse","22","Account Manager | Ad Exchange Engineer | Data Scientist I | Digital Director | Digital Executive","GumGum is The Mindset Company™ transforming advertising. We’re an advertising technology company delivering results by matching brands with people in the right mindset in the moments that matter. Our platform is powered by the Mindset Graph™, our AI-driven data engine that processes billions of real-time contextual, creative, environmental, and historical signals to match every ad with the most re","tech_software_internet","high"
"354","gypsum-management-and-supply","linkedin","22","Counsel, Employment Law | Warehouse | CDL Delivery Driver | Delivery Helper | Non-CDL Delivery Driver","Gypsum Management & Supply, Inc. (GMS) is the leading North American distributor of gypsum wallboard, acoustical ceiling products and other specialty building materials. Founded in 1971, GMS now operates an expansive network of distribution centers nationwide. Westside Building Material is a family-owned business started by Beulah and Evan Peckham in 1935 to serve the lath and plaster trades in th","real_estate_construction","high"
"355","habitathealth","greenhouse","22","Activities Aide | Clinic Supervisor (RN) | Director, Platform Strategy | EHR Associate Analyst | Executive Director - San Leandro (PACE)","At Habitat Health, we envision a world where older adults experience an independent and joyful aging journey in the comfort of their homes, enabled by access to comprehensive health care. Habitat Health provides personalized, coordinated clinical and social care as well as health plan coverage through the Program of All-Inclusive Care for the Elderly (“PACE”) in collaboration with our leading heal","healthcare_provider","high"
"356","hellobrightline","ashby","22","Licensed Therapist (Remote, Part Time or Full Time - Massachusetts) | Community Engagement Lead (Hybrid - San Diego, CA) Spanish Preferred | Licensed Clinical Therapist (Full-time, Hybrid - Westchester, NY) | Clinical Psychologist – Psychological Testing (Part-time - Long Island, NY) | Director, Regional Operations","Brightline is redefining what pediatric behavioral health care looks like for families across the country — and we're looking for the operational leader who will bring that vision to life on the ground in New York. This isn't a role for someone who manages from a distance. You'll be in the clinics, with the teams, solving real problems in real time — while simultaneously owning the region's P&L, d","healthcare_provider","high"
"357","hiive","ashby","22","Principal Product Engineer | Site Reliability Engineer | Director of Product Design | Director, Head of Revenue Operations | Senior Analyst, Sales & Trading","Hiive is redefining how private companies and their shareholders access liquidity. Through its institutional-grade platform, Hiive brings together buyers, sellers, and issuers to facilitate secondary transactions in venture-backed, pre-IPO companies, introducing efficiency, transparency, and standardization to an otherwise opaque asset class. Recognized as one of Canada’s fastest-growing companies","finance_fintech","high"
"358","hilberts","ashby","22","AI Growth Architect | Product Manager, Growth | Lead AI Engineer | AI Engineer - Core | Lead ML Engineer / Data Scientist","Hilbert is a scalable, data science-first growth infrastructure that gives B2C teams predictive clarity into user behavior, revenue drivers, and the actions that move sustainable growth. Fully agentic by design, Hilbert compresses months-long decision cycles into minutes. From Fortune 10 enterprises to beloved brands like FreshDirect, Blank Street, and Levain Bakery, operators run their growth on ","tech_software_internet","low"
"359","homebase","ashby","22","Senior Software Engineer, Infrastructure/Developer Tooling (Hybrid) | Staff Engineer, Core Platform (Hybrid) | Visual & Motion Design Intern (Hybrid) | Staff Security Engineer, Application Security (Hybrid) | Lead Analyst, Sales (Hybrid)","Hi, Future Homie! At Homebase, you’ll join a team that’s bold, fast-moving, and obsessed with helping small businesses thrive. We build with empathy, act with urgency, and take big swings that drive real-world impact. Here, every Homie shows up to raise the bar, support one another, and celebrate wins as a team. We’re not just building an app—we’re building unstoppable teams. So what do you say, a","tech_software_internet","high"
"360","houserx","greenhouse","22","Care Coordinator (Specialty Pharmacy) - Portland, ME | Certified Pharmacy Technician, Specialty Pharmacy - Rockville, MD | Customer Support Specialist | DevOps Engineer | Head of Government Affairs (Specialty Pharmacy & Medically Integrated Dispensing","About us House Rx is on a mission to make specialty medications more affordable and accessible for patients suffering from chronic illnesses like cancer and autoimmune disorders. We provide clinics with specialized technology and support from pharmacists and care coordinators to dispense medication directly to their patients, known as medically integrated dispensing (MID). We are expanding our pro","healthcare_provider","high"
"361","hugeinc","greenhouse","22","Business Analysis Lead | Customer Success Manager | Director, Content Strategy | Director, Media | Director, Technology","Location: This position is remote within Colombia About Quality Engineering at Huge&nbsp; At Huge, quality assurance is embedded in how products are made, not added on at the end. Our QA practitioners work alongside creative, UX, and engineering teams from the earliest stages of a project, shaping how features are defined, how acceptance criteria get written, and how confidence is built sprint by ","consulting_professional_services","high"
"362","hypebeast","lever","22","Account Servicing Intern | Brand Director, Hypegolf | Brand Partnerships Director | Brand Partnerships Manager | Creative Director","Hypebeastでは、Hypegolf Japanのソーシャルメディア事業を構築・牽引するSocial Media Editorを募集しています。本ポジションは、Hypegolfのグローバルビジネスリードへレポートしつつ、Hypebeastのグローバルソーシャルリードとも連携する体制となります。 本ポジションでは、ゴルフ、ファッション、フットウェア、F&B、そしてゴルフを取り巻くトレンドカルチャーに精通した“ストーリーテラー”かつ“コネクター”を求めています。革新的かつインパクトのある「ソーシャルファースト」なコンテンツとオーセンティックなストーリーテリングを通じて、Hypegolf Japanのソーシャル戦略の構築・成長を担う重要な役割です。 また、グローバルのソーシャルチームやリージョナルのエディトリアル／ブランドパートナーシップチームと密に連携しながら、カルチャーの動きを理解・予測","media_entertainment","high"
"363","impiricus","greenhouse","22","Accounting Specialist | AI Solutions Architect | Content Marketing Manager | Director, Advisory Nexus | Enterprise Account Director","Job Title: QA Analyst Location:&nbsp; Remote Employment Type: Full-time, Exempt Who We Are Impiricus is the first and only AI-powered HCP Engagement Engine. In 2025, Deloitte named Impiricus the #1 fastest growing company in North America for their prestigious Fast 500 list. Founded by a practicing physician and a senior pharmaceutical executive, Impiricus was created to transform how life science","consulting_professional_services","high"
"364","iot-manufacturing-sdn-bhd","jobstreet","22","Automation Engineer | Manufacturing Engineer | HR Officer (Hostel Management) | HR Executive | Account Receivable Executive","[Category: Manufacturing, Transport & Logistics / Machine Operators] Job Summary: The injection molding process technician will be responsible for responsible for all aspects of the injection mold processes including; changing out molds, completing setups, troubleshooting, operation, and maintenance of injection mold equipment. Job Responsibilities: • Perform and direct the mold and material chang","manufacturing","high"
"365","isccareers","greenhouse","22","Case Specialist I | Claims Manager | Claims Specialist | Complex Loss Specialist | Customer Service Agent","About Integrated Specialty Coverages Integrated Specialty Coverages, LLC (ISC) is a growth stage technology and data-driven commercial MGA and insurance wholesaler leading innovation in the market.&nbsp;&nbsp; Backed by one of the leading private equity firms, Onex Partners, and led by a forward-thinking management team, ISC is combining the worlds of insurance and technology to create an Insurtec","finance_insurance","high"
"366","j-t-cargo","jobstreet","22","Internship (Administrative) | Internship (Human Resources) | Finance Executive (GL) | Internship (Network Department) | Network Executive","[Category: Information & Communication Technology / Database Development & Administration] Job description Responsible for handling the enquiries between internal and external. Responsible for handling the primary point of contact between direct sales and the company to ensure any issues/concerns are resolved promptly. Monitor direct sales data at all times, track and update parcel data Ensure tha","transportation_logistics","high"
"367","klk-oleo","jobstreet","22","Accounts Assistant (AP) | Process Engineer | Senior Electrical & Instrumentation Engineer | Regional Sales Manager (Fatty Alcohols) | Key Account Manager","[Category: Science & Technology / Chemistry & Physics] THIS POSITION WILL BE BASED IN R&D CENTRE AT BUKIT RAJA, KLANG, SELANGOR. ROLE AND RESPONSIBILITIES Synthesize compounds of interest in support of lead optimization, discovery and development programs as directed by the Principal Researcher. Develop and optimize synthetic methods to synthesize compounds. Purify the products of multiple-step sy","manufacturing","high"
"368","lavendo","ashby","22","Strategic Partnerships Lead – AI Labs & Cloud Providers | Remote Sales Consultant (Bilingual EN/RU) | HPC Solutions Architect | Solutions Architect (Pre-Sales) - AI Cloud Infrastructure | Senior AI/ML Specialist Solutions Architect (AI Infra & Cloud)","About Lavendo Lavendo is a US-based boutique recruiting agency specializing in sales, GTM, and tech roles for fast-growing startups and tech companies. We're a small, close-knit remote team who care deeply about results, relationships, and doing great work. We move fast, take ownership of our work, and genuinely enjoy what we do. If that sounds like your kind of environment, we'd love to hear from","consulting_professional_services","high"
"369","lendingtree","greenhouse","22","Account Executive | Account Executive (New Partner mortgage) | Business Analyst | Business Development Representative | Call Center Representative (Appointment Setter)","PLEASE NOTE: This position ideally works a hybrid schedule in Charlotte, NC. (Tuesday-Thursday in-office). Strong preference for candidates who are in Charlotte, NC, or willing to relocate. Role Summary The DevOps Engineer supports reliable software delivery by helping maintain and improve CI/CD workflows, automation, and operational practices. This is an entry-level position: success is measured ","finance_fintech","high"
"370","level99","lever","22","Assistant Director of Operations - Opening Team! | Bartender | Chef de Cuisine - Opening Team! | Controls Technician - Entertainment Fabrication | Dishwasher","WHO WE ARE Level99 is a sprawling playground designed for adults with over 50 life-sized mini-games where Players dodge axes, crack puzzles, and outsmart real-world challenges. Each game lasts about 1–4 minutes and is built for 2–6 people to play together. One ticket to Level99 unlocks access to all of our games including Challenge Rooms, Player-vs-Player duels, and an art scavenger hunt. We save ","hospitality_food_service","high"
"371","limitbreak","lever","22","AIエンジニア AI Engineer (Japan) | Director Live Ops and Monetization ライブオペレーション＆マネタイズ担当ディレクター (Japan) | Executive Producer エグゼクティブプロデューサー（モバイルゲーム）(Japan) | Mobile Game UI/UX アーティストMobile Game UI/UX Artist (Japan) | Senior Backend Engineer, Core Services (Game)","シニアQAテスター 私たちについて Limit Breakは、深い専門知識、個人と業界の成長、そして卓越した技術を基本理念としています。モバイルゲーム業界の世界的リーダーとして、ゲームの枠を超えたデジタル市場の変革と活気あるコミュニティの構築に取り組んでいます。最新技術や暗号通貨を活用し、創造力豊かなビジョンで世界中の人々を繋げる体験を提供しています。 Limit Breakは、Buckley VenturesやParadigm Venturesなどの著名な投資家からの支援を受けています。共にゲーム業界の未来を形作る才能溢れる人材を探しております。 Limit Breakの一員として、あなたの創造性と情熱、私たちと共に限界を超える挑戦に参加しませんか。 役割について 当社では、重要なゲーム機能を主体的に担当・管理し、最高水準の品質と効率を確保できる、意欲的で情熱ある人材を募集しています。 ","gaming","high"
"372","manychat","greenhouse","22","AI & Product Partnerships Lead | Applied AI Engineer (AI Agents & Workflow Automation) | Copywriter | Creative Strategist | Director of Creative","WHO WE ARE 🌍 We help creators get more out of every conversation with Instagram-focused automations and support for other channels like Messenger, WhatsApp, and TikTok. The result? Better engagement, more sales, and real, sustainable growth. With a diverse team of 400+ people spread across three continents, we’re building the leading Chat Marketing platform that is used — and loved — by more than ","tech_software_internet","high"
"373","mariner-careers","ashby","22","Senior Wealth Advisor | Director, Tax | Client Service Associate | Associate Wealth Advisor | Wealth Advisor","The tax director position at Mariner Wealth Advisors is the ideal role for a tax professional looking to join a national advisory firm that Barron’s has ranked as a Top Five RIA for the last five years. As a tax director, you will work directly with clients and wealth management teams to review and implement tax strategies for clients that include a coordinated financial strategy that aligns with ","finance_banking","high"
"374","marsh","jobstreet","22","Vice President Product Management | Manager - Insurance Operations | Property Risk Consulting Engineer. | Associate Client Advisor - Cyber | Supervisor, Insurance Operations - Austin","[Category: Insurance & Superannuation / Brokerage] Company: Marsh Description: Marsh Insurance Brokers (Malaysia) Sdn Bhd is seeking candidates for the following position based in the Q Sentral, Kuala Lumpur office: Cyber Insurance Leader Marsh currently has an opportunity for an experienced Cyber Leader to join our fast-growing Cyber team in Marsh. This individual will be responsible for achievin","finance_insurance","high"
"375","mbooth","greenhouse","22","Account Coordinator, Corporate | Account Executive Consumer | Account Executive, Consumer | Account Executive, FAM | Account Supervisor, Lifestyle","Who We Are: At M Booth, we produce award-winning, culturally-resonant, and buzz-worthy campaigns that move key audiences to action.&nbsp; We are relentlessly passionate about our clients and their business, whether that means developing scrappy campaigns and content that breaks through, maximizing earned to reach key audiences, leading in digital innovation, or unleashing insights that unlock idea","consulting_professional_services","high"
"376","megaport","lever","22","Account Executive | Channel Manager | Commercial Customer Success Manager | Credit Officer | Customer Success Manager","About Megaport We’re not your typical tech company – and we don’t want to be. Megaport is the global leader in Network as a Service (NaaS), and has transformed the way businesses connect to the cloud, data centers, and each other. We’re publicly listed on the Australian Stock Exchange and partnered with the biggest names in tech like Amazon, Microsoft, Google, Oracle, IBM, and more. Headquartered ","telecommunications","high"
"377","mendix","lever","22","Business Development Representative - Arabic Speaking | Business Development Representative - Benelux | Business Development Representative - Polish Speaking | Business Development Representative - Swedish Speaking | Business Development Representative - Turkish Speaking","Mendix – the leading low-code application development platform: The Mendix Platform uses visual modeling to abstract long-form coding out of application development. Our customers use Mendix to create and deploy better software for the enterprise, faster. Mendix enables collaboration between business users and developers to work together throughout the development process. Read our Customer Storie","tech_software_internet","high"
"378","metric-geo","linkedin","22","Superintendent | Project Manager - Foundations/ Ground Improvement | Director of Substation Engineering | Substation Engineer PE | Substation Engineer - EIT","A highly reputable Home Builder is looking to build their growing team with a Senior Purchasing Agent. This position will help manage all Purchasing and Estimating Operations for the division in Texas. This company has an amazing reputation and builds communities throughout the country. They also provide equal employment opportunities to all employees and applicants for employment and prohibits di","consulting_professional_services","high"
"379","miso","ashby","22","Product Operations Manager | Operations Intern (정규직 전환형) | Customer Sales Supervisor | Growth Marketer | 인터넷 고객상담 (Customer Sales)","Mission ‘We build technology that makes everyday offline better’ ‘현실의 삶을 개선하는 기술을 만듭니다.’ 미소의 미션입니다. 우리는 미소를 사용하는 사람들의 실제 오프라인에서의 삶이 더 나아지길 바랍니다. Miso의 문화를 한 마디로 말하면 “올바른 일을 열심히 한다 (work hard on the right things.)"" 입니다. 이를 위해 우리는 고객을 가장 먼저 생각하고, 무엇을 할 것인지 말을 하고 그것을 실제로 해내며, 가장 높은 기준을 갖고 있습니다. [미소는 어떤 곳인가요?] 미소는 국내 No.1 O2O 홈서비스 플랫폼 기업이에요. ""Hotel-like service in your home(집에서도 호텔같은 서비스를)"" 이라는 비전 아래,","tech_software_internet","low"
"380","monumentalsports","greenhouse","22","Audio Assistant (Part-Time/Seasonal) | Changeover/Stagehand (Part-Time/Seasonal) | Event Staff: Parking Attendant (Part-Time/Seasonal) | Event Staff: Technical and Broadcast (Part-Time/Seasonal) | Event Support Technician","Monumental Sports &amp; Entertainment (MSE) is one of the largest integrated sports and entertainment companies in the country with one of the most diverse partnership groups in all of sports. MSE owns and operates seven major and minor sports teams: 2018 NHL Stanley Cup Champion Washington Capitals, NBA’s Washington Wizards, WNBA’s 2019 Championship Washington Mystics, NBA G League’s Capital City","media_entertainment","high"
"381","morsecorp","greenhouse","22","Autonomy Software Engineer | Business Development Specialist | Chief Engineer | Chief Engineer - AI Test & Evaluation (T&E) | Chief Engineer - Battle Management","MORSE Corp is an employee owned, small business based in Cambridge, MA, Arlington, VA, and Seattle, WA with a history of fielding cutting-edge technology. MORSE boasts a specially selected team of scientists, engineers, and software developers to deliver best-in-class technical solutions that solve difficult multidisciplinary problems faced by the US National Security Ecosystem. &nbsp; &nbsp; Job ","defense_aerospace","high"
"382","naim-holdings-berhad","jobstreet","22","Manager – Legal & Compliance – Kuching | Mobile Developer – Kuching | General Worker – Bintulu | Security Guard – Miri | Officer – HSE – Miri","[Category: Engineering / Civil/Structural Engineering] Description Job Summary: Monitor and co-ordinates all related construction works according to specification and timely implementation and with quality. Job Responsibilities: The following duties are not exclusive and certain items require effective delegation in whole or in part to be adequately fulfilled. • Monitors, co-ordinates and sequenci","real_estate_construction","high"
"383","nerdwallet","ashby","22","Senior/Account Executive - NerdWallet Small Business | Licensed Insurance Sales Agent | Head of Operations | Senior Product Manager (AI Growth) | Senior Product Manager (AI Growth) - Canada","At NerdWallet, we’re on a mission to bring clarity to all of life’s financial decisions and every great mission needs a team of exceptional Nerds. We’ve built an inclusive, flexible, and candid culture where you’re empowered to grow, take smart risks, and be unapologetically yourself (cape optional). Whether remote or in-office, we support how you thrive best. We invest in your well-being, develop","finance_fintech","high"
"384","newell-brands","linkedin","22","Associate Sustaining Engineer- Yankee Candle | Analyst, IT Field Services | Sr. Executive Assistant | General Labor | Post-Production, Visual Effects Manager","Newell Brands is searching for a copywriter to join our Content Team and support a diverse portfolio of iconic consumer goods brands including Marmot, Coleman, Graco, Baby Jogger, Crock-Pot, Calphalon, Rubbermaid, Sharpie, Elmer’s, and Yankee Candle, and more. This role will work with our Commercial Brands (Rubbermaid Commercial Products, Rubbermaid Consumer Storage/Refuse, Quickie). The right can","consumer_brands","high"
"385","newsela","greenhouse","22","Account Executive | Associate Customer Success Manager (Remote, US) | Contract: AI Operations Specialist | Contract: Lead Analytics Engineer - Data Team | Contract - Salesforce Administrator (Remote, Argentina; Brazil; Chile; Colombia;","About the Role: We are seeking a skilled Data Engineer to join our dynamic team. In this role, you will be responsible for building and maintaining integrations, automating data workflows, and ensuring data accuracy and availability across educational platforms. You’ll play a key role in supporting school operations. What You'll Be Doing: Develop and maintain custom integrations and ETL processes ","education_k12","high"
"386","nfi","linkedin","22","Cycle Counter | Material Handler (764) | Forklift Operator (375) | Material Handler (171) | Selector/Electric Pallet Jack Operator (171)","The Allocator reports to the Inventory Supervisor with a dotted line to the shift supervisor. The Allocator is responsible for allocating work to the crew, directing truck drivers to docks and various locations on the facility premises. Allocated matches loads to the proper trucks, communicates with the shift departing and the shift arriving. The Allocator must be able to communicate effectively w","transportation_logistics","high"
"387","onxmaps","greenhouse","22","Customer Experience Specialist (Fixed-Term) | Data Scientist III - AI & Machine Learning | Director, Customer Experience | General Consideration - Corporate Development | General Consideration - Customer Experience","ABOUT onX We’re a team of builders, adventurers, and risk takers using technology to help people confidently explore the outdoors. Driven by our mission to awaken the adventurer inside everyone, we build products that optimize every outdoor experience and inspire confidence to get out and go further. We’re a high-growth tech company. The pace is fast, the work takes grit, and ambiguity is part of ","tech_software_internet","high"
"388","pano-ai","ashby","22","Senior / Staff Product Manager | Account Executive - Utilities | Don’t see a job that fits your background? | Enterprise Account Executive – Federal | Head of Utility Sales","Help us tackle the growing wildfire crisis with the latest advancements in AI and IoT Who we are The problem: Every minute matters in fire response. As climate change amplifies the intensity of wildfires—with longer fire seasons, dryer fuels, and faster winds—new ignitions spread faster and put more communities at risk. Today, most wildfires are detected by bystanders and reported via 911, meaning","tech_software_internet","high"
"389","planet-technology","linkedin","22","Junior Business Analyst | SQL Database Administrator | Python Developer | Business Analyst | EMR Revenue Cycle Analyst","Project Details: Our client is seeking an experienced Workday Payroll & Time Tracking resource to lead critical aspects of their upcoming project. This role requires a seasoned professional with expertise in both payroll and time tracking functionalities within the Workday platform. The position is part time hours, starting in May 2024. Those authorized to work in the US are encouraged to apply be","consulting_professional_services","high"
"390","pokemoncareers","greenhouse","22","Application Security Engineer | Associate Product Marketing Manager - Bilingual (Japanese/English) | Business Operations Analyst - Bilingual (Japanese/English) | Category Manager, Technology | Corporate Counsel","Get to know The Pokémon Company International The Pokémon Company International manages the Pokémon property outside of Asia and is responsible for brand management, licensing and marketing, the Pokémon Trading Card Game, the animated TV series, home entertainment, and the official Pokémon website. Pokémon was launched in Japan in 1996 and today is one of the most popular children’s entertainment ","gaming","high"
"391","ppil","lever","22","Abortion Provider Training Coordinator | Central Illinois Volunteer | Chicagoland Volunteer | Family Planning Clinician - Champaign | Family Planning Clinician - Champaign (Part Time)","The Independent Contractor (IC) vasectomy provider will provide vasectomy-related services to PPIL patients, including but not limited to the vasectomy procedure itself, thorough review of pre-operative visit and patient history, and physical exam as indicated to determine if patient is appropriate for vasectomy care at PPIL. The IC Physician is part of the team that provides services at Planned P","nonprofit","high"
"392","preciselyusjobs","greenhouse","22","Account Executive - Advertising & AdTech | Account Executive - Financial Services | Account Executive Sales | Account Executive - Utilities & Telco | Associate Business Development Representative","Application and Interview Impersonation Notice :&nbsp; Impersonating another individual when applying for employment, and/or participating in an interview process to assist another individual in obtaining employment, with Precisely Software Incorporated (“Precisely”) is unlawful. &nbsp;If Precisely identifies such fraudulent conduct, then as applicable and to the extent permitted by law, the appli","tech_software_internet","high"
"393","press-metal-bintulu-sdn-bhd","jobstreet","22","HR Executive - Recruitment & Retention | Training & Development Executive (Bintulu, Sarawak) | Employee Relation Executive | Mechanical/Manufacturing Engineer (Samalaju, Bintulu) | Electrical Engineer - Power Distribution (Samalaju, Bintulu)","[Category: Manufacturing, Transport & Logistics / Purchasing, Procurement & Inventory] Job description: Handle daily Purchasing and Procurement routine. To ensure effective and efficient delivery of Purchasing and Procurement services to support the business. To Follow up with internal and external client’s enquiries. Ensure daily, weekly and monthly duties are perform in timely, professionals and","manufacturing","high"
"394","prompt","ashby","22","AR Specialist | Business Development Representative- Hybrid (B2B SaaS) | Senior Full Stack Software Engineer (B2B SaaS) | Clinical Tech Support (B2B SaaS) Rehab Therapists, Therapist Assistants, Rehab T | Senior Billing Success Manager (B2B SaaS)","Job Title: Accounts Receivable Specialist The Role: The Accounts Receivable Specialist plays a crucial role in our revenue cycle management team, dedicated to ensuring the accurate, compliant, and timely billing and reimbursement of multi-specialty medical professional services from diverse insurance payers and patients. This pivotal position involves meticulous attention to detail in the collecti","tech_software_internet","high"
"395","quanterm-logistics-sdn-bhd","jobstreet","22","Human Resource Executive - Talent Acquisition | Sales Executive - (Yangon, Myanmar) | Sales Manager - OPEN VACANCY (SHAH ALAM, PENANG, JOHOR BRANCH) | Internship | Account Executive","[Category: Accounting / Bookkeeping & Small Practice Accounting] Job descriptions: Ensure all admin posting and sharing cost are up to date Reply e-mail and attend to requests from Operation/HR and vendors. Prepare monthly journal voucher. Prepare monthly Adm Vendor Reconcilation Prepare all admin payments. Prepare audit schedules. Assist in cost capture Liaise with auditor and tax agent Prepare s","transportation_logistics","high"
"396","rang-technologies-inc","linkedin","22","Collections Specialist | Training Specialist | Administrative Coordinator | G.I. Lab - RN | Nuclear Medicine Technologist","Job Title: Sr. Training SpecialistDuration: 12+ Months (Possible Extension)Work Location: Seattle, WA - 98109 (Hybrid)Working Days: Monday to FridayPay Rate Range: $65.00/Hr. to $70.00/Hr. Position Summary:The Sr. Training Specialist, Instructional Design & Systems Training position is a full-time role. The primary focus for this role is to lead and manage the instructional design and training dev","consulting_professional_services","high"
"397","relex","greenhouse","22","Account Executive, Retail (Japan) | Application Support Specialist, Technical Support | Business Consultant/Supply Chain Consultant(Japanese and English Speaking) | Business Development Representative (Arabic, Spanish, French, German Speakers) | Business Development Representative (Japanese and English speaking)","Location : Atlanta, GA We are looking for a proactive and service-oriented&nbsp; Office Coordinator to support our Atlanta office. In this role, you’ll be responsible for ensuring the office runs smoothly day-to-day while creating a welcoming, functional, and well-organized environment for employees and visitors.You’ll act as the go-to person for office-related matters, support internal teams, and","tech_software_internet","high"
"398","roboflow","ashby","22","Corporate Account Executive | Developer Advocate | Edge Engineer | Full Stack Engineer (Enterprise) | Full Stack Engineer","Who We Are Our mission is to make the world programmable. Sight is one of the key ways we understand the world, and soon this will be true for the software we use, too. We’re building the tools, community, and resources needed to make the world programmable with artificial intelligence. Roboflow simplifies building and using computer vision models. Today, over 1M+ developers, including those from ","tech_software_internet","high"
"399","roofstacks","lever","22","Bilgi Güvenliği Mühendisi (Bankacılık) | BT Altyapı Mühendisi (Bankacılık) | BT Dağıtım ve Operasyon Mühendisi (Bankacılık) | Business Analyst (Card Payment Systems) | Business Analyst (Core Banking)","As Roof Stacks, we have been carrying out innovative projects since 2015. We aim to become a global actor in Tourism Systems, Extended Reality(AR/VR), Blockchain Technologies, Game Development, and Financial Technology, which are our areas of expertise. We focus on creating a difference with the technologies we develop and designing the future. In addition to our central office in Ataşehir/İstanbu","consulting_professional_services","high"
"400","sage49","greenhouse","22","Business Development Executive | Business Development Executive (Central - TX) | Business Development Executive (Florida) | Business Development Executive (OR, WA) | Chief of Staff","About Us Sage is on a mission to improve care and quality of life for older adults, starting with those residing in senior living facilities. Falls are the leading cause of injury-related death among adults over 65. And yet, fall prevention and emergency response systems for older adults are archaic and ineffective. At Sage we've built a more modern way of understanding when older adults need help","other","low"
"401","sayari","greenhouse","22","Senior Data Engineer | Account Manager (Evergreen) | Account Manager, Government (Fed Financials) | Account Manager, Government (TREAS and DOE) | Account Manager, Gov (National Security)","About Sayari: Sayari is the counterparty and supply chain risk intelligence provider trusted by government agencies, multinational corporations, and financial institutions. Its intuitive network analysis platform surfaces hidden risk through integrated corporate ownership, supply chain, trade transaction and risk intelligence data from over 250 jurisdictions. Sayari is headquartered in Washington,","tech_software_internet","high"
"402","siemens-healthineers","linkedin","22","Engagement Manager/Director of Operations - Hawaii | Warehouse Associate - 1st Shift, Picking | Product Sales Executive, Computed Tomography (CT) - Florida | Account Executive, Diagnostic Imaging - Wisconsin | Commercial Effectiveness Trainer (Special Programs)","Join us in pioneering breakthroughs in healthcare. For everyone. Everywhere. Sustainably. Our inspiring and caring environment forms a global community that celebrates diversity and individuality. We encourage you to step beyond your comfort zone, offering resources and flexibility to foster your professional and personal growth, all while valuing your unique contributions. Apply now for the posit","healthcare_devices","high"
"403","snappr","lever","22","AI Image Generation Specialist (Pooling) | AI Operations & Strategy Lead (2533) | AI Operations Manager | AI Operations Team Lead (25328) | Chief of Staff","At Snappr, we make it effortless for businesses to access high-quality visual content at scale. As the world’s leading marketplace for photography, video, and editing, we connect top creators with brands that need to tell their stories through powerful visuals. By combining cutting-edge technology with a discerning eye for creativity, we help businesses grow through content that stands out. Our cu","tech_software_internet","high"
"404","staples","linkedin","22","Warehouse Production Associate Break Pack Part Time 1st Shift | SPP Multihead Operator | Warehouse Shipping Full Time 2nd Shift | Software Engineer III - Machine Learning | Warehouse Bulk Full Time 2nd Shift","Job Description 7:00am-3:30pm/Monday-Friday Staples is business to business. You’re what binds us together. When joining our Supply Chain team, you can feel right away that people are at the heart of what we do. You’ll be surrounded by a team who is looking to make an impact on our customers, our community, and each other. By pairing innovative technology with dynamic employees, we create smarter,","retail_ecommerce","high"
"405","starburst","greenhouse","22","Application Security Engineer | Benchmarking Infrastructure Developer | Customer Support Engineer | Engineering Manager | Engineering Site Lead","About Starburst Starburst delivers enterprise intelligence at scale by giving organizations secure, governed access to all their data, wherever it lives. Built for distributed data environments, Starburst helps enterprises power AI and analytics without the cost and complexity of traditional data consolidation. With open standards including Trino and Apache Iceberg, Starburst enables trusted acces","tech_software_internet","high"
"406","superpower","ashby","22","Head of Legal | Longevity Nurse Practitioner - Telehealth (Multi-state Licensed, CA Required) | Member Success Representative | Engineering @ Superpower | Head of Engineering","We're looking for high-velocity, high-craft remote video editors who want the best brief flow, the best creative team, and the best brand on their reel. You'll ship 8–12 cuts per week, work async with the U.S. team, and operate on a clear weekly cadence. About the Role You'll own paid social video editing for Superpower as part of a 2–3 person remote edit team. You'll inherit a working asset libra","healthcare_provider","high"
"407","tan-chong-group","jobstreet","22","Senior Manager, Cost Management | Functional Consultant | AMS Consultant | Senior Database Administrator | Software Engineer","[Category: Banking & Financial Services / Compliance & Risk] As an investigator within our Group Investigation and Forensic Services, you will play a critical role in uncovering and resolving complex cases and special assignments. Reporting directly to the Head of Group Investigation and Forensic Services, you will be responsible for planning, executing and documenting investigations with precisio","automotive","high"
"408","the-ekeo-group","linkedin","22","Progressive Care Nurse | Senior Electronics Design Engineer | Intensive Care Nurse | Lead Materials Manager | Registered Nurse","Ekeo Group is looking for a Director, Maintenance, for a full time opportunity. The Senior Director of Maintenance is pivotal in driving operational excellence across all plant locations, ensuring optimal performance, safety, and efficiency. This role encompasses leading capital projects, enhancing equipment reliability, and fostering a zero-injury workplace through innovative maintenance strategi","consulting_professional_services","high"
"409","thrivent","linkedin","22","Financial Advisor | Financial Advisor - Carmel, IN | Product Manager, Enterprise Payments and Money Movement (Remote) | Licensed Client Service Administrator | TIA Operations Specialist","Be in Business for Yourself, not By Yourself Enjoy the rewards of building a financial practice helping clients make financial choices guided by their values with the support of local leaders and colleagues, professional training and systems to help you be successful. Job Description Thrivent is a different kind of financial services provider. We believe money is a tool, not a goal. Driven by a hi","finance_insurance","high"
"410","truebill","greenhouse","22","Art Director | Creative Project Manager | Growth Marketing Manager - Digital | Operations Associate | Senior Art Director, Owned & Organic","ABOUT ROCKET MONEY 🔮 Rocket Money’s mission is to empower people to live their best financial lives. Rocket Money offers members a unique understanding of their finances and a suite of valuable services that save them time and money – ultimately giving them a leg up on their financial journey. ABOUT THE ROLE 🤹‍♀️ Reporting to the Senior Art Director, this role will play a key role in developing Ro","finance_fintech","high"
"411","twinhealth","greenhouse","22","Application Security Engineer | Business Analytics Lead - Predictive Modeling | Client Growth & Success Associate- Strategic Employers | Director of Procurement | Health Coach","Twin Health&nbsp; At Twin Health, we empower people to improve and prevent chronic metabolic diseases, like type 2 diabetes and obesity, with a new standard of care. Twin Health is the only company applying AI Digital Twin technology exclusively toward metabolic health.&nbsp; We start by building a dynamic model of each person’s metabolism — drawing on thousands of data points from CGMs, smartwatc","healthcare_provider","high"
"412","universal-orlando-resort","linkedin","22","Security Officer- EPIC Universe | Artist, Animation Figure Finish | Engineer II, Networks and Communications | Engineer I, Networks and Communications – Universal Epic Universe | Visual Merchandise Designer","JOB SUMMARY: Maintenance of all fiberglass products and mold work. Maintenance of all sculpted rockwork including any shaping or carving. This individual will also help to act as a specialist in aspects to all other cementitious work. MAJOR RESPONSIBILITIES: Performs netting and rigging to include rope braiding, lashing, and repairing in Queue lines and ride perimeters in the scope of Facilities. ","media_entertainment","high"
"413","until","lever","22","Biology/Biochemistry Intern (Spring/Summer 2026) | ECMO Perfusionist | Engineer, Hibernation Team | Engineer/Applied Physicist | Engineering/Applied Physics Intern (Spring/Summer 2026)","Until is a moonshot company building a “pause button” for biology. Our near-term focus is organ-scale reversible cryopreservation: preserving donated organs at subzero temperatures without ice formation, then rewarming them uniformly for transplant. By solving this grand challenge, we’re laying the foundation for whole-body reversible cryopreservation, giving patients a bridge to future cures. To ","healthcare_pharma_biotech","medium"
"414","vetcove","ashby","22","Design Engineer | Tax Specialist | SaaS Implementation Manager | Vet Clinic Retention Associate | Senior Account Manager","Join Vetcove and help modernize the future of veterinary software and the pet parent healthcare experience. Our suite of platforms features a market-leading procurement marketplace, an ultra-modern home delivery ecommerce experience, and a next-generation practice management system. More than 25,000 hospitals across all 50 states rely on Vetcove daily, supporting tens of thousands of veterinarians","tech_software_internet","high"
"415","visionary-innovative-technology-solutions-llc","linkedin","22","Technical Business Analyst with Propert and Causalty Experience | Hybrid (Only W2 role ) :: QA Lead with banking domain exp :: Dallas TX :: contra | Hybrid (Only W2 role) :: Cobol Engineer :: Pittsburgh PA :: contract | Onsite job (Only W2 role) :: Data Analyst :: contract | Cassandra DBA","Java Fullstack DeveloperLocation: McLean, VA/Day 1 Onsite Need Passport Number Job Description New - FSD Mandatory: • 8+ years of experience in Design and Development of applications using Java 8+/J2EE, Spring, Spring-Boot, RESTful Services and UI Framework • 2+ years of experience in design and development of Microservice using Spring-Boot and REST API • Strong knowledge/experience in ORM Framewo","consulting_professional_services","high"
"416","vistadelmar","greenhouse","22","Analyst Assistant | Case Manager (Enhanced Care Management) | Claims Specialist | Home Study Case Worker/Post-Release Service (PRS) Regional Supervisor/Lead Case  | Home Study Contract Worker - Ventura County- Santa Barbara","GET TO KNOW US: For over 100 years, Vista Del Mar Child &amp; Family Services (VDM) has taken great pride in providing exceptional programs and services for children and families throughout LA County. VDM envisions a community where all children and families are equipped and prepared to live productive, fulfilling lives. We serve the most vulnerable in Los Angeles, many of whom have faced multi-ge","nonprofit","high"
"417","vtex","greenhouse","22","B2B Account Executive | Banco de Talentos Diversos - Inclusão de Pessoas com Deficiência | Business and Engagement Development Specialist | Commercial Negotiation Specialist | Contract Negotiation Specialist","VTEX DCS Program VTEX DCS is a global program that prepares recent graduates to become specialists in the Digital Commerce industry. During the program, participants receive the most crucial knowledge and skills in high demand in the market, especially in solution architecture. Lasting for 18 months, the program combines a full-time employment opportunity with a learning program that offers an inn","tech_software_internet","high"
"418","weee","greenhouse","22","Associate IT Specialist | Demand Planner II | Field Process Engineer | ICQA II | IT Specialist","About Weee! Weee! is the largest and fastest-growing ethnic e-grocer in the United States, operating in one of the largest underserved categories in retail with affordable access to exciting ethnic food. By partnering with local suppliers, redesigning the value chain and leveraging social buying, Weee! is reshaping the grocery business entirely. You can read more about us on Business Insider , Reu","retail_ecommerce","high"
"419","wispr-flow","ashby","22","Senior Software Engineer | Senior / Staff iOS Engineer | ML Engineer | Founding Recruiting Lead | ML Scientist","About Wispr Wispr Flow is making it as effortless to interact with your devices as talking to a close friend. Today, Wispr Flow is the first voice dictation platform people use more than their keyboards — because it understands you perfectly on the first try. It’s context-aware, personalized, and works anywhere you can type, on desktop or phone. In 2026, in addition to dictation, we're focused on ","tech_software_internet","high"
"420","wonderschool","greenhouse","22","AI Product Manager | Business Operations Associate | Contract Launcher | Early Career Software Engineer – Applied AI | Forward Deployed AI Engineering – Future Opportunities","Location: Remote (Travel Required) Company Overview: Wonderschool is harnessing the power of technology to provide comprehensive support to child care providers operating out of their homes, as well as in the government and non-profit sectors. Our products enable child care providers to create high-quality environments and meet the demands of their business, while also helping parents in need of c","tech_software_internet","medium"
"421","wpromote","lever","22","Accounts Receivable Manager | Associate Director, Affiliate Marketing | B2B Account Director (ABM Focus) | Commercial Counsel | Director, B2B Data Strategy & Revenue Analytics","The Role We are seeking a dynamic, passionate Senior Vice President, Marketing with a B2B background to join our internal Marketing team at Wpromote! As a pivotal leader reporting directly to our Chief Relationship Officer, you will be shaping the narrative, positioning our brand, and spearheading the execution of our go-to-market strategy to accelerate business growth. Our ideal leader will be re","consulting_professional_services","high"
"422","xpo","linkedin","22","Truck Driver - Home Daily - CDL A | Lead Diesel Mechanic | Freight Classification Specialist Lead | Supervisor, Freight Operations | Manager, Freight Operations","Solutions driven success. XPO is a top ten global provider of transportation services, with a highly integrated network of people, technology and physical assets. At XPO, we look for employees who like a challenge and can communicate effectively in all situations. We want to leverage your skills and years of experience to drive positive results while ensuring a bright future for yourself and XPO. ","transportation_logistics","high"
"423","10xteam","ashby","21","Post-Merger Integration & Change Consultant - AI Trainer - Freelance - 8-20hrs/w | Intern | System Operations Engineer - AI Trainer - Freelance - 8-20hrs/week - Remote | Principal Software Engineer - AI Trainer - Freelance - 8-20hrs/week - Remote | Identity & Access Management Consultant - AI Trainer - Freelance - 8-20hrs/week ","Updated: 19 May 2026 Amsterdam - On-site - Internship - €400/month Job description Want to help build something from scratch? Good. We’re looking for a sharp, hands-on intern to support the founding team at 10x.team and eBrain as we grow our platform for our business AI super-app and fractional human intelligence data platform. This is not a “sit in the corner and observe” internship. You’ll work ","consulting_professional_services","high"
"424","8fleet-inc","ashby","21","Driver Growth Manager | Fleet Specialist (Overnight Operations) | Market Manager - SF | Operations Coordinator - LA | Operations Coordinator - SF","Job Title: Product Lead Location: Los Angeles Reporting to: Co-Founder About 8Fleet: 8Fleet is building the foundational physical world infrastructure layer for autonomous and non-autonomous ridesharing — the scaffolding that makes mass AV adoption commercially viable. We are the fastest growing fleet operator in the world. About the Role: We are seeking a seasoned and versatile person to run Prod","transportation_logistics","medium"
"425","absurdventures","greenhouse","21","Art Director | Campaign Design Lead | Character Technical Artist | General Animated Series Application | General Audio Fiction Application","Summary Absurd Ventures is seeking an Art Director to lead the artistic vision of our new, highly original AAA game universe. This role is central to realizing the existing visual identity of the project in-game, and ensuring that every artistic discipline — environment, character, VFX, lighting, and more — works together to deliver a cohesive, striking, and emotionally resonant experience. You’ll","gaming","high"
"426","aeratechnology","lever","21","Associate Product Marketing Manager, Analyst Relations | Client Partner | Enterprise Platform Sales | Communications & Social Media Associate | Developer Support Engineer | Director, Customer Engagement","Do you want to shape the future of enterprise software? At Aera, we deliver the cognitive technology that enables the Self-Driving Enterprise™: a Cognitive Operating System™ that connects you with your business and autonomously orchestrates your operations. Aera's Cognitive OS leverages the best of artificial intelligence, machine learning, natural language processing, big data, and enterprise dom","tech_software_internet","high"
"427","airship","greenhouse","21","Account Coordinator | Business Development Representative | Business Development Representative - NAM/LAM | Business Value Analyst | Creative Designer","About Airship Airship is trusted by world’s leading brands such as Alaska Airlines, BBC and The Home Depot to drive revenue growth and customer loyalty with exceptional cross-channel customer experiences. Today, brands are challenged to deliver seamless, unified customer experiences across a fragmented array of channels and devices— apps, websites, email, SMS, wallets and more.&nbsp; Airship’s no-","tech_software_internet","high"
"428","anduril-industries","linkedin","21","Senior Robotics Engineer | Senior Structural Analyst - Aircraft/Missiles | Senior/Staff Maritime Test Maintainer/Operator | Staff Test Pilot | Product Quality Engineer","Anduril Industries is a defense technology company with a mission to transform U.S. and allied military capabilities with advanced technology. By bringing the expertise, technology, and business model of the 21st century’s most innovative companies to the defense industry, Anduril is changing how military systems are designed, built and sold. Anduril’s family of systems is powered by Lattice OS, a","defense_aerospace","high"
"429","bellese","lever","21","Engineer I, FullStack | Engineer II, Data | Engineer II, DevOps | Engineer II, FHIR | Engineer II, Full Stack","Bellese is a mission-driven Digital Services Company committed to pioneering innovative technology solutions in civic healthcare. Our dedication lies in making a meaningful impact on public health outcomes. Driven by service design, we strive to know the “Why” to understand the healthcare journey for patients, caregivers, providers, payers, and policymakers. Our goal is to design and build solutio","consulting_professional_services","high"
"430","brandwatch","greenhouse","21","Account Executive (APAC) | Account Executive II - Melbourne | Associate Account Executive | Customer Success Director - GERMAN speaking - (m-w-d) | Customer Success Manager - GERMAN speaking - (m-w-d)","At Cision, we believe in empowering every individual to make an impact. Here, your voice is heard, your ideas are valued, and your unique perspective fuels our collective success. As part of our global team, you'll thrive in an environment that champions curiosity, collaboration, and innovation, all while making meaningful contributions to the brands we accelerate.&nbsp; &nbsp; &nbsp; &nbsp; Join ","tech_software_internet","high"
"431","cape","ashby","21","Software Engineer | Lead Mobile Engineer | Software Engineer - iOS | Security Engineer, Cloud Security | Network Operations Specialist","About Cape Cape is America’s privacy-first mobile carrier. Our mission is to be a force for good in global wireless. Cape was founded in 2022 by people who believe privacy is a fundamental right, not a luxury to be traded away. Our journey began when our founder recognized a critical vulnerability in our modern world: everyone relies on the same stagnant cellular infrastructure and legacy systems ","telecommunications","medium"
"432","cargill","linkedin","21","Ayuda de Verano - Producción General | Grain Origination Specialist | FSQR Lead | Beef- Utilities Operator | Operations Technician","Want to build a stronger, more sustainable future and cultivate your career? Join Cargill's global team of 155,000 employees who are committed to safe, responsible and sustainable ways to nourish the world. This position is in Cargill’s protein and salt business, where we provide wholesome, high-quality food products to a wide range of customers, from foodservice operators and grocery stores to ma","agriculture_food_production","high"
"433","credit-guarantee-corporation-malaysia-berhad","jobstreet","21","Head, Strategy & Reporting (Finance) | Head of Section GLC/ Agencies / GIG Economy | Assistant Manager, Corporate Strategy | Assistant Manager, Asset Management, Central Region | Assistant Manager IT Compliance","[Category: Information & Communication Technology / Database Development & Administration] Job Responsibilities Gather user requirement, data mapping and collaborate with related stakeholder within IT/Business to understand data requirements and deliver the data infrastructure that supports business goals. Design ETL process according to business requirements, ensuring efficient data flow from sou","finance_banking","high"
"434","crispgrowth","ashby","21","Executive Coach | Innovation Project Manager | Executive Coach | San Fransisco | Executive Coach | New York City | Executive Coach | Nashville","Executive Coach Please Note: This role is on-site in Atlanta, GA. Monday - Friday for the first 90 days, with hybrid eligibility after 90 days (Tues/Thurs remote) except during designated blackout periods and key workshop weeks. Crisp supports relocation for qualified candidates who need to move to the Atlanta area About the Role If you thrive in a fast-paced environment, have a passion for helpin","consulting_professional_services","high"
"435","daybreakhealth","greenhouse","21","Associate Therapist (LSW/LPC) — Bilingual Spanish/English | Remote | Chicago | Bilingual Associate Therapist (APC) — Spanish/English | Remote | | Bilingual Associate Therapist — LMHCA or LCSWA | Spanish/English | Remote | Bilingual Associate Therapist (LSW/LPC) — Spanish/English | Remote | | Bilingual Georgia Therapist","Who This Role Is For You're an LSW or LPC who wants to do meaningful clinical work with youth — on a schedule that actually fits your life. Maybe you're building toward full licensure and need free supervision. Maybe you want to supplement existing work with a flexible telehealth caseload. Either way, this role is designed to work around you. What Makes This Different Free supervision toward full ","healthcare_provider","high"
"436","dayforce","linkedin","21","Integrated Marketing Campaign Lead | Director Product Management | Payroll Delivery Manager II | Payroll Specialist III | Sr Director M&A Integration","Location: Work is what you do, not where you go. For this role, we are open to remote work and can hire anywhere in the United States. About The Opportunity Provides legal support to internal legal counsel and other members of the Legal Department; independently resolving complex legal matters under the direct supervision of the paralegal manager and internal legal counsel. What You’ll Get To Do R","tech_software_internet","high"
"437","drivetrain","lever","21","Account Executive - CFO Solutions | Associate - Growth Marketing | Associate - Product Marketing | Backend Engineer | Business Analyst - Customer Platform","Drivetrain is on a mission to empower businesses to make better decisions. Our financial planning & decision-making platform helps companies scale and achieve their targets predictably. Drivetrain is a remote-first company headquartered in the San Francisco Bay Area. Founded in 2021 by a couple of ex-Googlers, Drivetrain is a fast-growing company on a trajectory for success with backing from leadi","tech_software_internet","high"
"438","eclinicalsolutions","greenhouse","21","Clinical Database Programmer(CF) | Clinical Data Manager | Data Engineer I | Implementation Consultant | Manager, Quality Systems & Operations","The Data Engineer will work closely with clients and the eCS Biometrics team to optimize the elluminate® platform for end-to-end solutions to aggregate, transform, access and report on clinical data throughout the life cycle of a clinical trial.&nbsp; This includes study design in elluminate®, collaboration on specifications, and configuration of the various modules to including Data Central, Clin","tech_software_internet","high"
"439","economicmodeling","lever","21","Associate Account Executive (Enterprise - sales) - 1002 | Associate Solutions Architect - 1011 | Customer Success Manager - 1031 | Customer Technical Support - 1019 | Data Analyst (Polish)","We're looking for a strategic, data-driven Director of Product Marketing to lead our product marketing function and drive go-to-market excellence. You'll own product positioning, messaging, and launch strategy while partnering cross-functionally with Product, Sales, Field Marketing, and Customer Success to accelerate growth. This is a high-impact leadership role for someone who thrives at the inte","tech_software_internet","high"
"440","egen","lever","21","AI Enablement Specialist – GCP, LLM & Data | Client Partner - Early Velocity | Client Partner - East | Client Partner, Public Sector (SLED & HigherEd) - West | Customer Success and Engagement Manager","Lead Python Backend Developer Job Summary As a lead, you will serve as the architectural backbone and technical visionary for our backend engineering team. This role is designed for a high-impact individual who balances deep hands-on expertise in Python and GCP with the leadership skills necessary to guide a team through complex technical challenges. You will not only write mission-critical code b","consulting_professional_services","high"
"441","elixirr","greenhouse","21","AI Architect | AI Engineer | Associate Principal - TRC | Consultant | Consulting Principal - Consumer Packaged Goods (CPG)","The Elixirr Internship, for 2025/26 graduates - Thinking about a career in consulting? We’re building one of the world’s most ambitious challenger consultancies — and we’re looking for exceptional people to help shape what comes next. An internship at Elixirr offers more than just an insight into consulting. It’s an opportunity to work alongside senior leaders, contribute to real client challenges","consulting_professional_services","high"
"442","etika-group-of-companies","jobstreet","21","Senior Executive, Sales & Admin | Senior Key Account Executive (On Premise) | SAP Functional Lead | Corporate Strategy & Portfolio Management Executive | Account Assistant","[Category: Human Resources & Recruitment / Recruitment - Internal] ROLES & RESPONSIBILITIES Identify candidates by leveraging on a variety of recruitment channels such as job portals, social media, resume databases, job fairs and referrals. Schedule interviews and assist candidates in the interview process and providing them with key materials, if needed. To track and compile all interview documen","consumer_brands","high"
"443","example","greenhouse","21","Account Director | Account Executive | App Platform Software Engineer | Business Development Representative | Director of People","Who this job is right for Aliquam in fringilla velit. Aliquam luctus tincidunt magna non accumsan. Curabitur vehicula neque vitae sapien tempus euismod. Curabitur condimentum, dui ac egestas euismod, purus sapien vehicula augue, quis porta metus mi eget quam. Pellentesque habitant morbi tristique senectus et netus et malesuada fames ac turpis egestas. Aliquam vitae felis nulla. Cras ligula felis, ","other","low"
"444","eye-security","ashby","21","MSP Partner Manager Benelux – Sales, Partnerships (f/m/x) | Account Executive (m/f/x) | Account Executive (Dutch speaker) - remote from Germany (m/f/x) | (Senior) Insurance Broker Partner Manager (m/f/x) | Partner Manager - Insurance Brokers (m/f/x)","About Eye Security Eye Security is providing cybersecurity with embedded cyber insurance solutions for organizations in Europe. Headquartered in the Netherlands, we are already over 170 FTEs and continue to grow internationally. We combine cutting-edge technology with hands-on expertise to detect, respond to, and recover from cyber threats in real time. Our team brings together talent from intelli","tech_software_internet","high"
"445","fabulous-sunview-sdn-bhd","jobstreet","21","Chargeman | Site Safety Supervisor | O&M Engineer | O&M Technician | Treasury Assistant Manager","[Category: Administration & Office Support / Receptionists] JOB DESCRIPTION: Greet and welcome guests as soon as they arrive at the office Direct visitors to the appropriate person and office Answer, screen and forward incoming phone calls Ensure reception area is tidy and presentable, with all necessary stationery and material (e.g. pens, forms and brochures) Provide basic and accurate informatio","real_estate_construction","medium"
"446","falconx","greenhouse","21","Accounting Manager, Capital Markets/Trading | Analyst, Strategic Opportunities | Capital Markets Counsel | Counsel, Corporate and Fintech Products | Counsel, Regulatory and Product","Who are we? FalconX is a pioneering team of operators, investors, and builders committed to revolutionizing institutional access to the crypto markets. Operating at the intersection of traditional finance and cutting-edge technology, FalconX addresses the industry's foremost challenges: Navigating the digital asset market can be complex and fragmented, with limited products and services that suppo","finance_fintech","high"
"447","fortitudegroupholdingsllc","greenhouse","21","AVP, AI Solutions Architect | AVP, Capital Management Strategic Projects | AVP, Compensation | AVP, Data Solutions Engineering | AVP, Data Solutions Engineering","Fortitude Reinsurance Company Ltd. (Fortitude Re) is one of the world’s leading providers of legacy reinsurance solutions. They work with the world’s leading insurance companies to help them execute comprehensive, transformational solutions for legacy Life &amp; Annuity and P&amp;C lines. Fortitude Re manages a general account of approximately $111 billion across life, annuity, and property &amp; ","finance_insurance","high"
"448","forward financing","ashby","21","Staff Software Engineer | Senior People Business Partner | Senior Analyst, Portfolio Strategy (Lending) | Senior Product Manager - Data Platform and Integrity | Engineering Manager","Forward Financing is a financial technology company based in Boston, Massachusetts with team members throughout the United States, Dominican Republic, and Canada. The company is on a mission to unlock the capital that fuels small businesses across America. Recognized as a Best Place to Work by Built In Boston and certified as a Great Place To Work®, Forward is investing in its employees, technolog","finance_fintech","high"
"449","fred-hutch","linkedin","21","Research Technician I/II | Clinical Research Coordinator II | FMS Analyst IV | Clinical Research Coordinator II - NeuroOncology | Lab Technician I","Overview Fred Hutchinson Cancer Center is an independent, nonprofit organization providing adult cancer treatment and groundbreaking research focused on cancer and infectious diseases. Based in Seattle, Fred Hutch is the only National Cancer Institute-designated cancer center in Washington. With a track record of global leadership in bone marrow transplantation, HIV/AIDS prevention, immunotherapy ","healthcare_provider","high"
"450","gartner","linkedin","21","Principal, Research (Human Resources) | Senior Account Executive, LE Supply Chain | Variable Compensation Specialist | Associate Director, Project Management Office | Data Analytics Lead","我々Gartnerは グローバルマーケットリーダーとして自身を高めることが出来るダイナミックなキャリアをお探しですか？世界でリードするアドバイザリー企業であるガートナーのアカウントエグゼクティブポジションはあなたのキャリアにマッチすると思います。ガートナーは、お客様がビジネス上の意思決定を行うために必要なテクノロジー関連の情報やアドバイザリーサービスを提供します。 我々がすること Gartnerは、様々な業界の経営幹部と連携し、市場調査などにより可視化したデータを基に、ベストプラクティス、アドバイザリーサービスを提供することによりビジネスに不可欠な意思決定に対処できるようにします。Gartnerは、10年近くに及ぶ2桁の成長を経験しており、企業がミッションクリティカルな優先事項を見出すための行動を促すきっかけを作り、その問題を円滑に解決できるように導くことをモットーとしております。 あなた","consulting_professional_services","high"
"451","greenlight","lever","21","Account Executive, Financial Institutions | Customer Operations Analyst | Director of Product Management | Director, Growth Marketing | Director, Marketing Analytics","Greenlight is the leading family fintech company on a mission to help parents raise financially smart kids. We proudly serve more than 6 million parents and kids with our award-winning banking app for families. With Greenlight, parents can automate allowance, manage chores, set flexible spend controls, and invest for their family’s future. Kids and teens learn to earn, save, spend wisely, and inve","finance_fintech","high"
"452","helloheart","greenhouse","21","Accounting Manager, Revenue and Billing | Art Director (Product Design) | Associate Director, Client Success Public Sector | Associate Director, Compliance and Licensing | Director, AI & Machine Learning","About Hello Heart: Hello Heart is on a mission to make heart attacks a thing of the past. We’re an AI company focused exclusively on heart health, building a platform that predicts and prevents cardiac events before they happen—identifying risk up to 10 days in advance versus 10 years in traditional clinical models.&nbsp; This is already working at scale. Hello Heart has been shown to reduce inpat","healthcare_provider","high"
"453","j-r-simplot-company","linkedin","21","Seasonal QA Process Lab Tech (Crew C) | Labor 4 (Rock Springs, WY) | QA Teamleader - Ontario, OR | Operations Support 1 Moreland, ID | Document Processing Technician HQ GS","Location: Boise, ID, US, 83706-1211 The J.R. Simplot Company is a diverse, privately held global food and agriculture company headquartered in Boise, Idaho. We are a true farm-to-table company with an integrated portfolio including food processing and food brands, phosphate mining, fertilizer manufacturing, farming, ranching and cattle production, and other enterprises related to agriculture. Summ","agriculture_food_production","high"
"454","jabil","linkedin","21","Senior Environment Health Safety Engineer | Director | Cycle Count Lead Analyst (Bryan Dairy 1st Shift) | Assistant Inventory Control Supervisor (Bryan Dairy 2nd Shift) | Injection Molding Maintenance Technician (Sign-on Bonus)","ProcureAbility, a Jabil company, is the leading procurement services company, offering advisory, managed services, digital, staffing, and recruiting solutions. For more than 25 years, we have focused exclusively on helping clients elevate their procurement function. We combine leading methodologies, analytics, market intelligence, and industry benchmarks with our uniquely flexible and customizable","manufacturing","high"
"455","jump-app","ashby","21","Solutions Engineer | Sales Development Representative (SDR) | Product Specialist | U.S. Senior DevOps Engineer | Staff/Principal Software Engineer - Poland","Data Analyst Location: Remote (U.S.) Compensation: $90K – $120K Team: Engineering Level: Intermediate (2–4 years experience) About the Role We’re looking for a Data Analyst to help drive better decisions across the company through thoughtful analysis, clear metric definitions, and strong partnership with cross-functional teams. In this role, you’ll work closely with Product, Engineering, Operation","tech_software_internet","high"
"456","keyfactorinc","greenhouse","21","Accountant | Cloud Architect | Director of Communications | Engineering Manager | Growth Marketing Manager","About Keyfactor&nbsp; Our mission is to build a connected society, rooted in trust, with identity-first security for every machine and human. Keyfactor helps organizations move fast to establish digital trust at scale — and then maintain it. With decades of cybersecurity experience, Keyfactor is trusted by more than 1,500 companies across the globe. We are proud to continually earn recognition as ","tech_software_internet","high"
"457","lawhive","ashby","21","Senior Product Engineer | Product Engineer - US Growth | Lawhive Talent Pool | Senior Python Engineer, ML | Lawyer Support Associate - Woodstock Legal Services (6-month FTC)","About Lawhive Our mission is to make the law accessible to everyone. The legal industry is built on technology and process that hasn’t been updated in hundreds of years - that's why we've reinvented the entire model from the ground-up with our own bespoke AI operating system at the core. Lawhive is a regulated law firm with an AI-native platform built to amplify expertise and revolutionise the way","legal_services","high"
"458","lemlist","ashby","21","Senior Fullstack TS Developer (backend-oriented) | Senior Fullstack TypeScript Developer (Product Engineer) | Senior Sales / Senior Account Executive - | Top talent wanted | Senior Product Designer","About lemlist lemlist is the AI-powered sales engagement platform helping sales teams build pipeline smarter, not harder. Bootstrapped from day one, we’ve grown from 0 to $50M+ ARR in 8 years without raising a single dollar. Today, 40,000+ sales teams use lemlist to book more meetings and close more deals. We’re building the next generation of outbound: AI-first, multi-channel, highly personalized","tech_software_internet","high"
"459","mactores","lever","21","AWS Data Engineer (Associate) | AWS Data Engineer (Senior) | AWS Data Engineer (Senior) (Freelancer) | AWS DevOps Engineer (Associate) | AWS DevOps Engineer (Freelancer)","Mactores is a trusted leader among businesses in providing modern data platform solutions. Since 2008, Mactores have been enabling businesses to accelerate their value through automation by providing End-to-End Data Solutions that are automated, agile, and secure. We collaborate with customers to strategize, navigate, and accelerate an ideal path forward with a digital transformation via assessmen","consulting_professional_services","high"
"460","mamee-double-decker-m-sdn-bhd","jobstreet","21","Executive, Key Account | Manager, Human Capital | Project Engineer | Senior Executive, Procurement | Junior Secretary","[Category: Legal / Corporate & Commercial Law] Job Descriptions:- Senior Executive, Legal is to support the legal centralisation, to absorb the lower level drafting work to speed up the entire legal review process. To review and draft template-based contracts including Trading Terms, Contest Terms and Conditions, tenancy agreements, International Distribution Agreement, Distribution Agreement, Con","consumer_brands","high"
"461","martin-marietta","linkedin","21","Senior Credit Representative | Ready Mix Plant Supervisor | Midlothian | Workday HRIS Sr. Manager | Heavy Equipment Operator - Night Shift | Lead Person","Description Position Summary Communicate standards of excellence in the daily work assignments of assigned teams to meet safe production as outlined by Management. Standards should be communicated through stated goals, daily interaction, Team meetings, provide input on employee performance evaluations, and recommend disciplinary actions. Requirements Perform standard office duties, plant duties, a","manufacturing","high"
"462","meridianlink","ashby","21","Sr. Director, Pricing Strategy & Operations | Java Software Engineer III | Senior Human Resource Business Partner | Product Manager, Mortgage Lending Technology | Product Manager ( Integrations)","Position Summary The Business Consultant is responsible for delivering consulting services to MeridianLink clients. This role partners closely with clients to assess current-state processes, gather and document business requirements, and provide practical, best-practice recommendations that help clients improve efficiency and maximize the value of MeridianLink solutions. Business Consultants act a","finance_fintech","high"
"463","method","ashby","21","Former Founder | Head of Customer Success | Enterprise Account Executive | Enterprise Account Executive, Commerce | Finance and Business Operations Lead","Meet Method Method has built the most modern way to connect to consumer financial accounts. Combining real-time liability connectivity with instant payment execution, Method’s API is designed to make it easy for people to connect their financial accounts to the apps and services they want to use. We have helped 45+ million users connect 350+ million liability accounts credential-less and processed","tech_software_internet","low"
"464","modeln","lever","21","Customer Success Manager - Managed Business Services | Director, Product Marketing | FP&A Financial Analyst | Global Account Executive, Life Sciences | Manager, FP&A","Model N is seeking a Vice President, Cloud Operations to lead the operational delivery, reliability, and performance of our global SaaS platforms. Reporting to the Chief Technical Officer, this role is accountable for day-to-day SaaS operational excellence and for translating platform and product strategy into stable, scalable, and efficient production cloud operations. This leader will manage a g","tech_software_internet","high"
"465","moonpay","lever","21","Senior Designer - Otherlife | Analytics Engineer - Crypto and Payments | Chief Auditor | Cloud Security Engineer | Communications Manager","About MoonPay Hi, we’re MoonPay. We’re here to onboard the world to the decentralized economy by making digital money move as universally and effortlessly as the internet. Why? Because crypto, stablecoins and blockchain aren’t just technologies. They’re tools for global financial empowerment. They give people and businesses more control over their money, their digital assets, and their future, ope","finance_fintech","high"
"466","morganfranklinconsultingllc","greenhouse","21","Bilingual Required Patient Portal/IT Help Desk Agent– Level 1 (Managed Services) | Consultant — AI Strategy, Governance & Security | Epic Certified Analyst -Epic Clinical Documentation or Ambulatory Analyst | Join our Talent Community! | Manager, Strategy, Technology & Transformation","Transform Your Career We deliver unparalleled opportunities for growth and career advancement. Our dynamic, entrepreneurial culture supports your journey every step of the way. Embrace new challenges and deliver real value to some of the world’s most influential Fortune 100 brands, growth companies transforming their industries, and mid-market firms that need help navigating the defining moments o","consulting_professional_services","high"
"467","nestl-health-science","linkedin","21","Maintenance Supervisor (Friday- Monday / 5:00am-3:30pm) | Catcher (2nd shift, 3pm-11:30pm) | Line Runner (3rd shift 11:00pm-7:30am) | Porter (3rd Shift, 10:00pm - 6:30am) | PLE Operator","At Nestlé Health Science, we believe that nutrition, science, and wellness must merge, not collide. Here, we embrace the intrinsic connections of these three pillars, harnessing their collective strength to empower healthier lives. Our broad product portfolio includes renowned brands like Garden of Life®, Nature's Bounty®, Vital Proteins®, Orgain®, Nuun®, BOOST®, Carnation Breakfast Essentials®, P","healthcare_pharma_biotech","medium"
"468","nextdoor","greenhouse","21","Client Partner | Commercial Counsel | Compensation Analyst | Didn't See What You Are Looking For? | Engineering Manager - Ads Reporting","#Team Nextdoor Nextdoor (NYSE: NXDR) is the essential neighborhood network. Neighbors, public agencies, and businesses use Nextdoor to connect around local information that matters in more than 350,000 neighborhoods across 11 countries. Nextdoor builds innovative technology to foster local community, share important news, and create neighborhood connections at scale. Download the app and join the ","tech_software_internet","high"
"469","nintex","greenhouse","21","Automation Test Engineer | Contract, Marketing Manager - Demand Programs | Data Analyst | Deal Desk Analyst | Director, Commercial Deal Desk","About Nintex: At Nintex, we are transforming the way people work, everywhere.&nbsp;&nbsp; &nbsp; As the global standard for process intelligence and automation, we're trusted by over 10,000 public and private sector organizations across 90 countries. Our customers, from industry giants like Amazon, Coca-Cola, and Microsoft, rely on the Nintex Platform to accelerate their digital transformation jou","tech_software_internet","high"
"470","noda-ai","ashby","21","Senior Full Stack Engineer | Product Manager | Autonomy Engineer (AI) | AI/ML Engineer | Senior Platform Engineer","Controller Location: Austin, TX (Hybrid on-site) Clearance Requirement: U.S. Citizen with the ability to obtain a security clearance About NODA NODA is a veteran-owned, venture-backed technology company that is transforming how unmanned systems collaborate in complex, mission-critical environments. We are developing next-generation solutions that enable the autonomous orchestration of heterogeneou","tech_software_internet","medium"
"471","nyiso","greenhouse","21","Associate Market Solutions Engineer (Spark Program) | Associate Operations Engineering Engineer | Attorney I | Configuration Engineer (Salesforce) | Facilities Administrator","The New York Independent System Operator (NYISO) manages the efficient flow of electricity on more than 11,000 circuit-miles of high-voltage transmission lines, dispatching power from hundreds of generating units across the state. The New York Independent System Operator (NYISO) applies cutting-edge technology to operating a reliable electricity system, managing competitive markets for wholesale e","energy_utilities","high"
"472","onebrief","ashby","21","Senior Site Reliability Engineer (Arlington, VA) | Data Systems Engineer, Battle Road | Technical Designer, Decision-Making Systems | Customer Success Engineer, Battle Road [Ft. Leavenworth] | Geospatial Engineer, Battle Road","About Onebrief Onebrief is collaboration and AI-powered workflow software designed specifically for military staffs. By transforming this work, Onebrief makes the staff as a whole superhuman - meaning faster, smarter, and more efficient. We take ownership, seek excellence, and play to win with the seriousness and camaraderie of an Olympic team. Onebrief operates as an all-remote company, though ma","defense_aerospace","high"
"473","ottoaviation","greenhouse","21","Associate Engineer, Airframe Stress Analysis | Associate Manufacturing Engineer, AFA (Aft Fuselage Assembly) | Associate Manufacturing Engineer, Fuselage Cockpit Assembly | Engineer, Airframe Stress Analysis | Engineer, Metallic Materials & Processes","Supplier Quality Engineer &nbsp; About Otto Aerospace&nbsp; OTTO is developing the world’s first fifth-generation business jet, designed for sustainability through the innovative use of advanced super-laminar aerodynamics and high-precision, net-shaped composites. Flight tests of our technology demonstrator&nbsp;validate&nbsp;a dramatic reduction in fuel burn and&nbsp;allow&nbsp;a sizeable improve","defense_aerospace","high"
"474","path-engineering","linkedin","21","Master Fitter | Senior Mechanical Engineer | CNC Setup Machinist | MIG Welder I - Third Shift - O'Neal Manufacturing Services | Industrial Electrician","Role As a Mold Maker (also known as CNC Mill Operator, Injection Molding Technician, Manual Lathe Operator), you'll set up and operate milling machines, regulate pressure, temperature, speed and feed rates, and ensure the smooth and clean inner surfaces of molds. You'll also be responsible for cutting, shaping, and forming metal parts using a variety of tools and recognizing defective tooling, mac","consulting_professional_services","high"
"475","playson","ashby","21","Senior 2D Artist | Senior Backend Engineer (Platform Tribe) | Senior Backend Engineer (Boosters) | Senior SRE/DevOps (Platform Tribe) | Senior Game Mathematician","About the Role As part of the company’s business strategy, Playson is strengthening its foothold in Latin America, with a focus on regulated markets such as Brazil, Peru, and Colombia. We are seeking an experienced B2B Marketing Manager to join our regional team. With strong local expertise, cultural understanding, and the advantage of an on-the-ground presence, the B2B Marketing Manager will play","gaming","high"
"476","prenuvo","greenhouse","21","Annotations Program Manager | Clinical Site Representative | Content Producer and Editor | Director, Data & Analytics | Inbound Sales Representative (Late Afternoon/Evening Hours Coverage)","About Us At&nbsp; Prenuvo , we are on a mission to flip the paradigm from reactive “sick-care” to proactive health care. Our award-winning whole body scan is fast (under 1 hour), safe (MRI has no ionizing radiation), and non-invasive (no contrast). Our unique integrated stack of optimized hardware, software, and increasingly AI, coupled with the patient-centric experience across our domestic and g","healthcare_provider","high"
"477","primary-talent-partners","linkedin","21","Business Analyst/Product Owner | Business System Analyst | Project Engineering Intern | EHS Specialist | Software Developer","Primary Talent Partners has a new role open with a large pharmaceutical corporation in West Point, PA. This is a 12 month contractual role, with the possibility of conversion or extension. Pay Rate: $30 - $35 Job Description With management direction, responsible for supporting projects and programs to ensure compliance with environmental, health, and safety (EHS) programs through a role in Global","consulting_professional_services","high"
"478","pursuit","linkedin","21","Account Executive, Job Outcomes | Chief of Staff | Development Associate | Director of Individual Giving | Executive Assistant (Part Time)","Our client is an innovative event and hospitality management SaaS company dedicated to providing exceptional service to restaurants, hotels, and unique venues. Built by hospitality experts, this company has revolutionized the way businesses manage and grow their events. I'm seeking a Marketing Operations Analyst who will be responsible for analyzing marketing performance data, optimizing marketing","nonprofit","high"
"479","r-f-property-services-group","jobstreet","21","M&E Admin Assistant | Finance Assistant cum Admin | Site Engineer | Admin Intern | Finance Internship","[Category: Marketing & Communications / Management] Job Scope/ Job Responsibilities: To promote, develop and establish Company’s brand through various social media, mass media, digital channels in order to increase brand awareness in residential group. To develop and maintain an active social media channel with creative and innovative contents, messages for the company’s brand. Planning a series o","real_estate_construction","high"
"480","r-logic-sdn-bhd","jobstreet","21","Quality Assurance Engineer (Electronics) | Debug / Test Technician | QA Engineer (EMS) | Accounts Assistant | MATERIAL PLANNER","[Category: Human Resources & Recruitment / Consulting & Generalist HR] Job Description: To handle and carry out payroll matters pertaining to the payments i.e. salaries, overtime, allowances, statutory deductions are carried out promptly; documentation for payroll is in order inclusion of monthly payroll payments; etc Ensure all payroll processes are in compliance with statutory and internal HR ru","manufacturing","high"
"481","raft","greenhouse","21","Senior Business Development Representative | AI Logistics SaaS | Associate AI/ML Engineer | Associate Product Manager | Cyber Security Engineer | Data Scientist","This is a U.S. based position. All of the programs we support require U.S. citizenship to be eligible for employment. All work must be conducted within the continental U.S. Who we are: Raft ( https://TeamRaft.com ) is a customer-obsessed non-traditional defense tech company dedicated to empowering U.S. military and government agencies with cutting-edge AI/ML and data solutions. We are a leader in ","defense_aerospace","high"
"482","render","ashby","21","Engineering Manager, Product | Product Marketing Manager, Runtime & Growth | Open Application | Account Executive | Product Manager, Security, Trust & Governance","At Render, we’re building the modern cloud platform for developers creating AI-native, full-stack, multi-service applications. Our mission is to eliminate the tradeoff between the power of hyperscalers and the simplicity of developer-friendly platforms—so teams can ship fast, scale reliably, and focus on their product, not infrastructure. Unlike complex hyperscalers or ephemeral edge/serverless so","tech_software_internet","high"
"483","revloncorporate","greenhouse","21","Assistant Marketing Manager, Customer Execution | Coordonnateur(trice), comptes clients – Montréal / Coordinator, Customer Busines | Customer Business Manager; Walmart Tools/PC | Director, Key Accounts (Walmart) | Director, Technology - PLM Product Owner","At Revlon, we create beauty innovations for everyone that inspire confidence and ignite joy every day. Breaking beauty boundaries is in our company’s DNA. Since its game-changing launch of the first opaque nail enamel in 1932 (and later, the first long-wear foundation), Revlon has provided consumers with high-quality product innovation, performance, and sophisticated glamour. Elizabeth Arden made ","consumer_brands","high"
"484","roboyo","greenhouse","21","AP/AR Finance Specialist | Application Engineer - Appian | Automation Engineering Manager -UiPath | Business Development Representative | Delivery Manager","Roboyo is a category shaper in Agentic Automation. We help leading brands embed autonomous, AI‑powered agents into their workflows, processes, products and services so they can scale faster and operate smarter. Built on a strong automation heritage, we focus on seamless integration of AI into enterprise level organization, not just proving concepts, but owning outcomes and driving value in every i","consulting_professional_services","high"
"485","roche-services-solutions-operations-apac","jobstreet","21","People Support Specialist | Healthcare Application Support Specialist | Talent Acquisition Intern | Network Reliability Engineer | Enterprise Master Data Management Operations Specialist (Korean Speaker)","[Category: Accounting / Financial Accounting & Reporting] The Position A healthier future. It’s what drives us to innovate. To continuously advance science and ensure everyone has access to the healthcare they need today and for generations to come. Creating a world where we all have more time with the people we love. That’s what makes us Roche. Roche fosters diversity, equity, and inclusion, repr","healthcare_pharma_biotech","high"
"486","safran-ai","lever","21","Alternance - Chargé de Projet d'Annotation (H/F) | Candidature spontanée | Développeur Backend Senior (H/F) - Remote Friendly | Developpeur Fullstack (H/F) - Remote Friendly ! | EPM & Data Modeler - Pigment (H/F)","🌍 Qui sommes-nous ? Safran.AI (anciennement Preligens), est une filiale de Safran Electronics & Defense qui propose des solutions d’intelligence artificielle pour analyser les images satellite à haute résolution, les flux vidéos FMV (full motion video) et les signaux acoustiques. Nos solutions sont déployées au service de l’aéronautique, la défense et les applications gouvernementales. Notre socié","defense_aerospace","high"
"487","scoperecruiting","lever","21","Category Manager (Mobile Equipment) | Component Engineer - Technical Lead | Component Engineering Technical Leader – High Speed Interconnect | Customs Brokerage Supervisor | Director of Operations","Warehouse Department Manager Location: Blauvelt, NY & Northvale, NJ Reports to: Warehouse Manager / Operations Manager Role Mission The Shipping & Receiving Manager is responsible for the critical ""inbound and outbound"" integrity of the facility. This role focuses on the high-velocity movement of Cosmetics and Health & Beauty products, ensuring that every pallet entering or leaving the dock meets ","consulting_professional_services","high"
"488","scoutai","greenhouse","21","AI Cloud Infrastructure Engineer - Fury Team | AI Engineer - Fury Team | AI Researcher - Fury Team | Corporate Development Associate | Director of Business Development, Air Dominance","The future of defense will be decided by those who field intelligent machines at scale. At Scout AI, we’re developing Fury, the first robotic foundation model for defense, to give U.S. forces overwhelming, adaptable, and autonomous power across every domain. Fury enables human operators to command fleets of robots through natural language, and empowers those machines to sense, decide, and act toge","defense_aerospace","high"
"489","skydance","lever","21","Animator | Associate IT Project Manager | Audio Lead (Games) | CFX Artist | Character Designer","Skydance Animation is seeking an experienced Visual Development Artist to join our team on an upcoming feature film. In this role, you will help shape the worlds our story takes place in by developing compelling, immersive environments that support narrative, mood, themes, and character. You will generate a wide range of visual development materials, including environmental designs, drawings, mode","media_entertainment","high"
"490","standishmanagement","greenhouse","21","Administrative Assistant | AML Team Lead | Associate | Cayman AML Senior Analyst | Client Onboarding Fund Controller","We are a provider of specialized fund administration services for Managers and General Partners of private equity funds, specifically: Buy‐out, Venture Capital, Real Estate and Fund‐of‐ Funds. For new General Partners, we provide consulting services to help accelerate the launch of their funds in addition to our full fund administration services. For established General Partners, we provide admini","finance_banking","high"
"491","state-street","linkedin","21","Software Quality Engineer | Core Operations, Associate 2 | Software Development Engineer - ReactJS | Alternative Fund Accounting Associate 2 | Middle Office Associate 2","Who We Are Looking For The incumbent will be a member of the LATAM Client Service team profient in English, Spanish and/or Portuguese - building and maintaining strong relationships with internal/external clients and collaborating with teams to identify, analyze and proactively resolve issues. They will need to identify and participate in process improvement and project related efforts. Ensure pro","finance_banking","high"
"492","sunway-multicare-pharmacy","jobstreet","21","Intern - Finance | Executive - Finance (Account Receivable) | Retail Pharmacist (Klang) | Provisionally Registered Pharmacist (PRP) | Assistant - Social Media (Live Host)","[Category: Marketing & Communications / Marketing Communications] This position is responsible in driving customer engagement, brand loyalty, and revenue growth for our pharmacy chain. This position will involve creating and executing targeted advertising campaigns, promotional activities, and marketing strategies to attract customers, increase foot traffic, and enhance the overall shopping experi","healthcare_provider","high"
"493","swoon","linkedin","21","Senior Copywriter (Beauty) - 79231 | Reporting Analyst - 79249 | IT Architect/Automation-78646 | Security Operations Specialist | HR Generalist - 79113","Swoon is hiring a Digital Data Records Specialist for a top client in Oklahoma!8 month Contract with potential to extendW2 Only // not C2C eligible// no sponsorship offered at this timeOnsite in Tulsa, OKBenefits available: Medical/Dental/VisionLooking to hire ASAP What does the day to day look like?Learn and understand the policies and procedures of the ACM Digital Data department.Process and rev","consulting_professional_services","high"
"494","syntronic","lever","21","Concepteur – Électronique Analogique & Digitale / Designer – Analog & Digital El | Concepteur ATE Python / Python ATE Developer | Concepteur logiciel de vol satellite / Satellite Flight Software Designer | Développeur en vérification logicielle – systèmes optiques (poste basé à Ottawa) | Développeur logiciel embarqué (contrôle optique) – poste basé à Ottawa / Embedde","Join Syntronic: Where Your Innovation Shapes the Future At Syntronic, we don't just follow industry trends—we set them! Join us in partnering with visionary companies and the brightest minds to turn ground-breaking ideas into reality. Imagine working on cutting-edge telecom advancements, pioneering automotive tech, life-saving healthcare innovations, and next-gen industrial automation. Our project","consulting_professional_services","high"
"495","tatari","greenhouse","21","Account Executive - Brands | Client Development, Team Lead | Client Services Manager (Agency Relationships) | Client Services Manager - Growth | Data Science Analyst","Job Duties: Own multiple data science projects to deliver end-to-end solutions, including the development of KPIs, new insights through the combination of datasets, and maintenance of ongoing analytics datasets. Collaborate closely with the data science, product, and engineering teams to improve existing product and build new capabilities including automating data-driven tasks, developing algorith","tech_software_internet","high"
"496","tekjobs","linkedin","21","Senior Software Engineer | Tableau Developer | PEGA Certified System Architect | Senior Developer | IAM Solutions Architect","Webinar Coordinator Creating content, planning presentations, producing and marketing the event, and providing customer service to people who register.This role is key to our attendee experience for all our marketing and partner webinars towards senior-level marketing managers and executives.You will be building relationships with Clients, marketing experts and partners; ensuring a recurring pipel","consulting_professional_services","high"
"497","toku","ashby","21","Software Engineer | Senior Software Engineer | Enterprise Account Executive BR | Project Manager | Enterprise Account Executive MX","About Toku Toku enables companies of any size to compliantly compensate their employees with any asset, through any payment rail, anywhere in the world. Toku is a global employment and payroll infrastructure for token compensation. We power stablecoin and token payroll for some of the largest companies in crypto, integrating with custody providers, enterprise HR/payroll systems, and blockchain net","tech_software_internet","high"
"498","top-glove-corporation-berhad","jobstreet","21","Executive, Sourcing and Procurement | Executive (Purchasing) | Engineer, Manufacturing | Senior Account Executive [Familiar with Full Set Accounting] - Setia Alam | Internship, Information Technology","[Category: Engineering / Mechanical Engineering] Job Responsibilities 01) To take care of glove quality and to make sure that glove output target is achieved. 02) To provide technical knowledge like engineering to production crews. 03) To study machineries design and do some re-engineering project. 04) To assist Executive (Production/Manufacturing) in data analysis, trouble shooting. 05) To improv","manufacturing","high"
"499","tracelinkinc","greenhouse","21","Account Development Representative | Account Development Representative - Italian Speaking | Account Manager | Agentic AI Engineer | Applied Scientist, GenAI","Company overview: TraceLink is the world’s largest Agentic Business Network, enabling life sciences and healthcare companies to build and manage a scalable digital workforce of governed, no-code AI agents that execute and coordinate mission-critical supply chain operations alongside human teams. Powered by the Integrate-Once™ OPUS platform, TraceLink links more than 300,000 network participants, e","tech_software_internet","high"
"500","transystems","linkedin","21","Acquisition Agent | Interior Designer | Highway Engineer | Land Development Project Manager | Survey Auto CADD Technician","Overview We are excited to share once again TranSystems has been recognized as a top 100 design firm by Engineering News-Record in 2023. For more than 50 years, TranSystems has committed to a mission of performing engineering and architectural planning, design, and construction solution services in a manner that is both safe and in compliance with all applicable regulatory and client requirements.","consulting_professional_services","high"
"501","uber","linkedin","21","Counsel, Ads Legal | Manager, People M&A | Counsel, Safety & Insurance Litigation, US New York | 2024 Global Safety Operations Analyst Intern, US | Executive Assistant Business Partner III, Workplace","About The Role The Ads & Marketing Legal team partners with Uber's fast-growing Advertising Business to take on novel challenges, offering strategic counsel to Sales, Product, Engineering, and Operations teams; and partners with Uber's Marketing & Comms organizations to advise on Marketing Campaigns, Digital Media, Consumer Protection, and Advertising Law issues. We are looking for an exceptional ","tech_software_internet","high"
"502","ufp-industries","linkedin","21","Assembler I | Assembler II | Assembler I (Day Shift) | Deckorator Crew Leader | 2nd Shift Production Team Member (PalletOne)","When we win, you win! UFP has a long history of sharing profits with employees. Our hourly team members are eligible for a fall bonus based on their local operation’s performance! Come join our production team where you will work in a hands-on collaborative environment with the ability to see your work come together in an end product every day. Job Summary The Crew Leader is responsible for coordi","manufacturing","high"
"503","united-health-services","linkedin","21","Medical Receptionist | EKG Technician | Security Officer | Account Processor | Provider Relations Liaison","Staff Nurse, DVH United Health Services is seeking a Staff Nurse to join our Emergency Department 09 department at DVH in Walton, NY. This is a Per Diem position. Shift Rotational Hours per week: 0 Salary range: $35.26 - $56.53 per hour, depending on experience. Overview The Registered Nurse (RN) protects, promotes, and optimizes health and abilities, prevention of illness and injury, and the alle","healthcare_provider","high"
"504","valpeo.com","lever","21","Adviseur Financiering Geestelijke Gezondheidszorg | Zorgnet-Icuro | Business Development Manager Bruxelles & Wallonie | VALPEO Executive Interim Man | Career advice | Executive interim management | Career advice | Executive positions | Chief Human Resources Officer (CHRO) (m/w/d) Elektrofertigung | Private Equity |","Belfius CommV Dender-Schelde is een sterk lokaal verankerde commerciële vennootschap binnen Belfius Bank, actief in het hart van de regio tussen Londerzeel en Wetteren, met maatschappelijke zetel in Dendermonde. Met een team van circa 47 medewerkers en 12 vennoten ondersteunt de CommV business-, private- en wealth-klanten bij hun financiële groei en toekomstplannen. Binnen de Business cel zijn de ","consulting_professional_services","medium"
"505","veo","lever","21","Compliance Student | Customer Support Specialist for Miami, Florida | Data Regulation Counsel | Forward Deployed Engineer | Head of Accounting & Controlling","Veo is a global leader in AI-based sports camera technology. Our innovative, fully automatic camera solution enables sports teams to record matches and training sessions without a camera operator. We’re democratizing the world of sports by granting video analysis for teams on all levels—a privilege that used to be only for the few. More than 50,000 clubs in 90+ countries record their games every w","tech_software_internet","medium"
"506","veriff","greenhouse","21","Android Engineer | Associate Solutions Engineer | Director, Business Operations | Founding Software Engineer - Agentic Systems | Fraud Countermeasure Team Lead (Fraud Platform)","The Engineering team builds the software powering Veriff. We're solving the online identity crisis in a scalable way, pushing innovation in a fast-paced and challenging environment. We’re looking for an iOS Engineer to help us build a reliable, secure, and high-performing SDK that works seamlessly across a wide range of devices and environments. In this role, you will contribute to developing effi","tech_software_internet","high"
"507","visco-technology-sdn-bhd","jobstreet","21","HUMAN RESOURCE MANAGER | EQUIPMENT MAINTENANCE ENGINEER | PROCESS ENGINEER | Calibration Technician | Process Technician","[Category: Manufacturing, Transport & Logistics / Machine Operators] Responsibilities: To monitor and maintain capability and efficiency of production machines and equipment To perform regular preventive maintenance on production machines and equipment as per established schedule To perform troubleshooting of machine issues and malfunctions, so as to provide emergency repairs of production machine","manufacturing","high"
"508","weedmaps77","greenhouse","21","Group Manager, Product (Hybrid) | Group Manager, Product (Remote) | Interested in future Corporate positions? (Marketing, Sales, Finance, Legal, HR) | Interested in future Tech positions? (Engineering, IT, Data, Product, Design) | Project Manager, Sports & Entertainment (Onsite)","Staff Product Manager (Hybrid - 2 days onsite per week)&nbsp; Overview: Product Management at Weedmaps is responsible for defining the vision, strategy, and roadmap in order to realize our mission of being the hub for all things cannabis. As a Staff Product Manager focused on Personalization, your number one goal is to ensure we are delivering the most relevant, tailored experiences for every cust","tech_software_internet","high"
"509","workstream","greenhouse","21","Account Executive | B2B Brand & Graphic Designer | Content Marketing Manager | Customer Success Manager - US Payroll | Forward Deployed Engineer","Workstream is a mission-driven company building the all-in-one HR, payroll, and hiring platform for managing the hourly workforce. There are 2.7 billion hourly workers, making up 80% of the global workforce, but this market has been heavily underserved by technology and deserves better. Workstream has been purpose-built for the hourly workforce from day one so that these businesses and their emplo","tech_software_internet","high"
"510","xbowcareers","ashby","21","Pentester (South Korea) | Field Engineer - Application / Offensive Security | Solutions Architect - Offensive/Application Security (South Korea) | Technical Customer Success Manager - AppSec / OffSec | Solutions Architect - Offensive/Application Security (Australia)","About XBOW Build the future of offensive security with XBOW. Attackers are already using AI to move faster than defenders can react - we’re creating the platform that puts security ahead in the arms race. Our AI-powered system autonomously discovers, validates, and even exploits vulnerabilities, giving organizations proof-backed results in hours instead of weeks. Founded by Oege de Moor, creator o","tech_software_internet","high"
"511","yubico","lever","21","Business Development Representative | Channel Manager | Cryptography Engineer | Director of Quality | Director of Sales, DoD","Meet Yubico: the creator of the most secure passkeys and leading provider of hardware authentication security keys. Our company’s mission is to make secure login easy and available for everyone. Yubico was founded in 2007 by Stina and Jakob Ehrensvard, and is public on Nasdaq Stockholm Main Market: YUBICO. Our customers include Fortune 500 companies, hundreds of government agencies and millions of","tech_software_internet","high"
"512","zillion-technologies-inc","linkedin","21","Lead ICFR Analyst / SME (Internal controls, Big 4, Accounting, Audit) - Remote & | ATM Enterprise Monitoring Consultant / ATM Network Monitoring Consultant ( 100 % | Release Train Engineer (RTE) - SAFe Certified - (Remote & Onsite 1 day a week) - | RTE - Release Train Engineer (SAFe Certified) - Hybrid role | Sr. Scrum Master - (Remote & Onsite 1 Day a week) - LOCALS ONLY","Role: Senior AI EngineerLocation: Hybrid – DC AreaOpen on both w2 and c2c Job Description: As a Senior GenAI Engineer , you will play a key role in designing, developing, and deploying cutting-edge AI solutions that drive innovation and business growth. You will work closely with cross-functional teams to identify opportunities for leveraging artificial intelligence and machine learning techniques","consulting_professional_services","high"
"513","TerraFirma","ashby","20","Radar Systems Engineer - Signal Processing | Workplace & Office Coordinator | Embedded Software Engineer | Robotics Software Engineer - Motion Planning, State Estimation, & Control | Perception Engineer","At TerraFirma, we’re redefining how the world moves earth for construction. Founded by former SpaceX engineers and backed by Bain Capital Ventures, TerraFirma is automating construction to make it faster, cheaper, and safer. Our Story & Mission At SpaceX, we were part of the teams that built the largest rocket in human history, launched the largest constellation of satellites ever made, and delive","defense_aerospace","high"
"514","airtable","greenhouse","20","Account Executive, Strategic Accounts | AI Agent Architect, Customer Experience | Business Development Representative | Delivery Consultant | Design Technologist","Airtable is the no-code app platform that empowers people closest to the work to accelerate their most critical business processes. More than 500,000 organizations, including 80% of the Fortune 100, rely on Airtable to transform how work gets done. Our Revenue Operations team is building the systems and data infrastructure that power Airtable's go-to-market motion — and we use our own product to d","tech_software_internet","high"
"515","allstem-connections","linkedin","20","Dotnet Developer | Hardware Test Engineer | Lead Python Backend Engineer | Mobile Developer - React Native | Learning & Development - Design & Development Live Tier 3","Principal Data Information Engineer. Direct Hire. Salary Range: 220-250K.Hybrid (One day per month onsite in local office).Relocation Assistance Provided. Applicants must be legally authorized to work in the U.S. without sponsorship. The Company is unable to sponsor or take over sponsorship of an employment visa. Our client is seeking Principal Data Information Engineer will contribute to the Ente","consulting_professional_services","high"
"516","applied-materials-south-east-asia-pte-ltd","jobstreet","20","Software Developer | Data Science Engineer | Field Service Engineer (Kulim, Kedah) | Software Engineer | Materials Project Management (Kulim)","[Category: Engineering / Electrical/Electronic Engineering] Job Description Supplier engineer is responsible for providing leadership and managing overall supplier manufacturing, operation issue across supplier base, ensuring process controls are established and adhered to throughout the supplier’s entire manufacturing process. Engages early in product development, providing drawing/design input a","tech_hardware_semiconductors","high"
"517","aptude-technology-services-sdn-bhd","jobstreet","20","SAP Solution Architect | SOC ANALYST | Integration Specialist | IT Project Coordinator | UI/UX (Front End) Development Support","[Category: Information & Communication Technology / Developers/Programmers] Description ""• Responsible for timely documentation of technical design and specifications in accordance with the business specifications and project standards • Ensure timely completion of business application coding with project schedule • Compliance of frontline development functions to System Development Guideline & St","consulting_professional_services","high"
"518","arizonaliverhealth","greenhouse","20","AR Process Strategist | Assistant Research Manager (Chandler) | Audit and Compliance Specialist | Bilingual Medical Assistant (MA) - Peoria | Clinic Advanced Practice Provider (APP) Tucson","&nbsp; About Us: Arizona Liver Health (ALH) is dedicated to driving high standards of care and advancing medical innovation through leading clinical trials, ensuring patient safety and regulatory compliance, and generating high-quality clinical data. Our network of multiphase, multitherapeutic research, standard of care, and VEN Centers sites is staffed by skilled providers, research, clinic, phar","healthcare_provider","high"
"519","assembledhq","ashby","20","Implementation Manager, UK | Customer Success Manager | Technical Support Specialist | Software Engineer - AI Agents & Platform | Enterprise Deployment Strategist","About Assembled Great customer support requires human agents and AI in perfect balance, and Assembled is the only unified platform that orchestrates both at scale. Companies like Canva, Etsy, and Robinhood use Assembled to coordinate their entire support operation — in-house agents, BPOs, and AI — in a single operating system. With AI Agents that resolve cases end-to-end, AI Copilot for agent assi","tech_software_internet","high"
"520","atlas","linkedin","20","Software Engineer | Founding Applied AI Engineer | Credit & Accounts Lead, Member Services | Head of Dining Concierge | Web Engineer","Location: San Francisco/Los Angeles Employment Type: Full-Time About Atlas Atlas is the concierge charge card built for those who expect more - unlocking access to world-class dining, luxury travel, and lifestyle experiences, while making spending seamless. Our members are discerning, high-spending individuals and companies who rely on Atlas for insider access, curated service, and unmatched relia","hospitality_food_service","medium"
"521","atolls","greenhouse","20","Account Manager - Spanish Speaker (m/f/x) | Client Growth Consultant - Spanish Speaker | Frontend Engineer (m/f/x) | Frontend Engineer (Vue.js) (m/f/x) | Future Opportunities - Join Atolls - Talent Community (m/f/d)","Atolls is the world’s largest community-driven shopping platform, active in 20+ markets.&nbsp; We help millions make smarter spending decisions across discovery, evaluation, and (re-)purchase by connecting people with the right brands and retailers. Our 1,000+ team across 10 countries builds products used every day at global scale, where you’ll have real ownership and see your impact. Want to shap","tech_software_internet","low"
"522","ayahealthcare","greenhouse","20","Account Manager, Locums | Director, Business Development - Healthcare IT | Director, Business Development - Locum Tenens | Director, Client Optimization - Locums | Director, Proposal Management","Join Aya Healthcare, winner of multiple Top Workplace awards!&nbsp; &nbsp; We are seeking a talented mid-level designer fluent in branding and design to join our team and help build out the Aya digital experience. As&nbsp;visual&nbsp;designer you will play a critical role in creating and&nbsp;maintaining&nbsp;intuitive and visually appealing designs across branding, presentations, collateral and b","consulting_professional_services","high"
"523","benjamin-moore","linkedin","20","Credit Administrator | Mixer- Off Shift | Automation Controls Engineer | Warehouse Associate- | Warehouse Associate I","At Benjamin Moore, we empower our team members to achieve their goals and make a positive impact in our communities. We offer a rewarding and inspiring work environment that fosters creativity, collaboration, and a strong sense of camaraderie. Our culture of excellence and transparency encourages our colleagues to bring their authentic selves and unique perspectives/ideas every day. With 140 years","consumer_brands","high"
"524","biom-rieux","linkedin","20","Responsable Investigation - Global Customer Service - Immunologie - H/F/NB | Alternance BAC+4/5 - Chargé de process et amélioration - Ressources Humaines - F | Facilities Tech 3 - Electrician | Manufacturing Technical Lead, Line 4 - Day Shift | Intern - Export Supply Operations","Want to see more? Find all job opportunities for both BioFire and bioMérieux worldwide by clicking here. Description We are seeking an experienced and highly skilled Sr Data Engineer to join us. This role requires a seasoned professional with a deep understanding of automated data pipelines, cloud infrastructure, databases, and workflow engines. The ideal candidate will have a minimum of 5 years o","healthcare_pharma_biotech","high"
"525","boulevard","greenhouse","20","Creative Director | Director, Content & Social Marketing | Director, Payments & Risk Operations | Director, Technical Support | Engineering Manager, Frontend Experience","Who is Boulevard? Boulevard provides the first and only client experience platform for appointment-based, self-care businesses. We empower our customers to give their clients more of the magical moments that matter most. Before launching in 2016, our founders spent months interviewing salon managers and working behind front desks to understand their pain points so we could design a modern, user-fr","tech_software_internet","high"
"526","bp","linkedin","20","Senior Finance Manager - BP Pulse | Industrial Sales - Wind | Operations Specialist | Environment & Social Assessment Manager | Senior Data Analyst","Entity: Customers & Products Job Family Group: Operations Group Job Description: Essential Job Functions (RESPONSIBLE TO)  Drive safely and deliver hazardous materials as dispatched.  Follow all rules as prescribed by DOT regulations.  Perform pre-trip inspection of truck and tank trailer each shift.  Handle the stress of road conditions, traffic, and changes in dispatch.  Adhere to and recog","energy_utilities","high"
"527","buena","ashby","20","Venture Builder (m/f/d) | Senior Software Engineer (m/f/d) | Regionalleiter Immobilienmanagement (m/w/d) | Vertical Builder (m/f/d) | CFO (m/w/d)","Über uns Buena baut die nächste Generation der Immobilienverwaltung. Wir übernehmen bestehende Hausverwaltungen, entwickeln sie technologisch weiter und schaffen durch Software, klare Prozesse und neue Standards Mehrwert – für Eigentümer, Mitarbeitende und Partner. Dafür hinterfragen wir etablierte Strukturen konsequent und gestalten Abläufe neu. In der Rolle des CFO (m/w/d) trägst du die Gesamtve","real_estate_construction","high"
"528","bunch","ashby","20","Post Merger Integration Lead (f/m/d) | (Senior) Key Account Manager (f/m/d) | (Senior) Account Executive | Private Equity | DE (f/m/d) | (Senior) Fund Accounting & Reporting Manager (f/m/d) | (Senior) Fund Accounting & Reporting Manager","bunch is building the backbone of private markets. We are enabling next-gen fund operations with one integrated system that combines secure data infrastructure, AI-powered workflows and expert fund services. If you value ownership, growth through real responsibility, and working with a thoughtful, ambitious team, this role might be for you. To expand our core team, we are seeking a passionate and ","finance_fintech","high"
"529","camber","ashby","20","Senior Software Engineer, Data | ERA/EFT Enrollment Specialist | Medical Billing Specialist (Payment Posting) | Senior Software Engineer | Sales Development Representative","About Us: Camber builds software to improve the quality and accessibility of healthcare. We streamline and replace manual work so clinicians can focus on what they do best: providing great care. For more details on our thesis, check out our write-up: What is Camber? We’ve raised $50M in funding from phenomenal supporters at a16z, Craft Ventures, YCombinator, Manresa, and many others who are commit","tech_software_internet","high"
"530","cartrack","jobstreet","20","Technician - GPS Installer (Vacancy in KL,Penang,Terengganu) | Accounts Executive (Fresh grads are welcome to apply) | AI Engineer (Video Test) | Regional Recruiter | Customer Service Officer","[Category: Information & Communication Technology / Help Desk & IT Support] Job Summary Do you take ownership, embrace challenges, and thrive to achieve results? Do you have the ability to work under pressure and deliver tasks within deadlines? We’re a world-leading smart mobility SaaS tech company with over 1,750,000 subscribers across 29 countries and we’re looking for a Product Support Speciali","tech_software_internet","high"
"531","ccmc","linkedin","20","Lifestyle Director - Hennersby Hollow | Lifestyle Director - Cadence | Lifestyle Director - Nolina | Executive Director - Cross Creek Ranch | Community Operations Manager - San Antonio/Austin","Do you love creating an exceptional resident experience? Our community managers lead community initiatives, oversee the onsite team, and execute board directives to make a meaningful impact. We’re CCMC, a community management company specializing in large-scale communities. Our vision of revolutionizing the industry by inspiring a resident-centric focus is brought to life by our core values of Int","real_estate_construction","high"
"532","charliehealthbehavioralhealthoperations","greenhouse","20","Billing Specialist | Care Experience Specialist | Care Navigator | Clinical Onboarding/Training Specialist | Collections Associate","&nbsp; Why Charlie Health? Millions of people across the country are navigating mental health conditions, substance use disorders, and eating disorders, but too often, they’re met with barriers to care. From limited local options and long wait times to treatment that lacks personalization, behavioral healthcare can leave people feeling unseen and unsupported. Charlie Health exists to change that. ","healthcare_provider","high"
"533","chec-construction-m-sdn-bhd","jobstreet","20","BIM MANAGER / COORDINATOR | PROCUREMENT ASSISTANT | DOCUMENT CONTROLLER | SYSTEM ASSURANCE ENGINEER | Accounts Assistant","[Category: Engineering / Civil/Structural Engineering] 1. Responsible for design reviews, comprehensive technical supports and coordination of multi-discipline groups for mega project 2. Participate in technical discussions with clients & suppliers 3. Participate in interface coordination with vendors & sub-contractors 4. Perform engineering tasks related to project sites efficient and accurate 5.","real_estate_construction","high"
"534","checkatrade","ashby","20","Operations Associate (Checkatrade Express) | Sales Associate | Account Executive | Customer Service Advisor (Trade Support ) | Product Manager","As our next SEO Lead , you’ll play a key role in helping us build the UK’s go-to home improvement marketplace. Organic search is one of our most important growth channels, and this role sits right at the heart of it. Reporting into the Head of SEO, you’ll be a critical partner in shaping our SEO strategy - not just executing it - working across technical, content, and off-site authority while help","tech_software_internet","high"
"535","classdojo","ashby","20","Senior Growth Engineer | 0→1 Product Leader | Senior Full-Stack Engineer | Revenue Product Lead | Monetization Growth Product Manager","ClassDojo's goal is to give every child on Earth an education they love. We started by building a powerful network for communication. ClassDojo’s flagship app is the #1 communication app connecting K-12 teachers, children, and families globally. Teachers use it to share what’s happening throughout the day through photos, videos, and messages that make parents feel like they’re there. It’s actively","education_k12","high"
"536","crash-champions","linkedin","20","Parts Manager | Body Helper (C) | Service Advisor | Customer Service Rep | Customer Service Representative","Champions Do More At Crash Champions, We Believe the Difference is Trust. Crash Champions is the one of the fastest growing and most exciting brands in the collision repair industry. The company is the largest founder-led multi-shop operator (MSO) of high-quality collision repair service in the U.S., serving customers and business partners at more than 600 state-of-the-art repair centers in 36 sta","automotive","high"
"537","crowdstrike","linkedin","20","Customer Value Manager - Public Sector (Remote) | Sr. Business System Analyst – Consumer Application Integration (Remote) | Sr. Security Researcher - XDR/NGSIEM (Remote) | Director, Engineering - Cloud Security Runtime Protection (Remote) | Sr. Engineer, Cloud - Platform (Remote)","#WeAreCrowdStrike and our mission is to stop breaches. As a global leader in cybersecurity, our team changed the game. Since our inception, our market leading cloud-native platform has offered unparalleled protection against the most sophisticated cyberattacks. We work on large scale distributed systems, processing over 1 trillion events a day with a petabyte of RAM deployed in our Cassandra clust","tech_software_internet","high"
"538","cruxclimate","ashby","20","Senior Manager, Tax Investor Coverage | Build Your Role | AI Product Engineer | Managing Director, Industry Coverage & Debt Advisory | GTM Engineer","We’re financing the future of energy Crux is the capital platform for the clean economy. We modernize capital raising and deployment for clean energy and critical infrastructure with solutions across advisory, investments, technology, and intelligence. Our team of 100+ is composed of experts in energy, tax, finance, government, and technology. We have raised $77 million in capital from some of the","finance_fintech","high"
"539","doctrine","lever","20","Account Executive | Account Executive - Germany 🇩🇪 | Account Executive - Italy 🇮🇹 | Account Executive - Small avocats | Account Executive Italy","Our Mission ⚖️ Since 2016, Doctrine has been committed to a major democratic challenge: making the law more accessible. We are the first AI-powered legal platform that helps lawyers and legal professionals free themselves from repetitive, time-consuming tasks so they can focus on what truly matters—at every stage of their work: whether it’s understanding a case, conducting legal research, or draft","tech_software_internet","high"
"540","dsv-global-transport-and-logistics","linkedin","20","Freight Forwarder, Air Export | USA - Team Lead, Warehouse | Receptionist | Administrative Specialist | Senior Project Manager, Implementations","DSV - Global transport and logistics In 1976, ten independent hauliers joined forces and founded DSV in Denmark. Since then, DSV has evolved to become the world's 3rd largest supplier of global solutions within transport and logistics. Today, we add value to our customers' entire supply chain by transporting, storing, packaging, re-packaging, processing and clearing all types of goods. We work eve","transportation_logistics","high"
"541","dynaciate-engineering-sdn-bhd","jobstreet","20","Project Engineer (Mechanical & Piping) | Assistant Accounts Manager | Construction Superintendent | Production Engineer | Tender Executive","[Category: Construction / Planning & Scheduling] Qualifications & experience Diploma/Degree of Civil Engineering or Mechanical Engineering Familiar with Microsoft Project, Primavera, Microsoft Excel At least 3-5 years working experience in construction field Mandarin speaker is advantage Willing to work at Pasir Gudang area Tasks & responsibilities To develop comprehensive project plans that outli","real_estate_construction","medium"
"542","edmentum","greenhouse","20","Customer Success Manager | Customer Support Specialist | Partnership Manager, Field - (Arizona) | Partnership Manager, Field - Hybrid (California) | Partnership Manager, Field (New Mexico/Utah)","WHO WE ARE Edmentum is a dynamic educator and student-focused company dedicated to tech-enabled learning solutions. Our goal is to ensure that all students have access to flexible learning environments and educators have the tools they need to support their students. We are on a mission to create innovative, proven learning technology, partnering with educators to ignite student potential. We are ","education_k12","high"
"543","electrasteel","greenhouse","20","Associate Director, Manufacturing | Buyer II | Controls Engineer III | Director - Capital Projects Procurement & Contracts | Director of Co-Mineral Sales","Who we are:&nbsp; &nbsp; We're transforming one of the world’s oldest industries with cutting-edge technology and an innovative approach. Backed by top-tier investors and recognized by Time as one of the ""best Inventions of 2024"" and Fast Company as one of 2024's ""Next Big Things in Tech"", Electra is scaling rapidly and we're looking for bold, driven individuals to help us reshape the future of ir","manufacturing","high"
"544","eliyan","lever","20","Architecture - I/O Architect | CAD - Staff AMS CAD Engineer | DFT - Staff DFT Engineer | Digital - ASIC Design Automation Engineer | Digital - Digital Design Engineer (title will reflect experience)","Join the leading chiplet startup! As an Eliyan Sr Staff / Principal Physical Design Engineer, you will be working at a fast-paced early-stage startup creating technologies that fuel tomorrow’s chiplet based systems with best-in-class power, area, manufacturability, and design flexibility. You will drive the development of cutting-edge ASICs from RTL to GDSII. You will work with a cross-functional ","tech_hardware_semiconductors","high"
"545","epsilon","linkedin","20","Senior ELK Admin | Sales Account Executive | Media Planner | Dealer Territory Sales Consultant | Director, Marketing Automation & Operations","Job Description Summary Epsilon Analytics partners with both internal and external clients, and data providers, leveraging various analytics to drive strategic thought and effective decision making. The Data Analyst is responsible for conducting data analyses using SQL and other tools in support of a variety of analytic solutions. Roles & Responsibilities Collaborate with internal/external stakeho","consulting_professional_services","high"
"546","equator-engineering-sdn-bhd","jobstreet","20","GENERAL CLERK | Admin Assistant | GENERAL WORKER / HELPER / SEMI SKILL | PLANNING ENGINEER | ELECTRICAL SUPERVISOR","[Category: Engineering / Management] Description Construction painters paint the interior and exterior of buildings and other structures. They may use standard latex based paints or specialised paints for decorative effect or protective properties. Building painters are skilled in using brushes, paint rollers and paint sprayers for different applications. Company Equator Engineering Sdn. Bhd. (EES","real_estate_construction","medium"
"547","fampay","lever","20","Architect (10+ Years) | Data Engineer - SDE 1 | Head of IT Compliance - Infosec & Product Regulations | IT Manager | People Operations Manager","About Fam (previously FamPay) Fam is India’s first payments app for everyone above 11. FamApp helps make online and offline payments through UPI and FamCard. We are on a mission to raise a new, financially aware generation, and drive 250 million+ young users in India to kickstart their financial journey super early in their life. We’re reimagining how the next generation experiences fintech—going ","finance_fintech","high"
"548","fieldnation","lever","20","Assistant Program Manager, Talent Delivery | Business Development Specialist (Night Shift) | Jr. Insurance Claims Associate (Night Shift) | Manager, Customer Success | Marketing Services - Brand Specialist","Who we are: Field Nation brings companies and service professionals together through an integrated, easy-to-use platform. We support businesses looking to grow their service offerings while also empowering technicians to leverage their skills on their own terms. Our mission is to help the service delivery industry do great work, and we live that mission by doing great work for the companies and se","tech_software_internet","high"
"549","foresea-technologies","lever","20","Account Executive - Spain, Barcelona | Account Executive Key Account (AE KA) - France | Business Developer (BDR) France | Business Developer (BDR) Intern - Stage de fin d'étude | Business Development Representative (BDR) US - New York","Notre mission : Co-piloter la supply chain de nos clients vers des solutions plus intelligentes et plus durables OVRSEA est un transitaire multimodal de nouvelle génération, engagé à simplifier et optimiser la gestion du fret international grâce à la technologie. OVRSEA offre à ses clients une expertise métier et une visibilité de bout en bout pour répondre à leurs besoins par voie maritime, aérie","tech_software_internet","medium"
"550","franklin-fitch","linkedin","20","GRC Analyst | Information Technology Manager | Desktop Support Specialist | Infrastructure Lead | Director of Information Technology","We are partnered with an international law firm to hire a hands-on IT Lead for the firms' largest office in California. The successful Lead IT Specialist will have strong technical experience providing support within a professional services environment, and a track record of providing leadership and mentorship to more junior members of the team. What skills are we looking for?At least 5 years of t","consulting_professional_services","high"
"551","fuzehealth","greenhouse","20","Accountant - Fuze Services | Data Engineer | Fullstack Software Engineer (Short Term Assignment) - FuzeRx | Graduate Software Engineer - Fuze Services | Laboratory Assistant - Fuze Services","At Fuze Health, we put patients first and tirelessly address the most pressing needs in healthcare. We empower millions to digitally connect with care providers, essential health resources and needed treatments – and enable care providers, employers, health plans and life sciences companies to meaningfully enhance quality, outcomes and value. We are dedicated to helping our partners evolve and mod","healthcare_provider","medium"
"552","generalatlantic","greenhouse","20","Analyst, Mexico | Associate, Capital Solutions - Actis | Associate, Capital Solutions - Private Wealth Client Coverage | Associate, Compensation & Analytics | Associate, Life Sciences","About General Atlantic General Atlantic is a leading global investor with more than four and a half decades of experience providing capital and strategic support for over 830 companies throughout its history. Established in 1980, General Atlantic continues to be a dedicated partner to visionary founders and investors seeking to build dynamic businesses and create long term value. Guided by the con","finance_banking","high"
"553","golden-nugget-las-vegas","linkedin","20","Guest Svcs Rep-Hotel | Houseperson I-550743 | Hotel Inspector-550252 | Slot Technician | GNL Guest Room Attendant I-550734","Overview Golden Nugget Lake Charles is a luxury casino-resort that opened in December 2014. The property contains nearly 1,100 well-appointed hotel rooms and suites with private balconies available. It sports an eighteen-hole championship golf course, a private beach and marina, and a luxurious pool complex with private cabanas, a waterslide and lazy river. Patrons enjoy a 2000-seat entertainment ","hospitality_food_service","high"
"554","goodamerican","lever","20","Associate Product Developer - Denim | Century City - Sales Associate | Concept Designer | CRM (Email and SMS) Specialist | Customer Experience (CX) & Customer Service Manager","Good American is the first fully inclusive fashion brand that celebrates all dimensions of female power. Offering quality, style, and substance in every size — 00-32, we are committed to challenging industry norms by empowering all women to feel sexy and confident no matter their size or shape. The brand was launched in October 2016, by Emma Grede and Khloé Kardashian, to empower all women to cele","consumer_brands","high"
"555","guan-chong-cocoa-manufacturer-sdn-bhd","jobstreet","20","Group Finance Manager | Purchasing / Store Executive | HR Manager | ASSISTANT ACCOUNTANT | Finance Executive","[Category: Accounting / Taxation] Job Description Oversee tax and transfer pricing affair of the Group and subsidiaries Review provisional tax computations for quarterly group reporting and for tax estimates Provide advice on direct, indirect and withholding tax, ensure compliance with prevailing tax rules and regulations Manage tax and transfer pricing audit Provide advice on related party transa","agriculture_food_production","high"
"556","hophr","lever","20","AI/ML Engineer | Analytics Solutions Lead, Pharma | Applied Data Scientist | Associate Director, Engineering & Quality | Data Scientist","If you're a builder with a passion for AI, a global semiconductor company wants you on our SoC AI team as a Staff Engineer focused on agentic models. We're redefining how autonomous systems interact with the real world, and we need creative minds who thrive in rapid-paced, mission-driven environments. Here, you'll gain unique experience integrating AI models with both software and hardware, learni","consulting_professional_services","medium"
"557","ilia","greenhouse","20","Data Engineer | Especialista Salesforce Data Cloud | JR Desenvolvimento Back-end (Java) | Líder de Projetos | PL Agile Coach","Aqui na ília nossas vagas estão sempre abertas para todas as pessoas e não se restringem quanto a gênero, etnia, orientação sexual, fatores sociais, condições físicas ou intelectuais (PCD) etc. Incentivamos a candidatura de integrantes de todos os grupos minoritários! Sobre a ília Somos especialistas em tecnologia, dados e design, impulsionando a transformação digital de grandes players do mercado","consumer_brands","low"
"558","inceed","linkedin","20","Sr. Financial Reporting Accountant | Telecom Technician | Business Analyst | Quality Assurance Application Administrator | End User Support Technician","Compensation: $36.00 - $43.00/Hr Location: Houston, TX Financial Field Analyst Inceed has partnered with a great company to help find a skilled Financial Field Analyst to join their team! This person will be providing support to multiple operations and capital organizations by delivering cost object training, conducting preventative analytics, implementing corrective actions for cost object errors","consulting_professional_services","high"
"559","instead","greenhouse","20","Director of Data and Analytics | Director of DevOps | Director of People Operations | Director of Talent Acquisition | Executive Assistant","About Instead Instead is a tax platform designed to help taxpayers and tax professionals collaborate to save money on taxes. As the first company in decades to receive IRS approvals to E-file 1040, 1041, 1120, 1120S, and 1065 — we're re-inventing a complex category. Founded in 2023, Instead combines LLMs with tax law to make tax management a continuous, proactive process rather than a dreaded annu","tech_software_internet","low"
"560","integration-international-inc","linkedin","20","Financial Planning Analysis/Sr. Mgr | Financial Analyst | Receptionist | Financial Controller | Recruiter","Job Title: Call Center Lead/ Customer service lead/ Call Center ManagerDuration: 06 Months (Temp to Perm)Client: Stewart titleJob Location: 1555 West Walnut Hill Lane #200 Irving Texas 75038 Position Responsibilities:1. Review work and monitor phone calls for CSR's assigned to team. (Ensure work is accurate and that proper policies and procedures were followed and meet compliance, GLBA and FCRA gu","consulting_professional_services","high"
"561","intepros","linkedin","20","Billing Analyst | Associate Consultant (50-75% Travel) | Accountant | Senior Salesforce Developer | Angular Developer","Compensation Range: $81.00 per hour Welcome to IntePros, a certified woman-owned company specializing in innovative and results-oriented recruiting and staffing solutions. We take immense pride in genuinely understanding what drives and inspires exceptional individuals like you. Your success is our priority, and we are dedicated to actively shaping your long-term career journey. At IntePros, we be","consulting_professional_services","high"
"562","international-rescue-committee","linkedin","20","Social Media Content Creator | Caseworker | Advisor Workplace Relations | Social Adjustment Services Data Specialist | Strategy & Operations Manager","The International Rescue Committee (IRC) responds to the world’s worst humanitarian crises, helping to restore health, safety, education, economic wellbeing, and power to people devastated by conflict and disaster. Founded in 1933 at the call of Albert Einstein, the IRC is one of the world's largest international humanitarian non-governmental organizations (INGO), at work in more than 40 countries","nonprofit","high"
"563","isj-technology-sdn-bhd","jobstreet","20","Operations Executive | Clients Support (Product) | Service Desk Support (24/7 Rotational Shift) | L1 Helpdesk Support Engineer | Mathematician","[Category: Information & Communication Technology / Business/Systems Analysts] Business Analyst will be responsible for analyzing business processes, identifying areas for improvement, and providing actionable insights to drive strategic decision-making within the organization. Responsibilities: Analyze business processes, systems, and workflows to identify inefficiencies and areas for improvement","consulting_professional_services","high"
"564","job-juncture","linkedin","20","Mechanical Design Engineer | Accountant - Manufacturing - Plant | Office Assistant - Hospice | Regional Quality Assurance Manager | Patient Access Manager","Job Description Athletic Trainer - New Grads in Sports Medicine/Athletic Training Welcome.Seeking a New York State Certified Athletic Trainer.Competitive Compensation, based on experience.Excellent Benefits PackageDirect HireFull-timeLocation: Elmira, NY (New York State Beautiful Finger Lakes Region)A passionate and dedicated Certified Athletic Trainer is sought by a dynamic team.If you're ready t","consulting_professional_services","high"
"565","kalepa","greenhouse","20","Director of Engineering - Core Product (New York) | Director of Engineering - Core Product (USA) | Director of Talent Acquisition | Enterprise Account Executive (USA) | Enterprise Client Success Manager (Chicago)","About Kalepa: Insurance is a $7T global industry built on professional labor: underwriting, claims, pricing, operations, and distribution. Kalepa is building AI that can perform that work. We create professional-grade AI systems for insurers: software that can read, reason, decide, and act inside real workflows and operate over long-time horizons. Kalepa begins by augmenting professionals with the","finance_insurance","high"
"566","kelly","linkedin","20","11084 - Commercial Staffing Sales Account Executive - Cincinnati, OH | 11039 - Commercial Sales Account Executive I - Louisville, KY | 10982 - Commercial Sales Account Executive- Florence, KY | Marketing Analyst | 11280 - Onsite Contract Recruiting Assistant (Professional & Industrial) Florenc","Kelly is hiring for a Corporate Recruiter opportunity in Bedford, MA! Contract position, 6+ monthsUp to $50/hrFull time hours, Monday-FridayOnsite position SUMMARYPosts open positions via the company website and external job boardsSources for a variety of roles using different resources including LinkedIn Recruiter, internal applicant tracking system, Indeed, and referralsDevelop pipeline of candi","consulting_professional_services","high"
"567","kepler","lever","20","Director of Product - Platform, Payload & Services | Director of Sales - Europe | Director of Sales – US Commercial Space | Embedded Software Development Manager | Embedded Software Test Automation Designer","At Kepler Communications, we're not just imagining the future of on-demand space connectivity - we're leading it! Our mission is to provide real-time Internet access for space-based assets, enabling a new era of data-driven exploration and innovation. With 33 satellites launched to date, Kepler operates the first commercial optical data relay constellation, enabling real-time, continuous space com","defense_aerospace","high"
"568","kering-south-east-asia-pte-ltd","jobstreet","20","KERING Assistant Manager O2C | Intern | KERING Assistant - O2C | KERING Assistant Manager O2C | Accountant","[Category: Marketing & Communications / Marketing Communications] Summary Kering Eyewear is the world leader in Luxury and Hi-End Eyewear (Frames & Sunglasses), developing a unique ‘ensemble’ of powerful brands. We design, develop, manufacture and market to customers and consumers, the most desirable frames and sunglasses in two fast growing segments: Luxury and Sport & Lifestyle. Through our indu","consumer_brands","high"
"569","kgroupcompanies","lever","20","Account Executive – Physical Security Solutions, Indiana Territory | Account Executive – Physical Security Solutions, Ohio Territory | Account Executive (IT Solutions) | Account Executive (Physical Security) | Field Service Technician I (West Michigan)","Help Desk Agent The Help Desk role at K Group is a pivotal position responsible for efficiently coordinating and resolving technical issues reported by customers. As a crucial point of contact, you will interact with customers and our technical teams, ensuring prompt and effective problem resolution. Responsibilities · Customer Interaction: Promptly respond to customer issues and inquiries, provid","consulting_professional_services","high"
"570","koalafi","greenhouse","20","Director of Risk Operations | E-Commerce Inside Account Executive | Fraud Investigator | Frontend Lead Engineer | Fullstack Engineer","At Koalafi, we believe in a world where no one has to put an important purchase on hold. That’s why we’re making it easier for more people to pay for big purchases over time. Retailers across the country rely on us to offer flexible lease-to-own financing to their non-prime consumers, while increasing sales and strengthening customer loyalty. Their 2M+ customers love us because we provide a flexib","finance_fintech","high"
"571","kobie","lever","20","Data Engineer | Decision Science Analyst | Director, Client Services | Director, Product | Director, Technology Delivery","Join our India Tech Hub ‚Äì Be among the first hires! Kobie, a 35-year veteran of the loyalty industry, a multi-year Forrester Leader, and USA Top Workplace is expanding its global footprint by establishing a Tech Hub in India. Kobie partners with global brands to build deep connections with their customers through personalized, data-driven loyalty experiences and has a mission of growing enterpri","tech_software_internet","high"
"572","konovo","greenhouse","20","Business Intelligence Analyst | Data Processing Specialist | Director, EU Partnerships & Panel Growth | Life Sciences Programming Team Lead | Market Research Analyst and Data Insights","Konovo is a global healthcare intelligence company on a mission to transform research through technology- enabling faster, better, connected insights. &nbsp; Konovo provides healthcare&nbsp; organizations &nbsp;with access to over 2 million healthcare professionals &nbsp;-&nbsp; the largest network of its kind globally. With a workforce of over&nbsp; 3 00 employees across 5 countries: India, Bosni","consulting_professional_services","high"
"573","l3harris-technologies","linkedin","20","Intern - Structures & Dynamics 1 | Inspector - Level 2 Radiographic NDT / NDE (2nd Shift) 1 | Simulation Technical Artist and 3D Modeler | Sr. Spec., Space Intelligence Analyst (Springfield) | Lead, Systems Engineer - Military Displays Division","Job Title: Cyber/IT/Network Plan Engineers Job Code: 10504 Job Location: All Locations Job Description: L3Harris is seeking Cyber/IT/Network Plan Engineers for our Space & Airborne Systems (SAS) Segment. The SAS Segment provides mission solutions for space and airborne domains with defense, intelligence, and commercial applications. If you are interested in exploring permanent full-time IT/Cyber c","defense_aerospace","high"
"574","lcbcchurch","lever","20","Central Associate Worship Leader | Clarks Summit Production Technician | Clarks Summit Worship Leader | DEVELUP Campus Leadership Program (2027) | DEVELUP Production Program (2027)","The Digital team exists to serve LCBC’s Ministries by developing technology solutions that help support and move our mission forward while creating visually engaging and effective digital experiences that provide value to our Attendees. The Product Designer is responsible for creating innovative and effective design solutions for LCBC's digital channels including: Websites, micro-sites, Mobile App","nonprofit","high"
"575","lenovo","linkedin","20","Global Account Sales Executive, Data Center - Midwest Region | Sr Sales Account Executive | AI Solution and Performance Engineer | AI Business Development Manager | Lenovo Financial Services Sales Executive (North America)","[Category: Accounting / Analysis & Reporting] Why Work at Lenovo We are Lenovo. We do what we say. We own what we do. We WOW our customers. Lenovo is a US$62 billion revenue global technology powerhouse, ranked #171 in the Fortune Global 500, employing 77,000 people around the world, and serving millions of customers every day in 180 markets. Focused on a bold vision to deliver smarter technology ","tech_hardware_semiconductors","high"
"576","lgads","ashby","20","AI Engineer, Generative AI Agents | Senior Software Engineer II - Data Engineering and Platform | Sr. Platform & Infrastructure Engineer | Backend Software Engineer (C++, Golang) | Senior Software Engineer I (Fullstack)","LG Ad Solutions is a global leader in connected TV (CTV) and cross-screen advertising. We pride ourselves on delivering state-of-the-art advertising solutions that integrate seamlessly with today's ever-evolving digital media landscape. The Opportunity: As a Product Manager at LG Ad Solutions, you will play a pivotal role in defining and driving the strategy, roadmap, and execution of our Ad Tech ","tech_software_internet","high"
"577","losangelesfootballclub","greenhouse","20","Academy Coach & Head of Pro Player Pathway | Analyst, Business and Data Strategy | Assistant Manager, Safety & Security | Coordinator, Merchandise | Coordinator, Partnership Success","OVERVIEW The Los Angeles Football Club (LAFC) is an MLS soccer club serving the greater Los Angeles area. LAFC is dedicated to building a world-class soccer club that represents the diversity of Los Angeles and is committed to delivering an unrivaled experience for fans. LAFC’s ownership group is comprised of local leaders and innovators of industry with intellectual capital, financial prowess, op","media_entertainment","high"
"578","lumimeds","greenhouse","20","AI-First Graphic Designer | Copywriter (US Telehealth/DTC focus) | Creative Director | Data Analyst | Graphic Designer (AI-Native)","About LumiMeds LumiMeds is a fast-growing U.S.-based telehealth startup focused on weight management and long-term metabolic health. We are building the next generation of e-commerce and clinical infrastructure from the ground up. As an early-stage company, we move quickly, operate with limited layers, and expect high ownership from every team member. There is no bureaucracy here — decisions happe","healthcare_provider","high"
"579","magnolia","greenhouse","20","Accounting & Finance - Senior Financial Analyst | Associate Product Developer | Digital Marketing Specialist | Director of Realty Franchise | Experience Team Host","SUMMARY At Magnolia, the Facilities Crew is responsible for assisting in the maintenance of facilities-related equipment, machinery, and buildings and assisting with the management of the Facilities team. This position works from various Magnolia locations in Waco, Texas. It reports to the Facilities Manager and has no supervisory responsibilities.&nbsp;&nbsp;&nbsp; &nbsp;&nbsp; ESSENTIAL DUTIES A","media_entertainment","medium"
"580","marketaxesscorporation","greenhouse","20","Analyst, Accounts Receivable | Associate Sales Relationship Manager | Associate, Trading Operations, Settlements | Head of Data & Analytics Product | Head of Sales, Southern Europe","About Us &nbsp; MarketAxess is on a journey to digitally transform one of the world’s largest financial markets, enabling the shift from analog, phone-based trading to a fully electronic marketplace. Why does this matter? Because our platform makes trading fixed-income more accessible, ultimately improving transparency, efficiency, and competition in the marketplace. Changing the way an establishe","finance_fintech","high"
"581","mesh","greenhouse","20","AI Operations Lead | Cloud Security Engineer | Engineering Manager | Head of Corporate Development | Head of Strategic Accounts","Hello friends and friends we haven't met yet!! We are looking to meet a local and experienced Growth Marketer to join a stellar team of humans on a mission to make healthy habits/ lifestyles accessible for all through A.I. What a cool thing to bring to the world, yeah? We are so grateful to get to work with them 💜 An ideal human for this role would bring 5-7 years of industry work, high-growth b2b","tech_software_internet","medium"
"582","metalcraft-of-mayville-inc","linkedin","20","Technical / Field Service Technician - Dallas, TX | Machinist - 2nd & 3rd shifts (West Bend) | Tool & Die Technician - 2nd Shift (Mayville) | Tool & Die Maker (Beaver Dam) | Brake Press Operator - Fall River","Metalcraft of Mayville Metalcraft of Mayville is an Equal Opportunity Employer:Minorities/females/veterans/individuals with disabilities/sexual orientation/gender identity Territory Sales Manager US-WI-Mayville Job ID: 2024-3552 Type: Regular Full-Time # of Openings: 5 Category: Sales Scag Power Equipment Overview We are seeking a self-starter interested in a career in field sales. Specifically, s","manufacturing","high"
"583","mettel","greenhouse","20","Account Executive - Inside Sales | Business Development Representative | Customer Service Agent | Cybersecurity Engineer | Data Entry","MetTel is a global communications solutions provider with the most complete suite of fully managed services that focus on secure connectivity, and network and mobility services. We simplify communications and networking for business and government agencies. Our customers include many of the Fortune 500, and Gartner recognizes us as an industry leader. We have the broadest portfolio of technology a","telecommunications","high"
"584","movableink","greenhouse","20","Client Experience Associate | Deal Desk Analyst | Front End Developer, Client Solutions | Lead Backend Developer | Lead Site Reliability Engineer","Movable Ink scales content personalization for marketers through data-activated content generation and AI decisioning. The world’s most innovative brands rely on Movable Ink to maximize revenue, simplify workflow and boost marketing agility. Headquartered in New York City with close to 600 employees, Movable Ink serves its global client base with operations throughout North America, Central Americ","tech_software_internet","high"
"585","mullerinc","greenhouse","20","Crew Leader, Erosion Control | Crew Leader - Site Work | Crew Leader - Wet Utility, Richmond Area | Earthwork Manager | Equipment Operator - Dry Utility","Title: Safety Officer Type: Full time, exempt Location: Manassas, VA Reports To: Assistant Director, Field Operations Muller is a full-service Site Work Contractor based in Northern Virginia. Our unique technology and systems-driven approach has led us to become a leading provider of sustainable civil construction services throughout Maryland, Virginia, and DC. &nbsp; Disclaimer: The following des","real_estate_construction","high"
"586","new-hoong-fatt-auto-supplies-sdn-bhd","jobstreet","20","Assistant Finance Manager | Warehouse Supervisor | Position | Meister Program | Sales Coordinator Executive","[Category: Banking & Financial Services / Treasury] Job Responsibilities: Responsible for group's treasury related matters. To structure funding requirements for the group. Maintain good relationship and reputation with bankers. Continuously improve on banking processes and optimizing returns on bank balances. Develop and maintain a set of SOPs for team and colleagues to ensure Control objectives ","automotive","high"
"587","newfront","ashby","20","Senior Client Manager - Major Market | Retirement Services Account Executive | Client Manager - Major Market | Account Coordinator - Emerging Risk | Client Representative - Major Market","Newfront (a WTW company) embraces a flexible work environment and supports employees working remotely, hybrid, or in-office. You'll join a team creating agentic services that invisibly handle the routine insurance work that consumes 80% of brokers' time, freeing them to focus on high-stakes strategy and relationship building. We're deploying autonomous systems that act as placement agents, fractio","finance_insurance","high"
"588","northwestern-mutual","linkedin","20","Financial Advisor | Financial Planning Consultant (Licensing, Training and Mentorship Provided) | Recruiter | Financial Advisor Launch Program | Financial Representative","Job DescriptionThis role is responsible for all recruitment efforts of the Matthew Bennett’s Team. The process ofsourcing, recruiting, and selecting financial representatives is conducted and continuously improved by this individual. He or she has primary responsibility in the office to build high-level quality relationships in the community and to promote the Northwestern Mutual career, generate ","finance_insurance","high"
"589","oceancare-corporation-sdn-bhd","jobstreet","20","Contract Admin Executive/ Contract Admin Assistant | Field Electrical Engineer | Admin Assistant | Field Electrical & Instrument Engineer | Senior Business Development & Tender Executive","[Category: Engineering / Electrical/Electronic Engineering] Description -Based in Lutong Miri -Holds Vocational School Certificate in Electrical Engineering or certificate in Electrical Engineering from City Guids London Institute -Holds a certificate of competency as a Wireman Grade 1 in accordance with the electricity rules 1999 of electricity ordinance -age between 25 to 55 Company Oceancare Co","energy_utilities","medium"
"590","otc-cosmetic-industries-sdn-bhd","jobstreet","20","Purchasing Assistant | Planner Controller | Production Supervisor | 配制工艺工程师Process Engineer | Factory Manager 工厂厂长","[Category: Manufacturing, Transport & Logistics / Production, Planning & Scheduling] Requirements 需求 Candidate must possess at least a SPM or Diploma in relevant field.候选人必须至少具有相关领域的SPM或文凭 One year or more relevant warehouse management experience.一年或以上相关仓库管理经验 Required language - English, Bahasa Malaysia on written and spoken. 语言 - 英语、马来语书面和口语表达 Relevant warehouse management experience.相关仓库管理经验 Fa","consumer_brands","high"
"591","paretocaptiveservicesllc","greenhouse","20","Account Manager | Account Manager - Delaware/Maryland/Virginia | Account Manager - Utah/Colorado | Art Director | Director, Growth Strategy","We’re in this for the greater good at ParetoHealth. Our mission is collective greatness, nothing less will do. Our team is a single force united in the drive to transform employee health benefits. The company was founded in 2011 to help small and medium-sized businesses fight the rising cost of employee health benefits. We blazed the trail with financing innovations that reduce the risks in self-i","finance_insurance","high"
"592","payugpo","lever","20","Compliance Officer | Compliance Specialist | Customer Service Specialist (fluent Czech & English speaker) | Customer Service Specialist (fluent Romanian & English speaker) | Customer Service Specialist (Polish speaker)","About PayU PayU, a leading payment and Fintech company in 50+ high-growth markets throughout Asia, Central and Eastern Europe, Latin America, the Middle East and Africa, part of Prosus group, one of the largest technology investors in the world is redefining the way people buy and sell online for our 300.000+ merchants and millions of consumers. As a leading online payment service provider, we dep","finance_fintech","high"
"593","perdana-parkcity-sdn-bhd","jobstreet","20","Clerk-Of-Works (Based in Kuching) | Senior Clerk-Of-Works (Based in Hulu Langat) | Assistant, Accounts | Executive Sales Administration | Assistant Finance Manager","[Category: Marketing & Communications / Management] Job Purpose Overseeing ParkCity's marketing planning and strategies, understanding market trends and developments , and developing product sales strategies. Key Responsibilities Marketing Strategy Development and Implementation: Lead the planning, development, and execution of ParkCity’s marketing strategies for both external and internal audienc","real_estate_construction","high"
"594","pfizer","linkedin","20","Enterprise XM Oncology Lead | Automation Engineer | Real Estate Asset Management Lead (Americas) | Principal Scientist, ADC Chemistry | VELSIPITY HCP Marketing Senior Manager","Why Patients Need You Pfizer’s purpose is to deliver breakthroughs that change patients’ lives. Research and Development is at the heart of fulfilling Pfizer’s purpose as we work to translate advanced science and technologies into the therapies and vaccines that matter most. Whether you are in the discovery sciences, ensuring drug safety and efficacy or supporting clinical trials, you will apply c","healthcare_pharma_biotech","high"
"595","pop-up-talent","linkedin","20","Electrician Apprentice | Outside Sales, New York Metropolitan Area | District Manager | Deli Manager | Matter Expert","Deli ManagerChicago, ILDepartment: Delicatessen Angelo Caputo’s Fresh Markets is a family-owned and operated specialty grocer located in the suburbs of Chicago. We are a people-oriented company that strives to meet the needs of our local community wherever they may be. Whether we’re providing jobs, or sourcing specialty imports you can’t find anywhere else, Caputo’s is a company that goes above an","consulting_professional_services","high"
"596","pragmatike","ashby","20","CUDA Kernel Engineer (Remote US) | Principal ML Ops Engineer | Founding Recruiter (tech freelance) | AI Engineer | Senior Engineer (Multicloud)","Location: Fully remote (EMEA timezone) Start date: ASAP Languages: Fluent English required Industry: AI Infrastructure / Cloud / European Deep-Tech SaaS About the Role Pragmatike is recruiting on behalf of a European deep-tech company building AI-native cloud services and distributed AI infrastructure . Their platform delivers managed inference, LLM-as-a-Service, enterprise RAG solutions, and cust","consulting_professional_services","high"
"597","pricesenz","linkedin","20","Business Analyst III | Project Manager I | Sr./Staff WiFi MAC Software Engineer | Treasury Associate | Chief AI Officer / SBU Head","We're seeking a passionate General Dentist to join our team and provide exceptional care to clients. This position offers the chance to make a real impact in the Jacksonville community, using your expertise to deliver comprehensive dental services “Job Title: General Dentist Location: Jacksonville, FL Responsibilities:Provide comprehensive dental services including examination, diagnosis, treatmen","consulting_professional_services","high"
"598","pyka","lever","20","Aircraft Maintenance Manager (Brazil only) | Aircraft Maintenance Technician (Brazil only) | Electrical Engineer | Electrical Engineering Intern - Fall 2026 | Embedded Software Engineer","About Pyka Pyka’s goal is to provide society with a new form of safe, clean, and cost-effective transportation enabled by autonomous electric aviation. To get there, we’re taking a different approach than most. We're applying our technologies to every industry where autonomous electric aircraft can be useful, starting with the highest value and most dangerous jobs. In doing so, we're building game","defense_aerospace","high"
"599","q1-technologies-inc","linkedin","20","Salesforce Technical Architect | Python Developer with AI/ML | Citrix Administrator | Citrix Admin | ETL Informatica Developer","• Experience working as a Project/Delivery Manager in complex programmes • Technical knowledge of major Cloud Service Providers, at least one of GCP, AWS, Microsoft Azure. Hands on engineering experience is also desirable. • Knowledge of Agile project delivery with demonstrable experience, ideally with domain knowledge of any of, cybersecurity, machine lea ing or big data. • Experience managing Cl","consulting_professional_services","high"
"600","radiansys-inc","linkedin","20","Data Migration Expert - Teamcenter | Technical writer Remote | Redis Administrator Remote | Data Architect Onsite/Somerville, MA | Data Architect(Azure Service Fabric) Onsite","Hi We are looking for IT - Business Analyst Leader(Electric distribution work management) RemoteContract W2 only can share your resume at pkumar@radiansys.com Requisition ID: PCGJP00002614 Requisition Title: IT - Business Analyst Leader(Electric distribution work management) RemoteContract W2 onlyLocation: Oakland, CADescription: ***OPEN TO LOCAL AND NON LOCAL CANDIDATES*** TOP THINGS:-experience ","consulting_professional_services","high"
"601","redfin-technologies-sdn-bhd","jobstreet","20","Software Engineer I / II (Backend) | Product Manager | Software Engineer (Backend) | Software Engineer (Frontend) | Backend Developer, Golang","[Category: Information & Communication Technology / Developers/Programmers] Position: Senior AI Software Engineer Seeking a passionate individual in AI chatbot development, ensure code quality, optimize performance, and collaborate cross-functionally. 5+ years' experience in Java, Go, etc. Duties/Responsibilities: Cross-Functional Collaboration: Lead and work with cross-functional teams in product","tech_software_internet","medium"
"602","reframesystems","ashby","20","Dream Job | CAD Modeler | Construction Integration Engineer (DFMA) - Offsite Modular Construction | Head of Supply Chain | Software Engineer - Full Stack/Backend","About Us Reframe Systems is on a mission to build net-zero carbon housing for all, at massive scale. To achieve our mission, we need to make net-zero carbon housing more affordable and we are re-imagining how housing is designed and built. Our modular building platform and highly-automated production system will drive down cost, delivery time, and embodied carbon for ADUs and multifamily housing. ","real_estate_construction","high"
"603","rightwayhealthcare","greenhouse","20","Analytics Engineer | Client Implementation Manager | Client Success Operations Manager | Clinical Guide, Population Health RN | Contract Senior Recruiter","ABOUT THE ROLE: We are seeking a dynamic and experienced Senior Client Success Manager to join our Pharmacy Benefit Management (PBM) team. The successful candidate will be responsible for managing key client relationships, taking a consultative approach to account management, ensuring the delivery of high-quality pharmacy benefits, and driving client satisfaction. This role requires a deep underst","healthcare_provider","high"
"604","sana-roles","ashby","20","GTM Associate | GTM Manager (Account Executive) | Design Engineer | Future Opportunities | Frontend Engineer","About Sana Sana is an AI lab building superintelligence for work. We believe organizations can accomplish their missions faster when teams can effortlessly access knowledge, automate repetitive work, and learn anything with the help of agentic AI. As part of Workday, we are committed to building AI that augments people. If that’s a mission that excites you, you’re in the right place. Who you will ","tech_software_internet","low"
"605","schrdinger","greenhouse","20","Account Manager, Material Science, Japan | Applications Scientist, Materials Science, Japan | Computational Chemist, Senior Scientist II / Principal Scientist I | Computational Materials Scientist, Modeling Services | Global Portfolio Leader - Small Molecule Modeling","We’re seeking a Solutions Architect to join us in our mission to revolutionize the discovery of therapeutics and materials. As a member of our Enterprise Informatics team, you’ll work directly with top-tier customers, scientists, and developers to deploy, configure, and tune the company's high-end suite of molecular modeling and enterprise informatics applications and related systems. The key focu","healthcare_pharma_biotech","high"
"606","sent","ashby","20","Create Your Own | VP of Finance | Recruiter | Growth Advisor, Startups | Partnerships Lead","About Sent Sent is building the messaging infrastructure that powers how businesses communicate with their customers. We provide a unified API for SMS, WhatsApp, iMessage, and RCS, making it simple for developers to reach people on any channel. We've raised $5.1M in seed funding backed by Companyon Ventures, Bessemer Venture Partners, UIF, and CEAS Investments, and we're scaling fast. This is the ","other","low"
"607","sira-consulting-an-inc-5000-company","linkedin","20","Healthcare sales | Snowflake DBA | Data Migration Expert (US Citizen only) | Manufacturing Engineering Technician | Hardware Designer Generalist","Excellent domain knowledge of Android enterprise, bulk enrolment tools like Google Zero touch and/or Samsung Knox Mobile Enrolment, EMM/MDM solutions & a basic understanding of Android OSExperience with enrolling and managing Android devices with at least 1 EMM solution like VMware workspace One/Intune/Ivanti/SOTI etcCandidates should be able to apply broad technical knowledge of Pixel device and ","consulting_professional_services","high"
"608","skilledwoundcare","greenhouse","20","Authorizations Coordinator | Business Development Manager | Case Manager | Experienced or New Wound Care Physician careers in Arlington, VA | Healthcare Inside Sales Representative","As an experienced or new physician to wound care you’ll manage your patient outcomes based on your clinical expertise and direction. At Skilled Wound Care, you are a valued member of a close-knit team, making a real difference in the lives of patients with chronic wounds.&nbsp; We're a leading national wound care physician group in Wayne, NJ seeking motivated and driven Surgeons of all backgrounds","healthcare_provider","high"
"609","srm","greenhouse","20","Analyst, Cyber Threat Intelligence | Arabic-speaking Due Diligence Interviewer | Associate (Forensics Lead), Incident Response | Attack Surface Management Analyst | Case Manager - Investment Migration","S-RM is&nbsp;recruiting&nbsp;a&nbsp;Senior DevOps&nbsp;Engineer&nbsp;to play a key role in&nbsp;the development and maintenance of products for our Corporate Intelligence&nbsp;team. &nbsp; &nbsp; WHO ARE WE &nbsp; S-RM is a global intelligence and cyber security consultancy. Since 2005,&nbsp;we’ve&nbsp;helped companies, governments and private individuals solve some of their most complex challenge","consulting_professional_services","high"
"610","srs-distribution-inc","linkedin","20","Warehouse Associate | Loader - Roof Top | Local CDL A or CDL B Driver | Loader / Helper | Manager, IT Support Services","We provide teamwork, support and autonomy to our sales team. You can develop your territory, build lasting business relationships and earn a base pay with uncapped commissions and more. In our industry, we sell to repeat customers (mostly contractors and builders), which will allow you to use your relationship selling skills to build a large pipeline of business, leading to your steady and increas","real_estate_construction","high"
"611","sunshinesachs","lever","20","Account Director, Entertainment & Events PR | Account Director, Issue Advocacy & Social Impact | Account Director, Talent & Entertainment | Account Executive | Account Executive, Social & Cultural Strategy - Content (Film/Television/Streami","Sunshine Sachs Morgan & Lylis is a leading global communications agency built to navigate the complexities of a hyper-connected world. We represent the icons and innovators shaping culture—from global heritage corporations and high-growth tech startups to the non-profits, creative legends, and visionary founders who define the global discourse. Our expertise spans the full cultural spectrum. We op","consulting_professional_services","high"
"612","super-food-specialists-m-sdn-bhd","jobstreet","20","Project Engineer (E&A) | HR Payroll Executive (3 months contract) | Material & Ingredients Planner | Project Engineer | Production Intern","[Category: Trades & Services / Security Services] Designing, testing and configuring for new security server Creating Network Architecture Drawing and differentiate between OT and IT Lead to monitor remote access connection Able to create and keep track of network/automation inventory Network/automation equipment asset management Maintaining on production SCADA Planning for improvement projects fo","agriculture_food_production","high"
"613","syw.com","lever","20","Pay Your Way - Credit as a Service: Head of Sales, Magento Platform | Pay Your Way -Credit as a Service: Analyst, Sales Operations | Pay Your Way -Credit as a Service: Sales Enablement Lead | Shop Your Way - Android Developer | Shop Your Way - Business Analyst","Do you consider yourself an innovator, a builder, a game-changer? Do you have what it takes to transform the payments, loyalty, and commerce space? Do you want to help develop and scale truly “never been done before” services and technologies? If yes, then we want to hear from you at Shop Your Way SYW Overview Shop Your Way (“SYW”) is a high-growth FinTech and e-Commerce enablement platform that l","finance_fintech","high"
"614","tbg-the-bachrach-group","linkedin","20","Corporate Legal Counsel | Corporate Paralegal | Paralegal | Associate Attorney | Legal Administrative Coordinator","A client of ours in the Architecture industry is seeking a Project Accountant to join their team. The ideal candidate has 2+ years of experience, preferably in the Architecture industry. Please apply if this role interests you, the client is looking to move quickly!!! Responsibilities: Manage the entire financial project life cycle.Coordinate with Project Managers (PMs) the set-up of projects in o","consulting_professional_services","high"
"615","tebra","greenhouse","20","Account Executive, Customer Growth | Billing Support Specialist | Channel Manager | Chief of Staff | Director, Customer Success Operations","Tebra only initiates contact with candidates via email from an official Tebra email address (@ tebra.com , @ patientpop.com , or @ kareo.com ) or through our applicant tracking system, Greenhouse.&nbsp;We will only ask you to provide sensitive personal information through our official application portal — not via social media or text message. We do not conduct interviews via instant messaging. Abo","tech_software_internet","high"
"616","tempo-io","ashby","20","Product Lead, Capacity & Resource Optimization | GTM Engineer | FP&A Product Lead, Financial Planning Platform | Senior Backend Developer (Cloud) | Account Executive","With over 30,000 customers, including a third of Fortune 500 companies, Tempo is trusted by organizations across the globe to make their workflows work better. We create a suite of integrated solutions for time management, resource planning, budget management, roadmapping, program management, reporting and more. We create the tech that enables the modern team to deliver – for every step from first","tech_software_internet","high"
"617","testendouble","greenhouse","20","Business Commercial Intern (from May 2026) | Business Developer Eficiencia Energética (CAEs) | Carbon Markets Specialist | Chargé.e de production CEE | Commercial Director/Country Manager","&nbsp; Your Role in Our Story:&nbsp; In essence, your role involves: Executing ACT’s global innovation strategy regionally, tailoring it to market needs and opportunities &nbsp; Driving both incremental and disruptive innovation initiatives that create measurable commercial and strategic impact &nbsp; Managing projects end-to-end — from ideation through go-to-market strategy and implementation — e","consulting_professional_services","medium"
"618","thepeoplebrand","lever","20","Apparel Product Developer | Chief Operating Officer (COO) | Contract Recruiter | Controller | Creative Director","POSITION DESCRIPTION Title & Reporting Relationships Position Title: UX/UI Manager Reports to: GM eCommerce & Digital Marketing Department: Digital Oversees: None Interactions: Creative, Production, Ecom/Digital, Customer Service Main Purpose and Major Challenges of the Role Own and elevate the end-to-end digital customer experience, balancing conversion performance, brand experience, and scalabil","other","low"
"619","tmk-chemical-bhd","jobstreet","20","Internal Audit Executive / Senior Executive | HR Manager | Internship for Logistics / Business Administration Students | Senior Sales / Sales Engineer (Chemical Engineering) - Based in Ara Damansara | Safety Supervisor (Port Klang)","[Category: Administration & Office Support / PA, EA & Secretarial] RESPONSIBILITIES: To undertake full spectrum of in-house company secretarial duties as well as company formation and dissolution for the Group. To organize, coordinate, prepare reports and documents for Board Meetings including organizing meetings, booking of venue, taking and producing minutes of meetings, preparation of agenda an","manufacturing","high"
"620","traba","ashby","20","General Application | Senior Software Engineer (Generalist) | Director of Strategy & Bizops | Software Engineer (Generalist) | Staff Software Engineer (Generalist)","Traba is the AI operating layer for the industrial supply chain. We started in workforce—temp staffing, the biggest operational pain point for the manufacturing and logistics customers we serve—and used it to embed ourselves inside their daily operations and create a far better customer experience through technology. Now those same customers are pulling us beyond staffing into the broader operatio","tech_software_internet","high"
"621","tradeify","ashby","20","Marketing Data Engineering Lead | Email Marketer | Trader Support Specialist - Futures | Senior FP&A Analyst | Live Streaming Host (Crypto Trading)","About Tradeify Tradeify is a fast-growing futures prop trading company. We run a performance-driven B2C growth engine across paid and organic channels and we are building additional products and sister brands. Our next phase requires transforming our live trading content into premium short-form, medium-form, and long-form video across vertical and horizontal formats to scale our organic reach and ","finance_banking","high"
"622","umojabiopharma","greenhouse","20","Associate Clinical Trial Manager | Associate Director, Clinical and Statistical Programming | Bioprocessing Associate I, Drug Product | Bioprocessing Associate II, Drug Product | Bioprocessing Specialist, Drug Product","Umoja Biopharma is an industry-leading biotech with locations in Seattle, WA and Louisville, CO, focused on transforming the treatment of cancer with a novel integrated immunotherapy platform. Our vision is to develop off-the-shelf therapies capable of treating any tumor, any time. We are a diverse and growing team working in brand-new facilities in downtown Seattle, Washington and Louisville, Col","healthcare_pharma_biotech","high"
"623","unisontech-consulting-sdn-bhd","jobstreet","20","Java Support and Development | Data Analyst | Data Scientist | System Analyst | Production Support","[Category: Information & Communication Technology / Business/Systems Analysts] Description 1.You will be responsible for designing and implementing Murex Datamart Reporting solutions. 2. You will analyse client requirements, develop technical designs, and provide expert guidance and support throughout the implementation lifecycle. 3.Advanced proficiency in Murex Datamart Reporting is required, wit","consulting_professional_services","high"
"624","upside","ashby","20","Staff Full Stack Engineer, GTM Systems | Principal Product Marketing Manager, Product Commercialization | Engineering Manager - Data Engineering | Senior HR Business Partner | Senior GTM Systems Administrator","Meet Upside: We created Upside to transform brick-and-mortar commerce. Our technology uses the sophistication of online retail—profit measurement, attribution, and incrementality—to provide users with more value on their everyday purchases and brick-and-mortar businesses with new, profitable customers. We’ve helped millions of users earn 2 to 3 times more cashback than any other product, and hundr","tech_software_internet","high"
"625","v-s-industry-berhad","jobstreet","20","Production Supervisor | Sourcing Asst Manager | MIS Officer | Costing Officer | Process Engineer","[Category: Manufacturing, Transport & Logistics / Purchasing, Procurement & Inventory] Job Requirements: Candidate must possess at least a Diploma, Degree in Business Administrative, Supply Chain, Procurement Management or any equivalent. Preferable 2 year(s) of working experience in this field for this position. Fresh Graduate welcome to apply. Candidate must be able to work at Senai, Johor area.","manufacturing","high"
"626","vec","greenhouse","20","Certified Surgical Technologist - CST required, No evenings, no weekends, no cal | Clinic Aide - we will train! M-F | Cornea Ophthalmologist Opportunity – Norfolk, VA (Coastal Virginia) | Front Desk - Full benefits, no weekends, 401k matching! | Front Desk - Medical Office - Full benefits, no weekends, paid local travel","Virginia Eye Consultants is adding an Optometrist to our busy, well-established group of ophthalmologists, working collaboratively to provide multi-specialty services to the Hampton Roads area and surrounding communities. Our optometrists play an important role in the community by coordinating care while maintaining excellent relationships with all medical care team partners, both inside and outsi","healthcare_provider","high"
"627","verisign","greenhouse","20","Attorney II - In house | Corporate Procurement Buyer II | Data Engineer | Director and Senior Corporate Counsel | Director of Identity and Access Management Engineering","Verisign helps enable the security, stability, and resiliency of the internet. We are a trusted provider of internet infrastructure services for the networked world and deliver unmatched performance in domain name system (DNS) services.&nbsp; We are a mission focused, values driven company where each individual can contribute to building a stronger, more secure internet.&nbsp; We offer a dynamic a","tech_software_internet","high"
"628","vinda-group-sea","jobstreet","20","Account Payable Executive | Manager, IT Management & Service Desk | IT Business Analyst (Supply Chain) | Receptionist | Finance Controlling Executive (Product Supply)","[Category: Sales / Account & Relationship Management] Position Summary The Key Account Executive is responsible for executing sales and marketing plans in an assigned geography, product line, market segment or list of customer accounts according to company sales policy by working together as a team with group of product consultants and merchandisers. Key Channel: Chain Pharmacy (Big, Alpro and AA ","consumer_brands","high"
"629","viskou-technology-sdn-bhd","jobstreet","20","Human Resource Executive (Puchong/JB) | Technical Engineer (Puchong/KK/JB)(Fresh Grad/Experienced) | Finance Assistant (JB/Puchong) | Sales Admin Assistant 销售行政助理 (Puchong/JB/Penang) | Procurement Executive","[Category: Manufacturing, Transport & Logistics / Purchasing, Procurement & Inventory] Responsibility: · Process day-to-day sourcing, purchasing and inventory planning activities.with focus on reducing cost or minimize price increase without compromising quality and compliance to sourcing guidelines. · Coordinate with vendors to ensure on-time delivery of products. · Co-ordinate with Finance depar","consulting_professional_services","medium"
"630","wangsa-delima-sdn-bhd","jobstreet","20","Plumber | Environmental Officer | Quality Officer | Customer Care Executive | Public Relations Officer","[Category: Engineering / Supervisors] Description Job description 1) To supervise the day to day operations of the building in accordance with policies, procedures and standing orders issued by the Facility Manager/Management 2) To supervise and maintain the operations of all electrical installations including operation of the standby generator and air-conditioning systems in the building in accor","real_estate_construction","medium"
"631","warisan-tc-holdings-bhd","jobstreet","20","IT BUSINESS ANALYST (GOVERNANCE) | Group Risk Management Manager | Finance & Administration Officer | Finance & Administration Internship | Sales Executive - Johor","[Category: Marketing & Communications / Marketing Communications] Job Responsibilities To assist the Head of Marketing in implementing the company’s annual marketing plan. Responsible in managing marketing and branding for selected brands / products and work closely with Advertising Agency, Product Planning, Sales Planning, Suppliers and etc. to develop a 360 marketing communication strategy plan ","other","low"
"632","wecaredailyclinicscareers","greenhouse","20","Care Navigator | Certified Medical Assistant - North Seattle | Certified Medical Assistant - Site Rotation | Certified Peer Support Specialist - Mobile Clinic | Certified Peer Support Specialist - North Seattle","Job Title : Care Navigator Location : Auburn Clinic Reports to : Member Experience Manager Pay: $28/hour.&nbsp; About We Care Daily Clinics: Join Our Mission! &nbsp; We Care Daily Clinics (WCDC) is a warm, welcoming, and modern facility that provides treatment for addiction in a person-centered environment located in Auburn. WCDC seeks to renew hope and purpose for those battling opioid use by rem","healthcare_provider","high"
"633","weights_and_biases","greenhouse","20","AI Customer Support Engineer, Tier I - W&B EMEA | AI Customer Support Engineer, Tier I - Weights & Biases | AI Engineer Researcher - Weights & Biases | Customer Support Engineer - Tier 3 - Weights & Biases | Director of Product Management, W&B Weave (AI Agents & Evaluation Platform)- W&B","CoreWeave, the AI Hyperscaler™, acquired Weights &amp; Biases to create the most powerful end-to-end platform to develop, deploy, and iterate AI faster. Since 2017, CoreWeave has operated a growing footprint of data centers covering every region of the US and across Europe, and was ranked as one of the TIME100 most influential companies of 2024. By bringing together CoreWeave’s industry-leading cl","tech_software_internet","high"
"634","winamax","lever","20","Agentes de Atención al Cliente para España (H/M) | Chargé de Relation Clients (H/F) | Chargé de validation de comptes (H/F) | Community Manager de Poker - Portugal (H/M) - Based in Paris | Customer Support Officer (M/F/D) - German Speaking - Based in Paris","Basés en plein cœur de Paris, nous faisons bouger l’industrie des jeux en ligne. Leader du poker et des paris sportifs en France avec 350 000 joueurs et 600 000 parieurs mensuels, nous sommes présents en Espagne, en Allemagne et bientôt en Italie et au Portugal. Nous offrons à nos joueurs une expérience exceptionnelle, à la fois technique, créative et qualitative. Innovation, unité et appartenance","gaming","high"
"635","winrock","greenhouse","20","Accountant – Audit Manager (WEECAP) | Associate Director, Development, Institutional Giving | Chief of Party, USDA-Funded Food for Progress | COMMUNICATION OFFICER (Weecap Senegal) | Director, US Agriculture","&nbsp; POSITION TITLE: Project Director LOCATION: Jakarta or Makassar, Indonesia REPORTS TO: Portfolio Director, Human Rights Winrock International is a nonprofit organization that works with people in the United States and around the world to empower the disadvantaged, increase economic opportunity, and sustain natural resources. Winrock has a long work history of addressing environmental, econom","nonprofit","high"
"636","wmg","lever","20",".NET Software Engineer | Associate IT Support Analyst | Data Scientist | Enterprise Systems Engineer | Forward Deployed Engineer, Data & AI","At Warner Music Group, we’re a global collective of music makers and music lovers, tech innovators and inspired entrepreneurs, game-changing creatives and passionate team members. Here, we turn dreams into stardom and audiences into fans. We are guided by three core values that underpin everything we do across all our diverse businesses: • Curiosity: We do our best work when we’re immersing oursel","media_entertainment","high"
"637","workwize","greenhouse","20","Account Executive (English-speaking) | Account Executive (SaaS, Medior) | AI Product Manager | Business Development Representative DACH | Catalog and Listing Specialist","Please&nbsp;apply&nbsp;only&nbsp;if&nbsp;you&nbsp;are&nbsp;located&nbsp;within&nbsp;a&nbsp;maximum&nbsp;of&nbsp;3&nbsp;hours&nbsp;time&nbsp;difference&nbsp;from&nbsp;the&nbsp;Netherlands&nbsp;(CET).&nbsp;Applications&nbsp;outside&nbsp;this&nbsp;range&nbsp;will&nbsp;not&nbsp;be&nbsp;considered. Please&nbsp;note,&nbsp;we&nbsp;don’t&nbsp;offer&nbsp;relocation&nbsp;for&nbsp;this&nbsp;position. At Work","tech_software_internet","high"
"638","worley","linkedin","20","Project Control Manager | Overhead Door Tech - (Rotational Schedule) – Prudhoe Bay, AK | Welder Helper - (Construction) - Anchorage Fab Shop, AK | Ironworker | Pipefitter Foreperson","Building on our past. Ready for the future Worley is a global professional services company of energy, chemicals and resources experts headquartered in Australia. Right now, we’re bridging two worlds as we accelerate to more sustainable energy sources, while helping our customers provide the energy, chemicals and resources that society needs now. We partner with our customers to deliver projects a","consulting_professional_services","high"
"639","xepelin","lever","20","Account Executive Pyme | Analista de cobranza | Analista de Conciliaciones | BizOps & Strategy Associate | Brand Design Associate","🚀 ¿Por qué trabajar en Xepelin? Xepelin está transformando las finanzas empresariales en Latinoamérica con una suite de productos que automatizan la gestión financiera y facilitan el acceso a liquidez. Con el objetivo de convertirse en el CFO digital de todo negocio, ha desarrollado tecnología financiera que impacta en todo el ecosistema empresarial. Gracias a la data obtenida por la interacción d","finance_fintech","high"
"640","xylem","linkedin","20","Supplier Quality Process Engineer | Crew Chief | Customer Experience Specialist | Quality Engineer - Incoming Product | Applications Engineer (Pumps)","Description We’re Hiring a Crew Chief! If you are excited and passionate about helping #LetsSolveWater, consider joining our team today! Xylem, Inc. is a leading global water technology company servicing more than 150 countries and is dedicated to solving the world’s most challenging water issues. We are looking for individuals to join our mission by exceeding customer expectations through smart s","manufacturing","high"
"641","ztek-consulting","linkedin","20","OneStream Consultant | Graphic Designer | Application reviewer | Desktop Support Specialist | MySQL Architect","Hello , Hope you are doing great !! Please have a look at the job description below and let me know your interest. Job Title: Commodity ManagerLocation: Atlanta, GA 30354Duration: 12 MonthsClient: $$$$$$$$$$$Pay Rate: $62 per Hour on w2 + Benefits. JOB QUALIFICATIONS:• Bachelor’s degree in business, Supply Chain Management, Finance, or other closely related field strongly preferred but not require","consulting_professional_services","high"
"642","abercrombie-fitch-co","linkedin","19","Abercrombie & Fitch - Brand Representative, Christiana | Abercrombie & Fitch - Assistant Manager, Christiana | Abercrombie & Fitch - Key Holder, Christiana | Abercrombie & Fitch - Assistant Manager, Somerset North | IT Service Desk Specialist","Company Description Job Description Merchandising is the central function setting the course for our brands’ product; the hub of the wheel that ensures all teams are moving in the right direction to deliver a beautiful, compelling and profitable assortment. Working hand-in-hand with our design, visual, and planning teams, merchants are the bridge between the strategy and creative direction of thei","retail_ecommerce","high"
"643","acl-digital","linkedin","19","Quality Assurance Specialist | Engineer/Cell Culture | Receptionist | Microservice / Cloud Architecture | Senior Dotnet Developer","Title:: Software Engineer – Senior (Okta Identity Engineer)Location:: San Diego, CA (San Diego, CA (Hybrid, onsite a few times a month or as needed)Type of Hire:: Contract (w2) Job Description:The client is searching for a highly competent and experienced candidate who has exceptional skills in migrating applications to SAML2.0 or OIDC authentication (using Okta as IDaaS). The ideal candidate is f","consulting_professional_services","high"
"644","acuren","linkedin","19","NDT Assistant - Entry Level, Rapid Growth | District Manager | NDT Level II Technician II - Duluth, MN | NDT Level II Technician in the New Orleans Area! | NDT Specialist - Eddy Current","Acuren is currently recruiting for a API 510/570. Responsibilities At the direction of client, perform visual and non-destructive examination of static and dynamic pressure retaining equipment in accordance with American Petroleum Institute (API) standards and the American Society of Mechanical Engineers (ASME) Submit to client technically accurate reports documenting equipment condition Provide c","consulting_professional_services","high"
"645","adm","linkedin","19","Process Engineer - East Plant - Decatur, IL | TVP Shift Supervisor (6P-6A) – Decatur East Plant, IL | Grain Grader – Marston, MO | Sr. Digital Marketing Manager - Chicago, IL or Oakbrook, IL | Global Director, Digital Marketing - Remote","Value Stream Lead - Decatur, IL This is a full-time, exempt level position. Job Summary The goal of the Value Stream Management team is to support improvement of Business Process Management across the enterprise and drive performance improvement within Global Technology and across IT programs. To accomplish this goal, we are focused on: a) improving visibility to current state performance, b) appl","agriculture_food_production","high"
"646","aimic-inc","linkedin","19","Litigation Paralegal | Administrative Assistant | Legal Assistant | Architectural Intern | Administrative Specialist","Job Title: Microbiologist Antibiotic Resistance Team - 731879Location : 550 W 16th St Ste B Marion County, Indianapolis, IN 46202Pay Rate: $31.14/ HourDuration : 8+ MonthsAgency Interview Type: Phone and in-personNote : This is a 8+ -month assignment with a High probability of extension if performance is satisfactory.JOB DESCRIPTION: This position is part of the Indiana Department of Health Labora","consulting_professional_services","high"
"647","ajccanada","lever","19","Associé(e) à la vente au détail | Baker | Boulanger(e) | Cook | Cuisinier/aide-cuisinier","Les serveurs au comptoir sont responsables de la préparation et du service des aliments, ainsi que du nettoyage et de l'agencement des tables de travail et des outils de la cuisine. Ils chauffent et terminent la cuisson d'aliments simples, servent les clients aux comptoirs alimentaires et effectuent diverses autres activités pour aider les travailleurs qui préparent ou servent des aliments et des ","hospitality_food_service","high"
"648","ajulia-executive-search","linkedin","19","Senior Staff Accountant | Class A CDL Truck Driver | Manufacturing Engineer | Controller | Quality System Manager","Clinical Manager - Behavioral Health Services - Inpatient UnitTiming : 8am – 4:30pm ResponsibilitiesSupports the Nursing Director in performing routine and complex activities that support department operations. The primary functions of the position include clinical and operational oversight of the social work, crisis services and program staff. The Manager ensures all clinical services provided me","consulting_professional_services","high"
"649","allarahealth","ashby","19","1099 Telemedicine Nurse Practitioner | Flexible Schedule | 1099 Telemedicine Gynecologist | Flexible Schedule | 1099 Telemedicine Endocrinologist | Flexible Schedule | Staff Software Engineer | 1099 Telemedicine Gynecologist | Fridays & Weekends","Allara is a comprehensive women’s health provider that specializes in expert, longitudinal care that supports women through every life stage. Trusted by over 60,000 women nationwide, Allara makes expert healthcare accessible by connecting patients with multidisciplinary care teams that have a deep understanding of hormonal, metabolic, and reproductive care. Allara provides ongoing support for horm","healthcare_provider","high"
"650","alpacahealth","ashby","19","Physician Liaison | Referral Partnerships Manager | Customer Success Manager | General Interest | Content & Community Marketing Manager","📌 About Alpaca Health Alpaca Health enables clinicians to become entrepreneurs, starting in autism care. We help clinicians launch and scale their own clinics by providing AI-powered software, payer contracting, and full back-office infrastructure. Our goal is simple: shift power in healthcare away from large consolidated entities and back to clinicians. We've raised over $14M in funding from earl","healthcare_provider","medium"
"651","array","greenhouse","19","Account Executive | Account Executive, Partnerships | Account Manager | Channel Manager, Digital Banking Partners | Chief of Staff","Array is a financial innovation platform that helps digital brands, financial institutions, and fintechs get compelling consumer products to market faster. We deliver a suite of credit and identity monitoring tools, privacy protection, and a financial ads marketplace via embeddable widgets or a clean, modern API.&nbsp; Our private label offerings help drive revenue and increase engagement for our ","finance_fintech","high"
"652","arundellodge","lever","19","Assistant Senior Program Manager | Bay Ridge Program Manager | Billing Specialist Lead | Care Coordinator - Senior Program Monday - Friday 6am to 2pm with rotating weeke | Care Coordinator - Senior Program- Monday-Friday 2 PM - 10 PM with rotating week","Arundel Lodge is a non-profit organization that works toward a world where behavioral health disorders are not a limit to achieving a meaningful life in the community. We envision being an essential member of a community network that helps prevent behavioral health disorders and provides the care and support people need to lead healthy, productive lives. What is Supported Employment? A partnership","nonprofit","high"
"653","aspora","ashby","19","Senior iOS Engineer | Staff Engineer | Product Manager | Treasury Operations or Treasury Operator | FX Trader","About Aspora People on the move deserve a bank that moves with them. Since 2022, Aspora has been building a borderless financial operating system that makes money as mobile and transparent as its users. Backed by influential venture capitalists like Sequoia Capital, Greylock Partners, Hummingbird Ventures, Y Combinator & Global Founders Capital. We're a team of 150+ across India, the UK, the UAE, ","finance_fintech","high"
"654","atbayjobs","greenhouse","19","Actuarial Manager, Pricing | Actuary / Senior Actuary | Actuary / Senior Actuary (Remote) | AVP, Cyber Underwriter (Retail) | Business Development Representative","&nbsp; Actuary / Senior Actuary, Pricing DRIVE PROFITABLE GROWTH FOR THE BUSINESS &nbsp; About At-Bay &nbsp; At-Bay is the world’s first InsurSec provider designed from the ground up to help businesses tackle cyber risk head on. By combining industry-leading insurance with world-class cybersecurity technology, At-Bay offers end-to-end prevention and protection for the digital age. With 98% of cybe","finance_insurance","high"
"655","atlantic-group","linkedin","19","Assistant Controller- Hedge Fund | Front Desk Receptionist | Senior Manager, Accounting | Senior Finance Associate | Accounts Payable Specialist","Role: Senior Tax AnalystFirm: High-Net-Worth Individual Tax Consulting FirmLocation: FiDi, ManhattanHybrid: 3 days in the office and 2 days working from home Responsibilities• Prepare and review federal and state tax returns for high-net-worth individuals with a concentration in NYS and NJ resident filings• Prepare and review federal and state tax returns for partnerships, subchapter S, trusts, gi","consulting_professional_services","high"
"656","bettyjobboard","greenhouse","19","Accounts Payable | Betty CA | AML Operations Expert | Betty CA | Back-end Software Engineer | Compliance Expert (Responsible Gaming) | Betty CA | CRM Manager | Betty CA","&nbsp; About Us: Betty is an innovative entertainment company pioneering at the intersection of real-money online casinos and casual mobile gaming. Betty Canada is a scale up company accredited by the Alcohol and Gaming Commission of Ontario (AGCO) as a B2C operator in February 2023, we've set a new standard in the industry. Our mission is to redefine the online casino experience by offering a uni","gaming","high"
"657","bp-global-business-service-centre-asia","jobstreet","19","Business Process Analyst (SAP FICO) | Senior Specialist, Payroll & Local Delivery (Japanese Speaker) | Statutory Reporting Manager | Power Platform Developer (Power BI/PowerApp/PowerAutomate) | Accounting, Reporting & Control SME","[Category: Legal / Generalists - In-house] We’re establishing a new Legal Solutions Team in Kuala Lumpur (KL), which will be an integral part of the Legal Function and provide defined, structured shared legal services to the bp business. The implementation of the Legal Solutions Team marks the transformation of the legal team structure and will improve the way it delivers legal services, with much","energy_utilities","high"
"658","butterflynetwork","greenhouse","19","Associate Client Success Manager | Associate Project Manager - Enterprise Implementations | Customer Engineering Program Manager - BFLY Embedded | Director, Clinical Ultrasound Operations– Home Services | Director, Value-Based Partnerships - BFLY Home & Community Care","Staff Accountant Company Description Butterfly Network, Inc. (NYSE: BFLY) is driving a digital revolution in ultrasound imaging and sensing with its proprietary Ultrasound-on-Chip™ semiconductor technology and software solutions. Butterfly first proved its technology in the point-of-care ultrasound market – commercializing the world’s first single-probe, whole-body portable ultrasound device, whic","healthcare_devices","high"
"659","byd","greenhouse","19","Business Development/Account Manager (Data Center/System Integration) | Business Operation Specialist - Bilingual Mandarin | Business Program Manager | Business Systems Analyst | Controller","The following description is not intended as an exhaustive list of all responsibilities, duties and skills required of personnel so classified. Management retains the discretion of adding or changing the duties of the position at any time. The Controller will play key roles in providing guidance for accounting, reporting and compliance/controls for Ride Group. The candidate will lead accounting te","automotive","high"
"660","campfire","ashby","19","Account Executive | Implementation Manager | Accounting Solutions Consultant - San Francisco | Create your own | Sales Development Representative","Location: San Francisco (In office 5 days a week) Campfire is building the future of enterprise finance, a modern accounting platform with the power of NetSuite and the ease of QuickBooks. Our reimagined general ledger automates revenue reporting, prepayments, and multi-entity consolidation. Our latest AI functionality, Ember AI, empowers finance teams to draft flux analysis, monthly reporting, an","tech_software_internet","high"
"661","capstone-logistics-llc","linkedin","19","Warehouse Clerk | Forklift Operator | Site Manager | Supervisor | Warehouse Associate","Job Description Shift: 2nd Shift - 3pm Start time Compensation $680 - $750 Fayetteville, TN $680-$750+/weekly 2nd Shift People want to work at Capstone because of our high-performance culture. We build strong relationships, challenge the status quo, work hard to deliver results, and pay it forward in our communities. Through transparency and open lines of communication, we do the right thing and d","transportation_logistics","high"
"662","careersinfood-com","linkedin","19","Director of Procurement | Environmental Health & Sustainability Manager | Sn Accounting Manager | Brand Manager | Territory Account Manager","Summary Reporting to the General Manager, plan, organize, manage and execute liquid egg processing operations for assigned operation. Ensure that machinery and equipment are calibrated and functioning properly. Work through supervisors to train employees on work methods and standard operating procedures. Move employees to the work to ensure efficient functioning of grading and breaking operations.","consulting_professional_services","low"
"663","charterup","greenhouse","19","Account Executive, Enterprise Events | Customer Support Specialist | Customer Support Specialist - Bilingual (English/French) | Customer Support Specialist L2 | Data Analyst","About CharterUP. CharterUP is transforming the $450+ billion group transportation and mobility market with an AI native platform that powers modern charter, shuttle, and emerging autonomous vehicle operations. Trusted by many Fortune 500 companies, CharterUP connects enterprises, institutions, and event organizers to thousands of bus operators nationwide, while increasingly serving as the operatin","transportation_logistics","high"
"664","chery-corporate-malaysia-sdn-bhd","jobstreet","19","HR Executive (Recruitment & Payroll) | Body & Paint Technician (Painter) | Parts Executive | Office Boy cum Driver | Administrative Executive - Automotive Manufacturing","[Category: Information & Communication Technology / Networks & Systems Administration] Chery Motors Since founded, Chery has always taken adhering to technology-driven strategy, creating a vehicle brand with international competitiveness and influence as its corporate vision. Relying on the constant pursuit of technological innovation, Chery has become the first passenger vehicle enterprise in Chi","automotive","high"
"665","china-state-construction-engineering-m-sdn-bhd","jobstreet","19","Site Engineer | Document Controller cum Administrative Assistant | QAQC Engineer (质量员) | Civil Project Development Engineer（技术投标人员） | ALUMINIUM FABRICATION ENGINEER","[Category: Construction / Other] RESPONSIBILITIES To source, research and identify potential vendors, plan and purchase materials according to requirements of site purchase orders. To review purchase requisitions and determine proper purchasing methods in compliance with the purchasing policies and procedures. To compare and evaluate offers from suppliers, negotiate contract terms of agreement, de","real_estate_construction","high"
"666","clarivate","jobstreet","19","IT CMDB Lead Business Process Consultant | Director, Healthcare Custom Content | Senior Strategic Account Manager | Lead Software Engineer (.NET) | Service Operations Senior IP Lead (Onboarding)","We are excited to bring on a new experienced Product Manager to join our team. You will drive the strategic growth, product vision, and continuing market leadership of our data products suite including Syndetics Unbound. You will be a critical part of an experienced, talented, fast-moving cross-departmental team to steer product innovations from concept to reality. If this sounds like an opportuni","tech_software_internet","high"
"667","coca-cola-consolidated","linkedin","19","Full Time Merchandiser | 1st Shift Warehouse Automation Lead | Merchandiser | Forklift Operator II | 1st Shift Raw Materials Coordinator","Requisition ID: 187797 Posting Locations: Little Rock Pay Range: $135.00 - $150.00 , depending on experience Rate Frequency: Daily Click here to view a Day in the Life of our Teammates! Our Secret Ingredient is our Teammates. We offer great rewards , competitive pay , career advancement and growth opportunities . Full Time Teammates are also eligible for: Paid Training Paid Time Off plus paid holi","consumer_brands","high"
"668","convergint","linkedin","19","Banking Service Technician - Physical Security - Baltimore, MD | Installation Supervisor | Project Coordinator - Bethpage, NY | Project Manager - New Orleans, LA | Banking Service Technician - Savannah, GA","Convergint is looking for a full-time, enthusiastic, results driven and forward-thinking Project Coordinator to join our amazing culture. In this role, you will provide administrative support to the local office (CTC). As a Project Coordinator, you are a part of a dynamic team that allows you to grow as Convergint grows. For information about how we use your personal information, please see our Co","consulting_professional_services","high"
"669","cube","ashby","19","Customer Data Lead | Business Development Representative | Senior Data Platform Manager | Senior Software Engineer | Application Engineer","CUBE are a global RegTech business defining and implementing the gold standard of regulatory intelligence for the financial services industry. We deliver our services through intuitive SaaS solutions, powered by AI, to simplify the complex and everchanging world of compliance for our clients. Why us? 🌍 CUBE is a globally recognized brand at the forefront of Regulatory Technology. Our industry-lead","tech_software_internet","high"
"670","cubic3","ashby","19","Senior Test Automation Engineer | Core Network Engineer II | Project Manager | DevOps Team Lead | Application Support Engineer","The Company Cubic³ provides advanced software-defined vehicle solutions to over 200 countries around the world. Our powerfully smart connectivity enables leading automotive, agriculture, and transportation OEMs to deliver innovative new services and fully compliant in-vehicle experiences that customers desire, regardless of local market requirements. We believe in leadership that supports empowerm","telecommunications","high"
"671","cybermediatechnologies","greenhouse","19","Advanced Law Enforcement Tactics Instructors | AI / Machine Learning Engineer | Business Analyst | Computer Programmer | Data Engineer","CTEC is a leading technology firm that provides modernization, digital transformation, and application development services to the U.S. Federal Government. Headquartered in McLean, VA, CTEC has over 300 team members working on mission-critical systems and projects for agencies such as the Department of Homeland Security, Internal Revenue Service, and the Office of Personnel Management. The work we","defense_aerospace","high"
"672","dal-tile-llc","linkedin","19","QUARTZ - PROCESS TECHNICIAN (NIGHTS - C SHIFT) | TILE - PRESS OPERATOR - C SHIFT | Material Handler | Warehouse Associate | STRATEGIC ACCOUNT MANAGER","Join the largest manufacturer of tile and natural stone in the United States and watch your career stand out with Dal-Tile, a subsidiary of Mohawk Industries. Our close-knit team of dedicated professionals has made us the success we are today. In exchange for their hard work, we support our people with a family-friendly work environment, a commitment to promoting from within, unique benefits that ","manufacturing","high"
"673","datasnipper.com","ashby","19","Senior Site Realiability Engineer | Business Development Representative - Japan | Account Executive | Account Manager | Solutions Engineer - Audit & Accounting","About the role We're hiring our second GTM Engineer in the Marketing team in Amsterdam, reporting to the Director of Demand Generation. A year ago, this function didn't exist at DataSnipper. Today our first GTM Engineer has built the foundation. Enrichment runs steadily. AI nurturing agents are live and lifting reply rates. Intent signals flow in from across the funnel. The function has reached a ","tech_software_internet","high"
"674","defense-finance-and-accounting-service","usajobs","19","FINANCIAL SPECIALIST | SUPERVISORY FINANCIAL SPECIALIST | IT CYBERSECURITY SPECIALIST (APPSW/INFOSEC) | ACCOUNTING TECHNICIAN (CERTIFIER) | FINANCIAL SYSTEMS ANALYST","Basic Requirement: This position has a positive education requirement. To qualify for this position you must meet one of the basic requirements described below: (1) Completion of all requirements for a bachelor's degree in accounting from an accredited college or university; or a degree in a related field such as business administration, finance, or public administration that included or was suppl","public_sector_government","high"
"675","dreamgames","lever","19","Concept Artist | Data Scientist | DevOps Engineer | Executive Assistant | Game Developer","We are looking for a passionate new grad to join our team as a Software Engineer. This is an exciting opportunity to contribute to all areas of game development, including programming graphics, game logic, and user interface using Unity. It is not required to have prior game development experience since we believe a competent software engineer can develop great things in any field. You will work e","gaming","high"
"676","endpointclinical","lever","19","AI Intern | Associate Production Support Analyst | Business Solutions Architect | Data Specialist | Data Tester","About Us: Endpoint is an interactive response technology (IRT®) systems and solutions provider that supports the life sciences industry. Since 2009, we have been working with a single vision in mind, to help sponsors and pharmaceutical companies achieve clinical trial success. Our solutions, realized through the proprietary PULSE® platform, have proven to maximize the supply chain, minimize operat","healthcare_pharma_biotech","high"
"677","equitable-advisors","linkedin","19","Financial Professional | Wealth Management Associate – Pathway to Management | Financial Advisor | Experienced Wealth Management Advisor | Financial Advisor & Consultant","With Equitable founded in 1859, Equitable Advisors is a leading firm in the financial services and insurance industry with a mission to help people build fulfilling futures grounded in our stability, innovative solutions and commitments to our clients. Equitable Advisors is seeking entrepreneurial-oriented individuals to join our team as a Financial Professional. In that role, you will:· Analyze f","finance_insurance","high"
"678","equity-lifestyle-properties-inc","linkedin","19","Maintenance - Level I | Membership Specialist - Indian Lakes | Ranger | Account Executive | Marina Dockhand","With a culture of recognition and reputation for excellence, ELS is the ideal organization in which to develop a long and successful career! ELS is hiring for the position of Membership Specialist in Cloverdale, Oregon. What You'll Do The Membership Specialist role is a unique opportunity to promote and sell memberships in the thriving industry of camping. The Membership Specialist is responsible ","real_estate_construction","high"
"679","fidelityguarantylife","greenhouse","19","Actuary, Model Validation | Associate Data Engineer | AVP, Annuity Product Development & Strategy | AVP, ORM & Onboarding | Business Systems Analyst","Job Summary The AVP, Operations Relationship Management &amp; Onboarding is responsible for developing and leading a team that cultivates, enhances, and successfully maintains strategic multi-channel distributor &amp; agency relationships for F&amp;G’s expanding distribution footprint. This role strengthens the service experience for key distribution firms and advisors by improving service resolut","finance_insurance","high"
"680","fitt","ashby","19","Head of B2B Partnerships | Customer Success Manager | Director of Retention and Lifecycle | Head of Marketing | VP of Growth Marketing","Fitt Talent Partners is a specialized recruitment firm working with top health and wellness companies. We’re filling this role for a fast-growing consumer brand redefining how people access and experience energy. The Opportunity This is an early, high-impact hire within a fast-moving team. You’ll have the opportunity to shape how the brand shows up across every touchpoint, building a cohesive and ","tech_software_internet","low"
"681","flaglerhealth","ashby","19","Medical Assistant (“Care Counselor”) | LPN / LVN - Remote Nurse (FT) | Software Engineer - Frontend (Vancouver) | Software Engineer - Frontend (NYC) | Head of Marketing","Flagler Health is building the clinical operating system for modern musculoskeletal care. We partner with MSK provider groups and specialty clinics to help them grow, operate more efficiently, and deliver better longitudinal care across patient acquisition, clinical workflows, and ongoing patient engagement. Our platform sits at the intersection of care delivery and clinic operations, helping prov","healthcare_provider","high"
"682","flatironhealth","greenhouse","19","Committee Member, Flatiron Health UK Research Oversight Committee (Contractor) | Communications & Events Associate | Communications & Events Associate (m/f/d) | Forward Deployed Software Engineer | Health and Wellness Benefits Manager (12 months Fixed Term)","We’re looking for a Software Engineer to help us accomplish our mission to improve and extend lives by learning from the experience of every person with cancer. Are you ready to be the next changemaker in cancer care? Flatiron Health is a healthtech company using data for good to power smarter care for every person with cancer, around the world. Flatiron partners with cancer centers in the US, Eur","healthcare_pharma_biotech","high"
"683","forgehealth","greenhouse","19","Clinic Director | IOP Clinician (LCMHC, LICSW, LMFT, Pre License) | Licensed Clinical Social Worker (LCSW) | Licensed Therapist | Medical Director","About us: Forge Health is a mission-driven outpatient mental health and substance use provider dedicated to providing the highest quality, affordable, and effective care to individuals, families, and communities in need. As the first and only behavioral healthcare provider with a proven, national payer-validated ability to drive clinical outcomes that span all areas of health, Forge Health is lead","healthcare_provider","high"
"684","formativgroup","greenhouse","19","Aladdin Technical Consultant | AXIS Modeling Actuary – Universal Life | Business Development Executive – Data & Analytics Solutions | Cloud Solution Architect | Collibra Data Governance Specialist","Summary The role of the experienced&nbsp;Cloud Solutions Architect&nbsp;to design, lead, and deliver secure, scalable, and cost-effective cloud solutions. This role partners closely with business stakeholders, engineering teams, and leadership to define cloud architectures that support application modernization, data platforms, and enterprise integrations across&nbsp;AWS, Azure, and/or GCP.&nbsp; ","consulting_professional_services","high"
"685","genetixbiotherapeutics","greenhouse","19","Director, Apheresis Operations | Director of Scientific Communications & Evidence Generation | Director, Regulatory Labeling and Advertising Promotion | Head of Product/Portfolio Management | Lead Specialist, QA Operations Lot Disposition","&nbsp; About Genetix Biotherapeutics At Genetix Biotherapeutics every role has meaning, every team member is respected, and every day is a chance to make a difference. When you join Genetix, you're not just landing a new role, you become part of a company that's pursuing curative gene therapies to give patients and their families more days. We are doers, thinkers and collaborators who embrace and ","healthcare_pharma_biotech","high"
"686","global-technical-talent-an-inc-5000-company","linkedin","19","Senior Business Systems Analyst | Senior Manager, LATAM and ROW Content Program | Junior Scrum Master | O&M Chiller Lead | Customer Service Representative","O&M Chiller Lead (3rd Shift) Contract Duration 6 Months Job Summary: The Facility Operations Lead is part of BOSK’s newly constructed electric vehicle battery manufacturing plant. This is a performance-based, 12-year, O&M contract providing hard services of MEP equipment within the facility, excluding the manufacturing and production equipment. The objective is to maintain a seamless environment b","consulting_professional_services","high"
"687","gm-financial","linkedin","19","VP Global Security Operations | Commercial Vehicle Account Manager (Nashville/Louisville) | Commercial Vehicle Account Manager (PA/NY) | Insurance Sales/Service Representative- Bilingual | Commercial Vehicle Account Manager (Cincinnati/Columbus)","Overview Why GM Financial Dealer Services Systems Integration? The GM Financial Dealer Services Systems Integration (DSSI) team offers several benefits and exciting reasons to join our team! Does working on exciting projects spark your interest? If so, as a DSSI team member, you will have the opportunity to work on cutting-edge technology and contribute to impactful projects. The DSSI team plays a","finance_banking","high"
"688","gravie","lever","19","Associate General Counsel - Healthcare Product and Regulatory | Clinical Operations Analyst, Medical Coding | Comfort Communications Specialist | Data Platform Architect | ICHRA Communications Specialist","Hi, we’re Gravie. Our mission is to create health benefits that actually benefit small and midsize businesses and their employees. Our innovative benefit solutions and services are developed and delivered by a diverse group of unique people. We encourage you to be your authentic self - we like you that way. A Little More About The role: We’re looking for a Sales Coordinator to partner and support ","finance_insurance","high"
"689","guild","greenhouse","19","Product Manager | AI Engineer, Production Agents | Software Engineer — Agent Control Plane | Engineer — Product & User Interface Systems | Forward Deployed Engineer (FDE)","At Guild, we believe talent is everywhere and that opportunity should be too. We continue to have our home and headquarters in Denver, but we have embraced a distributed model of working to reach the best talent in the United States. While some roles may require proximity to our Denver office, roles based outside of our Denver office can sit in any of the following 32 states: AZ, CA, CO, CT, FL, G","tech_software_internet","high"
"690","heetch","lever","19","Accountant Manager- Poste basé à Alger en CDI | Ambassadeur·rice Heetch - CDD temps partiel - JUIN | Ambassadeur·rice Heetch - Stage 2 mois | Chef d’atelier – Fleetch Côte d’Ivoire | Chef de projet – Seetch (stage)","À propos de Fleetch Fleetch est une filiale du groupe H, acteur majeur de la mobilité urbaine en Afrique. Fleetch possède une flotte de plusieurs centaines de véhicules qui sont concernés en VTC par des chauffeurs en location ou en Drive to Own (travaillé-payé). Nous possédons des véhicules Suzuki et une cinquantaine de véhicules électriques. La performance repose sur la disponibilité des véhicule","transportation_logistics","high"
"691","hexa","ashby","19","Chief of Staff | Founding AI Engineer @Panora (backed by Hexa) | Sales Executive (full cycle) - SMB | Founding Engineer | Unsolicited Application","Join Hexa as an Intern. Build the next generation of startups! Hexa started as eFounders in 2011 and has since become a leading startup studio, giving entrepreneurs the best chance to build outstanding companies. We have built over 40 companies, including Aircall, Spendesk, Front, Swan, and Yousign, with a combined valuation of $ 4.5bn . At Hexa, interns don't fetch coffee. They shape companies. ✨","finance_banking","high"
"692","impossiblecloud","lever","19","Business Development Manager – GPU and Neo-Cloud Sales | Channel Sales Manager (DACH) | Commercial High Potential Program (DACH) | Commercial High Potential Program (France) | Commercial High Potential Program (Spain)","ABOUT US: Impossible Cloud is a fast-growing B2B cloud company headquartered in Hamburg, Germany. We have built a cloud object storage solution comparable to AWS S3, purpose-built and optimised for AI and compute workloads. Our commercial hyper-growth speaks for itself, powered by our channel-first go-to-market strategy. We are now expanding beyond storage: we are building a high-performance compu","tech_software_internet","high"
"693","innovecs","greenhouse","19","Advanced Software Engineer Java | AI Solutions Architect (Freelance) | Data Solution Architect (Supply Chain, Part-Time Consultant) | Delivery Manager | Frontend Engineer (iGaming)","We are seeking an experienced and talented Senior Salesforce Developer &nbsp;to join our team! Innovecs &nbsp;is a global digital transformation tech company with a presence in the US, the UK, the EU, Israel, Australia, and Ukraine. Specializing in software solutions, the Innovecs team has experience in Supply Chain, Healthtech, Software &amp; Hightech, and Gaming. For the fifth year in a row, Inn","consulting_professional_services","high"
"694","intuitive","linkedin","19","Clinical Affairs Specialist 3 | Senior Quality Engineer | Senior Software Validation Quality Engineer | Learning Management System Product Manager | Senior Project Manager","Company Description At Intuitive, we are united behind our mission: we believe that minimally invasive care is life-enhancing care. Through ingenuity and intelligent technology, we expand the potential of physicians to heal without constraints. As a pioneer and market leader in robotic-assisted surgery, we strive to foster an inclusive and diverse team, committed to making a difference. For more t","healthcare_devices","high"
"695","jobandtalent","lever","19","DE - Senior Account Executive | ES - Go to Market Analyst | ES - Onsite Coordinator (Miralcampo) | ES - Onsite Coordinator (Tarragona) | ES - Senior Account Executive","The position: We are recruiting for an onsite coordinator to join our team at Hams Hall Birmingham for our client, a leading 3PL based at B46 1AL. Experience in either recruitment, payroll, planning or team leading position is required but full training will be provided. If you think you have the right attitude and personality just click apply. Working Hours: Monday to Friday, 8 hours a day betwee","consulting_professional_services","high"
"696","kickmaker","lever","19","AI Engineer | Chef de Projet (H/F) | Firmware Engineer | Freelance - Chef de Projet (H/F) | Freelance - Ingenieur Electronique (H/F)","Kickmaker is a high-tech product design and industrialization agency. We support our customers from prototype to production run in our main vertical markets (medical, new mobility, electrification, agrotech, robotics, IOT and consumer devices) and our cross-disciplinary skills (embedded AI, high-tech manufacturing automation, eco-design, industrial design and WEB 3.0 for the economy of functionali","consulting_professional_services","high"
"697","kin","ashby","19","Staff Software Engineer, Front-End Focus | Senior Software Engineer, Back-End Focus | Senior Manager - Content and Organic Search | Licensed Sales Manager | Staff Software Engineer","Who we are Kin makes life simpler, more affordable, and better for homeowners — especially in the places where climate risks, rising costs, and outdated systems make it harder. We start with smarter homeowners insurance and expand to everything homeowners need to thrive. Using data, technology, and thoughtful human support, we’re building products that are clear, fair, and help homeowners feel con","finance_insurance","high"
"698","kuala-lumpur-kepong-berhad-klk","jobstreet","19","IT SAP Support Executive (PP QM/ PM/ FICO) (Ipoh, Perak) | Mill Engineer (Peninsular Malaysia) | Foreman (Based in Estate) | IT SAP PP QM Support Executive (Ipoh, Perak) | IT Software Engineer (Ipoh, Perak)","[Category: Information & Communication Technology / Help Desk & IT Support] Job Responsibilities: Provide 1st level IT system support on IT software and hardware, and tracking on Service Request (""SR""). Conduct IT system training. Conduct IT Survey. Prepare IT system documentation and user guide. Helpdesk Service Ticketing maintenance. Support Operating Systems and In-house developed applications.","agriculture_food_production","high"
"699","lap","ashby","19","Area Manager - Frankfurt (m/f/d) | Store Manager (Munich) - (m/f/d) | Barista Host at LAP Coffee (Munich) - (m/f/d) | Barista Host at LAP Coffee (Berlin) - (m/f/d) | Area Manager - Cologne (m/f/d)","Our mission: We're on a mission to make the speciality coffee experience more affordable, digital, and convenient. In a world where services continue to move into the virtual world, LAP (Life Among People) is bringing back the human touch paired with the personalisation and convenience that modern consumers have gotten used to with digital business. We're a small but mighty team serving coffees ou","hospitality_food_service","high"
"700","layerhealth","greenhouse","19","Account Director | Backend Software Engineer - Platform | Clinical Informatician (Nursing Degree required) | Clinical Quality Data Abstraction Specialist - CathPCI (Contractor) | Clinical Quality Data Abstraction Specialist - GWTG (Contractor)","Layer Health was founded in 2023 by leading machine learning researchers from MIT and Harvard Medical School. We are building an AI layer that can accurately and scalably synthesize information from medical records, with the mission to reduce friction everywhere in healthcare. Our LLM-powered platform is solving chart review once and for all, across use cases. For health systems, our first product","tech_software_internet","high"
"701","layerzerolabs","greenhouse","19","Assistant Controller | Backend Engineer | Business Development Lead - Hong Kong | Business Development Lead - Japan | Business Operations Lead","Controller LayerZero The Future is Omnichain. Founded in 2021, LayerZero’s vision is to create a community of cross-chain developers, building dApps that are no longer constrained by individual blockchain capabilities. With LayerZero's simple, generic messaging protocol, builders will develop cross-chain dApps designed to unify the power of individual blockchains. We are funded by the best investo","finance_fintech","high"
"702","livinghr","ashby","19","Sales Director - Executive Search | Senior Vice President, Human Resources (Enterprise, Manufacturing) | Fractional CHRO (Contract) | HR Technology Consultant (Contract) | Recruiter (Contract)","Our client, a faith-based nonprofit supporting individuals transitioning from incarceration, is seeking a Case Manager to provide ongoing support to program participants as they re-enter society. This role focuses on building meaningful relationships, assessing individual needs, and developing personalized plans of care to guide each client’s success. The Case Manager partners with community organ","consulting_professional_services","high"
"703","lonpac-insurance-bhd-199401021735-307414-t","jobstreet","19","Java Programmer (KL, Head Office) | Manager - Information Security (KL, Head Office) | Clerk (KL, Head Office) | Java Programmer (Executive) | Information Security (Manager)","[Category: Insurance & Superannuation / Underwriting] Assist in the administration and management of the Underwriting Unit concerned which include planning, monitoring and reviewing the operational processes as well as staff performance. Responsible for the daily operations of underwriting tasks. Assist in reviewing underwriting process work flows as well as monitoring Information Technology proce","finance_insurance","high"
"704","malaysia-airports-holdings-berhad","jobstreet","19","Senior Operations Officer - Operations MASB @ Mulu (Sarawak) | Senior Technical Officer - Engineering (Airport Pavement & C&S) @ Terengganu | Senior Executive - Commercial (Business Development & Strategy - MASB/Retail) | Technician - Engineering (Airport Pavement & C&S) MASB (Langkawi & Penang) | Safety Health Officer - Client Office Penang @ Contract Basis","[Category: Real Estate & Property / Body Corporate & Facilities Management] POSITION GENERAL SUMMARY Execute and supervise the operation and maintenance works and ensuring the works done are accordingly to the specified maintenance standards, best practices and quality so as to ensure the serviceability and reliability of facilities as well as operational efficiency and cost optimization. ESSENTIA","transportation_logistics","high"
"705","motorway","ashby","19","Senior Developer Experience Security Engineer | Senior Engineering Manager - Payments | Senior SOC Analyst | Senior Product Designer | Strategic Account Management Lead","About Motorway Motorway is the UK’s fastest-growing used car marketplace - our online-only platform connects private car sellers with thousands of verified dealers nationwide, ensuring everyone gets the best deal. Founded in 2017, our award-winning, technology-led approach has redefined the experience of selling a car. Motorway is backed by some of the world’s leading technology investors, having ","automotive","high"
"706","nash","ashby","19","Anything | Full Stack Engineer | Senior Backend Engineer | Senior Enterprise Account Executive | Logistics Product Manager, NA","Client Director About This Role As a Client Director at Nash, you will help transform how the largest enterprises reimagine how they manage last-mile delivery. This is a strategic, high-impact role focused on closing complex, high-value deals and shaping how our most important customers adopt Nash’s AI-powered logistics infrastructure. You will play a crucial role on our Go-To-Market (GTM) team in","tech_software_internet","high"
"707","nisc","greenhouse","19","Apply to NISC's Application & Platform Development Division | Apply to NISC's Information Security & Technical Support Teams | Apply to NISC's Member Support Division | Apply to NISC's Product Management Division | Apply to NISC's Quality Engineering Teams","NISC develops and implements enterprise-level and customer-facing software solutions for over 960+ energy cooperatives and communication organizations across North America. Our mission is to deliver technology solutions and services that are Member-focused, quality-driven and valued-priced. We exist to serve our Members and help them serve their communities through our innovative software products","tech_software_internet","high"
"708","numerix","greenhouse","19","Business Operations Analyst | Business Operations Analyst Jr. | Corporate Counsel (UK) - 6 month contract | Customer Success Representative | Data Operations Analyst","Since our founding in 1996, we have been at the vanguard of financial technology, providing groundbreaking expertise, quantitative analytics and software that redefine pricing and risk management in the financial markets. With the strategic acquisitions of FINCAD, PolyPaths and Kynex, Numerix has further strengthened its leadership position empowering financial institutions worldwide, to transform","finance_fintech","high"
"709","opensesame","greenhouse","19","Associate Software Engineer | Brand Designer | Business Systems Administrator - (Remote - Argentina or Mexico) | Customer Success Operations Analyst | Deal Desk Analyst","About OpenSesame OpenSesame is disrupting the workforce development industry, leveraging an AI-powered marketplace of more than 50,000 skills courses, complemented by assessments, content authoring, curation, personalized learning pathways, and virtual coaching. eLearning is delivered seamlessly through existing enterprise systems and in the flow of work. More than 2,000 companies, including 150+ ","tech_software_internet","high"
"710","partssource","greenhouse","19","Account Executive, Enterprise Solutions | AI Application Engineer | Business Development Executive – Healthcare | Customer Care Coordinator | Director, Sales - Depot Services","PartsSource is the leading technology and software platform for managing mission-critical healthcare equipment . Trusted by over 5,000 US hospitals and 15,000 clinical sites, PartsSource empowers providers and service organizations to maximize clinical availability for patient care and automates the procurement of parts, services and training through a unique digital experience. PartsSource team m","tech_software_internet","high"
"711","paxos","ashby","19","Staff Security Engineer | Head of Public Policy | Senior Product Manager, Custody & Blockchain | Staff Software Engineer, Asset Movement | Senior Manager of Total Rewards & People Operations","About Paxos Today’s financial infrastructure is archaic, expensive, inefficient and risky — supporting a system that leaves out more people than it lets in. So we’re rebuilding it. We’re on a mission to open the world’s financial system to everyone by enabling the instant movement of any asset, any time, in a trustworthy way. For over a decade, we’ve built blockchain infrastructure that tokenizes,","finance_fintech","high"
"712","payscale","ashby","19","Account Executive | Mid Market | Account Executive - Mid-Market I (PH) | Account Manager I (Manila) | Demand Generation Manager, Customers | Manager, Customer Support (Manila)","About Payscale Payscale is the original compensation innovator for organizations who want to scale their business with pay and transform their largest investment into their greatest advantage. With decades of innovation in sourcing reputable data and developing AI-powered tools, Payscale delivers actionable insights that turn pay from a cost to a catalyst. Its suite of solutions — Payfactors, Mark","tech_software_internet","high"
"713","peakgames","lever","19","2D Animator | 3D Artist, Performance Marketing | Game UI Artist | Illustrator | Illustrator (New Grad)","Are you an Illustrator with a deep understanding of visual development and passionate about game art? If you want to be part of a team that is on a colorful journey, you are welcome to join us! Here, in our team, we are crafting the most enjoyable and fun games for global audiences. Behind the scenes, we have autonomous and multidisciplinary teams to work side by side to strive for quality and cre","gaming","high"
"714","penske-truck-leasing","linkedin","19","Diesel Mechanic/Technician I - Experienced | Diesel Technician/Mechanic III - Entry Level | Diesel Technician/Mechanic II | Sales and Operations Management Trainee | Truck Driver - Hiker/Vehicle Transporter/CDL - Part Time","Location: 2821 Innovative Dr. Northwood, OH 43619 Position Summary: The Penske Body Shop Supervisor is responsible for managing and motivating staff while maintaining a body shop operation. The Body Shop Supervisor will oversee the completion of tasks including but not limited to: Cab/Sheet Metal Repair, Composite Bonding/ Repair/, Heating/ Air Conditioning Systems, Surface Preparation, Fiberglass","transportation_logistics","high"
"715","persona","ashby","19","Brand Designer, Web | Software Engineer, Resilience | Software Engineer, Data Infrastructure | Senior Software Engineer, Resilience | Data Labeler (Mexico)","About Persona Persona is the configurable identity platform built for businesses in a digital-first world. Verifying individuals and organizations is harder — but more important — than ever, with AI enabling fraudsters to launch sophisticated accounts at scale and regulations evolving rapidly. We’ve built Persona to support practically every use case and industry — that’s why we’re able to serve a","tech_software_internet","high"
"716","phoenixcontact","greenhouse","19","Account Development Specialist - OEM | Associate Product Support Specialist | Distribution Center Worker - 1st Shift | Distribution Center Worker I (Employed by: Kelly Services) - 1st & 2nd Shift | Embedded Systems Engineer","Job Summary The Solution Engineer/SE serve as strategic technical consultants and project leaders, supporting Automation Solutions sales, applied system development, and project initiatives across focused vertical markets. Operating with a high level of autonomy, SEs design, implement, and support advanced solutions that integrate Phoenix Contact’s complex technical products with third-party compo","manufacturing","high"
"717","princesspolly","lever","19","3IC (Bondi Junction) | Assistant Store Manager | Assistant Store Manager (Pacific Fair) | Expressions of Interest – Princess Polly Pacific Fair (Retail Team) | Inbound Team Leader","Love being on camera, can talk about anything for hours and know how to hype up a chat? Princess Polly is looking for a confident and engaging creator to be the co-host alongside our TikTok Shop Live Presenter.! As our dedicated TikTok Shop Live Co-Host & Content Creator, you’ll be bringing the energy, showing off our latest looks, and connecting with our community in real time, 2-3 days per week ","retail_ecommerce","high"
"718","prometheusrealestategroup","greenhouse","19","Floating Leasing Consultant | Floating Maintenance Supervisor | Home Base Coordinator | Home Base Supervisor | IT Infrastructure Manager","ABOUT PROMETHEUS Founded in 1965, Prometheus is the largest privately held owner of apartments in the San Francisco Bay Area, with a portfolio of over 13,000 apartments in the Silicon Valley, Portland, and Seattle regions. We invest in real estate long-term and the focus on enduring quality drives every element of what we do - from our selection of locations to design decisions, reinvestments into","real_estate_construction","high"
"719","prosek","greenhouse","19","Account Executive | Account Executive, Digital & Integrated Marketing - UK | Account Executive, Research and Insights | Account Supervisor | Account Supervisor, Digital","Who is Prosek? We are entrepreneurial. Prosek is one of the largest independent communications and marketing firms in the U.S., with offices and strategic partners across the country and worldwide. We are specialized. Prosek provides unparalleled expertise with financial and professional services companies. We are people-centric. Our teams work together in a collegial atmosphere that breeds profes","consulting_professional_services","high"
"720","provectus","lever","19","Business Development Manager – AI / Cloud Solutions | Business Development Manager – AI/Cloud Solutions on AWS (FinTech, Insurance, He | Data/ ML Solution Architect (GenAI, AWS) | FSI Business Development Manager – AI / Cloud Solutions | Life Sciences Business Development Manager (Remote with business trips)","Provectus is a Premier AWS partner at the forefront of Artificial Intelligence solutions, empowering businesses to unlock value and accelerate their transformation via bespoke applications, managed services, and advisory engagements. With offices in North America, LATAM, and EMEA, Provectus partners with clients worldwide and is obsessed with leveraging cloud, data, and AI to reimagine the way cli","consulting_professional_services","high"
"721","prudential-financial","linkedin","19","Manager, Client Services (Virtual) | Associate Actuary | Financial Advisor | Financial Professional | Senior Financial Advisor","Take your career to the next level at Prudential Advisors! Change your life by helping others change theirs! We have an opening for a highly motivated analytical individual to join us in our Camp Hill Firm. In general, the entrepreneurial individual who successfully qualifies and is selected for this career opportunity will work within a team of Financial Advisors whose goal is to successfully hel","finance_insurance","high"
"722","qualia","greenhouse","19","Billing Operations Lead | Customer Success Manager, Mid-Market | Customer Support Representative | Director of Product Management | Engineering Manager","At Qualia, we've built the leading B2B real estate technology that transforms the home buying and selling experience into a simple, secure, and enjoyable process. Our SMB and Enterprise products bring together users from across the real estate ecosystem---homebuyers and sellers, lenders, title and escrow agents, and real estate agents---onto a single shared digital closing platform, providing grea","tech_software_internet","high"
"723","quantcast","lever","19","Account Manager | Associate HRBP | Commercial Director, South East Asia | Field Sales Development Representative | Head of Sales Operations","We are Quantcast. A global Demand Side Platform (DSP) powered by AI. Rooted in our DNA is a strong foundation of measurement and consumer analytics, enabling us to empower marketers to reach audiences and achieve measurable advertising outcomes across the Open Web. Since 2006, Quantcast has consistently set the industry standard by introducing groundbreaking initiatives such as the first measureme","tech_software_internet","high"
"724","recruit-express-pte-ltd","jobstreet","19","Graduate Trainee - Recruitment Specialist (Training Provided) | HR Recruiter Consultant (FreshGrad are welcome) | HR Recruitment Consultant (Fresh Grads are welcomed) | Client Relations & Operation Assistant (After Sales) | Fiber Network Technical Support (Fiber Sales)","[Category: Human Resources & Recruitment / Recruitment - Agency] JOIN US! BE PART OF OUR SUCCESS! From 1996 until the present, we are expanding expeditiously in growing our business in Singapore, Taiwan, Hong Kong and Kuala Lumpur in providing our services in recruitment of permanent, contract and temporary job vacancies for our clients. We are a dynamic team that values collaboration. We respect ","consulting_professional_services","high"
"725","reevo","ashby","19","Builder - Software Engineer (Staff / Sr Staff) | Builder - Senior Product Manager | Builder - Product Designer | Builder - Product Operations | Builder - Sales Development Representative (SDR)","Location: Onsite - Santa Clara, CA About this role: We are seeking AI-focused Software Engineers at all levels (Junior, Senior, Staff, Senior Staff) who thrive as T-shaped individuals—bringing deep technical expertise in AI/LLM systems while possessing a broad range of skills that allow them to build production-ready AI applications. The ideal candidate is highly innovative, with a passion for sol","tech_software_internet","medium"
"726","regal-rexnord","linkedin","19","Global Product Manager - Conveyance Subsystems | HR Generalist | General Manager | Application Engineer | Application Engineer III","SCOPE OF ROLE Regal Rexnord is hiring for an enthusiastic, skilled HR Generalist to join our Industrial Powertrain Solutions Segment. If you’re passionate about HR and want to make a meaningful impact, this is the place to be. Reporting to the HR Director of the segment functions, you’ll play a pivotal role in driving talent acquisition, employee development, performance management and culture for","manufacturing","high"
"727","reyes-holdings","linkedin","19","Cyber Threat Intelligence Analyst | Mulesoft Developer | Local CDL Class A Driver | Warehouse Custodian | Warehouse Associate- Stacker/Sorter","2024-11091 Pay Transparency Statement: The compensation philosophy reflects the Company’s reasonable expectation at the time of posting. We consider a number of factors when making individual compensation decisions including, but not limited to, skill sets, experience and training, and other business needs. This role may also be eligible to participate in a discretionary incentive program, subject","transportation_logistics","medium"
"728","sarawak-oil-palms-berhad","jobstreet","19","Account Assistant | Internal Audit Assistant | HR Executive | Training & Development Executive | IT Data Analyst -Based in Miri/Kuching/KL","[Category: Accounting / Management Accounting & Budgeting] Requirements: Possess at least a Degree in Accounting / Finance / C.A.T or ACCA finalist Preferably with 2 years of related working experience Knowledge of spreadsheet and computerized accounting systems Ability to work independently with tight deadlines and minimum supervision Fresh graduates are encouraged to apply Job Responsibilities: ","agriculture_food_production","high"
"729","sardine","ashby","19","Data Scientist | Integration Manager | Machine Learning Engineer | Software Engineer | Head of Account Management","Who we are: We are a leader in fraud prevention and AML compliance. Our platform uses device intelligence, behavior biometrics, machine learning, and AI to stop fraud before it happens. Today, over 300 banks, retailers, and fintechs worldwide use Sardine to stop identity fraud, payment fraud, account takeovers, and social engineering scams. We have raised $145M from world-class investors, includin","finance_fintech","high"
"730","sbh-kibing-solar-new-materials-m-sdn-bhd","jobstreet","19","Instrumentation Technician 仪表技术人员 | Tax Accountant 税务会计 | Chargeman B0 or above 电气技术员 B0 级以上 | 财务专员 Finance Executive | Steam Engineer 蒸汽工程师","[Category: Engineering / Electrical/Electronic Engineering] 工作职责： 1、 协助解决技术问题，提供技术支持和培训，帮助客户和同事正确使用和维护机械设备和电气系统。 2、 协助安装机械和电气系统，并参与系统调试和故障排除工作，确保系统能够正常运行并达到预期的性能要求。 3、 参与机械设备和电气系统的定期维护和保养工作，识别并修复故障，确保设备长期稳定运行。 4、协助编写和管理技术文档，包括设计规格、安装说明、维护手册等，确保文档的准确性和完整性。 5、协助管理项目进度、成本和质量，与其他团队成员合作，确保项目按时交付并符合预期要求。 6、 遵守相关的技术标准和法规，确保设计和工程工作符合行业标准和安全规定。 任职资格： 1、本科及以上学历，有经验者优先； 2、欢迎应届毕业生申请； 3、积极主动，能够在期限内完成任务。 Job Re","energy_utilities","high"
"731","simplifed","greenhouse","19","Breast Pump Program Nurse Practitioner - 50 State Licensed (VIRTUAL) | Breast Pump Program Nurse Practitioner - Midwest Region Licensed (VIRTUAL) | Breast Pump Program Nurse Practitioner - Northeast Region Licensed (VIRTUAL) | Breast Pump Program Nurse Practitioner - Southeast Region Licensed (VIRTUAL) | Breast Pump Program Nurse Practitioner - Southwest Region Licensed (VIRTUAL)","About SimpliFed: SimpliFed is a Maternal Care at Home model powered by our Maternal Health Operating System, centered on exceptional patient experience while driving strong clinical outcomes and reducing cost. We specialize in lactation and baby feeding support as well as high risk condition monitoring for hypertension, maternal mental health, social drivers, and gestational diabetes. Our provider","healthcare_provider","high"
"732","skalar","ashby","19","Steuerfachangestellte:r (w/m/d) | Steuerberater:in (w/m/d) | Steuerassistenz (w/m/d) | Initiativbewerbung | Steuerfachangestellte:r (w/m/d) Remote","SKALAR – Wir bauen die digitale Steuerkanzlei der Zukunft Radikal einfach. Voll digital. 100% mandantenfokussiert. Wir denken Steuerberatung komplett neu: einfacher, schneller und transparenter für Mandanten und Kanzleiteam zugleich. Wo andere Kanzleien mit manuellen Prozessen, langen Wartezeiten und intransparenter Kommunikation kämpfen, bauen wir ein völlig neues Erlebnis - digital, proaktiv, KI","consulting_professional_services","high"
"733","smartbear","greenhouse","19","Accepting Applications for Future Opportunities - Renewals Specialist | Accepting Applications for Future Opportunities -Sales Development Representativ | Account Executive | Account Executive II | Account Executive III","SmartBear delivers application integrity for modern tech stacks, ensuring continuous, measurable assurance that software just works as intended with governance to operate at AI speed and scale. SmartBear offers deep test automation, API lifecycle management, and observability capabilities. With integrations across the SDLC, it sets a new quality standard for application delivery teams. SmartBear i","tech_software_internet","high"
"734","snsoft-sdn-bhd","jobstreet","19","Department Assistant (Fresh grad are welcome to apply) | Site Reliability Engineer (DevOps) | Back End Developer | Product Engineer | Human Resource Business Development","[Category: Information & Communication Technology / Business/Systems Analysts] Benefits of this role: 13th Months Salary (upon Company Declaration) Project Incentive (upon Company Declaration based on project performance) Transport, Meal, Birthday Allowances (upon Confirmation) Sports Activities (Badminton & Basketball), Company Outing Training and certification sponsored by company (Selected empl","consulting_professional_services","high"
"735","springfertility","greenhouse","19","Clinical Lab Technician (Andrologist) | Front Desk Coordinator - Open Fertility | Information Security and Network Services Manager | IVF Nurse Coordinator / Ambulatory Surgery Center Nurse (RN) - Open Fertility | IVF Nurse Coordinator (RN)","Who is Spring Fertility? &nbsp; We are a passionate, dedicated team of leading physicians and scientists who have trained at some of the world’s top research hospitals and fertility centers. Together, we are building the fastest-growing fertility group in the country, grounded in clinical excellence and innovation.&nbsp;We deliver deeply patient-centric, individualized, and compassionate care, rec","healthcare_provider","high"
"736","steris","linkedin","19","Production Planner | Sterile Processing Technician III | International Distribution Specialist | Sterile Processing Technician I | Sales Coordinator","At STERIS, we help our Customers create a healthier and safer world by providing innovative healthcare and life science product and service solutions around the globe. Position Summary IMS Technicians- Device Repair perform surgical instrument and device inspection, repair, and refurbishment in a lab-based setting. This role delivers superior Customer Experience by providing timely and quality rep","healthcare_devices","high"
"737","stitchfix","greenhouse","19","Accounts Payable Manager | Automation Maintenance Technician | Data Scientist - Decisions & Insights | Engineering Manager, Fulfillment | Engineering Manager, Master Data Management – Catalog","About Stitch Fix, Inc. Stitch Fix (NASDAQ: SFIX) is the leading online personal styling service that helps people discover the styles they will love that fit perfectly so they always look - and feel - their best. Few things are more personal than getting dressed, but finding clothing that fits and looks great can be a challenge. Stitch Fix solves that problem. By pairing expert stylists with best-","retail_ecommerce","high"
"738","sunway-malls","jobstreet","19","Executive - Business Innovation | Finance Executive | Intern/Contract - Finance (3 Months) | Executive Il - Credit Control (Sunway Velocity) | Assistant - Administration (Office Management) (6 Months Contract)","[Category: Marketing & Communications / Marketing Communications] We are searching for a creative marketing communication person who are highly skilled in digital and App marketing. Your goal is to help grow our malls’ influence locally and regionally while also increasing campaign awareness, brand loyalty, sales turnaround and introducing new innovations to improve customer experience. Job Descri","real_estate_construction","high"
"739","synerg","greenhouse","19","Consultant I, Medical Writing | Director, Sales | Facilities Technician II | Facilities Technician III | General Application: Join the Syner-G Team","COMPANY DESCRIPTION: &nbsp; A career here is life-enhancing. At Syner-G, we enable our people to build careers that impact positively on their quality of life. Through our expertise, insight, consulting and management skills, we accelerate breakthrough science and delivery of life-enhancing therapies to more patients. We work across a diverse range of clients and projects, supporting many organiza","consulting_professional_services","medium"
"740","tech-mahindra","linkedin","19","Sr. Account Manager - Boeing | Python Developer | SAP Program Manager | Pixel Enterprise Technical Account Manager | FuSA (Functional Safety)","We are seeking a talented Azure Full Stack Developer to join our team. As a key member of our development team, you will be responsible for designing, developing, and implementing end-to-end solutions on the Azure platform. You will work closely with our clients to understand their requirements and develop customized solutions to meet their needs. Responsibilities:Designing and developing scalable","consulting_professional_services","high"
"741","tekskills-inc","linkedin","19","Technical Writer | Hyperion Developer With EPCM & HPCM Exp | Supply Chain Planning Specialist | Project Manager | Peoplesoft Financial Consultant","Job Title: Export Control AnalystLocation: Greensboro, NC (Onsite from Day 1)Duration: Full Time/Contract Job DescriptionAs the Customs Master Data (Export Control Classification) Senior, you will be key in aligning with the business strategy for trade compliance.Export classification is the enabler for securing compliant trade of goods with military characteristics or with goods subject to the Ex","consulting_professional_services","high"
"742","the-intersect-group","linkedin","19","Human Resource Administrator | Senior Accounts Payable | Tax Analyst | Quality Assurance Analyst | Senior Business Systems Analyst","We are seeking a critical thinker who has a good understanding of accounting and financial reporting and enjoys troubleshooting and streamlining processes/solutions for improved efficiency and productivity. From researching systems solutions, testing, and evaluating their impacts, the ideal candidate will be a detailed planner, expert communicator, and top-notch analyst. This person must be flexib","consulting_professional_services","high"
"743","the-new-york-foundling","linkedin","19","Registered Nurse (Bronx | 24 Hours/Week | Part-Time) | Day Habilitation Specialist | Registered Nurse (Bronx | 28 Hours/Week | Part-Time) | Registered Nurse | Centralized Intake Case Planner","Overview At The New York Foundling, we trust in the power and potential of people, and we deliberately invest in proven practices. From bold beginnings in 1869, our New York-based nonprofit has supported hundreds of thousands of our neighbors on their own paths to stability, strength, and independence. We help children and families navigate through and beyond foster care. We help families struggli","nonprofit","high"
"744","thomson-reuters","linkedin","19","Sr. Sales Executive, Digital Marketing (Central US) | Sr Marketing Manager, Audit | Senior Incident Response Analyst | Product Manager, Digital Commerce Platform | Business Analyst","Do you have a passion for DevOps culture and Site reliability engineering? That is, building and operating scalable, reliable, performing and secured services that underpin all Thomson Reuters’ products? Then we want you on our team! As we expand our Operations in India, we are currently seeking an experienced Lead SRE to join our Shared Capabilities Reliability and Operation team. Specifically, w","tech_software_internet","high"
"745","toojaysdeli","greenhouse","19","Assistant Manager | Assistant Restaurant Manager | Assistant Restaurantt Manager | Bartender | Bus Person","TooJay's Host position for our location at The Fountains in Plantation.&nbsp; &nbsp;(Ability to make $15 to $20/hour including Tips and depending on Shift) Our Hosts are the first to greet our guests as they begin their TooJay’s experience. &nbsp;A Host’s friendly face and welcoming smile sets the tone and is critical to creating an inviting environment. &nbsp;They are also able to communicate acc","hospitality_food_service","high"
"746","tranglo-sdn-bhd","jobstreet","19","Internal Audit, Senior Executive | Internal Audit Senior Executive | Project Manager | Product Manager | Software Developer","[Category: Banking & Financial Services / Treasury] Treasury Specialist Priority on Corporate Bank Account Handling Experience Tranglo Sdn Bhd, a fintech company in Bangsar South, KL (accessible by LRT Kerinchi) is looking for highly committed individuals who are extremely interested in Bank Account Management & Cash Management to join our Treasury Department. As Tranglo is expanding aggressively,","finance_fintech","high"
"747","travelers","linkedin","19","Sr Manager & Product Owner - Business Insights Delivery: International Business  | Claim Counsel EPL & D&O | Learning Designer | Associate Managing Attorney | Director, Technical Product Manager","Who Are We? Taking care of our customers, our communities and each other. That’s the Travelers Promise. By honoring this commitment, we have maintained our reputation as one of the best property casualty insurers in the industry for over 160 years. Join us to discover a culture that is rooted in innovation and thrives on collaboration. Imagine loving what you do and where you do it. Compensation O","finance_insurance","high"
"748","trimble-inc","linkedin","19","Data Science/Data Engineering Intern | Warehouse Materials Handler | Product Marketing Manager | Software Reliability Engineering Intern | Software Engineering Intern","Your Title: Training Specialist Job Location: Portsmouth, New Hampshire or Remote Our Department: B2W Are you someone who enjoys teaching others? As the Training Specialist you will be teaching our clients how to operate and become successful using the B2W Software. What You Will Do With direct reporting responsibilities to the Training Manager, the Training Specialist is responsible for deliverin","tech_software_internet","high"
"749","trulandequipment","greenhouse","19","Ag Sales Account Manager | Delivery Driver | General Application | Janitorial Support Person (Part-Time) | John Deere Ag Service Technician","Grow with&nbsp; TRU LAND Equipment We’re a leading John Deere dealer with 18 locations across Indiana and Ohio, serving residential, commercial, and agricultural customers. If you’re hardworking, eager to learn, and ready to thrive in a fast-paced, team-driven environment—we want to hear from you! Purpose : Safely operate vehicles to transport equipment for the dealership.&nbsp;&nbsp; During deliv","other","low"
"750","tsr-consulting-services-inc","linkedin","19","Collateralized Loan Obligations (CLOs) Syndicated Loans Analyst III | Business Analyst (Figma /Azure DevOps) | Collateralized Loan Obligations (CLOs) Syndicated Loans Analyst II | Collateralized Loan Obligations (CLOs) Syndicated Loans Analyst I | Business Analyst / UAT Specialist","Our client, a leading financial services company is hiring a Senior Application Support Analyst on a long-term contract basis.Job ID 79242 Work Location: Tampa, FLSummary: This reports to the application support manager lead locally and globally. Also, the responsibility is for all the job functionalities and ensuring that the support teams are addressing the production issues and intimating the f","consulting_professional_services","high"
"751","twistbioscience","greenhouse","19","Account Manager, DNA Synthesis - S Korea | Field Application Scientist, SynBio and NGS Panel Design - CHINA | General Job Application | Manager, Antibody Characterization | Manufacturing Associate","The Material Handler I performs the physical or administrative tasks involved in shipping, receiving, order fulfillment, storing and distributing of materials, parts, supplies and equipment, and supporting logistics areas. This may include receiving and verifying incoming materials and supplies, preparing bills of landing and shipping manifests, routing shipments appropriately, moving material wit","healthcare_pharma_biotech","high"
"752","u-s-census-bureau","usajobs","19","Field Representative (AR/IL/IA/IN/MI/MN/MO/WI) | Field Representative (Bilingual) | Field Representative (AL/FL/GA/LA/MS/NC/SC) | Field Representative (AZ/CO/KS/MT/ND/NE/NM/OK/SD/TX/UT/WY) | Field Representative (CT/MA/ME/NH/NJ/NY/RI/VT/PR)","Applicants must meet all qualification requirements by the closing date of this announcement. Minimum Qualification Requirement: To be minimally qualified for this position you MUST have a typing proficiency of at least 40 words per minute with three or fewer errors in a five-minute writing sample. AND General Experience:You must have one year of General Experience. General Experience is defined a","public_sector_government","high"
"753","vectranetworks","greenhouse","19","Account Development Representative | Application Support Specialist | Customer Success Manager | Cybersecurity Lab Engineer | Data Scientist II","Vectra® is the leader in AI-driven threat detection and response for hybrid and multi-cloud enterprises. The Vectra AI Platform delivers integrated signal across public cloud, SaaS, identity, and data center networks in a single platform. Powered by patented Attack Signal Intelligence, it empowers security teams to rapidly prioritize, investigate and respond to the most advanced cyber-attacks. Wit","tech_software_internet","high"
"754","verifone","greenhouse","19","Analytics Manager | Business Development Executive - Gateways | Customer Support Representative | Director, Global Physical Security | Enterprise Account Manager","Warum Verifone Seit mehr als 40 Jahren hat sich Verifone eine bemerkenswerte Führungsposition in der Branche für elektronische Zahlungstechnologie erarbeitet. Verifone ist eine der führenden Marken für elektronische Zahlungslösungen und einer der größten Anbieter von elektronischen Zahlungssystemen weltweit. Verifone bietet ein vielfältiges, dynamisches und schnelllebiges Arbeitsumfeld, in dem die","finance_fintech","high"
"755","vysystems","linkedin","19","Program Manager | Project Manager | Redis Administrator | Technical Sales | Senior Data Engineer","Job Description:Looking for below 9 yrs candidates only. trong experience in performance testing, including test planning, script development, execution, and analysisStrong experience using performance tools – Loadrunner or New Relic monitoring toolProficiency in performance testing tools such as LoadRunner, JMeter, Splunk & PostmanProvides automation expertise, training and coaching to team membe","consulting_professional_services","high"
"756","warby-parker","linkedin","19","Sales Associate, Part-Time - The Promenade at Westlake | Sales Associate - South Coast Plaza | Sales Associate, Part-Time - McEwen Northside | Assistant Store Manager - Green Hills | Store Manager - Streets at Southpoint","New Store Coming Soon Job Status: Full-Time Warby Parker is on the lookout for a motivated Store Leader to play an integral part in laying the foundation for our growing Retail business. All aspects of our stores' success rests on the shoulders of our seasoned Store Leaders—Warby Parker Retail wouldn't be what it is today without them! In this position, you'll build and lead a team of service-mind","retail_ecommerce","high"
"757","wegmans-food-markets","linkedin","19","Pharmacy Technician Trainee | Cook | Sub Shop Associate | Retail Supervisor | Store Associate","we are a food market where you make the difference At Wegmans, we’re on a mission to help people live healthier, better lives through exceptional food. So, when you bring your authentic self and your passion for people to Wegmans, you’re joining a team of difference-makers. Our promise to our customers is simple: Every Day You Get Our Best. And because it all starts with you, we'll make sure you h","retail_ecommerce","high"
"758","westports-malaysia-sdn-bhd","jobstreet","19","HEAD OF BUSINESS APPLICATION SERVICE | BUSINESS ANALYST - INFORMATION TECHNOLOGY | JUNIOR TECHNICIAN | SENIOR IT MANAGER – INFRASTRUCTURE AND OUTSOURCING | FINANCE EXECUTIVE","[Category: Information & Communication Technology / Programme & Project Management] POSITION : EXECUTIVE Job Summary: Understanding Westports Malaysia’s business goals, objectives, and strategies will enable the business analyst to build and implement new business processes that are in line with the company’s strategic aims. The business analyst creates several business and system models by analyz","transportation_logistics","high"
"759","wipro-consumer-care-ldw-sdn-bhd","jobstreet","19","Senior IT Clerk | Senior Product Executive | SAFETY OFFICER | Assistant Product Manager | Regulatory Affair Manager","[Category: Information & Communication Technology / Programme & Project Management] Responsibilities: Act as Project Manager from end user side (business & IT); working closely with the vendors Coordinate & liase with key business users, IT department & vendors to lead & complete the required tasks within project timeline Documentation on business requirements & business process; together with bus","consumer_brands","high"
"760","workleapfr","greenhouse","19","Analyste RevOps | Chef.fe de la Technologie, Transformation Full-Stack Builder | Comptable (Contrat de 12 mois) | Développeur.euse front-end II - ShareGate Migrate [Web Experience] | Développeur.euse full-stack senior.e - ShareGate Migrate [Web Experience]","Description de l'entreprise Workleap est une entreprise tech basée à Montréal avec comme mission de rendre le travail plus simple. Depuis 2006, on bâtit des produits innovants qui aident les équipes RH et TI à relever leurs plus grands défis. Workleap offre deux lignes de produits distinctes : La plateforme Workleap , une solution RH propulsée par l’IA qui élève la performance des équipes et stimu","tech_software_internet","high"
"761","xendit","greenhouse","19","Banking Experiments Business Director | Customer Success Generalist | Customer Success Generalist (Daylight) | Financial Operations Associate | Financial Operations Associate (Recons)","Xendit provides payment infrastructure across Southeast Asia and is expanding to Greater China and LATAM. We process payments, power marketplaces, disburse payroll and loans, provide KYC solutions, prevent fraud, and help businesses grow exponentially. We serve our customers by providing a suite of world-class APIs, eCommerce platform integrations, and easy to use applications for individual entre","finance_fintech","high"
"762","zambold","greenhouse","19","Chief Project Planner | Civil Project Engineer II | Community Liaison Officer | Data Scientist | Drilling Supervisor","About the Company: KoBold Metals Zambia Limited is the leading Zambian-led mineral exploration company exploring for the ore deposits that will become the next generation of new mines in Zambia.&nbsp; KoBold Metals Zambia is the Zambian affiliate of KoBold Metals, a global company that invents and applies artificial intelligence to find mineral deposits worldwide. KoBold Metals Zambia is building ","energy_utilities","medium"
"763","abbyy","greenhouse","18","Business Development Representative | Data Engineer | Demand Generation and Field Marketing (6 - 8 months contract) | Demand Generation and Field Marketing (6 -8 months contract) | HR Operations Manager","Join ABBYY and be part of a team that celebrates your unique work style. With flexible work options, a supportive team, and rewards that reflect your value, you can focus on what matters most – driving your growth, while fueling ours. Our commitment to respect, transparency, and simplicity means you can trust us to always choose to do the right thing. As a trusted partner for purpose-built AI and ","tech_software_internet","high"
"764","aisafety","lever","18","Chief of Staff | Chief of Staff (Public Engagement) | Communications Lead (Research) | Director of Development | Expression of Interest","The Center for AI Safety (CAIS) is a leading research and advocacy organization focused on mitigating societal-scale risks from AI. We address AI’s toughest challenges through technical research, field-building initiatives, and policy engagement, along with our other organization, Center for AI Safety Action Fund. The Special Projects Manager partners closely with the Executive Director and Managi","nonprofit","medium"
"765","akersystems","greenhouse","18","Lead Data Architect | Lead Data Architect (eDV) | Lead Data Engineer (eDV) | Lead Data Platform Engineer (eDV) | Lead DevOps Engineer - Cheltenham based","Aker Systems was founded in 2017 by a team of experienced technology professionals who recognised an opportunity to provide highly secure enterprise data platforms to large organisations.&nbsp; We build and operate ground-breaking, ultra-secure, high performance, cloud-based data infrastructure for the enterprise. Our proprietary technology solutions drive performance and reduce costs while helpin","consulting_professional_services","high"
"766","applydigital","lever","18","Delivery Manager | Expense Analyst | General Manager, Consumer | General Manager, Entertainment | IT Lead","ABOUT APPLY DIGITAL Apply Digital is a global AI-native transformation partner, client-obsessed and built for a new era of client services. We bring together industry expertise and elite talent to connect strategy, agentic experiences, technology, and data for the world's most ambitious organizations. With the agility to move fast and the experience to deliver with precision, Apply Digital works w","consulting_professional_services","high"
"767","appnovation","greenhouse","18","Associate- Adobe Experience Manager Developer | Associate Full Stack Developer | Associate, QA Tester - One year contract to perm. (Cantonese Speaking) | Atlassian Consultant (Jira Align) - Contract | Client Service Coordinator - Fresh graduate welcome , Cantonese Speaking","About us Appnovation is a global, full-service digital partner that combines Strategy, Experience &amp; Design, Engineering and Managed Services. We build digital solutions that deliver real impact today and serve as foundations for future growth.&nbsp; Bold ambition. Practical action. Endless possibilities. &nbsp; ROLE OVERVIEW As the QA Engineer, you will define and implement the testing strateg","consulting_professional_services","high"
"768","articul8","ashby","18","Director of Finance | Hyperscalers & Commercial Lead | Applied AI Researcher (Dublin, CA) | Applied AI Researcher (India) | Applied AI Researcher (Brazil)","About Us At Articul8 AI, we relentlessly pursue excellence and create exceptional AI products that exceed customer expectations. We are a team of dedicated individuals who take pride in our work and strive for greatness in every aspect of our business. We believe in using our advantages to make a positive impact on the world and inspiring others to do the same. About the Role We are seeking a high","tech_software_internet","high"
"769","astro","jobstreet","18","Corporate Area Sales Manager (Hospitality Segment) Location: Johor | AVP, DevOps Engineer | AVP, Enterprise Product Manager | Corporate Area Sales Manager | Software Developer (Contract) with Astro Sports Team","[Category: Information & Communication Technology / Networks & Systems Administration] WHY JOIN US? We practice a vibrant & energetic office culture. We provide opportunities for career advancement within the company. Good performance is always rewarded accordingly. “It's our people that make Astro Malaysia’s leading entertainment company. We are an inclusive employer, to enable everyone at Astro ","media_entertainment","high"
"770","aveva","linkedin","18","Customer Success Manager | Sr. Salesforce Release Engineer/DevOps Lead | Product Commercialization Manager | Quality Assurance Lead (Cloud) | Sales Development Representative - North America","AVEVA is a global leader in industrial software. Our cutting-edge solutions are used by thousands of enterprises to deliver the essentials of life – such as energy, infrastructure, chemicals and minerals – safely, efficiently and more sustainably. We’re the first software business in the world to have our sustainability targets validated by the SBTi, and we’ve been recognized for the transparency ","tech_software_internet","high"
"771","axelera","ashby","18","Senior R&D Engineer - System Architecture (Europe based) | Senior Engineer – Multimodal AI Model Development Research | Senior/Staff Silicon Physical Design Engineer | Automotive Functional Safety Architect – SoC/AI Silicon | Vice President of Operations","About Us Axelera AI is not your regular deep-tech startup. We are creating the next-generation AI platform to support anyone who wants to help advancing humanity and improve the world around us. In just four years, we have raised a total of $370 million and have built a world-class team of 220+ employees (including 49+ PhDs with more than 40,000 citations), both remotely from 18 different countrie","tech_hardware_semiconductors","high"
"772","beaconai","ashby","18","Finance Director | Lead Backend Software Engineer | Software Engineer, iOS/Mobile | Recruiting Associate | Software Engineer, Backend","About Beacon AI We’re a fast-moving team of aviators, engineers, and operators building an AI platform to make flying safer, more efficient, and more capable. Backed by top investors, we’ve secured a dozen Department of Defense contracts and partnered with major airlines to deliver mission-critical systems. We operate without silos or heavy processes. Small, focused teams own what they build, ship","tech_software_internet","medium"
"773","bermaz-motor-trading-sdn-bhd","jobstreet","18","Executive, Corporate Planning | Junior Executive, IT Administrative & System Trainer | Executive, Finance (Prima Merdu Sdn Bhd) | Executive, Compensation & Benefits | Junior Executive, Digital Innovation","[Category: Accounting / Financial Accounting & Reporting] Internship (Finance Department) Job responsibilities Handling Cheques Data Entry Cash Allocation - sales ledger Bank reconciliation Filings of documents Purchase Ledger Sales Ledger To monitor all branches for Mazda/KIA showroom & service centre in the accounting scope/perspective Benefits: Free lunch Monthly allowance Location : Glenmarie,","automotive","high"
"774","blackbox-strategies","ashby","18","Account Executive (Remote) | Social Media Manager | Interior Design Sales Consultant | Window Treatment Design Consultant | Interior Solutions Consultant","Growth Strategist About BlackBox Strategies BlackBox Strategies is a revenue execution agency that leverages brand building, storytelling and digital presence to deliver more revenue on behalf of our clients. Location Remote | Open to global candidates Role Overview BlackBox Strategies is seeking a proactive, results-oriented Social Media Manager to fully own and drive the performance of client's ","retail_ecommerce","medium"
"775","budderfly","greenhouse","18","Account Executive | Accounting Manager | Graphic Designer | HVAC Quality Control Specialist | HVAC/R Service Assistant Technician (Charlotte NC)","Saving the World!&nbsp; Help Wanted… Budderfly is a fast-growth, private equity-backed energy management outsourcing company that is committed to reducing global carbon emissions for small to medium sized enterprises.&nbsp; We are the premier sustainability partner for businesses with repeatable footprints such as restaurant chains, assisted living facilities, retail franchises, and more. Budderfl","energy_utilities","high"
"776","bugcrowd","greenhouse","18","AI and Data Team Manager | Channel Account Manager | Channel Account Manager l (Eastern & Central Time Zone) | Cleared Vulnerability Research Engineer | Enterprise Account Executive","We are Bugcrowd. Since 2012, we’ve been empowering organizations to take back control and stay ahead of threat actors by uniting the collective ingenuity and expertise of our customers and trusted alliance of elite hackers, with our patented data and AI-powered Security Knowledge Platform™. Our network of hackers brings diverse expertise to uncover hidden weaknesses, adapting swiftly to evolving t","tech_software_internet","high"
"777","business-integra-inc","linkedin","18","Senior Project Manager (Insurance Domain) | Azure Developer | Jaspersoft Developer | OnBase Developer (100% REMOTE) | Liferay Developer (100% Remote)","Title: Azure Developer/.Net Lead (Azure Purview)Location: Louisville, KY (REMOTE)Job type: Contract Note: Need good experience with Azure Purview and Azure Services Description: Description: An Azure Developer specializes in developing and managing applications within the Microsoft Azure cloud platform. One needs a strong foundation in cloud computing concepts and expertise in Azure services to be","consulting_professional_services","high"
"778","cactus-communications","linkedin","18","Korean <> English Translator (Remote) - Electrical Engineering | Korean <> English Translator (Remote) - Information Technology | Korean <> English Translator (Remote) - Earth Science | Korean <> English Translator (Remote) - Mechanical Engineering | Korean <> English Translator (Remote) -Civil engineering","Responsibilities Ability to manage clients and existing accountsBuild strong client relationships; grow accounts by spotting and fulfilling client needsInteract with clients regularly through in-person meetings, phone and emailResponding to client queries, sending quotations, and confirmationsAcquiring new clients and ensuring organic growth of existing client accounts. Generating proposals and RF","consulting_professional_services","high"
"779","cargomatic","greenhouse","18","Account Managers - Drayage & Supply Chain | AI Engineer | Collections Specialist | Customer Success Specialist | Data Engineer","AI Engineer Location: San Francisco, CA, in-office Compensation: 150,000 – $210,000 Company: Cargomatic, Inc. Disruptive, groundbreaking, transformative company is changing an industry Join a rapidly growing company disrupting the trucking industry! Cargomatic is the #1 technology platform and digital marketplace for powering world-class, local trucking. Take a look around you. Literally everythin","transportation_logistics","high"
"780","claire-myers-consulting","linkedin","18","Investment Operations Associate | Accounting Specialist | Senior Tax Accountant | Accounting Manager | Tax Supervisor - Business Management","Compensation - $100,000 - $130,000 base salary plus bonuses and benefits The Wealth Manager role is an integral part of the team serving as the true connection between clients, support team, and Wealth Managers. This great communicator, influencer and enthusiastic person will support our client's culture, vision, and team spirit are built upon their values which are:Grace & EmpathyGenerosity & Gra","consulting_professional_services","high"
"781","cognism","greenhouse","18","Account Manager | Assistant Controller | Customer Success: Training Specialist (French Speaking) | Director, Security Engineering & Operations | Enterprise Account Executive","WHO ARE WE Cognism is the leading provider of European B2B data and sales intelligence. Ambitious businesses of every size use our platform to discover, connect, and engage with qualified decision-makers faster and close more deals. Headquartered in London with global offices, Cognism’s contact data and contextual signals are trusted by thousands of revenue teams to eliminate the guesswork from pr","tech_software_internet","high"
"782","cohensteers","greenhouse","18","Associate Director, Desktop Engineering and Security | Associate Director, Desktop Technician | Associate Director, Investment & Trading Compliance | Associate Director, Office Services Leader, APAC | Associate Director, Portfolio Manager Assistant","Job Title: Director, Systems Engineer Department:&nbsp; Information Technology Reports To: VP, Head of Systems Engineering FLSA Code: Exempt Estimated Salary: $170,000 - $185,000 &nbsp; Job Summary: The ideal candidate will be part of the Infrastructure team responsible for the design, implementation, maintenance, and performance of all global systems, ensuring availability, security, and consiste","finance_banking","high"
"783","conagra-brands","linkedin","18","2nd Shift Production Associates | Production Specialist | Associate Procurement Specialist | Continuous Improvement Manager | Forklift Operator","Shift: This role is 2nd Shift, - Hourly Rate: $0.00 an hour The current vacancy is for 2nd Shift. The hourly rate is $19.24 plus applicable shift premium. In this role you will report to the Production Lead and will work closely with the Quality Team. Duties The SPC Inspector is responsible for the overall quality of product being produced by the line. This position will conduct a several test to ","consumer_brands","high"
"784","conmed-corporation","linkedin","18","Sales Representative - Advanced Surgical - Portland, OR | Sales Representative | Mechanical Engineer II R&D | Product Manager | Customer Experience Coordinator I","Key Duties And Responsibilities Operate various advanced CNC machines and assist with set-ups of basic CNC machines. Primary job function will be the operation of Swiss-centered machinery. Ability to follow written and verbal instructions, read basic blueprints or mechanical drawings.Recognize machining or manufacturing problems to produce defect free parts while meeting production rates.Accuratel","healthcare_devices","high"
"785","corebts","lever","18","Account Executive - Northeast | Account Executive - South | Account Executive - West | Business Development Executive - Northeast Region | Client Success Specialist - Licensing and Subscription","The Senior Solution Architect is an important member of our Pre-Sales team and works directly with customers, assist account managers in sales calls and business development, recommend business and technical solutions, and create statements of work. This is a customer-facing role with opportunities to shape the way we engage clients, deliver projects, and adopt new technologies. We work collaborat","consulting_professional_services","high"
"786","court-avenue","lever","18","Account Director | Associate Account Director (Commerce) | Associate Director, Digital Marketing Analytics | Associate Project Manager | Content Strategist","GTX Solutions is a boutique consulting firm focused on helping brands unlock the power of their customer data. We specialize in Customer Data Platforms (CDPs), real-time activation, personalization, and MarTech integrations. Our team blends strategic insight with technical expertise to drive measurable business outcomes for high-growth companies and global enterprises alike. We’re looking for a Te","consulting_professional_services","high"
"787","cteph","greenhouse","18","Cloud IT Specialist | Cloud Security Architect (NIST/SOC/GovRAMP) | DevOps Engineer | Director of US Payroll and Tax Compliance | Head of Global Payroll and US Tax Compliance","It’s not just about the tech; it’s about the people! At Career TEAM, we work to “accelerate the human condition.” Working on our state-of-the-edge portal, Career EDGE , you will change lives—and that’s just the beginning! You'll be working with new technologies on enterprise products that serve a diverse population across the U.S. As a founding member of our newly forming team, you'll have the opp","consulting_professional_services","medium"
"788","cypress-hcm","linkedin","18","GTM Program Manager (Partner Enablement) | Talent Experiences & Gifting, 31599934 | Marketing Manager 3, 32307492 | Event Coordinator | Supply Chain Planner","We have an exciting opportunity for a Deal Desk Analyst 3 with the top leading multimedia and creative software company in the world. The primary focus of this position will be to help structure profitable and compliant transactions that address the needs of a diverse set of internal corporate customers, maximize Adobe's revenue, and increase the effectiveness and productivity of the North America","consulting_professional_services","high"
"789","eastern-decorator-sdn-bhd","jobstreet","18","Internship - Admin & HR | Procurement Executive | Information Technology (IT) Executive | Admin Executive | Inventory Analysis Executive","[Category: Retail & Consumer Products / Merchandisers] Creating and implementing a visual merchandising strategy for the store. Ensuring the strategy is in line with the store’s brand, products, and target market. Generating sketches of visual displays that meet the store’s visual design requirements. Finalizing designs and creating detailed floor plans for display areas. Sourcing the props, creat","real_estate_construction","medium"
"790","easterseals-southern-california","linkedin","18","Program Manager, Severe Behavior Services | Behavior Technician - Adult Support | Direct Support Professional | Vocational Specialist I | Speech Language Pathologist","Overview NOC SHIFTS AVAILABLE ANY DAY! F/T OR P/T AVAILABLE Join our team, and provide support to people that have disabilities! Do you have a passion for helping people? Are you now, or have you ever been a caregiver? Then apply now! Starting pay: $17.50 per hour plus benefits Available Shifts: Fri-Mon 12AM to 8AM – Full time/4 day a weekSun-Mon 12AM TO 8AM- Part time/ 2 days a weekSun 8AM to 4PM","nonprofit","high"
"791","element-materials-technology","linkedin","18","Mechanical Technician | Precision Cleaning Technician | Laboratory Assistant (Part-Time) | Associate Metallurgist | Junior Project Manager","Element has an opportunity for a Metallurgist whose primary responsibility is to support the Metallurgy Lab Manager in running day to day laboratory affairs along with site and field testing. Element New Berlin is a world renown Aerospace Testing Company with clients such as Boeing, SpaceX and Blue Origin. At Element our shared purpose of ‘Making tomorrow safer than today’ is what brings us togeth","consulting_professional_services","high"
"792","eli-lilly-and-company","linkedin","18","Senior Advisor/Director, Global Regulatory Affairs - CMC, Small Molecules | Associate In Vivo Scientist - Obesity Research | Manufacturing Process Technician – Packaging (Night Shift) | SAP Clinical Trial Technical Analyst | Division Chief of Training - HSE Fire and Rescue","At Lilly, we unite caring with discovery to make life better for people around the world. We are a global healthcare leader headquartered in Indianapolis, Indiana. Our employees around the world work to discover and bring life-changing medicines to those who need them, improve the understanding and management of disease, and give back to our communities through philanthropy and volunteerism. We gi","healthcare_pharma_biotech","high"
"793","empowerbrands","greenhouse","18","Accounts Receivable Specialist | Brand Marketing Manager | Collections Supervisor | Director of Franchise Development | Director of National Account Sales","WHO WE ARE: Empower Brands was founded in 2022 as a product of the integration of Lynx Franchising and Outdoor Living Brands. Empower encompasses ten industry-leading brands across commercial and residential services: JAN-PRO, FRSTeam, Archadeck Outdoor Living, Outdoor Lighting Perspectives (OLP), Conserva Irrigation, Koala Insulation, Wallaby Windows, Superior Fence and Rail, Bumble Roofing and C","consulting_professional_services","medium"
"794","engie-north-america-inc","linkedin","18","Solar Technician | Billing Resolution Analyst II | Partnership Management Analyst, Senior (Contracts and Reporting) | Field Service Technician, Asset Operations | Project Development Advisor (East - Utility Grid Scale Renewables)","What You Can Expect As the Student Intern, you will be part of a 7-week hybrid internship program with a start date of June 11, 2024 and ending on August 1, 2024, where you will explore the intersection of sustainability and real-world implementation of sustainable design and construction. You will visit and engage with the construction occurring at your school site. You will be responsible for pa","energy_utilities","high"
"795","eonio","greenhouse","18","Account Executive — Charlotte, NC | Account Executive — Chicago, IL | Account Executive — San Francisco, CA | Account Executive — Washington, D.C | Bookkeeper","&nbsp; Company Overview Eon is revolutionizing data protection and enabling businesses to succeed in the cloud. As one of the fastest-growing startups, we help organizations protect their cloud environments while driving business growth. Trusted by data protection teams worldwide, we have built a culture that attracts, develops, and retains exceptional talent. Role Overview We are looking for a hi","consulting_professional_services","medium"
"796","excelsportsmanagement","greenhouse","18","Account Manager, Brand Marketing | Associate, Billing | Coordinator, Finance | Coordinator, International Sales | Director, Marketing Strategy and Solutions","Excel Sports Management is an industry-leading sports agency representing top-tier talent, blue-chip brands and marquee properties. Our success is rooted in our people, our high character reputation and our commitment to creating a diverse and welcoming workplace. We focus on team chemistry, collaboration, strong relationships, valuable networks, and ambitious ideas to deliver innovative solutions","media_entertainment","high"
"797","flosports","ashby","18","Social Media Contractor – FloCollege | Staff Software Engineer, Backend | Staff Site Reliability Engineer | Principal Full Stack Engineer | Customer Service Representative","FloSports is the leading digital platform for underserved sports, combining live and on-demand streaming, original programming, data, and technology to help sports grow their audiences and build sustainable businesses, from youth to professional levels. By bringing thousands of events and communities onto one platform, Flo creates scale where none previously existed, connecting passionate fans wit","media_entertainment","high"
"798","focused","ashby","18","Optical Engineer (f/m/d) | Mechanical Engineer (f/m/d) | Diode Laser Engineer (f/m/d) | Controls Engineer | People Operations Intelligence Partner (f/m/d)","Company Overview Focused Energy is a pioneering fusion energy start-up committed to generating clean electrical energy to responsibly address future global demand. Founded by world-leading laser and plasma physicists together with experienced entrepreneurs, Focused Energy is developing commercial laser-induced inertial fusion technology as a clean, scalable, and economically viable power solution.","manufacturing","low"
"799","fourth-floor","linkedin","18","Technical Designer | Technical Design Manager | eCommerce Customer Service | Brand Merchandiser | Director of Social Media","Our client, a famous brand, is seeking an Associate Technical Designer to join the team on a contract basis in their New York office Monday-Thursday. ResponsibilitiesDevelop and edit tech packs, documenting fit comments, specs and bill of materialsManage flow of information related to fit process- tracking samples, update tech log, sending fit list, and communicating with factory counterparts.Be a","consulting_professional_services","high"
"800","freedompay","lever","18","Business Development Executive | Content Marketing Specialist | Deployment Success Manager - London, UK | Director, Payments Monetization | Director, Web Infrastructure","The FreedomPay Commerce Platform is the technology of choice for many of the largest companies across the globe in retail, hospitality, lodging, gaming, sports and entertainment, foodservice, education, healthcare and financial services. FreedomPay’s technology has been purposely built to deliver rock solid performance in the highly complex environment of global commerce. The company maintains a w","finance_fintech","high"
"801","gorgias","ashby","18","Senior Backend Engineer | Data Scientist - LLM | Manager, Implementation | Senior Product Manager - Helpdesk | VP Marketing","We believe conversations will become the #1 way to shop. At Gorgias, we’re building the platform that makes this real: a unified AI agent that sells, supports, and re-engages customers across the entire journey. Conversational Commerce is the future of ecommerce, and we’re leading that shift. Our mission is to turn every interaction between a brand and its customers into a relationship: personal, ","tech_software_internet","high"
"802","grainger","linkedin","18","Account Manager, Government | Branch Sales Associate (Part Time) | On-Site Service Specialist (Full Time) | Material Handler II | On-Site Service Representative (Part Time)","Work Location Type: Onsite As a leading industrial distributor with operations primarily in North America, Japan and the United Kingdom, We Keep The World Working® by serving more than 4.5 million customers worldwide with products delivered through innovative technology and deep customer relationships. With 2023 sales of $16.5 billion, we’re dedicated to providing value for customers, fostering an","retail_ecommerce","high"
"803","haier-electrical-appliances-m-sdn-bhd","jobstreet","18","Assistant Sales Manager - East Malaysia (Sarawak) | Procurement - Assistant Manager | Internship - Order Processing (Immediate Hiring) | Assistant Financial Controller | Product Support Executive","[Category: Administration & Office Support / Administrative Assistants] 1) Retail Marketing Job Description Establish a comprehensive data management collection, analysis and reporting on every store assets management such as display corners, racks, display samples and signage Develop appropriate monitoring and reporting modules. Example in-store display merchandising audit with post-findings and ","consumer_brands","high"
"804","headoutcareers","greenhouse","18","Associate Business Development Manager, Singapore | Business Development Manager, China | Business Development Manager, Japan | Engineering Manager | Group Product Manager","🚀 Why Headout? We’re a rocketship: 9-figure revenue, record growth, and profitable With $130M in revenue, guests in 100+ cities, and 18 months of profitability, Headout is the fastest-growing marketplace in the travel industry, and we’re just getting started. We've raised $60M+ from top-tier investors and are building a durable company for the long term — because that's what our mission needs and ","tech_software_internet","high"
"805","hiseven-sdn-bhd","jobstreet","18","HR and Admin Manager | HR and Admin Executive | Admin Executive | Backend Engineer | Frontend Engineer","[Category: Sales / New Business Development] Telegram Community Executive Job Responsibilities: Oversee the operation of our Telegram community (group, channel and bot), ensuring dynamic participation and strategic growth. Craft and execute community engagement strategies to captivate and retain our target demographic. Schedule and publish compelling content regularly, such as corporate updates, p","consulting_professional_services","high"
"806","hover","greenhouse","18","Customer Experience Manager | Engineering Manager, Estimation | Lead GTM Systems Engineer | Payroll Manager | Performance Marketing Manager","Hover helps people design, improve, and protect the properties they love. With proprietary AI built on over a decade of real property data, Hover answers age-old questions like “What will it look like?” and “What will it cost?” Homeowners, contractors, and insurance professionals rely on Hover to get fully measured, accurate, and interactive 3D models of any property — all from a smartphone scan i","tech_software_internet","high"
"807","huntsman-global-business-services-sdn-bhd","jobstreet","18","Facilities Administrator | Master Planner | Global Reporting & Analytics Intern | Human Resources Business Partner - NESEA Region | Human Resources Analyst (Payroll)","[Category: Manufacturing, Transport & Logistics / Purchasing, Procurement & Inventory] Huntsman Global Business Services is now looking for a dynamic individual as a Master Planner . Huntsman Performance Products (HPP) is looking for a Master Planner to join our team in our newly set up Shared Service Office. This individual is an important member of a team that help us deliver on our supply fulfi","manufacturing","high"
"808","i360technologiesinc","greenhouse","18","Database Developer | Federal Financial Management SME | General Ledger (GL) SME – Federal Financial Management | Junior Grants Management Analysts | O&M DBA","At i360technologies, we deliver business consulting and technology solutions that support the mission of federal agencies. i360&nbsp;is seeking an experienced Oracle Applications DBA to support a mission-critical federal financial management system for a federal client. This role is central to the daily Operations, Maintenance, and Enhancement (OM&amp;E) of an Oracle E-Business Suite environment h","consulting_professional_services","high"
"809","ihire","linkedin","18","Veterinarian Morristown NJ | Full Time Home Health PT | Automotive Technician | Sales Consultant - Mobility / Vans | Optometrist","Volunteer Properties is a full-scale property management firm specializing in multi-family apartment communities. We currently host a portfolio encompassing around 6,000 doors spread across Kentucky, Tennessee, and Georgia. Our foundation rests on our core values of teamwork, integrity, continuous improvement, compassion, and an infusion of vibrant engagement into our endeavors. We are committed t","tech_software_internet","high"
"810","jobsatphamily","greenhouse","18","BDR Pipeline Generation Specialist (Chicago, IL) | Business Development Specialist (Healthcare, Hybrid) - NYC | Business Intelligence & Data Analytics Intern (Undergraduate) | Clinical Care Coordinator (MA) | Clinical Care RN","&nbsp; Location:&nbsp; In-Office, NYC or Chicago Job Type: &nbsp; Full-time, Summer Internship Hourly Range: &nbsp; &nbsp; $30 - $35 / hour About Jaan Health/Phamily&nbsp; Jaan Health is a leading AI-based care management company serving healthcare providers. For nearly a decade, the company has leveraged its easy-to-use, proprietary technology to enable health systems, medical groups, and ACOs to","healthcare_provider","medium"
"811","johnson-service-group-inc","linkedin","18","Senior Piping Designer (DOE Project) | Sr. Pipe Stress Engineer | VP of Production & Supply Chain | Customer Service Representative | Materials and Process Engineer","Job Description JSG is hiring a Financial Analyst for our client in Madawaska, ME. Relocation Available Job Duties Monthly consolidations and maintaining PP&E and depreciation records. Ensures preparation and review of monthly journal entries and account reconciliations. Assist in the development of the annual business plan, monthly forecasts, and weekly updates. Attends staff meetings as required","consulting_professional_services","high"
"812","josys","ashby","18","Account Executive (Enterprise) - Tokyo | Lead DevOps engineer | Inside Sales Representative - Tokyo | Principal Product Designer | Senior Site Reliability Engineer","Lead DevOps Engineer About JOSYS Josys, a dynamic B2B SaaS platform startup, has embarked on a mission to revolutionize IT operations globally, following an exceptional launch in Japan and securing $218 million in Series A and B funding. Our platform enables businesses to conquer the complexities of work-from-anywhere setups, rapid digital transformation, and the proliferation of SaaS applications","tech_software_internet","high"
"813","karya","greenhouse","18","Analytics Lead - Data, Measurement & Impact | Associate - Impact Program | Associate Product Manager | Community Coordinator (Multiple Languages) | Content Developer - Learning and Curriculum","Karya’s mission is to leverage the AI revolution to create dignified earning and learning opportunities for low-income communities across the world. In India, our smartphone-based digital work platform has enabled over 120,000 people to build language datasets and evaluate AI models while earning fair wages. With pilots in Kenya and Ethiopia and partnerships with leading AI labs, we are advancing ","nonprofit","medium"
"814","kavaliro","linkedin","18","Business Analyst | Electrical Engineer | IT Project Manager (Resource Capacity Manager) | Payroll Specialist | Database Developer","Kavaliro's client is seek a RPG Programmer in Jacksonville, FL. This person will play a pivotal role in crafting innovative solutions for the financial applications used by our owner operators and agents. As a member of this team, you'll be at the forefront of designing, developing, configuring, deploying, and supporting RPG solutions. You also will demonstrate proficiency in setting up and troubl","consulting_professional_services","high"
"815","keyrock","ashby","18","Engineering Lead- Options | Content Intern (Brussels) | Director, Corporate Sales US - Digital Assets | Technical Lead (Rust) | Engineering Lead (Rust)","Senior Data Engineer About Keyrock Since our beginnings in 2017, we've grown to be a leading change-maker in the digital asset space, renowned for our partnerships and innovation. Today, we partner with over 250 team members around the world. Our diverse team hails from 42 nationalities, with backgrounds ranging from self-taught DeFi natives to PhDs. Predominantly remote, we have hubs in London, B","finance_fintech","high"
"816","leadbank","ashby","18","Software Engineer III (Full Stack) | Technical Account Manager | Software Engineer III | Software Engineer IV | Product Leader","Lead is a fintech building banking infrastructure for embedded financial products and services. We operate an FDIC-insured bank headquartered in Kansas City, Missouri. Additionally, we have offices in San Francisco, Sunnyvale, and New York City, where our technical, product, design, and legal teams operate. We are built for a constantly evolving financial landscape, where new ventures and technolo","finance_banking","high"
"817","lenscrafters","linkedin","18","LensCrafters - Licensed Optician | LensCrafters - Apprentice Optician | Sales Associate LensCrafters | LensCrafters - EyeCare Advisor | Sales Associate Macys LensCrafters","Requisition ID: 843983 Store #: 005591 LensCrafters Position:Full-Time Total Rewards: Benefits/Incentive Information At LensCrafters, we're passionate about bringing people better sight. And it takes thousands of people from all backgrounds to do this. By joining our team, you'll learn about the optical industry while developing the customer service and sales techniques needed to grow in your care","retail_ecommerce","high"
"818","library-of-congress","usajobs","18","Information Management Specialist (Vacancy#:VAR002706) | Materials Handler (Vacancy#:VAR002742) | Selective Placement Program (Noncompetitive Appointments for Applicants with Dis | Procurement Technician | Quality Assurance Specialist (Braille Products)","Applicants must have had progressively responsible experience and training sufficient in scope and quality to furnish them with an acceptable level of the following knowledge, skills, and abilities to perform the duties of the position without more than normal supervision. Knowledge of the federal budget process and financial management practices and procedures.** Ability to interpret and analyze ","public_sector_government","high"
"819","liftoff","greenhouse","18","Account Manager, GCR Demand | Account Manager, Monetize | Account Manager, Monetize (Russian Speaking) | Director, Product Management – ML Platform | Director, Strategic Deal Finance","Liftoff is a leading AI-powered performance marketing platform for the mobile app economy. Our end-to-end technology stack helps app marketers acquire and retain high-value users, while enabling publishers to maximize revenue across programmatic and direct demand. Liftoff’s solutions, including Accelerate, Direct, Monetize, Intelligence, and Vungle Exchange, support over 6,600 mobile businesses ac","tech_software_internet","high"
"820","liquidstack","greenhouse","18","Account-Based Marketing (ABM) | Accounts Payable / Accounts Receivable Specialist | Field Application Engineer- Europe/EMEA | Field Applications Engineer | Field Service Engineer","Company Description LiquidStack™ is a respected leader in liquid cooling solutions for information technology hardware, telecommunications, and blockchain systems. Since 2012, we have pioneered highly efficient and sustainable liquid cooling solutions that serve as the backbone for hyperscale, colocation, enterprise, edge, and blockchain data centers. Our advanced systems and services, including d","tech_hardware_semiconductors","medium"
"821","loadsmart","lever","18","Account Sales Representative | Credit Assessment Analyst (Remote - Brazil) | Credit Assessment Analyst (Remote - Philippines) | Customer Support Analyst, Argentina | Customer Support Analyst, Philippines","ARE YOU INTERESTED IN JOINING AN INNOVATIVE LOGISTICS TECHNOLOGY COMPANY? Loadsmart is a growth-stage technology company valued at over $1 billion (a true Tech Unicorn)! We are a collection of industry veterans and user-centered engineers using innovative technology to fearlessly reinvent the future of freight by helping shippers, brokers, warehouses and carriers to move more with less. With headq","transportation_logistics","high"
"822","lowes-foods","linkedin","18","Grocery Stocker PT | Beef Shoppe/Seafood Clerk PT | Smokehouse Pit Master | Barista Clerk PT | Cashier PT","Overview It's an exciting time to join Lowes Foods! In addition to being part of a family-owned and growing company, we offer great pay (get paid weekly or opt in Daily Pay!), flexible schedules, and excellent benefits including a 401K and Pension Plan, tuition assistance and more! You will join a high-energy and fast-paced team that supports Lowes Foods To Go – our online ordering program that gu","retail_ecommerce","high"
"823","m9solutions","greenhouse","18","Data Scientist II | Data Scientist III | DevOps Engineer | Field Data Platform Engineer | Full Stack Developer","M9 Solutions is dedicated to providing IT services and solutions to the Federal Government by mobilizing the right people, skills, clearance levels, and technologies to help organizations who desire improved performance and modern, sustainable change. M9 has provided quality IT services and support to more than 30 Federal Agencies and multiple commercial customers nationwide. Our capabilities incl","consulting_professional_services","high"
"824","mable","lever","18","Collections Specialist | Corporate Finance Manager | Customer Success Specialist (Retention) | Customer Support Specialist | Digital Optimisation Manager","HomeMade, Mable, Leap in! and Mable Direct are entities under the Attain Healthtech Group of companies. While our companies are diverse, three similarities bind us: 1. We exist to create lasting, positive change across the entire care and support sector - impacting more lives, elevating standards and shaping the future of care 2. We believe in technology as an enabler 3. We’re driven by helping cu","tech_software_internet","high"
"825","maltimur-resources-sdn-bhd","jobstreet","18","Management Trainee | Document Controller (Limbang/Lawas) | Traffic Management Officer (Lawas) | Stakeholder Engagement Executive (Lawas) | Environmental Officer (Kuching)","[Category: Administration & Office Support / Administrative Assistants] Description 1. Memimpin dan memberi sokongan teknikal kepada pengurusan risiko projek melalui pemudahcaraan semakan risiko secara berkala di peringkat kontrak dan projek. 2. Menyediakan pemodelan risiko kos dan jadual, menyediakan laporan risiko projek secara terperinci seperti yang diperlukan untuk laporan bulanan, dan bertan","real_estate_construction","medium"
"826","marshmallow","ashby","18","FNOL Handler (Motor claims) | Senior Pricing Data Scientist | Principal Data Scientist | Lead Pricing Data Scientist | Technical Lead","We’re on a mission to make migration easy. We started building Marshmallow in 2017. Since then, we’ve grown from 3 to 700+ people, gained unicorn status, raised ~£140M over three funding rounds, turned profitable, insured millions of drivers and lent millions in car loans. But we’re only just getting started. Our goal is to become one of the largest financial services providers in the world. Over ","finance_insurance","high"
"827","mattermost","greenhouse","18","Account Manager - Federal | Commercial Account Manager (UK) | Federal Solution Architect | Growth Web Engineer (AI-Enabled) | Lead Site Reliability Engineer","Mattermost is the leading collaborative workflow platform for defense, intelligence, security, and critical infrastructure. Trusted by the U.S. Department of War and Fortune 500s, our platform runs on-premises and in private clouds, delivering secure messaging, file sharing, workflow automation, audio/screenshare, and project management—all with full data and operational control. Mattermost powers","tech_software_internet","high"
"828","metlife","linkedin","18","Principal AI Engineer (Virtual) | Pet Claims Job Coach | Director - Strategic Planning | Digital CMS (Content Management System) Lead | M365 Copilot Engineer","Requirements Description and Requirements Role Value Proposition: The Group Benefits (GB) organization is responsible for the strategic direction, growth and management of MetLife's industry leading U.S. employee benefits business. Our sales force works directly with customers or through brokers, exchanges, and other third parties to distribute our broad range of Group Life, Dental, Vision, Group ","finance_insurance","high"
"829","nala-group","jobstreet","18","Senior Finance Executive | HR Executive | HR Manager (Motor Dealer) | Assistant Finance Manager / Senior Accounts Executive | Junior Recruitment Consultant","[Category: Sales / Account & Relationship Management] Corporate Sales Account Manager | 60k - 80k Potential Annual Earning Job ID: S130 | 2024002JF-C(30) Position: Corporate Sales Account Manager Basic: $2650 (Potential Annual Income 60k - 80k) Allowance: $520 fixed allowance + $500 first 3 months guarantee commission Working days: 5 working days Location: One North MRT, Singapore Responsibilities","automotive","medium"
"830","newform","ashby","18","Video Editor (UGC) | Growth marketing manager | Performance Creative Strategist (paid ads) | Full stack engineer | In-house content creator","ABOUT NewForm is a tech-enabled performance marketing firm that oversees ~$100M/yr in spend for tech and mobile brands. We help category disruptors — Betr, ElevenLabs, Binance, and others — scale paid social with a short-form, content-led approach. We combine an in-house content team creating thousands of human ads a month with an AI creative intelligence platform to drive results/ THE ROLE As a G","tech_software_internet","high"
"831","nirvana-kl-berhad","jobstreet","18","Customer Service Executive/Assistant (Mandarin Speaking, Nirvana 2 KL) | Counter Customer Service Executive (Mandarin Speaking, Nirvana 2 KL) | Service & Operation Assistant (Mandarin Speaking, Nirvana 2 KL) | Admin (Customer Service) Intern (Nirvana 2 KL) | Finance (Credit Admin Recovery) Intern (Nirvana 2 KL)","[Category: Manufacturing, Transport & Logistics / Purchasing, Procurement & Inventory] ~~5 Star International Hotel Alike Working Environment~~ Free Parking at Indoor Parking Lot Meal Discount for Staff Yearly Increment and Performance Bonus Purchasing Assistant (Full Time) 1. Perform sourcing, evaluation of quotations, and issuing of purchase order to vendors. 2. Coordinate, receive, arrange, and","other","medium"
"832","oconnellelectric","greenhouse","18","Billing Administrative Assistant | Client Support Specialist | EPC Project Manager | Field Engineer | General Manager, Construction","Field Engineer O’Connell Electric Company is seeking an entry level Engineering, Procurement, and Construction Field Engineer. This full-time entry level engineering position will work closely with the EPC Manger, supporting Project Managers, customers and clients.&nbsp; This role will provide professionalism that bridges the gap between project management and the on-site construction team, overse","real_estate_construction","high"
"833","octopuslegacy","greenhouse","18","Account Executive | Account Manager | Customer Success Specialist | Enterprise Growth Lead | Estate Planning Consultant","The Company Octopus Legacy is the place to plan for death and find support after loss. When people think about planning for death they think about wills, life insurance and funerals. We take these cold processes and turn them into something more human. Share more than money: leave voice notes, music, recipes. Shape a legacy that connects you while you're here. And after you're gone. Founded by Sam","legal_services","medium"
"834","origisenergy","greenhouse","18","Capital Markets Manager or Associate | Design Engineer I/II | Director Capital Markets | Director Mergers & Acquisitions (M&A) | Director Origination","Join the Origis Energy Team! Origis Energy is accelerating the transition to a carbon-free future by Reimagining Zero SM . As one of America’s leading renewable energy and decarbonization solution platforms, the company continues to expand and reimagine its contribution to the world’s net-zero goals. Origis Energy puts customers first to deploy a wide range of sustainable solutions for grid power ","energy_utilities","high"
"835","patreon","ashby","18","Senior Software Engineer, Storage | Porto Site Lead | Product Designer, Discovery | Product Designer, Creator Success | Staff Software Engineer, Identity & Access","Patreon is a media and community platform where over 300,000 creators give their biggest fans access to exclusive work and experiences. We offer creators a variety of ways to engage with their fans and build a lasting business including: paid memberships, free memberships, community chats, live video, and selling to fans directly with one-time purchases. Ultimately our goal is simple: fund the cre","media_entertainment","high"
"836","piermontbank","greenhouse","18","Applications Engineer | Asian American Market CRE Relationship Manager | Asian American Market Relationship Manager | C&I Relationship Manager | Client Care Relationship Associate","About Us: Piermont Bank is a commercial bank with a mission to serve growth companies. We are entrepreneur-led and tech-forward.&nbsp; We believe in being a partner for enterprising companies, acting as a catalyst for mid-market innovation and growth.&nbsp; Piermont’s financial solutions and expertise empower our business community to thrive.&nbsp; At Piermont, we are purpose-driven, practical, an","finance_banking","high"
"837","popsockets","lever","18","Area Manager - China | Back End Systems QA Engineer | Contract Creative Copywriter | Contract Graphic Designer, Visual Merchandising & Packaging | Creative Strategist","Launched in 2014 by former philosophy professor David Barnett, PopSockets is a global digital-lifestyle company that sells empowering, fun, and expressive products that improve people’s digital lives. PopSockets has sold close to 300 million of its iconic phone grips in 75 countries and now has an expanding ecosystem of related products, including phone cases, wallets, mounts, batteries, and charg","consumer_brands","high"
"838","publiccloudgroup","ashby","18","Junior Azure Engineer (w/m/d) | Senior Google Workspace Engineer (m/w/d) | SAP Solution Architect (m/w/d) - Schwerpunkt BTP | Market Developer | Enterprise Account Executive (m/w/d) - New Business Google Cloud","Introduction Our international team is expanding the Sales department with talented Market Developers experienced in helping companies grow their client base. If you are an experienced Market Developer with a proven sales track record in selling services, rate yourself high on communication skills and know your way around clients, keep reading! Primary Responsibilities Develop a strong understandi","consulting_professional_services","high"
"839","researchpartnership","greenhouse","18","Associate Director | Associate Director, Fieldwork Operations | Associate Manager - Pricing | Data Processing Executive | Data Processing Manager","About Inizio Ignite: Inizio Ignite is the global advisory partner for health and life sciences, encompassing connected expertise across Research Partnership, Putnam, Vynamic, and STEM. Guided by purpose, passion, and precision, we collaborate with clients to ignite impact, accelerate performance, and deliver lasting change for patients. By uniting strategy, insights, and innovation with a unique d","consulting_professional_services","high"
"840","revance","greenhouse","18","Accounts Payable Specialist | Cost Accountant | Global Medical Information and Scientific Engagement Liaison | HCP Education & Content Development Manager | Internal Communications Specialist","Job Summary: The Cost Accountant plays a critical role in supporting inventory and cost accounting operations within a manufacturing environment. This position assists with monthly close activities, cost variance analysis, inventory reconciliations, and financial reporting to help ensure accurate product costing and financial statement integrity. The ideal candidate is detail-oriented, collaborati","healthcare_pharma_biotech","high"
"841","rk","linkedin","18","Sheet Metal Installer | Plumber | HVAC Service Technician (up to $5000 sign on Bonus) | Small Project HVAC Estimator- Service | HVAC Service Superintendent","Description RK Company Overview As a second-generation, family-owned enterprise, RK Industries, LLC (RK) offers a diverse range of construction, manufacturing, advanced fabrication and building services. Led by Rick and Jon Kinning, RK represents seven distinct lines of business that work together to provide seamless project collaboration. Our exclusive building methodologies, accredited safety st","real_estate_construction","high"
"842","rox-data-corp","ashby","18","Growth Strategy Lead | Founding Solutions Engineer (Austin) | Strategic Account Executive (Austin) | Backend Platform Engineer (BLR) | Strategic Account Executive (SF Onsite)","About Rox Rox is building an AI-native revenue operating system that turns every sales rep into a top performer. Backed by Sequoia, GV, and General Catalyst ($50M raised), we've built a platform used by 35+ leading enterprise teams including OpenAI, Ramp, and MongoDB. Our ""Agent Swarm"" architecture transforms fragmented CRM data into intelligent, autonomous workflows that research accounts, person","tech_software_internet","high"
"843","rvohealth","greenhouse","18","Associate Director, Paid Media | Director, Integrated Marketing | Don't see what you're looking for? | Head of Sales, Weight Care | Health Coach - Real Appeal","AT A GLANCE We are looking for a dynamic board certified physician, preferably an endocrinologist with&nbsp;obesity medicine credentials, to serve as Medical Director. The successful candidate will&nbsp;collaborate closely with the General Manager of Wellness &amp; Weight Health, focusing on building&nbsp;B2B digital clinical products, overseeing the care delivery team, leading clinical efficacy s","media_entertainment","high"
"844","salsify","greenhouse","18","Associate Enterprise Architect | Business Process Analyst | Customer Success Technical Consultant | Deal Desk Analyst | Ecosystem Partner Manager","Come join a company who is a key leader in the industry scaling the next core commerce infrastructure and on the path from $100M to $500M! Founded in 2012, Salsify helps brand manufacturers, distributors, and retailers in over 80 countries collaborate to win on the digital shelf. As the market leader globally, our products are shopper-centric, frictionless, and create memorable commerce experience","tech_software_internet","high"
"845","scicom-msc-berhad","jobstreet","18","Executive - Monitoring Support | Executive Technical Support (English & Thai Language) | Specialist - Technical Support (ANZ & Malaysia & Singapore) | Specialist - Technical Support (Cantonese - Hong Kong & Taiwan) | PHP Programmer","[Category: Human Resources & Recruitment / Industrial & Employee Relations] Roles and Responsibilities: Responsible for all Industrial Relations activities for the company, including handling all matters related to disciplinary actions, grievances, counseling, staff misconduct, advising, and guiding management on the best practices of employer and employee relations including all relevant employme","consulting_professional_services","high"
"846","smartcatplatforminc","greenhouse","18","AI-first QA Engineer | AI-first Talent Acquisition Partner (GTM + Tech) | Controller | Customer Experience Specialist | Director of Product Marketing","About Smartcat Smartcat is building the future of work, where human expertise meets digital teammates to drive 10x to 1000x productivity gains for the world’s leading enterprises. We’re on the frontier of an entirely new category: Agentic AI. We enable enterprises to build high-performing hybrid workforces made up of both humans and AI agents. These AI agents aren’t generic copilots. They’re fully","tech_software_internet","high"
"847","southgeeks","ashby","18","Senior Full-stack Engineer (Firebase) | Senior InfoSec Engineer | Full-stack Engineer (Java+JS) | Senior Backend Engineer (PHP/Rust migration) | Senior Android Engineer","Hi there :) Thanks for checking in to find out about our open position. We´ll provide as much information as possible, but please feel free to reach us if you have further questions. We´ll be happy to see your application, even if there are skills you don't quite master! About Us At South Geeks, we connect top LATAM engineering talent with innovative companies building impactful products worldwide","consulting_professional_services","high"
"848","spycloud","greenhouse","18","Content Specialist | Director of Product Analytics | Director of Software Engineering – AI-Forward Console Platform | Facilities Coordinator (Part Time) | Manager of Governance, Risk and Compliance (GRC)","SpyCloud is on a mission to make the internet a safer place by disrupting the criminal underground. SpyCloud’s solutions thwart cyberattacks and protect more than 4 billion accounts worldwide. Cybersecurity is an exciting, evolving space, and being at the forefront of the fight to disrupt cybercrime makes SpyCloud a special place to work. If you’re driven to align your career with a fantastic miss","tech_software_internet","high"
"849","srsacquiom","greenhouse","18","Business Intelligence Analyst | Client Services Liaison | Content Strategy Director | Contract Review Attorney | Fulfillment Analyst","About SRS Acquiom&nbsp;&nbsp; &nbsp; &nbsp; SRS Acquiom has built its reputation on shaking up the financial services technology world by redefining how complex M&amp;A and loan agency transactions get done. Since 2007, we’ve been the partner dealmakers rely on for speed, precision, and less friction -supporting over 10,000 deals worth more than $1.7 trillion along the way. &nbsp; Our solutions st","finance_banking","high"
"850","starhub-ltd","jobstreet","18","Financial Analyst (5 Months Contract) | Senior Data Engineer | Senior Executive, Resource Management | Engineer (Network Operation Centre) | Team Lead NOC Engineer","[Category: Construction / Project Management] 2 Years Contract - TELCO Field • Responsible for the start-to-finish delivery of Starhub WAN services projects • Front customers, provide him with status updates and ensure customer satisfaction is achieved • Manage project schedule, coordinate with stakeholders • Prevents project scope creep and manage change requests. • Identifies and manages project","telecommunications","high"
"851","sterling-engineering","linkedin","18","Lead Controls Engineer | SAP Coordinator | Supply Chain Specialist | Price Quote Specialist | Regulatory Affairs Specialist","Overview/Summary:Join a dynamic and innovative company at the forefront of manufacturing excellence! We are seeking a highly skilled and experienced Operations Manager. In this role, you will direct and manage all build, fabrication, and facility functions, ensuring exceptional customer satisfaction and driving continuous improvement across our operations. Be part of a team that values employee de","consulting_professional_services","high"
"852","stratacareers","greenhouse","18","Applied Machine Learning Engineer | Consultant, Decision Support | Consultant, Healthcare Revenue Cycle (Software) | Consultant, Higher Education | Consultant, Staff Augmentation - Planning and Performance Management","As our&nbsp; Payroll Manager , you will own payroll end-to-end, ensuring every team member is paid accurately and on time, while also stepping into the broader world of accounting, payroll tax compliance, and financial operations .&nbsp; This is a role for someone who enjoys both precision and variety .&nbsp; Someone who is just as comfortable reconciling payroll accounts as they are jumping in to","tech_software_internet","medium"
"853","sunglass-hut","linkedin","18","Sunglass Hut - Store Manager 2 - Wellington Green-Macy's | Sunglass Hut - Store Manager 2 - Freeport Village Station | Sales Associate Sunglass Hut | Store Manager | Sales Lead","Requisition ID: 843005 Store #: 005738 Sunglass Hut MACYS Position:Full-Time Total Rewards: Benefits/Incentive Information Sunglass Hut is a global leader in the sale of premium sunglasses with over 1600 retail stores across North America. By joining our team you'll grow with the brightest in retail! We offer competitive benefits, valuable training, and unlimited growth opportunities. We believe i","retail_ecommerce","high"
"854","sunway-winstar","jobstreet","18","Intern - Human Resources | Trade Marketing Executive | Internship - Purchasing | Roadshow Executive | Sales Executive (Sanitary Plumbing & Electrical)","[Category: Administration & Office Support / Administrative Assistants] Key Responsibilities: Handle online, email, and phone sales processes efficiently. Ensure accuracy in orders and invoices to maintain customer satisfaction. Provide basic customer service support, including answering inquiries and addressing questions. Manage order timelines to ensure prompt delivery. Receiving and processing ","real_estate_construction","medium"
"855","swissport","linkedin","18","OAK Pipeline Operator | JFK Duty Manager Ramp Services | LGA GSE Mechanic | MSP Fuel Farm Operator | LGA Fueling Supervisor","Overview Are you ready to take flight in a dynamic and fast-paced aviation industry? As a global leader in aviation services, Swissport provides Ground Handling, Cargo Handling, and Passenger Services to over 300 million passengers annually. Our mission is simple - “To provide the aviation industry with consistent and tailor-made solutions around the globe, for a better customer experience.” We be","transportation_logistics","high"
"856","synergy-house-furniture-sdn-bhd-location-at-top-glove-tower-setia-alam","jobstreet","18","Data Entry (Marketing) | Purchasing Executive (Junior) | Merchandiser Analyst/Coordinator | IT System Support (ERP) | Operation Coordinator (Based in Muar)","[Category: Call Centre & Customer Service / Management & Support] Essential Job Functions Customer Inquiry and Complaint Handling: Promptly respond to inquiries and complaints from overseas customers, providing solutions that exceed customer expectations, part replacement coordination requested by customers, ensuring a smooth and efficient process handling customer inquiry and compliant within the","consumer_brands","medium"
"857","talentful","ashby","18","Principal Technical Recruiter | Senior Recruiter (6-month FTC) | Senior Technical Recruiter | Senior G&A Recruiter (12-month FTC) | Senior Technical Recruiter (12-month W2 Contract)","Talentful is shaping the future of how high-growth companies build world-class teams. We partner with some of the fastest-scaling technology businesses to turn talent into a durable competitive advantage and help them win in the market by attracting, engaging, and retaining the top talent who accelerate growth. Founded in 2015, Talentful brings together seasoned talent leaders who embed seamlessly","consulting_professional_services","high"
"858","technocom-systems-sdn-bhd","jobstreet","18","Finance Executive | Technician, Manufacturing | System Integration Quality (R&D) | Trainer | FINANCE","[Category: Information & Communication Technology / Engineering - Network] Job Responsibilities: Manage and monitor all installed systems and infrastructure (servers, storage systems, backup server) to ensure availability, performance & security; Management of systems (servers, storage, backup) daily activities; incident and problem management through ticketing system and liaise with vendors and o","manufacturing","high"
"859","teck-guan-group","jobstreet","18","Field Checker | Road Maintenance | Electrical Chargemen | Mill Manager | Steel Factory Manager","[Category: Hospitality & Tourism / Management] This role is based in Tawau, Sabah. Candidates must be aware that relocation to Tawau is a requirement when applying for this position. Responsibilities: Operational Oversight: Oversee day-to-day operations, ensuring adherence to policies, procedures, and industry standards. Oversee the maintenance, cleanliness, and safety of hotel facilities, ensurin","manufacturing","medium"
"860","telesign","greenhouse","18","API & AI Plugins Integration Engineer | Data Partnerships Manager | Enterprise Account Director | Microsoft Dynamics 365 Finance Functional Analyst | Partner GTM Lead","The GTM Partner Lead is responsible for defining and executing a partner‑led go‑to‑market strategy for Proximus Global’s enterprise portfolio, with a primary focus on Digital Identity (Telesign – Protect) and Messaging &amp; Customer Engagement (Route Mobile – Engage). This is a senior individual contributor role operating at the intersection of product, sales, marketing and partnership teams, ens","tech_software_internet","high"
"861","tempo-xyz","ashby","18","Infrastructure Engineer, Blockchain (Remote - USA) | Enterprise Partnerships (SF) | Rust Engineer | Communications Lead | General Interest","Tempo is a layer-1 blockchain purpose-built for stablecoins and real-world payments, born from Stripe’s experience in global payments and Paradigm’s expertise in crypto tech. Tempo’s payment-first design provides a scalable, low-cost predictable backbone that meets the needs of high-volume payment use cases. Our goal is to move money reliably, cheaply, and at scale. Our north star is simplicity fo","finance_fintech","high"
"862","terminix","linkedin","18","Commercial Service Technician | Manager, Sales Intelligence & Insights (Remote) | Outside Sales Professional | Commercial Pest Technician | Commercial Sales Professional","Benefits Start Day 1 for Full-Time Colleagues - No Waiting Period! For more information about our benefits, see below! We are proud to be a member of the Rentokil family of companies, the global leader in Pest Control and other services across more than 90 countries. We pride ourselves on being a trusted partner to many of the world's leading brands and serve consumer and business customers across","other","medium"
"863","thndr","ashby","18","Senior GRC Security Engineer | Head Of Information Security | Senior DevOps/Infrastructure Engineer | Head of Compliance & AML | Creative Copywriter","About The Role In this role, you’ll support the Brand Team with day-to-day brand activities, from content coordination and campaign execution to trend research and community engagement. We’re looking for someone who is organized, curious, and up to date on culture, content, and digital trends. What You'll Do Work closely with the brand and creative teams to bring campaigns and ideas to life Assist","finance_fintech","high"
"864","tomo","ashby","18","Application Analyst | Business Development Representative | Mortgage Underwriter | Sales Manager, Loan Officers | Mortgage Loan Officer (Detroit, MI)","Who We Are Tomo is a digital mortgage company on a mission to eliminate the greed and complexity in lending, helping homebuyers save thousands of dollars. Our AI-driven customer experience makes the lending process faster, less frustrating, and more affordable. By passing these savings directly to homebuyers, we eliminate excessive fees and inflated rates that cost Americans billions each year. Ba","finance_fintech","high"
"865","trailappliances","lever","18","Delivery Assistant - Delta (0126) | Delivery Assistant - Nanaimo (0526) | Delivery Driver - Class 5 - Victoria (0526) | District Sales Manager, Business Development (1225) | ERP Administrator (526)","Working at Trail Appliances means joining an entrepreneurial-minded, driven team dedicated to delivering an exceptional customer experience. Trail Appliances is the leading independent appliance retailer in Western Canada. We’re a fast-growing company with over 500 employees in British Columbia, spread out over 10 showrooms, 3 Outlet Centres, 3 distribution centres, and 4 offices in BC's major mar","retail_ecommerce","high"
"866","trident-seafoods","linkedin","18","WELDER I WRANGEL SHOREPLANT SEASONAL | REGIONAL HR MANAGER | SHIFT LEAD 3RD SHIFT MOTLEY PLANT | SEAFOOD PROCESSOR DAY SHIFT ANACORTES | HR MANAGER PLANT AK","Description LFS, Inc. was established in 1967 and is a wholly owned subsidiary of Trident Seafoods. Our corporate headquarters is in Bellingham, WA and we have three year-round locations in Washington State: Bellingham, Seattle, and Poulsbo. LFS also has five year-round locations in Alaska: Anchorage, Cordova, Dutch Harbor, Homer (Kachemak Gear Shed), and Sitka; and three seasonal locations in Ken","agriculture_food_production","high"
"867","veracode","greenhouse","18","Business Development Representative | Corporate Counsel | Director, Strategic Product Management | Future Opportunities in Sales | Head of Product Design","Looking for an innovative, high-growth, multi-award-winning company in one of the hottest segments of the security market? Look no further than Veracode!&nbsp; Veracode is a global leader in Application Risk Management for the AI era. Powered by trillions of lines of code scans and a proprietary AI-generated remediation engine, the Veracode platform is trusted by organizations worldwide to build a","tech_software_internet","high"
"868","viamericas","lever","18","Accounts Receivable Representative | Agent Support Representative – Rest of World - Philippines | Agent Support Representative – Rest of World - Vietnam | Bill Payment & TopUps Specialist | Business Development Executive","Viamericas is a #1 ranked and licensed money transmitter offering international money transfer, bill payment, check processing and a variety of other services at thousands of agent locations across the United States, and 287,885 locations in 95 countries. At Viamericas, our ultimate objective is to help immigrants succeed and improve their lives by providing the highest quality financial services.","finance_fintech","high"
"869","vida","lever","18","Bilingual Member Services Agent I | Health Coach | IT Support Coordinator | Lead Zendesk Administrator | Marketing Automation Tech Specialist","ABOUT US At Vida, we help people get better- and we're helping the healthcare system get better, too. Vida is a virtual, personalized obesity care provider that uses evidence-based treatment to help patients manage obesity and related conditions like diabetes, high blood pressure, anxiety and depression. Vida's team of Obesity Medicine-Certified Physicians, Registered Dietitians, Expert Coaches an","healthcare_provider","high"
"870","vizzia","ashby","18","Business Operations Manager | Business Intelligence Analyst | Product Marketing Manager - Waste Vertical (Dépôts Sauvages) | Performance Marketing Lead | Senior software engineer","🎯 Mission Vizzia is growing — in headcount, in geographies, in entities. As a true business partner to our operational teams, not a support function. You’ll own and develop FP&A: challenging decisions, modelling the future, and giving leadership the clarity it needs to move fast without losing control. High ownership. Direct CFO proximity. No perfect playbook — yet. 🛠️ Responsibilities Monitor bud","tech_software_internet","low"
"871","westair","lever","18","A&P Aircraft Maintenance Technician - Honolulu, HI | A&P Aircraft Maintenance Technician – Hiring / Relocation Incentive DOE | Aircraft Maintenance Internship - SkillBridge | Aircraft Structures Technician | Aircraft Upholstery Technician","JOB SUMMARY **THIS OPPORTUNITY IS FOR TRANSITIONING MILITARY SERVICE MEMBERS ONLY** Western Aircraft is an approved SkillBridge Internship provider under the Department of Defense Instruction 1322.29. Our Aircraft Maintenance Internship is an excellent opportunity for transitioning service members to gain valuable civilian work experience during their last 180 days of active-duty service. SkillBri","defense_aerospace","medium"
"872","wikimedia","greenhouse","18","Email Developer (Fundraising) (1 year Contract) | Lead Recurring Giving Specialist (Fundraising) | Lead Technical Program Manager | Legal Counsel | Legal Fellow (Fall 2026)","Summary Wikimedia envisions a world where the sum total of human knowledge is available to everyone.&nbsp; The Wikimedia Foundation, the nonprofit home of Wikipedia, Wikimedia Commons, and other free educational projects, serves as the hub of a global movement of hundreds of thousands of contributors collaborating to collect and share the sum of all human knowledge with the world. Protecting the p","nonprofit","high"
"873","woodward-inc","linkedin","18","(SAP) IT Business Systems Manager | Maintenance Mechanic - Lubrication and Coolant | shipiping Receiving specialist | Mechanical Assembler 2nd shift | Associate Machinist AWS Days","Job Description Woodward supports our members’ wellbeing and regularly benchmarks with other companies in our industry to offer an extensive Total Reward package for this position. Salary will be determined by the Collective Bargaining Agreement and applicant's education, experience, knowledge, skills, and abilities, as well as internal equity and alignment with market data. 9.5% annual retirement","manufacturing","high"
"874","workleap","greenhouse","18","Accountant (12-month Contract) | DevSecOps Lead | Director, Account Management - ShareGate | Director, Security & Infrastructure | Front-End Developer II - ShareGate Migrate [Web Experience]","Company Description Workleap is a Montreal-based tech company on a mission to make work simpler. Since 2006, we’ve been building game-changing products that tackle HR and IT’s biggest challenges. Workleap operates two distinct product lines: The Workleap Platform , an AI-powered HR solution designed to drive team performance and boost employee engagement. ShareGate , the leading Microsoft 365 migr","tech_software_internet","high"
"875","zimperium","lever","18","AI Software Engineer (Python) - Bangalore, India | Business Development Representative | Customer Success Manager (Public Sector & Endpoint Security) - Dallas, Texas | Customer Success Manager - Brazil | Customer Support Engineer (Malaysia - Tier 2)","Zimperium® is the world leader in mobile security, purpose-built to protect the modern mobile enterprise. Trusted by leading organizations and governments, our AI-driven platform delivers real-time, on-device protection for mobile applications and devices. We help organizations stay ahead with proactive defense against evolving threats—including mobile-targeted phishing (mishing), malware, app vul","tech_software_internet","high"
"876","zipcolimited","greenhouse","18","Compliance Manager | Customer Experience Specialist (casual) | Director Business Management, Technology, Data & AI | Director, Customer Management Risk Strategy | Director, US Strategic Partnerships","Own the architecture and evolution of Zip’s real-time money movement and payments platform, powering millions of transactions. Lead cross-team technical direction across distributed systems while embedding AI into engineering workflows and product capabilities. Remote-first role for US-based engineers, with optional collaboration from our NYC office. &nbsp; Start your adventure with Zip&nbsp; &nbs","finance_fintech","high"
"877","Fuse","ashby","17","Electrical Engineer - San Leandro | Laser Engineer - Montreal | Tech Team Alpha Technician | Laser Engineer - San Leandro | Mechanical Engineer - San Leandro","About Fuse We’re a tight, hands-on crew—builders who test hard, move fast, and let results speak. Low ego, high discipline, and a bias for small teams operating on the bleeding-edge of hardware. The culture is proof-driven: we are extreme people who build, break, and iterate. On the tech side, we’re engineering high-efficiency pulsed-power drivers on a practical MagLIF path—scaling from demonstrat","manufacturing","medium"
"878","a-p-moller-maersk","linkedin","17","Sr. Customer Experience Partner - Logistics (On- Site/Pooler, GA) | Field Sales Account Executive | Warehouse Associate | Continuous Improvement Project Manager | Product Owner – Integration Products","As a company, we promote a culture of honesty and integrity, and value the trust it allows us to build with customers and employees alike. Our focus on our people is what sets us apart and keeps our customers coming back to work with us! If you are seeking to be a part of a family, this is the place for you! Maersk Warehousing and Distribution USA LLC handles end-to-end warehousing and distributio","transportation_logistics","high"
"879","a16z","greenhouse","17","Contractor, GTM Coordinator | Contractor, Office Coordinator, Crypto | Partner 16, Associate, Business Development, Healthcare | Partner 16, Senior Accountant | Partner 16, Software Engineer, Backend, ASG","Founded in Silicon Valley in 2009 by Marc Andreessen and Ben Horowitz, Andreessen Horowitz (aka a16z) is a venture capital firm that backs bold entrepreneurs building the future through technology. We are stage agnostic . We invest in seed to venture to growth-stage technology companies, across AI , bio + healthcare , consumer , crypto , enterprise , fintech , games , and companies building toward","finance_banking","high"
"880","abacum","ashby","17","Senior Back End Engineer | Senior Account Executive | Senior Front End Engineer | Lead Product Marketing Manager | FP&A Operations Associate","About Abacum Abacum is the leading Business Planning solution for finance teams to drive performance . By automating reporting, enabling collaboration, and simplifying planning and forecasting, we help finance teams shift from number crunching to driving strategic decisions. Founded in 2020 by two former CFOs, we’ve grown into a global team of 100+ people across 30+ nationalities . Headquartered i","tech_software_internet","high"
"881","acuitymd","greenhouse","17","Customer Success Manager, Growth | Data Engineer, Encounters Intelligence | Data Program Associate | Data Solutions Engineer | Deal Desk Associate","Deal Desk Associate AcuityMD is a software and data platform that accelerates access to medical technologies. We help MedTech companies understand how their products are used, why customers vary, and identify opportunities for physicians to better serve their patients. Each year, the FDA approves ~6,000 new medical devices. Our solution helps MedTech companies get these products to physicians more","tech_software_internet","high"
"882","adams-martin-group","linkedin","17","Complex Litigation Paralegal | Contract Litigation Attorneys | Legal Assistant for In-House Opportunity | Criminal Defense Paralegal in Glendale | Paralegal","Job Posting: Document Review Paralegal - Mesothelioma CasesLocation: Huntington Beach, CASchedule: Full-time, Monday to Friday, 8:00 AM to 5:00 PMSalary: $30-$35 per hourType: Long-term Temporary with potential for Temp-to-HireOverviewAdams & Martin Group has partnered with a consulting firm located in Huntington Beach CA and are seeking a highly skilled and experienced Document Review Paralegal t","consulting_professional_services","high"
"883","aequor","linkedin","17","Technical Writer | Assistant Scientist | Business Analyst | Business Systems Analyst | Technical Writing Specialist","Job Title: Research Associate IILocation: South San Francisco, CADuration: 3 years Job ResponsibilitiesProvide viral vector core services, which include lentiviral library production, Adeno-associated virus (AAV) production and viral vector analytics.Maintain virus inventory and registry using informatics platform such as the Benchling system.Assist with viral vector technology development and app","consulting_professional_services","high"
"884","airspace","greenhouse","17","Associate Technical Product Manager, Integrations | Chief of Staff to CBO, Industrials | Enterprise Account Manager (Medical Device) | Fleet Manager Product Manager | Head of Pricing","Company Introduction: Airspace is a tech-enabled freight forwarder that’s redefining how the world’s most critical packages are delivered. Headquartered in Carlsbad, California, Airspace has employees who are based around the world. Our European headquarters is in Amsterdam, The Netherlands. As a recognized leader in AI and machine learning, our team leverages data and patented technology to coord","transportation_logistics","high"
"885","allium","ashby","17","Blockchain Data Wizard, Analyst or Scientist | Software Engineer | Account Executive | Head of Marketing | Full Stack / Product Engineer","The 4 biggest blockchain strengths are also its weakness Permissionless nature leads to fragmentation of meaning Decentralization leads to too many standards Immutability leads to exponential data + query infrastructure complexity Neutrality means that no one is accountable for interpretations Blockchain data is public. It is not usable at institutional scale. Despite being open, blockchain data i","finance_fintech","high"
"886","altanaai","greenhouse","17","Chief of Staff to the CEO | Customer Success Manager, Enterprise | Director of Accounting | Director of Product Management (Public Sector) | Executive Assistant to the CEO","Altana is the network for trusted trade. Our AI-powered product network empowers governments and businesses to build a more resilient and secure global economy while keeping trade flowing. About the Role You will be the founding BI Engineer at Altana, responsible for building the analytical infrastructure that enables data-driven decision-making across the entire company. This is not a reporting r","tech_software_internet","high"
"887","ambient.ai","ashby","17","Senior Applied Research Scientist - Foundation Models | Senior Manager, Software Engineering | Applied Research Scientist - Foundation Models | Sr. Software Engineer, Fullstack | Director, Software Engineering (Product)","Build a safer world with us, one incident at a time. Ambient.ai is the category creator and leader in Agentic Physical Security. Powered by Ambient Pulsar, the first reasoning Vision-Language Model purpose-built for physical security, our platform seamlessly integrates with existing security cameras and physical access control systems to unify monitoring, access control, threat assessment, respons","tech_software_internet","high"
"888","ambu-sdn-bhd","jobstreet","17","Senior Facilities Engineer | Accountant, Intercompany (FSS) | Senior / R&D Test & Verification Engineer | Staff / Design Control Engineer | Manager, HR Operations","[Category: Accounting / Bookkeeping & Small Practice Accounting] Ambu Financial Shared Service Team is expanding its team, and we’re looking for a new candidate to join us on our journey. Why choose Ambu Financial Shared Service Team? We believe that our people are the foundation of the team. We strive to constantly improve, and to ensure that our members are properly equipped to handle the rapidl","healthcare_devices","high"
"889","amd","linkedin","17","Corporate Communications Manager 2 | 47387 Power, Performance & Product Definition Engineer | Bus. Process Improvement Manager | Executive Assistant | Shader Design Verification Engineer","WHAT YOU DO AT AMD CHANGES EVERYTHING We care deeply about transforming lives with AMD technology to enrich our industry, our communities, and the world. Our mission is to build great products that accelerate next-generation computing experiences – the building blocks for the data center, artificial intelligence, PCs, gaming and embedded. Underpinning our mission is the AMD culture. We push the li","tech_hardware_semiconductors","high"
"890","americanequityinvestmentlifeinsurancecompany","greenhouse","17","Actuarial Associate | Counsel, Product | Director, Investment Accounting Policy | Financial Reporting Analyst I | Financial Reporting Lead - SAP","At American Equity we offer leading annuity products that help empower our clients to fulfill their needs and wants in retirement. Our success comes from hiring high-energy individuals who embody the beliefs that drive our unique culture. We currently fund over half a million retirements nationwide, headquartered in Des Moines, Iowa, for over thirty years with satellite offices in Charlotte, NC an","finance_insurance","high"
"891","analyte-global-technologies-sdn-bhd","jobstreet","17","Cybersecurity analyst | Data Visualization Engineer | Devsecops Engineer | Information Security Analyst | SDET","[Category: Information & Communication Technology / Security] Description ""* Contribute to and/or lead various security architecture review efforts to ensure products include security into design, development and operations. * Contribute to and/or lead threat modeling efforts against products, tools and enterprise applications that Comcast designs, builds and operates. * Identify and document secu","tech_software_internet","medium"
"892","anysignal","ashby","17","Embedded Software Engineer | RF Hardware Engineer | Forward Deployed Engineer | Digital Electrical Engineer | Internships - General Interest","Role Summary AnySignal is ushering in the next generation of RF products and services, for the most demanding space and defense missions, AnySignal provides a flexible platform with world-class performance that is easy to deploy, monitor, purchase, and upgrade. Our team has a diverse range of backgrounds that cover cloud computing to artificial intelligence, communications and sensing, embedded sy","tech_hardware_semiconductors","medium"
"893","applab-systems-inc","linkedin","17","Vmware Consultant | Senior Azure Data Engineer | Cloud Architect | MAC Specialist | Senior Azure Data Engineer with Hadoop and SQL","Job Title: Network Voice EngineerLocation: Dallas, TX 75201Mode : Contract (6+ Months) (Day 1 Onsite) Technical Skills.• Expert level understanding of the following Cisco Unified Communication Productso CUCM 11.5 and latero CUC 11.5 and latero Cisco Emergency Responder(CER) 11.5 and latero SIP Trunks, E1/ T1(CAS,CCS), FXS /FXO etc.,o Gateway protocols: H323, SIP, MGCP, SCCP.o IM Presence & Jabbero","consulting_professional_services","high"
"894","attio","ashby","17","Sales Manager | Engineering Lead | Account Executive | Senior Product Engineer [Frontend] | Senior Product Engineer [Backend]","Attio is the CRM built for the AI era. Designed for the most ambitious go-to-market teams, it gives companies the power to understand every customer, automate at scale, and build their go-to-market motion exactly as they need. We've raised $116M from some of the world's best investors: GV (Google Ventures), Redpoint, Balderton, Point Nine, and 01A. We hire builders who thrive on complex technical ","tech_software_internet","high"
"895","austal-usa","linkedin","17","Pipe Trades Assistant | Fit Out Supervisor | Accounting Specialist | Structural Work Packager | Manager, Government Relations - DC","REPORTS TO: Talent Acquisition Manager SUPERVISES: N/A Authorities / Responsibilities Organize & support internal and external recruitment efforts to attract diverse talent to meet the various staffing goals across all levels within multiple departments.Develop and maintain strong working relationships and partner with Hiring Managers.Work closely with Hiring Managers to ensure complete understand","defense_aerospace","high"
"896","avesta-computer-services","linkedin","17","Tax Supervisor | Senior Developer – React Native | Senior Project Manager | Senior ETL Data Engineer - Reinsurance - Remote | Senior ETL Data Engineer (100% Remote)","We are seeking a talented Cloud Engineer with a strong focus on Azure implementation to join our team. The ideal candidate will play a key role in the design, implementation and managing of our cloud infrastructure on the Azure Platform as well as assist in projects with our on-prem infrastructure. You will work closely with our Azure Architect to build out our Landing Zone as well as mentor our e","consulting_professional_services","high"
"897","b-braun-medical-inc-us","linkedin","17","Central Service Courier | Director of Pharmacy | Supervisor I, Quality Control (Microbiology) | Receiving Associate | Order Fulfillment Associate","B. Braun Medical, Inc. B. Braun Medical, Inc. Sr Tax Accountant US-PA-Bethlehem Job ID: 2024-23828 Type: Hybrid Full Time # of Openings: 1 Category: Finance B. Braun Medical Inc. Overview About B. Braun B. Braun Medical Inc., a leader in infusion therapy and pain management, develops, manufactures, and markets innovative medical products and services to the healthcare industry. Other key product a","healthcare_devices","high"
"898","basf","linkedin","17","Sample Clerk | Manager Transfer Products Pharma (Hybrid) | Process Automation Security Technician | Project Engineer II | Sr. Account Manager - Vegetable Seeds","Now Hiring! Sample Clerk [Location] (Hybrid/Remote) Pay Range: $XX - $XX (When applicable) Differential benefits (relocation assistance/sign on bonus/etc) The world needs creative solutions. We need YOU! Where the chemistry happens… As a Sample Clerk for our Petrochemicals business unit you will be integral in ensuring our customers receive only high quality superabsorbent polymer (SAP) from our F","manufacturing","high"
"899","blue-shield-of-california","linkedin","17","Utilization Management Nurse, Consultant | Senior Manager, People & Engagement Communications | Program Manager, Senior | Pharmacy Technician, Intermediate | Senior Manager, Program & Project Management - Senior Markets","Job Description Your Role The Care Management Clinical Social Work team helps Blue Shield members with complex social determinants of health by conducting psychosocial assessments, developing care plans, and providing intensive interventions. The Care Management Social Worker will report to the Manager and/or Senior Manager of Care Management Clinical Social Work. In this role you will be assessin","finance_insurance","high"
"900","bounteous","lever","17","Data Scientist | Data Solutions Lead | Développeur.euse Java Senior | Java Developer | Lead Strategist, CRM & Loyalty","Bounteous x Accolite makes the future faster for the world's most ambitious brands. Our services span Strategy, Analytics, Digital Engineering, Cloud, Data & AI, Experience Design, and Marketing. We are guided by Co-Innovation, our proven methodology of collaborative partnership. Bounteous x Accolite brings together 5000+ employees spanning North America, APAC, and EMEA, and partnerships with lead","consulting_professional_services","high"
"901","branchmetrics","greenhouse","17","Android Developer (QA Focus), China | (Contractor) Data Analytics Architect | Director, Global Sales Operations | Enterprise Account Executive, US | Field Marketing Manager, US","At Branch, we power every touchpoint with links that work and insights that prove it. From click to conversion, we make growth measurable. Our unparalleled attribution, backed by AI-enhanced linking, is trusted to deliver seamless experiences that increase ROI, decrease wasted spend, and eliminate siloed attribution. We bring the same rigor to how we build our team, by empowering our people to mov","tech_software_internet","high"
"902","bridge-data-centres-malaysia-sdn-bhd","jobstreet","17","Environmental, Health & Safety (EHS) Manager | Manager, Structural & Civil Design | Fire System Engineer | Senior Manager / Manager, Design (Mech, ELV, BMS) | Manager, MEP","[Category: Information & Communication Technology / Security] RESPONSIBILITIES 1. Responsible on all aspect of physical securities, responsibilities and obligations at Bridge Data Centres Malaysia in Cyberjaya and related amenities within the precinct and the safety of visitors in accordance with the company regulations and Malaysian Law. 2. Responsible in managing strategic direction and developm","tech_software_internet","high"
"903","brkz","greenhouse","17","Accounts Payable Accountant (AP) | Accounts Receivables (AR) Accountant | Credit Risk Manager - Jordan | Financial Planning Analyst - Jordan | Key Sales Accounts Manager","About Us Backed by top regional and global VCs, BRKZ is Saudi Arabia’s fastest-growing construction-tech startup . Our web platform, mobile apps and WhatsApp channels give contractors instant access to 7,000+ building-material SKUs from 1,100+ vetted suppliers, with quotes in minutes and buy-now-pay-later financing built in. In just two years we have on-boarded 850+ contracting companies, supporte","real_estate_construction","medium"
"904","brock-company-inc","linkedin","17","Food-Service Director - Summer Camp | District Manager | Food Prep - Corporate Dining P/T | Grill Cook - Corporate Dining | Utility - Education Division","Description: Position: District Manager/ Independent Schools & Corporate Dining Mid-Atlantic Region: PA, New Jersey, Delaware and New York Position Summary: The District Manager must have an exceptional background and performance history, strong leadership, organizational and communication skills, and the ability to attract, retain and develop talent through teaching and training. This position re","hospitality_food_service","high"
"905","campus","ashby","17","IT Teaching Assistant | IT Instructor | Student Success Coach | Admissions Counselor | Senior Staff AI Research Engineer","About the Role Campus is seeking experienced, mission-driven, student-centered IT instructors to deliver high-impact, online courses as part of our many programs. This role is ideal for educators who are passionate about student success, thrive in virtual environments, and are excited to work at the intersection of academic excellence and educational innovation. You’ll join a growing network of fa","education_higher","high"
"906","character","ashby","17","Machine Learning Infrastructure Engineer | Research Engineer, Post-Training (All Industry Levels) | Software Engineer, Safety | Research Engineer, ML Systems (All Industry Levels) | Software Engineer, Core Product","About the role We’re looking for a talented and creative Software Engineer to join our Safety Engineering team at Character.AI ! In this role, you’ll work closely with Product, Design and Trust and Safety operations teams to design and build tooling and product experiences that help ensure a safe, transparent and engaging experience for our users. You’ll play a key role in shaping innovative solut","tech_software_internet","high"
"907","clearbank","ashby","17","Senior Account Executive (Corporates) | Account Executive - DACH & Eastern Europe | ER Manager | Engineering Manager | VP Infrastructure","Grow with the challenge At the time of inception, cloud-based systems and API fluency were new. But that didn't scare us. We waved goodbye to legacy systems and embraced modern technology – where our true innovation began and didn't stop. No hierarchy, no egos. Just a spirit of collaboration that flows right throughout our organisation – it’s woven into our DNA. We genuinely want to know about eac","finance_banking","high"
"908","cloudzero","ashby","17","Join the CloudZero Collective — Our Talent Community | Enterprise Account Executive - East | Staff FinOps Account Manager | Sales Development Representative (SDR) | Enterprise Account Executive - West","About the Role CloudZero is growing fast. Our customer base is expanding, the regulatory and risk landscape is getting more complex, and the business needs a GRC function that can keep pace. As the GRC Manager at CloudZero, you’ll own and scale our governance, risk, and compliance programs across the organization. Reporting to the Sr. Director of IT & Security within the Office of the CTO organiza","tech_software_internet","high"
"909","cmc","linkedin","17","*CMC Steel SC Intern | Bender Operator | SIOP Demand Planner | Rebar Fabricator | Rebar Fabricator- 1st Shift","It’s What’s Inside That Counts _______________________________ There’s more to CMC than our products and the buildings, structures, and roads they go into. At CMC, it’s the people inside our recycling centers, fabrication plants, manufacturing facilities, steel mills and offices that make us who we are as a company. Our success comes from finding, retaining, and supporting the highest quality tale","manufacturing","high"
"910","cna-search","linkedin","17","Product Specialist | Software Engineer | Vice President of Sales | Java Software Engineer | Regional Vice President of Sales","We are hiring for a talented DevOps Engineer with Strong Azure and Windows. This is full time Must live in Georgia and have GC or USC. Again Must live in Atlanta Description Summary: The DevOps Engineer is responsible for designing supporting and automating our company as network infrastructure and software development lifecycle. The main goals of the DevOps Engineer should be to automate and stre","consulting_professional_services","high"
"911","cobre","greenhouse","17","Accounting Analyst | Accounting and Financial Data Analyst | Account Manager | Business Development | CBMM Payments Operations Specialist","¿Qué es Cobre y que hacemos? Cobre es la plataforma líder de pagos instantáneos B2B en América Latina. Resolvemos los desafíos más complejos de movimiento de dinero en la región construyendo infraestructura financiera avanzada que permite a las empresas mover dinero más rápido, con mayor seguridad y eficiencia. Habilitamos pagos empresariales instantáneos —locales o internacionales, directos o vía","finance_fintech","high"
"912","codeforce-360","linkedin","17","Business Analyst/Onsite | Dental Hygienist | Cloud Security Engineer | Hyperion Essbase / Oracle EPM Consultant | AWS Developer","MS365 SharePoint AdministratorVirginia State Police (VSP) needs an MS365 SharePoint Administrator to assist the agency in implementing SharePoint, MS Teams, and Power Apps, and integrating these technologies into their current business processes. The Administrator will take a lead role in advising on the creation enforcement of governance policies. The Administrator will work with the Virginia Inf","consulting_professional_services","high"
"913","con-edison","linkedin","17","Assistant General Counsel - General Litigation | Section Manager | Manager | Specialist | Associate Engineer A","Mission Statement Consolidated Edison Company of New York, Inc. (Con Edison), Orange & Rockland Utilities (O&R), and Consolidated Edison Transmission (CET) employees are required to follow health, safety, and environmental policies, EEO, Standards of Business Conduct, and all other applicable company policy and procedures. We all share a responsibility to advance the company’s mission by excelling","energy_utilities","high"
"914","confidencial","linkedin","17","Senior Vice President Construction | Senior Vice President Grants | Senior Vice President Housing | Senior vice president Event Management | Engineering Manager | Blockchain","We are currently focused on building the data layer of AI with our product, a web extension that runs in a user's background and sells unused internet to artificial intelligence labs. By running a node with us, users become an integral part of AI's training process, and they are compensated accordingly. The growth of AI is a development of historic significance, and our goal is to distribute the b","other","low"
"915","continental-automotive-components-malaysia-sdn-bhd","jobstreet","17","Product & Process Industrialization Engineer | Product Industrialization Engineer, Truck and Bus APAC | Facility & Manufacturing Engineering Engineer | Tire Development Engineer, Truck & Bus APAC | Human Resources Intern","[Category: Human Resources & Recruitment / Consulting & Generalist HR] Job Profile The HR & IR Specialist is responsible to support on all related HR administration and IR functions, ensures high quality, efficient and effective delivery of all services in scope according to stakeholders, customers, and legal requirement. Job Description Maintain good working relationship, develop employees’ engag","automotive","high"
"916","corescientific","greenhouse","17","Assistant Critical Facilities Manager | Corporate Development Associate | Corporate Paralegal – Entity Management | Corporate Paralegal – Stock and Equity Management | Critical Facilities Manager","Who We Are Core Scientific is a leading provider of infrastructure for high-performance&nbsp;compute&nbsp;in North America. Our mission is to accelerate digital innovation by scaling high-value&nbsp;compute&nbsp;rapidly, efficiently, and responsibly.&nbsp;&nbsp;We transform energy into high-value&nbsp;compute&nbsp;with unmatched efficiency at scale. The company is an&nbsp;$11&nbsp;billion&nbsp;pub","tech_software_internet","high"
"917","covenant-living-communities-and-services","linkedin","17","Cook, Full-Time | Director of Staff Development / Infection Control Preventionist / Wound Care Spe | Concierge, Full Time | Dishwasher, Part-Time | Nurse, LPN/LVN 12hr Shift","We Are Inspired to Serve. Join us! Making a difference in the lives of others – that’s what working at Covenant Living is all about. Our healthcare professionals have the opportunity each and every day to make a difference in the lives of older adults. From improving our residents’ quality of life, to creating peace of mind for them and their families, our team members know that as a part of our c","healthcare_provider","high"
"918","cybersheath","greenhouse","17","Cloud Operations Engineer | Cloud Security Engineer | Compliance Analyst | Compliance Engineer | Compliance Operations Administrator","CyberSheath Services International LLC is a rapidly growing Managed Services Provider primarily focused on providing CMMC Compliance and Cybersecurity services to the Defense Industrial Base (DIB). We integrate compliance and threat mitigation efforts to eliminate redundant security practices and help clients invest where it actually improves security and readiness. Successful candidates at CyberS","consulting_professional_services","high"
"919","cyderes","lever","17","Consultant, SailPoint ISC | Enterprise Account Executive | Enterprise Account Executive - PNW | Enterprise Account Executive, HealthCare Vertical | Field Marketing Specialist","Who We Are We help the world Be Everyday Ready™ Today’s threatscape is relentless. So are we. At Cyderes, we specialize in building practical IAM, exposure management, and risk programs, and stopping active threats fast with MDR that works with your existing security tools — all augmented by AI and driven by seasoned operators. Our tireless global team is laser-focused on cybersecurity, arming org","tech_software_internet","high"
"920","dai-lieng-machinery-sdn-bhd","jobstreet","17","MARKETING ADMIN EXECUTIVE (DLM HQ MIRI) | IT OFFICER/ IT JUNIOR EXECUTIVE (DLM MIRI) | ACCOUNTS EXECUTIVE | FINANCE & ACCOUNTS EXECUTIVE | SALES ADMIN OFFICER/EXECUTIVE - DLM HQ MIRI","[Category: Accounting / Analysis & Reporting] Description Job Requirements:- 1.To improve operations by bringing a systematic approach to the effectiveness of cost management, to help to audit costs/ expenses and find ways to make operations more cost- efficient for continuous business performance. 2.To understand the cost analysis scope, study business costs/ expenses and annual plans. 3. To gath","automotive","medium"
"921","dana-incorporated","linkedin","17","Process Engineer | EH&S Analyst | Assembly Technician | 3rd Shift Assembly Operator | Purchasing Co-Op (Fall)","Dana is a global leader in the supply of highly engineered driveline, sealing, and thermal-management technologies that improve the efficiency and performance of vehicles with both conventional and alternative-energy powertrains. Serving three primary markets – passenger vehicle, commercial truck, and off-highway equipment – Dana provides the world's original-equipment manufacturers and the afterm","automotive","high"
"922","dnwest","lever","17","Clinical Procurement Coordinator (RRT's, PA's & RN's Preferred) | Clinical Skills Program Lead | Clinical Skills Trainer | Director of Donation Development | Director of Marketing & Communications (Bilingual Preferred)","Donor Network West’s mission is to save and heal lives through organ and tissue donation for transplantation and research. At Donor Network West, we're looking for people who embody our core values: passion, excellence, equity and inclusion, and relationships. We welcome diverse perspectives and foster an environment of collaboration and service. POSITION SUMMARY The In-House Coordinator manages e","nonprofit","high"
"923","dynamisinc","greenhouse","17","Arms Control Analyst | Budget Analyst | FOIA Analyst | Instructor | Intelligence Analyst","Dynamis is seeking an instructor to teach the Air Force Inspection Agency’s (AFIA)’s &nbsp;Readiness Exercise Advanced Planning, Execution, and Reporting (REAPER) Course and Inspector General Training Course (IGTC) in support of Air Force readiness exercise and inspector general training.&nbsp; AFIA is at the forefront of a Service effort to solidify a dependable process to effectively design, exe","defense_aerospace","high"
"924","eco-shop-marketing-sdn-bhd","jobstreet","17","Admin Manager | Internal Audit Senior Executive | Senior Supply Chain Analyst | Business Development Admin Executive | Supply Chain Ordering Planner","[Category: Retail & Consumer Products / Planning] Job Responsibility: Prepare the space productivity report periodically Prepare the Space Vs Sales for new stores/renovation stores/existing stores Prepare the new stores, renovation stores and existing stores layout for all channels Proactively engages in new / relay store fixture and product display adjustments; select and propose the suitable fix","retail_ecommerce","high"
"925","edgeofs","lever","17","Account Manager - Sales | Assistant Station Manager | Field Automation & SCADA Technician | Ideal Completions Canada - Flowback Operators | Ideal Completions Canada - Flowback Supervisors","Ideal Completions is an innovative production testing / flowback company, that builds the Ideal team with individuals who are motivated by challenge in a fast-paced environment while benefitting from extreme rewards, exponential growth and development opportunities, while promoting an empowering partnership between our company, team members, and clients. Ideal Completions is dedicated to our core ","energy_utilities","high"
"926","elegant-enterprise-wide-solutions-inc","linkedin","17","IT Project Manager | Senior Project Manager | Database Services | IT Business Analysis | Data Analyst 3","Job PurposeThe Software Engineer designs, develops, and tests software applications and products. Additionally, the Software Engineer manages software development teams, provides technical leadership, and establishes software development lifecycle practices and processes. The Software Engineer is proficient in programming languages such as Java, JavaScript, C, C++, C#, Ruby, Python, Scala, and Gro","consulting_professional_services","high"
"927","elementsolutions","lever","17","Agent & Broker Product Owner | Contracts Analyst | Data Engineer | Enhanced Direct Enrollment Product Owner | FHIR Implementation Specialist","Who is Element? We serve as a partner at the intersection of innovation and our clients' needs, efficiently crafting meaningful user experiences for government and commercial customers. By breaking down complex problems to their fundamental elements, we create modern digital solutions that drive efficiencies, maximize taxpayer dollars, and deliver essential outcomes that serve the people. Why Work","tech_software_internet","medium"
"928","empower-professionals-inc","linkedin","17","Sap Demand to supply | (Need PST time Zone candidate) Sr. SFDC Developer-Hybrid Role at Bellevue WA | Lead Datadog Developer/ Lead Automation Developer | Data Modeler | Lead Datadog Developer","Role: Lead Java Developer with SOLR, ZookeeperLocation: Fully Remote (EST/CST)Duration: 6 Months C2H Required Skills: We need a Lead Developer with deep experience in SOLR, AWS, ZooKeeper, Java, Springboot, Search engine implementation and improvement, search analytics. Overall 10+ years of experience is desired. Job Description: Designs complex integrations in real time or near real time using mo","consulting_professional_services","high"
"929","envoyglobalinc","greenhouse","17","Business Development Representative - Cape Town, South Africa | Business Immigration Paralegal | Corporate Paralegal | DevOps Engineer | Enterprise Account Executive","Envoy Global is a proven innovator in the global immigration space. Our mission combines our industry-leading tech platform with holistic service to streamline, simplify and expedite the immigration process for employers and individuals. We have an exciting opportunity at&nbsp; Envoy Global for an experienced DevOps Engineer to join our team on a full‑time basis at our Hyderabad office . In this r","legal_services","medium"
"930","epiq","linkedin","17","Corporate Litigation Paralegal (In-House) | Legal Records Specialist | Service Specialist | Senior Claims Analyst | Claims Contract Attorney","It's fun to work at a company where people truly believe in what they are doing! Job Description: Provide receptionist services for clients at their site. Essential Job Responsibilities Work closely with the client's staff to assist with front officeAnswer incoming telephone calls and forward to the appropriate personTake accurate and complete messages for those who are unavailablePromptly greet a","legal_services","high"
"931","ernestpackagingsolutions","greenhouse","17","Class A Driver | Class B Driver | Client Automation Specialist | Client Coordinator | Client Relationship Manager","For over 80 years, Ernest has been committed to the success of our extended family, our customers, our employees, and the packaging industry itself. When you work with Ernest, you’ll enjoy the advantages of learning proven methods of success, a proactive approach, and having fun while earning what you’re worth with a lot of really awesome people. &nbsp; Position Title: &nbsp;Expeditor Location: On","manufacturing","low"
"932","ever","greenhouse","17","BDC Representative, Ever SF | EV Reconditioning Technician, Ever SF | EV Sales Consultant, Ever Costa Mesa | EV Sales Consultant, Ever SF | EV Service Advisor, Ever SF","About the role Role: Recruiter Location: San Francisco, CA (Hybrid/Remote) Employment Type: Full-Time Salary: $80,000–$140,000 + bonus About Ever Ever is building the future of auto retail. As the first AI-native auto retail platform, we are building the next $100B+ automotive business, starting with electric vehicles. Our AI-native product and operations power our full-stack auto retail business,","automotive","high"
"933","everlane","greenhouse","17","Assistant Store Leader | Assistant Store Leader, People & Experience | Assistant Store Leader, Product | Color Design Associate | Design Director, Women's & Men's Apparel","At Everlane, we believe that luxury should be as effortless as it is conscious. That’s why we partner with ethical factories, work with premium and sustainably sourced materials, and do our part to leave the industry cleaner than we found it. There's a lot more work to be done, and we're excited to be growing a team of motivated humans that are up for the challenge. This role is responsible for le","retail_ecommerce","high"
"934","fender","greenhouse","17","Art Director | Business Application Analyst - Master Data | Business Development Manager | Colaborador de Producción | Customer Service Representative","Fender Musical Instruments Corporation is a world-famous brand with offices across the globe . Fender was born in Southern California and has built a worldwide influence beyond the studio and the stage. A Fender is more than an instrument; it’s a cultural symbol that resonates globally. We are searching for a Tune Tester to join the team. The Guitar Tune Tester will be responsible for providing a ","consumer_brands","high"
"935","foundry","greenhouse","17","Account Executive | Digital Marketing Executive (12-month contract) | Director of Campaign Management | Dynamics 365 Finance & Operations (D365 F&O) Developer | Event Operations Manager","US Sales Director, &nbsp; Foundry is seeking a dynamic commercial leader to build and lead a team of US sellers focused on supporting brand to demand marketing initiatives for the worlds largest and most innovative technology companies . This high-impact role will manage a team of six or more enterprise sellers focused on maximizing growth across Foundry's highest-value region. As a strategic sale","consulting_professional_services","medium"
"936","gds-idc-services-malaysia-sdn-bhd","jobstreet","17","Data Center Facility Shift Technician | IDC Fire Protection Engineer | IDC FM Engineer | Legal Counsel | IDC HVAC Engineer(O&M)","[Category: Engineering / Building Services Engineering] Location: DC sites in Johor Bahru Job Responsibilities: Be responsible for the planning and design management of data center project, including the determination of design scheme, the organization and implementation of design process, and the design and review of construction scheme. Be responsible for the design management of the whole life ","tech_software_internet","high"
"937","general-dynamics-mission-systems","linkedin","17","CWL System Engineer - Safety | CWL System Engineer | 2023-61843 - Program Manager | Senior Cybersecurity Engineer | EHS Specialist","Basic Qualifications Bachelor’s degree is required or equivalent experience. CLEARANCE REQUIREMENTS: [Department of Defense Secret security clearance is preferred at time of hire.] Applicants selected will be subject to a U.S. Government security investigation and must meet eligibility requirements for access to classified information. Due to the nature of work performed within our facilities, U.S","defense_aerospace","high"
"938","generatebiomedicines","greenhouse","17","Associate Director or Director, Product Management -Agentic Science Platform | Careers@GenerateBiomedicines | Director, Clinical Scientist | Head of Investor Relations, Senior/Executive Director | IT Engineer II","The Role:&nbsp; We are seeking a motivated IT Support Engineer to provide hands-on end user and platform support in a highly adaptive, rapidly evolving environment at Generate Biomedicines. &nbsp;As an integral member of the Enterprise IT team, you will play a key role in providing end user technical support, performing scheduled and on-demand maintenance, end point and platform configuration mana","healthcare_pharma_biotech","high"
"939","goalhonduras","greenhouse","17","Coordinador General de Proyectos | Especialista en Adquisiciones y Administración | Especialista Financiero | Gerente de Proyecto | Gerente de Proyecto - Gracias a Dios","TÉRMINOS DE REFERENCIA PARA CONTRATAR A GERENTE DE PROYECTO &nbsp; DATOS GENERALES Sede de Trabajo Tegucigalpa y/o San Pedro Sula Mes de inicio Mayo 2026 Plazas Disponibles 1 plaza Reportará a Directora de Programas Unidad a la que pertenecerá Programas DESCRIPCIÓN GENERAL DEL PROGRAMA: GOAL es una organización internacional no gubernamental de desarrollo, fundada en Irlanda en 1977. GOAL ha respo","nonprofit","high"
"940","goodfire","greenhouse","17","Brand & Growth Lead | Business Operations Manager | Demand Generation Lead | Field Team - Member of Technical Staff | Finance Manager","About Goodfire Goodfire is a research company using interpretability to understand, learn from, and design AI systems. Our mission is to build the next generation of safe and powerful AI—not by scaling alone, but by understanding the intelligence we're building. Scaling has proven powerful, but today's approach is fundamentally limited: we can't meaningfully understand, debug, or shape what models","tech_software_internet","high"
"941","grant-thornton-malaysia-plt","jobstreet","17","Associate, Tax Compliance | Internship of Accounting Students | Tax Associates, Tax Seniors and Tax Managers | Transfer Pricing | Principal/Director","[Category: Information & Communication Technology / Business/Systems Analysts] We are looking for IT auditors cum Office IT manager to support our Audit and Assurance services. The chosen candidate will help to shape this new function and also be provided support from our KL office and also necessary training to develop their career in this fast growing area. No prior experience in IT auditing is ","consulting_professional_services","high"
"942","hala","greenhouse","17","AI Engineer (All Levels) | Automation Specialist | Compliance Manager | Contact Center Agent | Corporate Governance Manager","Who Are We HALA is a leading fintech player in the MENAP region that aims to redefine financial services and build the future bank of SMEs. HALA aims at empowering SMEs to start, run, and grow their businesses by providing them with cutting-edge financial and technological tools. HALA currently holds multiple entities in UAE, Saudi Arabia and Egypt (including HALA Payments and HALA Logistics) and ","finance_fintech","medium"
"943","havocai","ashby","17","Embedded + Edge Compute / Power Engineer | Software Integration Engineer | Support Software Engineer - Robotic Systems | Mission Software Engineer - Honolulu, HI | Digital Media Producer","About Us: Collaborative autonomy is how self-tasking teams of machines will solve hard human problems, and HavocAI is an unquestioned leader in collaborative autonomy. We set the standard for autonomous surface vessels for a wide range of defense and commercial maritime missions. Success requires us to grow quickly, and we’re looking for teammates who are passionate about solving hard problems, ab","defense_aerospace","high"
"944","heartbeathealth","lever","17","Account Manager | Business Operations Associate | Cardiac Sonographer- Denver/Colorado Springs, CO | Cardiac Sonographer- Lexington, KY | Cardiac Sonographer- Phoenix, AZ","Heartbeat Health is the leading virtual-first cardiovascular care company in the country, providing patients with convenient, high-quality heart care through a combination of telemedicine, diagnostics, and virtual care programs. By leveraging real-time data and AI-powered insights, Heartbeat Health empowers providers and patients with personalized treatment plans, reducing hospitalizations and imp","healthcare_provider","high"
"945","inbeat-agency","ashby","17","Brand SEO Manager | Finance Director - CPA Canada | Head Of Performance Creative | Senior IT Manager | Marketing Account Manager","About us Fieldtrip is a group of creative growth agencies, led by inBeat , that connects enterprise brands with the creators and communities who move their audiences. We run performance-driven paid media and micro-influencer campaigns for more than 250 brands — powered by a distributed team of roughly 200 people across 15+ countries, and a stack of tools that has scaled faster than the function th","consulting_professional_services","high"
"946","infotech-spectrum-inc","linkedin","17","SRE/DevOps Support Engineer (W2) | SRE/DevOps Support Engineer (W2 Only) | Oracle Technical Manager lead (W2 or 1099 ONLY) | SAP P2P Functional Consultant (W2 or 1099 Only)) | Storage Engineer (Cohesity and NetApp)","POSITION IAM Lead ArchitectLOCATION Hybrid - Jersey City, Dallas or TampaDURATION 8 Months INTERVIEW TYPE VideoVISA RESTRICTIONS No Sponsorship REQUIRED SKILLS • PingFed, PingOne, PingID, and PingAuthorize • Experience with most standard IAM security protocols (Eg: OAuth, OIDC, RACF, SAML, LDAP, ID Federation, SSO, MFA, UEBA) • API Gateway, IGA and Virtual Directory• ISO 27001, CIS, MITRE ATT&K an","consulting_professional_services","high"
"947","insify","lever","17","(Senior) Software Engineer | Accountant | Analytics Engineer | Chief of Staff Growth | Content Marketing Manager","Over de functie Je zorgt ervoor dat de klanten van Insify een uitzonderlijke klantervaring hebben. We willen verzekeringen aanbieden zoals het hoort: snel, eerlijk, gratis en menselijk! Jij helpt onze klantervaring en klantenservice vorm te geven. Samen tillen we de klantervaring naar een ongekend niveau in de verzekeringswereld. Als Customer Support Expert ben je verantwoordelijk voor: - Het assi","finance_insurance","high"
"948","intelliswift-software","linkedin","17","Sr. Robotics Engineer (Hybrid) | Revenue Operations Specialist | Automation/Instrumentation - III (Senior) | Clinical System Lead | Microbiologist","Qualifications:• Strong financial, communication and presentation skills demonstrating the ability to adapt to shifting priorities while maintaining a high level of service.• General knowledge of procurement lifecycle and associated processes.• Understanding of asset management life cycle and related applicationsHave some experience using SeviceNow and Ariba applications. Responsibilities:• Partic","consulting_professional_services","high"
"949","interbrand","greenhouse","17","Associate Director, Motion | Client Manager Mexico | Design Director | Director, Strategy | Don't see the job you're looking for?","About Interbrand Interbrand understands what it takes today to build the world’s most iconic brands. To support our clients in an ever more complex and fascinating world, we have renewed our commitment to both common global standards and greater empowerment, experimentation and entrepreneurialism. Interbrand is its people. We are a global team of highly diverse thinkers, makers and collaborators. ","consulting_professional_services","high"
"950","investorflow","lever","17","AI Product Builder, Associate | Consultant | Contract UK Salesforce Consultant | Data Lead | Operations Lead","InvestorFlow is the only company of its kind to deliver industry specialized CRM, built on Salesforce, and digital portals to help alternative asset firms find opportunities, create and manage relationships, and turn relationship insights into action with increased productivity and transparency. InvestorFlow is the only company of its kind to deliver industry specialized CRM, built on Salesforce, ","finance_fintech","high"
"951","j-b-hunt-transport-services-inc","linkedin","17","Warehouse Associate I | Engineering and Technology: Application Development Annual Internship 2024 | Night Customer Experience Support | Mobile Technician | Trailer Technician","Knoxville, TN - Amherst Road Job Title: Driver Helper Department: Operations Country: United States of America State/Province: Tennessee City: Knoxville Full/Part Time: Full time Job Summary: Under close supervision, this position is responsible for loading, delivering and unloading products using various equipment types including flatbeds, box trucks and dry vans. The incumbent will assist with s","transportation_logistics","high"
"952","kpmg-us","linkedin","17","Manager, International Tax | Seasonal Manager, Tax Financial Services | Oracle HCM Functional, Senior Specialist | Senior Associate, M&A Tax | Director, Event Monitoring and Optimization Architect","Requisition Number: 112047 - 77 Description: At KPMG, you can become an integral part of a dynamic team at one of the world's top tax firms. Enjoy a collaborative, future-forward culture that empowers your success. Work with KPMG's extensive network of specialists & enjoy access to our Ignition Centers, where deep industry knowledge merges with cutting-edge technologies to create innovative tax so","consulting_professional_services","high"
"953","legalservicesnyc","greenhouse","17","Citywide Deputy Director of Immigrant Justice | Deputy Director, HCRP, Queens | Deputy Director, Universal Access to Counsel | Deputy Housing Director - Right to Counsel | Deputy Project Director","Legal Services NYC (LSNYC) fights poverty and seeks racial, social and economic justice for low-income New Yorkers. For over 50 years, we have challenged systemic injustices that trap people in poverty and provided legal services that help our clients meet basic needs for housing, income and economic security, family and immigration stability, education, and health care. LSNYC is the largest civil","nonprofit","high"
"954","lindblad-expeditions","lever","17","Chef De Partie | Director, Fleet Asset Management | Director, Sales Operations and Business Development | Director, Shipboard HR & Crew Management | Electrical Superintendent","WHO WE ARE Lindblad Expeditions is a true pioneer in Expedition Travel. From taking the first citizen explorers to Antarctica in 1966, opening the Galapagos and Easter Island to tourism in 1967, leading the first tourist expedition through the Northwest Passage in 1984, and launching our innovative partnership with National Geographic in 2004, we're now taking almost 30,000 guests a year to some o","hospitality_food_service","high"
"955","linear","ashby","17","Senior / Staff Fullstack Engineer | Senior / Staff Product Engineer | Account Executive, Growth | Designer, Web & Brand | Product Manager","At Linear, we're building the product development system for teams and agents. AI is fundamentally changing how software gets built, and we’re shaping the tools this new era requires. Founded in 2019, Linear has become the platform of choice for more than 25,000 companies (including OpenAI, Coinbase, and Ramp) to plan, build, and ship their products. Today, our team is distributed across North Ame","tech_software_internet","high"
"956","lpl-financial","linkedin","17","AVP, Supervisory Principal, Employee Model | Senior Analyst, Supervision | Mutual Fund Trader | Manager, Cash Mgmt - Estates | VP, B2B Marketing Strategist","Job Description Are you a team player? Are you curious to learn? Are you interested in working in meaningful projects? Do you want to work with cutting-edge technology? Are you interested in being part of a team that is working to transform and do things differently? If so, LPL Financial is the place for you! Excited to learn more? If so, then this could be the role for you! LPL Financial (Nasdaq:","finance_banking","high"
"957","lunarenergy","greenhouse","17","Executive Assistant to VP of Revenue | Global Logistics & Trade Compliance Manager | IT Support Technician (Part-time) | NPI Program Management Intern | Regional Sales Manager","System Integration and Test Lead Engineer This role is on the front line of system integration between mechanical parts, electrical boards, low-level embedded firmware, and higher-level application logic.&nbsp; This is a highly technical role requiring experience with integrated hardware and embedded software.&nbsp; You will identify and solve cross-functional integration problems, and put in plac","energy_utilities","high"
"958","make-rain","lever","17","Accounting Intern | AR / AP Specialist | Electrical Engineering Intern | Electro-Mechanical Engineering Intern | Executive Business Partner, CEO","Rainmaker builds systems to make it rain. Our autonomous drone fleets and weather modification platform operate worldwide: expanding freshwater supplies, protecting agriculture, and proving that cloud seeding works at scale. You are: A seasoned software engineer with a background in drone autonomy Fast, thoughtful, autonomous, and opinionated Willing to relocate to El Segundo, California What you’","manufacturing","low"
"959","masimo","jobstreet","17","HSE Manager | Payroll Supervisor and Payroll Assistant (2 Roles) | Maintenance Engineer | Buyer | Process Engineer","[Category: Manufacturing, Transport & Logistics / Purchasing, Procurement & Inventory] Job Summary: Buyer responsible for purchasing materials, supplies or equipment for the business. Their duties include negotiating deals with suppliers and secure inventory level of current products. Buyer also perform market research, product tests and evaluations and analyze competitors to identify best sources","healthcare_devices","high"
"960","mehow-medical-m-sdn-bhd","jobstreet","17","Project Engineer / Assistant Engineer | Injection Engineer | LSR Engineer | Civil Engineer | Engineering Manager","[Category: Manufacturing, Transport & Logistics / Production, Planning & Scheduling] Job description: Responsible for formulating and revising department operating procedures and management systems, various processes and standards. Responsible for the department objective setup and manage, and evaluating the performance and ability of each position, employee training planning. Planning (PMC) Trans","healthcare_devices","high"
"961","metropolitancommercialbank","greenhouse","17","ACH Payments Associate | Applied AI Analyst | Assistant Branch Manager | Client Service Specialist (Miami & West Palm Beach) | Commercial Insurance Partnership Associate","Come Work With Us: Metropolitan Commercial Bank (“MCB” or the “Bank”) is a New York City–based, full-service commercial bank providing tailored banking solutions to businesses, institutions, and individuals. Founded in 1999, MCB operates banking centers in Manhattan and Boro Park, Brooklyn, within New York City, as well as in Great Neck on Long Island, New York, and Lakewood, New Jersey. The Bank ","finance_banking","high"
"962","mirage","ashby","17","Software Engineer, Applied AI | Creative Strategy Associate, Performance | Influencer Marketing Associate | Software Engineer, Web Product | Product Designer","Mirage is an AI-native video platform that intelligently orchestrates production and editing through natural language. Our models leverage contextual awareness to execute the same creative decisions a professional editor would — dramatically improving productivity for experienced teams, while making video creation accessible to anyone. We’re an interdisciplinary team addressing some of the most di","tech_software_internet","medium"
"963","montage-international","linkedin","17","Purchasing Coordinator | Maintenance Technician II | Server Attendant, Pavilion | Steward, Stewarding (FT) | Sales Manager, Group","Live Your Passion. Add Your Magic. At Montage International, we are doing something different, something exciting and it takes passionate people to bring our vision to life. We have built a culture that leads with the important notion we live by every day; do what you love. If this resonates with you, we look forward to receiving your application. We welcome applicants with disabilities and provid","hospitality_food_service","high"
"964","montauk-capital","ashby","17","CEO & Co-Founder, Call Center AI Stealth Co | Head of IR | Co-Founder, Stealth Agentic CAD Co | CTO & Co-Founder, Distributed Water Infrastructure Stealth Co | Founding Engineer, Raad","Agency Success Lead Company: Adaptive Insurance Reports to: Head of Growth & Business Development Location: Austin (Bee Cave), TX Job Type: Full time About Adaptive We are pioneering climate resilience by harnessing AI, data, technology, and insurance to help our customers analyze, act, and adapt to emerging risks. We're starting with specialty insurance solutions like GridProtect, our parametric ","finance_banking","high"
"965","national-geospatial-intelligence-agency","usajobs","17","Accountant (Open and Continuous) | Imagery Analyst (FMV) (TERM) (Open and Continuous) | Contract Specialist (Open & Continuous) | Police Officer (Open and Continuous) | Geodetic Orbit Scientist","MANDATORY QUALIFICATION CRITERIA: For this particular job, applicants must meet all competencies reflected under the Mandatory Qualification Criteria to include education (if required). Online resumes must demonstrate qualification by providing specific examples and associated results, in response to the announcement's mandatory criteria specified in this vacancy announcement: 1. Experience with r","public_sector_government","high"
"966","nextinsurance66","greenhouse","17","AI Engineer | Backend Engineer | Backend Engineer - DevEx Team | Backend Software Engineer | Backend SW Engineer- DevEx Team","Location: Waltham, MA (hybrid: 3 days in-office) ERGO NEXT’s mission is to help entrepreneurs thrive. We’re doing that by building the only technology-led, full-stack provider of small business insurance in the industry, taking on the entire value chain and transforming the customer experience. Simply put, wherever you find small businesses, you’ll find ERGO NEXT.&nbsp;Since 2016, we’ve helped hun","finance_insurance","high"
"967","notable","ashby","17","Staff Fullstack Software Engineer | Customer Success Lead | Product Marketing Manager | AI Platform Architect | Project Manager","Notable is the leading healthcare AI platform for transforming workforce productivity. Health systems, hospitals, and payers use Notable to improve healthcare quality, close gaps in patient care, drive member enrollment, and patient acquisition, retention, and reimbursement, scaling growth without hiring more staff. We are on a mission to improve the lives of patients, staff, and clinicians - to i","tech_software_internet","high"
"968","npx","ashby","17","Senior Project Manager - New Nuclear (Electrical) | Senior Project Manager - New Nuclear (Civil/Earthworks) | Senior .NET Developer (Coming Soon!) | Senior Mechanical Design Engineer | Senior DevOps Developer","🌍 About Us NPX partners with nuclear utilities and new reactor projects to unlock performance through innovation. We combine decades of nuclear operation expertise with AI, digital tools, and lean processes, to help plants run safer, smarter, and more cost-effectively. Our AI Products & Services team scales this expertise through NPX-developed AI products, delivering solutions to clients across Ca","energy_utilities","high"
"969","ocrolusinc","greenhouse","17","Account Manager - Mortgage | Account Manager - SMB | Business Analyst | Director of Product - Platform | Enterprise Account Executive - Mortgage","Come build at the intersection of AI and fintech. At Ocrolus, we’re on a mission to help lenders automate workflows with confidence—streamlining how financial institutions evaluate borrowers and enabling faster, more accurate lending decisions. Our AI workflow and analytics platform for lenders is trusted at scale, processing nearly one million credit applications every month across small business","tech_software_internet","high"
"970","odys-aviation","ashby","17","Avionics Crew Chief | Director of Finance | Mechanical Technician - Airframe | Mission Systems Integration Engineer | Mechanical Design Engineer [Propulsion]","About Odys Our mission at Odys is simple - we build safe, sustainable aircraft to cut travel time in half on the world's busiest corridors. Our flagship aircraft Alta enables travelers to skip the big-airport hassle by using city helipads and local airports to connect cities less than 1,000 miles apart (approx 40% of flights). And on average cut CO2 by 76% on tens of billions of flight miles globa","defense_aerospace","high"
"971","omnidian","lever","17","Engineering Manager, Australia | Manager, Data Engineering | Manager, Residential Field Service Operations | Principal CRM Architect - Applied AI | Principal Engineer","About OmnidianOmnidian is building a more sustainable future for the planet. We assure that IoT-enabled distributed energy assets perform at their best by innovating through our people and culture, integrated technology, and by creating an amazing customer experience. We're a well-funded, growth-stage B Corp Certified company offering the potential for enormous impact, both on our products and on ","energy_utilities","high"
"972","onyx-health-care-staffing-llc","linkedin","17","OR Tech/CST OR | RN Med Surg | RN Tele | RN Progressive Care Unit | Social Worker","Onyx Health Care Staffing is seeking a qualified Resp Therapist with 1-2 years experience for a travel assignment in San Antonio, TX. Please have resume, skills checklist and 2-3 references. Contact us about job details and weekly stipend pay option breakdown. The benefits of Onyx include health insurance, guaranteed hours, weekly direct deposits, assignments all over the United States and referra","consulting_professional_services","high"
"973","open-sky-community-services","linkedin","17","DDS Residential Counselor - Eustis Street | ACCS Residential Counselor - New Beginnings | Registered Nurse - Adult Family Care | ACCS Awake Overnight Counselor (30 Hours) - Athol House | DDS Residential Counselor - Richard Road","Client Services Funds Administrator US-MA-Worcester Job ID: 2024-8889 Type: Regular Full-Time # of Openings: 2 Category: Accounting/Finance Worcester Administration Overview At Open Sky Community Services, we open our doors, hearts, and minds to the belief that every individual, regardless of perceived limitations, deserves the chance to live a productive and fulfilling life. Open Sky is on an ant","nonprofit","high"
"974","paramedicservices","lever","17","EMS Medical Coding Specialist | EMS Revenue Cycle Director | EMT-B - DeWitt County | Fire Captain - Lyons | General Application - Paramedic","About Us: At Paramedic Services of Illinois, we are dedicated to providing compassionate and high-quality medical care to the communities that we serve. Our company culture is centered around the belief that every individual deserves prompt and professional medical attention delivered with empathy and respect. The Mobile Integrated Health (MIH) Paramedic delivers high-quality, patient-centered med","healthcare_provider","high"
"975","patientpoint","greenhouse","17","Agency Partnerships Director | Associate Outside Sales Executive | Associate Outside Sales Executive - Healthcare | Customer Experience Coordinator | Director, Client Sales - Consumer Health Network","Join PatientPoint to be part of a dynamic team committed to empower better health. As a leading digital health company, we innovate to positively impact patient behaviors. Our purpose-driven approach offers an inspirational career opportunity where you can contribute to improving health outcomes for millions of patients nationwide. Location: Chicago Hybrid Schedule: 1-2 days in office / 3-4 days a","media_entertainment","medium"
"976","payments-network-malaysia-sdn-bhd","jobstreet","17","Front End Engineer | Technical Delivery Manager | Robotic Process Automation Consultant | Associate, Technology Graduate Programme (TGP) | Associate, Aspiring Leader Programme (ALP)","[Category: Information & Communication Technology / Developers/Programmers] Key Areas of Responsibilities: Design, develop, and maintain robust data pipelines and ETL processes using Python and related technologies. Collaborate with stakeholders to understand data requirements and translate them into technical solutions. Optimize and tune data workflows for performance, scalability, and reliabilit","finance_fintech","high"
"977","pbgconsultingllc","greenhouse","17","Director, BD & Capture | Economist / Financial Regulatory Policy Subject Matter Expert (SME) -1099 | Enterprise Architect (Must be a U.S. Citizen) | IT Business Analyst | Lead Business Analyst (DHS)","PBG delivers mission-focused solutions that eliminate inefficiency and power transformation for federal agencies requiring agility, security, and impact. Job Title: Proposal Manager – Federal Government Location: Remote Reports To: Executive VP of Growth Position Overview PBG is seeking a forward-thinking, results-driven Proposal Manager to lead the development of high-impact, compliant, and compe","consulting_professional_services","high"
"978","phaxis","linkedin","17","Regulatory Reporting Consultant | FX Documentation Associate | Tax Reporting Consultant | Executive Assistant | Senior Oracle EBS Analyst","We are currently seeking CDD/EDD Transaction Monitoring Associates for a reputable commercial banking client. You will be responsible for conducting thorough Customer Due Diligence (CDD) and Enhanced Due Diligence (EDD) reviews to identify and mitigate potential risks associated with money laundering, terrorist financing, and other illicit activities. You will work closely with the compliance team","consulting_professional_services","high"
"979","premiertruckrental","greenhouse","17","Accounts Receivable Specialist | Automotive Detailer | Body Shop Technician II | Buyer | Data Engineer III","Are you in search of a company that resonates with your proactive spirit and entrepreneurial mindset? Your search ends here with Premier Truck Rental ! &nbsp; Company Overview &nbsp; At Premier Truck Rental (PTR), we provide customized commercial fleet rentals nationwide, helping businesses get the right trucks and equipment to get the job done. Headquartered in Fort Wayne, Indiana, PTR is a famil","automotive","high"
"980","prior-labs","ashby","17","Research Scientist, Foundation Model | Research Engineer, Foundation Model | Research Scientist Intern (PhD) | ML Engineer, Forward Deployed | Account Executive, New York","Who we are Foundation models have transformed text and images, but structured data - the largest and most consequential data modality in the world - has remained untouched. Tables power every clinical trial, every financial model, every scientific experiment, every business decision. No one has built a foundation model that truly understands them. Until now. What LLMs did for language, we're doing","tech_software_internet","high"
"981","profoundresearch","lever","17","Assistant Clinical Research Coordinator- Cardiology/Neurology (Detroit, MI) | Bilingual Spanish- Clinical Research Coordinator- Neurology or Cardiology (Pasad | Business Development Associate | Clinical Research Coordinator (Carlsbad, CA) | Clinical Research Coordinator (San Diego, CA)*","About Profound Research Profound Research partners with community physicians to offer clinical trials as a therapeutic option for their patients. We handle all infrastructure, regulatory compliance, and administrative operations so physicians can focus on patient care. Our model gives patients access to the newest therapies while maintaining the trusted patient-physician relationship. Our Mission:","healthcare_pharma_biotech","high"
"982","proper","lever","17","Accountant I - Colombia remote | Accountant I - Guatemala remote | Accountant I - Mexico remote | Accountant I - Perú remote | Accountant II - Colombia remote","Proper AI is an AI-first accounting service built for property managers and real estate operators. By combining automation, technology, and a global team of accounting experts, we deliver faster, more accurate financial operations at scale. We’re a team of builders, problem-solvers, and operators from around the world, working together to modernize one of the most critical functions in real estate","consulting_professional_services","high"
"983","pumpcareers","greenhouse","17","Account Executive | Account Executive - Delhi, NCR | Accounting Lead | Backend Engineer | BDR Manager","About the Role: As a Business Development Representative Manager, you’ll lead a high-impact team of BDRs focused on driving pipeline and accelerating revenue growth. Your mission is to build a culture of precision and pace coaching your team to execute outbound at a high level, sharpen messaging, and consistently generate qualified opportunities. You’ll play a critical role in strengthening our go","tech_software_internet","medium"
"984","pwc","linkedin","17","SAP EAM (Plant Maintenance & Project Systems), Manager | External Audit Senior Manager - Health Industries - US | United States National Tax Services - Merger & Acquisition - Senior Manager | Tax Consulting - International Tax Services - Manager | External Audit Senior Manager - Technology and Media - US","Specialty/Competency: Assurance Industry/Sector: Not Applicable Time Type: Full time Travel Requirements: Up to 20% A career within External Audit services, will provide you with the opportunity to provide a range of Assurance services and business advice to a variety of clients from small, fast growing clients to large entities. Our clients are often well known brands and many have broad internat","consulting_professional_services","high"
"985","qes-group-of-companies","jobstreet","17","Material Control Executive | Internship for Business Admin Students | Production Engineer | Mechanical Engineer / Senior Mechanical Engineer | Software Engineer (Engineering Department)","[Category: Engineering / Electrical/Electronic Engineering] We are principally involved in manufacturing of optical inspection, measurement & automated handling equipment. In line with the business expansion, we are currently seeking a motivated candidate to fill up the vacancy of Junior / Senior Electrical Engineer . General Responsibilities:- Design and develop electrical system in line with cus","manufacturing","high"
"986","qube-apps-solutions-sdn-bhd","jobstreet","17","Customer Service Executive | Accounts Executive | Senior Procurement Executive | Application Support Specialist | Application Support Team Lead","[Category: Sales / Sales Representatives/Consultants] We offer a dynamic environment where collaboration and innovation flourish, making it an ideal place to embark on a fulfilling career journey. Our team is a diverse blend of talents, where ideas are not only celebrated but also nurtured. Together, we view challenges as opportunities for growth, propelling every team member's voice to be heard a","consulting_professional_services","high"
"987","r1-rcm","linkedin","17","Denials & AR Operations Support Supervisor | Mail Room Representative | Senior Manager - IT Asset Management | Operation Associate I - Medicare Advantage | Power BI Developer","R1 is the leading provider of technology-driven solutions that transform the patient experience and financial performance of hospitals, health systems and medical groups. We are the one company that combines the deep expertise of a global workforce of revenue cycle professionals with the industry’s most advanced technology platform, encompassing sophisticated analytics, AI, intelligent automation,","tech_software_internet","high"
"988","rapidsos","greenhouse","17","Director, Business Intelligence & Analytics | FP&A Manager | Implementation Engineer | Join our Business Talent Community | Join our Go-To-Market Talent Community","In the time it takes you to read this job description, RapidSOS will have handled ~1,380 emergencies. At RapidSOS, we are committed to using technology to build a safer, stronger future and working together to save lives. We’re in an exciting phase of growth, welcoming new members from across the globe to our mission-driven, ambitious, and inclusive team. Our work is founded on our values of eleva","tech_software_internet","high"
"989","red-gate","ashby","17","Senior Product Manager | Senior Product Manager (Security Monitoring) | Senior Software Engineer | Inside Sales Representative | Lead Software Engineer","At a glance: Location: Cambridge In ‑ office expectation: Once every two weeks Employment type: Permanent Salary: £50,000 - £60,000 subject to experience About Redgate Redgate brings together people who want to do their best work in an environment built on trust, accountability, and collaboration. We build solutions that help data professionals securely manage the data and databases that their org","tech_software_internet","high"
"990","regscale","greenhouse","17","Account Executive - Mid-Atlantic | Business Development Representative | Channel Sales Director | Director of Demand Generation and Digital Marketing | Federal Sales Director - DoW / Aerospace & Defense","RegScale is a continuous controls monitoring (CCM) platform purpose-built to deliver fast and efficient GRC outcomes. We help organizations break out of the slow and expensive realities that plague legacy GRC tools by bridging security, risk, and compliance through controls lifecycle management. By leveraging CCM, organizations experience massive process improvements like 90% faster certification ","tech_software_internet","high"
"991","rooms-to-go","linkedin","17","Warehouse Associate | Recycle Department Manager | Furniture Service Tech- Pay up to $24 dep on exp | Retail Office Assistant | 3D Graphic Designer Artist, Senior","Anyone who has experience working directly with customers can be successful selling furniture at Rooms To Go, including servers, bartenders, retail salespeople, real estate professionals, flight attendants and anyone else in a service role. We provide our associates all the tools they need to be successful, including the best advertising, financing, and delivery service in the industry. This Role ","retail_ecommerce","high"
"992","sandtechholdingslimited","greenhouse","17","Business Development Manager, Telco | Country Director Nigeria | Forward Deployed Engineer | Forward Deployed Engineer, DRC | Forward Deployed Engineer, Guinea-Bissau","ABOUT US Sand Technologies is a fast-growing enterprise AI company that solves real-world problems for large blue-chip companies and governments worldwide. We’re pioneers of meaningful AI : our solutions go far beyond chatbots. We are using data and AI to solve the world’s biggest issues in telecommunications, sustainable water management, energy, healthcare, climate change, smart cities, and othe","consulting_professional_services","high"
"993","savvas-learning-company","linkedin","17","Southeast Per Diem Educational Consultant (K-5 Math) | Southeast Per Diem Educational Consultant (Secondary Math) | Educational Consultant | Per Diem Educational Consultant (Secondary ELA) | Curriculum Specialist (6-8 Science) - Part-time (TX)","The West Per Diem Educational Consultant (K-12 Math) is an onsite representative of Savvas Learning Company helping to initiate lasting change in districts and schools by delivering core content, intervention and supplemental professional development, Change of Practice, and Job-embedded services. This resource provides individual and group support for district personnel and school faculty to inco","education_k12","high"
"994","sensorfact","ashby","17","Revenue Operations Specialist | Account Executive - French Market | Sales Development Representative - DACH Market | Sales Development Representative - French Market | Account Executive - UK/I Market","Ready to scale your career in a high-growth scale up where your results drive real world change? We’re Sensorfact , Europe’s #1 smart monitoring platform for the industry , on a mission to make industry smarter, cleaner, and more efficient. Every day, our technology helps thousands of manufacturers cut energy waste, reduce costs, and lower carbon emissions through intelligent data insights and aut","tech_software_internet","high"
"995","setpoint","greenhouse","17","Analytics Engineer | Billing Specialist | Capital Solutions Associate | Capital Solutions Manager (Capital OS) | Capital Solutions Manager (Data OS, Insight OS)","About the role At Setpoint Capital, we focus on asset-backed private credit investments where we can bring unique value through our technology, operations, and insights. We integrate financial expertise with operational excellence to create capital solutions that enhance efficiency for our partners and investors. Setpoint Capital is looking for a Senior Counsel to join our team! This is an opportu","finance_fintech","high"
"996","sharegateen","greenhouse","17","Accountant (12-month Contract) | Channel Account Manager - ShareGate - APAC | DevSecOps Lead | Director, Account Management - ShareGate | Front-End Developer II - ShareGate Migrate [Web Experience]","ShareGate &nbsp;is the leading Microsoft 365 migration and governance platform, trusted by over 100,000 IT pros for its unmatched simplicity. It offers the simplest, most reliable, and most affordable way to move business data to Microsoft 365. &nbsp; Whether migrating from Google Workspace, file shares, Exchange Online, SharePoint On-Premises, or tenant-to-tenant, ShareGate gets the job done, wit","tech_software_internet","high"
"997","significanceinc","lever","17","Administrative Assistant | Air Force FIAR Support Specialist | Air Force Senior FM Consultant | Computer Engineer | Database Administrator - Journeyman","Significance is a woman-owned consulting firm serving the federal government. We are known for building trusted relationships within our teams and with our clients and hiring the highest-level experts who implement innovative solutions. We also like to have fun! Our focus on culture has contributed to Significance being named a Washington Business Journal Best Place to Work each of the last seven ","defense_aerospace","high"
"998","sixthstreet","greenhouse","17","Asset Based Finance Analyst | Asset Based Finance Asset Management Vice President | Asset Based Finance Associate | Asset Based Finance Operations Associate | Asset Based Finance Resi Analyst or Associate","&nbsp; The Role Sixth Street has an immediate opening for a bright, hard-working individual to join our team as a Fund Accounting Analyst or Senior Analyst to support several of our investment funds in Dallas, Texas. The ideal candidate will have the opportunity to be an integral part of a growing team in a fast-paced, entrepreneurial work environment. This person will be involved in several facet","finance_banking","high"
"999","sleeper","ashby","17","Senior Frontend Engineer (Mobile) | Sr. Product Designer | Product Designer (Mid-Level) | Sleeper Sports Team Content Curator | Sleeper UFC/F1/Tennis/Golf Content Curators","About Sleeper Sleeper is on a mission to connect people over sports through games and community. As one of the fastest-growing platforms in the fantasy sports and real-money gaming space, we’re redefining how sports fans engage—whether it’s through season-long leagues, pick’em contests, or real-time interactions with friends. Our team is lean, passionate, and product-driven. We obsess over user ex","gaming","high"
"1000","spothero","greenhouse","17","Accounting Contractor | CRM Marketing Specialist | Events Operations Manager | Field Operations Specialist - Boston | Field Operations Specialist - Dallas","Who we are At SpotHero, we empower people to get everywhere, easier! Our marketplace connects drivers with parking spots through mobile, app and web, helping them save time and money. At the same time, we provide parking operators with powerful tools to manage inventory, reach new customers, and grow their businesses. We’re bringing the parking industry into the future through technology and innov","tech_software_internet","high"
"1001","stockx","greenhouse","17","Accounts Payable Specialist | AI Automation Engineer | Bilingual Customer Service Specialist - Chinese/English | Category Manager | Category Manager - Apparel","Help empower our global customers to connect to culture through their passions. Why you'll love this role: StockX has redefined the global marketplace for culture — where buyers and sellers transact with confidence on an always-on digital exchange. We are building the next frontier of creator-driven, culturally rich commerce that blends excitement, community, expertise, and transaction in one plat","retail_ecommerce","high"
"1002","sumitomo-mitsui-banking-corporation-smbc-group","linkedin","17","Marketing Operations Associate (Remote) | Sanctions Analyst (Remote) | Director- Head of KYC Transformation | Anti-Fraud Governance Associate | Business Control Officer","SMBC Group is a top-tier global financial group. Headquartered in Tokyo and with a 400-year history, SMBC Group offers a diverse range of financial services, including banking, leasing, securities, credit cards, and consumer finance. The Group has more than 130 offices and 80,000 employees worldwide in nearly 40 countries. Sumitomo Mitsui Financial Group, Inc. (SMFG) is the holding company of SMBC","finance_banking","high"
"1003","summit-materials","linkedin","17","Ready Mix Driver, Altaview - Kilgore | Haul Truck Driver | Regional Credit Manager - Alleyton | General Manager, Asphalt Plants - Kilgore | Ready Mix Driver - Alleyton","Groundman Cinco Plant- Richmond Texas 77407 About Us Alleyton Resource is an integrated aggregates and ready mix concrete company based in the Houston and Austin, Texas area. Alleyton operates sand and gravel sites and ready mix concrete locations in the West Houston metropolitan area and operates quarries in Austin. Alleyton Resource is part of Summit Materials. Summit Materials was formed to acq","manufacturing","high"
"1004","talentbank-sdn-bhd","jobstreet","17","Mobile App Developer | Database Administrator | Cybersecurity Specialist | Network Engineer | Data Scientist","[Category: Information & Communication Technology / Programme & Project Management] Responsibilities: Lead and manage projects from initiation to completion, including project planning, execution, monitoring, and closing phases. Collaborate closely with cross-functional teams, including design, procurement, and installation teams, to ensure seamless project execution. Develop detailed project plan","consulting_professional_services","high"
"1005","talentbridge","linkedin","17","Technical Support Specialist | Data Analyst | Utilities Drafter | Business Continuity Consultant | DEVOPS BIG DATA AWS ENGINEER","Interview Mode: In-Person Interview - (ONLY LOCAL CANDIDATES to Colorado) Role: Devops Cloud Engineer (ONLY LOCAL CANDIDATES)Location: Greenwood Village CO (Hybrid)Duration: Long term Skills:Python/Java.Advanced IAC (Terraform Preferred).AWS or other enterprise cloud provider infrastructure account admin (AWS preferred).Good customer service skills.EMR – able to build and review complex issues.Hiv","consulting_professional_services","high"
"1006","tessera-labs","ashby","17","AI Agent Engineer | Software Engineer, Backend | Systems Engineer - SaaS | Senior Data Engineer – ERP Data Harmonization & Enterprise Data Platform | Cloud Infrastructure/DevOps Engineer","Product Manager About Tessera Labs Tessera Labs is redefining how enterprises adopt and operationalize Artificial Intelligence. Backed by Foundation Capital and led by a world-class founding team, we build multi-agent AI systems that automate complex business workflows across platforms such as SAP, Salesforce, Workday, Snowflake, MuleSoft, and more. Our mission is to bring real AI automation to th","tech_software_internet","high"
"1007","thebrattlegroup","greenhouse","17","2026 Research Analyst - Competition | 2026 Research Analyst - International Arbitration (12-Month Contract) | 2026 Research Analyst - International Arbitration (12-Month Contract) - Fluent i | 2026 Research Analyst Intern - Economics & Finance | Associate","The Brattle Group: Associate – Boston, MA DUTIES: Direct and manage projects in team environment to produce written analyses used in litigation, regulatory proceedings, international arbitration, and consulting engagements. Develop statistical, econometric, and other quantitative data analysis and oversee analysis performed by Research Analysts. Draft reports that summarize and explain the results","consulting_professional_services","high"
"1008","thiga","lever","17","AI Product Builder - AI Product Manager - H/F | AI Product Ops (H/F) | Alternant·e Content Marketing, SEO-GEO & IA | Alternant·e Event Marketing & IA | Apprenti.e - Graphiste","Une révolution en marche Chez Thiga, nous sommes convaincus que l’adoption du Cloud et de la GenAI ne se limite pas à “déployer sur Kubernetes” ou à “brancher un LLM”. Elle exige de repenser l’architecture, l’exploitation et la sécurité : des plateformes cloud natives, observables, résilientes, et capables d’industrialiser des systèmes à grande échelle. Notre vision Nous croyons que l’IA et le Clo","consulting_professional_services","high"
"1009","times24-malaysia-sdn-bhd","jobstreet","17","Electrical Technician | Senior Software Programmer | Quality Management System Executive | Technician | HR & Admin Assistant / Executive","[Category: Manufacturing, Transport & Logistics / Team Leaders/Supervisors] Job Description: Conduct preventive maintenance, equipment repair, and installation & dismantle tasks. Troubleshoot and diagnose complex equipment issues. Perform intermediate-level equipment repairs and replacements. Lead the installation and dismantle of equipment and machinery. Assist with preventive maintenance tasks a","manufacturing","low"
"1010","tremendous","ashby","17","Senior Software Engineer | Director of Finance | Director of Product Design | Senior Product Manager | Partner Manager","Tremendous is the global platform built for businesses to send thousands of payouts to anyone, anywhere, for free. We're trusted by 20,000 organizations like Atlassian, MIT, and United Way to deliver gift cards and money to millions of recipients worldwide. Our customers (researchers, marketers, HR teams, nonprofits, and platform businesses) rave about how fast and easy Tremendous is to use. Check","finance_fintech","high"
"1011","tubitv","greenhouse","17","Director, Associate General Counsel, Partnerships and Technology | Director, Associate General Counsel, Sales & Growth | Director, Marketing - Mexico | Director, ML Engineering & Infrastructure | Director of B2B Marketing Strategy: Mid-Market & DR","About the Role: Tubi is seeking a Marketing Director, Mexico to lead our consumer marketing efforts, drive audience growth and lead the sales marketing strategy across one of our most strategic international markets. Reporting directly to the Global CMO, this role will shape and execute Tubi’s marketing strategy for Mexico, fostering brand awareness, sales engagement, and viewership among local au","media_entertainment","high"
"1012","ubs","linkedin","17","Regulatory Reporting - Governance | Financial Crime Prevention Quality Assurance Testing Officer | Microsoft Azure Data Analytics and BI Lead | Client Associate | CUSO Compliance Testing Officer","Job Reference # 293861BR Job Type Part Time Your role Are you a motivated self-starter? Can you take an assignment and run with it? If you're ready to dive into a fast-paced, client-focused work environment, an internship may be the right fit for you. We're looking for a part-time intern to: work on projects that have real impact on clients support our team of wealth management experts gain produc","finance_banking","high"
"1013","ultimagenomics","greenhouse","17","Associate Strategic Accounts Director, Pharma and Biotech | Bioinformatics Researcher II | Field Service Engineer I, Development Program | Field Service Engineer II, UAE | Inside Sales Representative","Rapidly Growing Life Sciences Technology Company Ultima Genomics is a rapidly growing company that is developing ground-breaking genomics technologies. Our mission is to continuously drive the scale of genomic information to enable unprecedented advances in biology and improvements in human health. We have developed a foundational new approach to sequencing at scale that overcomes limitations due ","healthcare_devices","high"
"1014","ultimus-fund-solutions","linkedin","17","529 Shareholder Services Specialist II | Business Systems Analyst | Account Services Specialist II | Assistant Manager, Shareholder Services | Control Accounting Specialist I","SUMMARYA Paralegal I provides legal administration services for Ultimus Fund Solutions’ mutual fund clients. Additionally, this position prepares board materials and regulatory filings, manages regulatory calendars, provides general legal, filing and governance support, and may oversee other client-related matters. KEY ACCOUNTABILITIESLEGAL ADMINISTRATIONPrepares client registration statement upda","finance_banking","high"
"1015","unity-advisory","ashby","17","Senior VAT Manager | Director- Financial Due Diligence | Solution Architect | Director - Corporate Tax | Senior Manager - Financial Due Diligence","About Unity Advisory Unity Advisory is a new-generation professional services firm built for an AI-enabled world. We operate a lean, conflict-free, and client-centric model that integrates advanced technology and AI into every workstream. With no audit practice, we are free from traditional conflicts and legacy silos. This allows us to move faster, collaborate openly, and focus entirely on creatin","consulting_professional_services","high"
"1016","unlimitedtechnology","greenhouse","17","Field Installation Supervisor | Installation Technician | Installation Technician II | Installation Technician III | Lead Installation Technician","Come join our team! At Unlimited Technology, we are committed to our company's core values of Passion, Collaboration, Innovation and Adaptability. With offices throughout the United States, we are a premier cyber and physical security specialty contractor, and we are growing at a rapid pace. We have a wide range of talented and experienced individuals that deliver cutting edge technology solutions","consulting_professional_services","high"
"1017","urbansky","greenhouse","17","Aerospace Assembly Technician | Aerospace Engineer – Stratospheric Systems | Director of Marketing & Communications | Director of Product: Stratospheric Defense Systems | Embedded Firmware Engineer – HUSKY Bus Platform","About Urban Sky:&nbsp; Urban Sky is a venture-backed aerospace startup that pioneers utilization of the stratosphere and reimagines the way humans view and analyze the earth. We design, build, operate, and sell stratospheric balloon systems, and the data we collect supports a wide range of applications, from real-time wildfire monitoring to urban mapping. Our technology is also employed by governm","defense_aerospace","high"
"1018","vay","greenhouse","17","Business Development Associate | Director, Vehicle Production Operations (US) | Fleet Readiness & Maintenance Manager | Manager, Supply Chain Operations | Operational Safety Engineer","Ever imagined saying, “I helped launch the future of transportation”? We’re rewriting the rules of urban mobility. At Vay, customers tap a button and a car arrives - with no one inside - powered by our world-first Remote Driving technology on real public streets. We’re live in Las Vegas and scaling fast, powered by a strategic investment of up to $410 million from Grab . Our mission is simple: rep","automotive","high"
"1019","vegaamericas","greenhouse","17","Buyer | Compliance & Risk Administrator | Field Service Coordinator | Field Service Technical (Industrial) Phone Support - Mason, OH | Field Service Technical Phone Support - Newport Beach, CA","We are seeking a&nbsp; Buyer&nbsp; to handle purchasing activities, from reviewing requisitions and planning purchases to selecting and maintaining qualified suppliers. You will work closely with suppliers and internal teams to ensure timely, cost-effective, and high-quality sourcing of products and services. What you’ll do: Reviews requisitions, plans and purchases from MRP system Confer with sup","manufacturing","high"
"1020","versaterm","greenhouse","17","Chef Technique, Déploiement et Escalade / Technical Lead, Deployment & Escalatio | Deal Desk Manager | Director, Brand and Communications | Director, Customer Success | Enterprise Account Executive - Canadian 9-1-1 & Emergency Notifications","The Company&nbsp; Versaterm is a global public safety solutions company helping agencies transform how they serve their communities. Since 1977, we’ve been building an ecosystem of intuitive tools designed for public safety agencies, forensic labs, court systems, schools and other institutions. Through purposeful integrations and a selective growth strategy, we focus on improving workflows to help","tech_software_internet","high"
"1021","vibe","ashby","17","Acount Manager APAC - Performance Marketing - Mandarin speaker | Senior Customer Success Manager | Director of Product Analytics | Senior Global People Operations | Senior Site Reliability Engineer","About Vibe At Vibe.co , we're reimagining how brands reach audiences in the age of streaming. We believe streaming TV is no longer just a brand awareness play, it's the next great performance marketing channel. We're building the infrastructure to unlock this $100B opportunity. Vibe.co provides an Audience First Streaming TV Advertising solution for marketers to unlock TV as a growth channel. Our ","tech_software_internet","low"
"1022","vivvi","greenhouse","17","Assistant Teacher | Backup Caregiver | Child Care Staff for Professional Sports Team | Child Care Staff for Professional Sports Team-New York City | Director of Financial Planning and Analysis","Who We Are Vivvi is not your typical preschool! We’re reinventing child care and early learning for today’s families and creating opportunities for educators to do what they love (and feel valued while they’re doing it). Become a part of the Vivvi founding team at a brand new 24-hour child care center on Toyota’s new campus in Liberty, NC, to help build the quality program children deserve while p","education_k12","high"
"1023","vynca","ashby","17","LVN Case Manager | Case Manager | Community Outreach Specialist | Manager, Case Management (RN) | Manager, Case Management (LCSW/LMFT)","Join the dynamic journey at Vynca, where we're passionate about transforming care for individuals with complex needs. We’re more than just a team; we're a close-knit community. Our shared commitment to caring for each other and those we serve is what sets us apart. Guided by our unwavering core values: Excellence, Compassion, Curiosity, and Integrity, we forge paths of success together. Join us in","healthcare_provider","high"
"1024","white-cap","linkedin","17","Counter Sales Associate | Inside Sales | Driver-CDL | Senior Linux Engineer | Account Manager - Accelerated Sales Program","A position at White Cap isn’t your ordinary job. You’ll work in an exciting and diverse environment, meet interesting people, and have a variety of career opportunities. The White Cap family is committed to Building Trust on Every Job. We do this by being deeply knowledgeable, fully capable, and always dependable, and our associates are the driving force behind this commitment. Job Summary Respons","real_estate_construction","high"
"1025","wincent","ashby","17","Quantitative Research Internship - Quant Research/Trading - Starting Summer 2026 | Senior Power Trader | Quantitative Researcher | Bratislava | Quantitative Trader | Bratislava | HFT Performance Engineer","About Wincent We are a team of 120 people, primarily Engineers, Traders and Quants, focused on HFT with ~1% of global crypto trading volume. Being a bit weird, we Are self-taught; our founders do not come from any of the big HFTs Chose to have no VCs on cap-table; this spot is for our colleagues Made Bratislava the central hub, not London or Amsterdam Culture When you do something you love, it doe","finance_banking","high"
"1026","xairatherapeutics","greenhouse","17","Accounting Manager | AI in Residence | AI Research Engineer | AI Scientist | AI Scientist, BioMedical AI","About Xaira Therapeutics Xaira is an innovative biotech startup focused on leveraging AI to transform drug discovery and development. The company is leading the development of generative AI models to design protein and antibody therapeutics, enabling the creation of medicines against historically hard-to-drug molecular targets. It is also developing foundation models for biology and disease to ena","healthcare_pharma_biotech","high"
"1027","zennioptical","greenhouse","17","AR Coating Technician II - Full Time - (Weekday, Mon - Thur) | AR Coating Technician II - Full Time - (Weekend, Fri-Sun) | Assembly Technician II - Full Time - (Weekend, Fri-Sun) | Brand Partnerships Manager | Content Configuration Engineer","Who We Are Born from a mission to make prescription eyewear affordable and accessible to everyone, Zenni Optical has been changing the way people see the world since 2003. With complete prescription pairs for adults and kids starting at under $10, we’ve grown into a global brand with over 51 million pairs of glasses sold — and counting! Based in the San Francisco Bay Area, we're proud to be the Of","retail_ecommerce","high"
"1028","zillow","linkedin","17","Enterprise Account Consultant, Rentals | Senior Account Executive, ShowingTime | Partner Success Manager, Rentals | Principal Product Manager | Senior Business Intelligence Analyst, Marketing","About The Team The ShowingTime+ sales team provides outstanding software, media solutions and business consultation for growth-oriented real estate agents and teams. We connect with our clients through insight and energy as true partners in their business. Our goal is to help listing agents and sellers stand out from the crowd and help make the home selling and buying process a truly enjoyable one","tech_software_internet","high"
"1029","zinnia","greenhouse","17","Associate Director, Strategic Account Management | Associate II - Licensing and Commissions | Associate II, Life Sales | Client Services Analyst I | Director of Engineering (API Management and CIAM)","WHO WE ARE: Zinnia is the leading technology platform for accelerating life and annuities growth. With innovative enterprise solutions and data insights, Zinnia simplifies the experience of buying, selling, and administering insurance products. All of which enables more people to protect their financial futures. Our success is driven by a commitment to three core values: be bold, team up, deliver ","finance_insurance","high"
"1030","zippymh","ashby","17","Business Controls Analyst | Senior Product Manager | Senior Product Manager - Post Originations | Senior Software Engineer II | Staff Software Engineer","Zippy was founded with one mission: to make getting a loan for a manufactured home simple, fast, and fully online. We believe modern manufactured homes are affordable, well-built, eco-friendly, and stylish, but finding a lender who understands this market can be challenging. That’s why Zippy focuses exclusively on manufactured home loans, offering a seamless, digital experience. Headquartered in D","finance_fintech","low"
"1031","aaa-the-auto-club-group","linkedin","16","Associate Predictive Modeler II | Marketing Asset Management Intern | APD Claim Representative I - Meemic | Entrepreneurial Agency Owner | Insurance Sales Agent - Bellevue, NE","It’s a great time to join AAA The Auto Club Group! JOIN THE TEAM COMMITTED TO DRIVING YOUR CAREER FORWARD Job Type: Full time Exempt/Non Exempt: Salary Job Description: I. Position Description Work under normal supervision with an intermediate-level approval authority to handle moderately complex claims within Claim Handling Standards in the field or inside units. Resolve coverage questions, take ","finance_insurance","high"
"1032","acadianassetmanagementllc","greenhouse","16","Associate, Investment Operations (Portfolio Control) | Associate Portfolio Manager, Implementation | Client Invoicing Specialist | Client Service Specialist | Consultant Relations Specialist","Acadian Asset Management is a global, systematic investment manager at the forefront of data-driven investing since 1986. Headquartered in Boston, with locations in Singapore, London, and Sydney, we manage over $170 billion on behalf of leading institutions worldwide—including pension funds, endowments, foundations, and sovereign wealth funds. We harness advanced technology, rich datasets, and mul","finance_banking","high"
"1033","accela","greenhouse","16","Account Executive | Assistant Controller | Business Development Representative | Consultant (Managed Application Services) | Head of Sales, APAC","ABOUT THE ROLE Accela is seeking a proactive and business-minded Legal Director to support our growing sales and services teams. Reporting to the Chief Legal Officer, this role will serve as a key legal advisor on commercial transactions and revenue-generating activities. The ideal candidate will bring deep experience in negotiating complex SaaS and services agreements, particularly in the public ","tech_software_internet","high"
"1034","acorns","ashby","16","Senior Backend Engineer, AI Team | Sr. Recruiter | Data Analyst I | Senior Disputes Operations Associate | Sr. Software Engineer, Backend","At Acorns, our mission is to look after the financial best interests of the up-and-coming, beginning with the empowering, proud step of micro-investing. How do we accomplish our mission? Our values. Lead With Heart - With compassion, integrity, and tenacity, inspire yourself and others to move past all previous thresholds of possibility Make Bold Decisions - We are creating a new world. Be optimis","finance_fintech","high"
"1035","acquia","greenhouse","16","Account Executive | Account Executive, Mid-Market | Account Executive [Remote - New York] | Director of Developer Relations & Technical Content | Director, Product Management","About Acquia Acquia empowers the world’s most ambitious brands to create digital customer experiences that matter. With open source Drupal at its core, the Acquia Digital Experience Platform (DXP) enables marketers, developers, and IT operations teams at thousands of global organizations to rapidly compose and deploy digital products and services that engage customers, enhance conversions, and hel","tech_software_internet","high"
"1036","acquisition","ashby","16","Event Specialist | Sales Development Representative (Setter) | Sales Representative (Closer) | Strategy Associate | Accounting Manager","Role The Camera Operator is responsible for capturing high-quality, cinematic footage across live events, branded series, and internal productions. This role exists to elevate visual output beyond standard coverage by applying strong composition, camera movement, and storytelling fundamentals in fast-paced environments. This is a hands-on execution role. You are operating cameras, anticipating mom","other","low"
"1037","adjustjobs","greenhouse","16","Account Executive - Beijing based | Account Executive/Customer Success Manager - China based in Shenzhen | Account Executive - Guangzhou based | Account Executive - Portuguese and Spanish Speaking | Account Executive - Shanghai based","Adjust, an AppLovin (NASDAQ: APP ) company, is trusted by marketers around the world to measure and grow their apps across platforms, from mobile to CTV and beyond. Adjust works with companies at every stage of the app marketing journey, from fast-growing digital brands to brick-and-mortar companies launching their first apps. Adjust’s powerful measurement and analytics solutions provide visibilit","tech_software_internet","high"
"1038","adventus","lever","16","Business Development Associate | IT Helpdesk Engineer | AI Automation Engineer / Developer | Customer Success Executive (Service Delivery, Post Sales) | CV / Resume Depository","[Category: Information & Communication Technology / Help Desk & IT Support] Job Description: Perform desktop, printing and peripherals support. 1st / 2nd level support and resolution, whether on-site or from the office, to technical issues involving desktop clients, standard and client applications, and hardware issues. 1st level Opera Helpdesk Support (PMS, Rates, Interface, User Management etc.)","consulting_professional_services","medium"
"1039","akumin","linkedin","16","MRI Tech | Ultrasound Technologist | Patient Coordinator | PETCT Tech | Driver","As an MRI Technologist, you are responsible for patient safety and the performance of high-quality MR studies, on site and/ or remote. Ensures effective communication with Radiologist, team members, patients, and customers for those who work in the mobile environment. When required, trains, and orients new technologists, Patient Coordinators and/or MR Technologist Assistants. Specific duties inclu","healthcare_provider","high"
"1040","alltec-foba-asia-danaher-group","jobstreet","16","P2P Specialist | Specialist | Specialist, Global QDIP, Reporting & P2P Optimization | P2P Senior Analyst | Sr Analyst, Collections (EMEA)","[Category: Accounting / Financial Accounting & Reporting] GENERAL R2R Operational: • Ensure all financial close activities are completed timely and in accordance with corporate timeline, guidelines and policies. • Management of financial activities will include: - o Preparation and posting of journals o Monthly and quarterly closing activities and reporting. This will include preparation of financ","manufacturing","high"
"1041","american-medical-response","linkedin","16","Paramedic Basic | Vehicle Service Technician (Fleet) | Full-Time EMT Basic | EMT Basic | Dispatcher","EMT Full-time, Non-exempt Starting Wage: $24.50 - $33.80 DOE, including weekend differential. AMR wages are based hourly and not on an annual basis. Overtime and other opportunities are available, to include, Wildland Fire EMS, Disaster Response Team, along with multiple stand-by events. We are only hiring Full-Time EMTs. American Medical Response (AMR) is a Teamsters Local 763 union-based company","healthcare_provider","high"
"1042","american-red-cross","linkedin","16","Blood Collection Staff/Customer Service - Training Provided | User Acceptance Testing Specialist | Representative II, Volunteer Engagement (Temporary) | Microsoft365 Support Technician (work from home) | Blood Collections Team Lead (Mobiles)","Please use Google Chrome or Mozilla Firefox when accessing Candidate Home. By joining the American Red Cross you will touch millions of lives every year and experience the greatness of the human spirit at its best. Are you ready to be part of the world's largest humanitarian network? Join us—Where your Career is a Force for Good! Job Description WHY CHOOSE US? As one of the nation’s premier humani","nonprofit","high"
"1043","andela","ashby","16","Staff Fullstack Engineer | AI Solutions Manager | AI Solutions Architect | Product Operations | Product Designer","About Andela: At Andela, we know brilliance is evenly distributed around the world, but opportunity is not. For over 10 years, Andela has connected its customers with top global, remote technical talent from over 135 countries with the majority residing in emerging markets like Africa and Latin America. As one of the world’s largest talent marketplaces, Andela gives companies greater flexibility t","consulting_professional_services","high"
"1044","aninebing","greenhouse","16","Accounting Manager | ADV Manager EU | Assistant Store Manager - Meatpacking | Credit Manager | CRM & Retention Marketing Manager","ANINE BING is looking for an ADV Manager EU to join our Wholesale team, based at our Paris HQ. This role is an opportunity to help shape the next chapter of ANINE BING. As the first dedicated Sales Administration leader for our European wholesale business, the ADV Manager EU owns the operational backbone of our EU growth — from order management and Key Account compliance to customer service and wa","consumer_brands","high"
"1045","arcadia","lever","16","Customer Success Manager | Enterprise Project Associate | Executive Assistant / Office Manager | Implementation Manager | Manager, Training and Enablement","Arcadia is dedicated to happier, healthier days for all. We transform diverse data into a unified fabric for health. Our platform delivers actionable insights for our customers to advance care and research, drive strategic growth, and achieve financial success. For more information, visit arcadia.io. Why This Role Is Important To Arcadia The US healthcare system is in a moment of profound digital ","tech_software_internet","medium"
"1046","arcadis","linkedin","16","GIS Specialist | Principal Engineer/Project Manager (Water) | Sustainability Manager | Water/Wastewater Modeler | Transportation Planner/Engineer","POSTION - COST MANAGER LOCATION - LENOIR, NORTH CAROLINA Arcadis is the world's leading company delivering sustainable design, engineering, and consultancy solutions for natural and built assets. We are more than 36,000 people, in over 70 countries, dedicated to improving quality of life. Everyone has an important role to play. With the power of many curious minds, together we can solve the world’","consulting_professional_services","high"
"1047","array-behavioral-care","ashby","16","100% Remote PMHNP | Daytime Remote Acute Care Psychiatrist | Evening Remote Acute Care Psychiatrist | Teletherapist | 100% Remote Telepsychiatrist","Licensed Teletherapist (California) – 100% Remote | W2 Employee Deliver care that matters—where it matters most. Join the nation’s leading virtual behavioral health practice and help transform access to mental health care - right from where you are. Array Behavioral Care is seeking a Licensed Therapist (LCSW, LPC, or LMFT) licensed in California to provide high-quality teletherapy services in a fu","healthcare_provider","high"
"1048","asustek-computer-malaysia-sdn-bhd","jobstreet","16","Channel Sales Coordinator (Kuala Lumpur) | Channel Sales Specialist (Melaka) | Channel Sales Specialist (JB) | HR Internship | Channel Sales Specialist (Northern)","[Category: Sales / Account & Relationship Management] Responsibilities: Managing the entire product line life cycle from strategic planning to tactical activities for component products . Specifying market requirements for current and future products by conducting market research supported by on-going visits to customers and non-customers. Driving a solution set across development teams (primarily","tech_hardware_semiconductors","high"
"1049","attain","greenhouse","16","Client Services Lead | Client Services Lead, Enterprise Partnerships | Data Engineer, Consumer | Director, Data Strategy | Director of Sales, Insights","About Attain&nbsp; Built for consumers and companies, alike. In a world driven by data, we believe consumers and businesses can coexist. Our founders had a vision to empower consumers to leverage their greatest asset—their data—in exchange for modern financial services. Built with this vision in mind, our platform allows consumers to access savings tools, earned wages and rewards without cost or h","consulting_professional_services","medium"
"1050","attivopartners","greenhouse","16","Accounting Manager | Accounting Manager (Part-Time) | Accounting Manager - Web3 Practice | AI & Workflow Innovation Lead | Assistant Controller","Join the Rapidly Growing Team at Attivo Partners! Are you dedicated to excellence and eager to advance your career? Passionate about technology and startups? Excited to work with some of the most innovative early-stage companies in the world? If so, Attivo Partners is the place for you! Why Attivo? Attivo Partners is a fast-growing full-service finance and accounting consulting firm headquartered ","consulting_professional_services","high"
"1051","basiccapital","ashby","16","Head of Capital Markets | Software Engineer - HRIS & Payroll | Software Engineer - Core Financial Platform | Software Engineer - Platform Foundation | Full Stack Software Engineer - Product","About Basic Capital Basic Capital is a fintech company disrupting America’s $1T retirement industry by building the mortgage for retirement, unlocking market ownership, and making wealth accessible to every American. Our mission is to create products, platforms, and a credit marketplace that power a fundamentally new retirement system. Our founding team includes leaders from Goldman Sachs, Uber, B","finance_fintech","high"
"1052","bechtel-corporation","linkedin","16","Senior Architect, SWIB | Senior Civil Engineer SWIB | Equipment Specialist - Telematics Tech | Area Admin Assistant | Electrical Superintendent","Requisition ID: 275531 Relocation Authorized: National - Single Telework Type: Full-Time Office/Project Work Location: Brownsville, TX Since 1898, we have helped customers complete more than 25,000 projects in 160 countries on all seven continents that have created jobs, grown economies, improved the resiliency of the world's infrastructure, increased access to energy, resources, and vital service","real_estate_construction","high"
"1053","bluescope-buildings-north-america-inc","linkedin","16","Material Handler (2nd and 3rd shift) Starting at $22.50 | Product Manager | Crew Leader | Industrial Engineering Intern | Machine Operator 1 - Gantry Operator - 3rd Shift","Company Description For over 100 years, BlueScope continues to build on our reputation of quality brands and products, leading technology and a customer-first spirit. Through our global brands, we are one of the largest manufacturers of building solutions in the world. Our diverse, bright and inspired workforce is committed to bettering the communities we serve through breakthrough thinking and in","manufacturing","high"
"1054","boehringer-ingelheim","linkedin","16","Senior Automation Engineer | SR AD, Clinical Systems & Analytics | Veterinarian, Vet Technical Solutions | Global Site Monitoring Lead | US_Specialist III, LMS","Description Learning is a critical success factor and is part of the quality management system in BI. The Learning Management System (LMS) is the primary, centralized, electronic tool used to assign, record, track and monitor learning activities for BI Globally. This position provides consistent global, regional and local business support for LMS through: Manage and supervise global, regional and ","healthcare_pharma_biotech","high"
"1055","brevo","lever","16","Bilingual Sales Engineer, Americas (Spanish) | Business Development Representative | CRM Marketing Apprentice | Enterprise Account Executive - Benelux | Enterprise Account Executive - German Speaker","At Brevo, we’re not just building a CRM. With our technology, we’re helping millions of organizations build lasting relationships with their customers. From emails and SMS to WhatsApp, Chat, and Marketing Automation, our tools are intuitive, powerful, and built to scale with every ambition. We give businesses a clear view of the customer journey, so they can focus on what matters: connection. As a","tech_software_internet","high"
"1056","broadwayventures","greenhouse","16","Appeals Specialist | Cardiology Physician, Medical Case Reviewer (Remote, Part-Time, Flexible Hours) | Director of IT and Technology Solutions | Gastroenterology Physician, Medical Case Reviewer (Remote, Part-Time, Flexible H | Hematology/Oncology, Physician Medical Case Reviewer (Remote, Part-Time, Flexibl","At&nbsp; Broadway Ventures , we transform challenges into opportunities with expert program management, cutting-edge technology, and innovative consulting solutions. As an 8(a), HUBZone, and Service-Disabled Veteran-Owned Small Business (SDVOSB), we empower government and private sector clients by delivering tailored solutions that drive operational success, sustainability, and growth. Built on in","consulting_professional_services","medium"
"1057","burgeon-it-services","linkedin","16","QA Automation Tester at Hybrid | Microsoft Power Platform Architect_Seattle,WA_Onsite_Fulltime_only GC & USC | Microsoft Power Platform Architect | Power Platform Architect | Microsoft Power Platform Architect_Seattle, WA_Onsite_Fulltime_GC or USC","Role: Oracle ORMB Specialist Location: Chicago, ILJob type:Long Term ContractPlease share me the resume at pranay@burgeonits.com JD: Functional and Testing experience in Oracle Revenue Management and Billing product in Health care and Financial services.3+ years of experience in ORMB. And 10+ overall techno functional/testing experience. Experience in Settlement, Pricing, Billing and custom soluti","consulting_professional_services","high"
"1058","burns-mcdonnell","linkedin","16","Electrical Engineering Intern - Transmission & Distribution - Substation (Baltim | Senior Cloud Network Analyst - Corporate IT (Kansas City) | Firewall Analyst - Corporate IT (Kansas City) | Construction Project Manager - Solar Field Opportunities | Assistant Electrical Detailer","Description An Assistant Electrical Detailer will assist with plans and prepare non-routine drawings with complex features using information from rough sketches, detailed engineering notes or brief verbal guidance. This position will work on various projects with a diverse portfolio of project types and clients. Assist in a full range of drawing production work.Produce project deliverables in an e","consulting_professional_services","high"
"1059","camp","greenhouse","16","Actors/Performers | Actors/Performers for a Bluey x CAMP Immersive Production | Actors/Performers for a Bluey x CAMP Production | Actors/Performers for PAW Patrol x CAMP collaboration | Assistant Store Manager (full-time) - Canteen and Sponsorships","What is the Role?&nbsp; We are looking for a retail Sales Associate (part-time) to join our CAMP team! You will be responsible for guiding CAMP’s families through our retail experience, ensuring they have a magical experience and want to return!&nbsp; This includes:&nbsp; Bring the CAMP brand to life. Provide a fully immersive experience for customers of all ages by:&nbsp; This involves engaging i","media_entertainment","medium"
"1060","capimoney","ashby","16","Sales Manager - Abidjan | Sales Manager - Douala | Product Engineer - London | Senior Fullstack Engineer - London | Sales Manager - Congo Brazzaville","Capi is building the financial infrastructure for emerging markets trade. Backed by $18M+ from top-tier investors like Creandum, Y Combinator, General Catalyst, and angels from Revolut, Checkout, Stripe, and Remitly, we’re building the financial infrastructure that emerging markets deserve. Our mission is to grow GDP in emerging markets by making the global financial system fairer and more accessi","finance_fintech","high"
"1061","certik","lever","16","Background Investigator | Blockchain Security Engineer - (Solidity / Rust / Golang) | Blockchain Security Engineer - Senior Level (Solidity / Rust / Golang ) | Blockchain Security Expert - AI Track | Blockchain Security Expert - Anti Defect Track","Why Us? CertiK is a pioneer in blockchain security, leveraging best-in-class AI technology to protect and monitor blockchain protocols and smart contracts. Founded in 2018 by professors from Yale University and Columbia University, CertiK’s mission is to secure the web3 world. CertiK applies cutting-edge innovations from academia to enterprise, enabling mission-critical applications to scale with ","tech_software_internet","high"
"1062","clifyx","linkedin","16","Business Development Lead | ServiceNow Presales Lead/Director | Business Development Manager | AI/ML Architect | NOC Surveillance operator","Job Title : Adobe AEM ArchitectPosition Type: Permanent/FTEWork Location : Dallas, TX/USA RemoteClient: TCS Job Description: As an Architect/ Manager you will be responsible for translating client content management requirements into technical designs which includes enterprise-level architecture and implementing strategies using components of the Adobe AEM platform to support multi-site, multi-cha","consulting_professional_services","high"
"1063","coast","greenhouse","16","Account Executive (Mid-Market) | Business Development Representative (BDR) | DevSecOps Engineer | Full-Stack Engineer / Senior Full-Stack Engineer | Head of Design","At Coast, we're building the financial infrastructure powering America's fleets. AI is fundamentally changing how fleets run their financial operations, and we're shaping the tools this new era requires. Founded in 2020, Coast has become the payments and expense management platform of choice for the 500,000 fleets and 40 million vehicles that keep the country moving — giving fleet owners and opera","finance_fintech","high"
"1064","coastal","ashby","16","Relationship Banker | Product Manager II | Assistant Controller | In-House Legal Counsel - Hybrid | Finance Associate","ABOUT US Coastal is at the forefront of modern banking, combining strong financial infrastructure with cutting-edge Banking-as-a-Service (BaaS) and fintech enablement strategies. We support not only individuals with their personal banking needs; we also empower businesses by integrating modern banking technology that drives growth, flexibility, and innovation. At Coastal, we think and move like en","finance_banking","high"
"1065","collate","lever","16","AI Engineer | AI Research Scientist | All Other Roles | Data Quality and Labeling Specialist | DevOps / Systems Engineer","About Collate Collate is an AI document generation platform for life sciences. We automate paperwork with AI, helping our customers get life-saving innovations to patients years faster. Collate is an end-to-end solution, powering every step of drug, diagnostic, and medical device development—from concept to market. Our CEO Surbhi Sarna is a former General Partner at Y Combinator. Surbhi founded nV","tech_software_internet","high"
"1066","computech-corporation","linkedin","16","Information Technology Financial Analyst | Cloud Engineer | Fleet Administrator | Collections Specialist | Cashier","Title: IT Test Analyst IIJob ID: JDJP00039673Location: Urbandale, IA 50322Duration: 18 Months Duties and Responsibilities:We are seeking a dynamic and skilled Support Specialist with software testing experience to join our team. This unique position is dual-focused, with 70% dedicated to providing exceptional Tier 2 technical support and 30% to conducting thorough software testing and verification","consulting_professional_services","high"
"1067","concentric","greenhouse","16","Account Manager, Embedded Security & Intelligence Programs (Hybrid) | Integrated Security Operations Manager | Intelligence Collections Specialist, UK (REMOTE) | Law Enforcement Response Associate (Remote) | Protection Agent, Security Driver","Are you interested in joining an organization with a global reach? In a world of shifting threats, Concentric is your trusted ally. Powered by elite professionals from military, government, and intelligence backgrounds. If you are passionate about intelligence, risk analysis, threat management, executive protection, security operations, or business resiliency, Concentric may be the organization yo","consulting_professional_services","high"
"1068","conscious-talent","ashby","16","Operations Leader (General Interest) | General Application | CEO, General Manager (General Interest) | Finance Leader (General Interest) | Design Leader (General Interest)","Who We Are Conscious Talent connects high-performing professionals that are deeply committed to inner work and professional excellence to opportunities at companies that value this. We help leaders like you find roles that align not just with your expertise, but with your inner growth journey and purpose. We believe that when leaders who are committed to their inner and outer development come toge","consulting_professional_services","high"
"1069","consensuscloudservices","greenhouse","16","Account Executive | Account Manager | Collections Specialist | Manager II, Quality Assurance | Sales Development Representative","Consensus Cloud Solutions is a publicly traded, leading digital cloud fax and interoperability solutions organization in the United States and globally, focusing on connecting and empowering healthcare providers, payers, care teams, and technology innovators to unify multiple systems that wouldn’t otherwise talk to each other. Consensus is a trailblazer in our industry and believes that data trans","tech_software_internet","high"
"1070","creditgenie","ashby","16","Senior Software Engineer, Trust Platform | Staff iOS Engineer | Staff Software Engineer, Backend | Principal Product Marketing Manager | Chief of Staff","Company Credit Genie is a mobile-first financial wellness platform designed to help individuals take control of their financial future. We leverage artificial intelligence to provide personalized insights and are building a financial ecosystem by offering tools and services that provide instant access to cash, and building credit. Our goal is to empower every customer to achieve long-term financia","finance_fintech","high"
"1071","d-r-horton","linkedin","16","Assistant Superintendent | Sales Representative-Prattville | Superintendent (Tampa North) | Director of Land Acquisition | Superintendent-WA","Description D.R. Horton, Inc., the largest homebuilder in the U.S., was founded in 1978 and is a publicly traded company on the New York Stock Exchange. It is engaged in the construction and sale of high-quality homes designed principally for the entry-level and first tine move-up markets. The company also provides mortgage financing and title services for homebuyers through its mortgage and title","real_estate_construction","high"
"1072","dashlane","greenhouse","16","Customer Success Manager | Customer Support Agent (Lisbon - Portugal) | Director of Engineering | Director of Sales | Engineering Manager - Core Features","About Dashlane Dashlane’s mission is to deliver the credential security every business and employee needs to thrive. Millions of consumers, and over 25,000 brands worldwide, such as Michelin, Air France, and Forrester, trust Dashlane for industry-leading innovations, patented zero-knowledge security, and an unmatched user experience. Founded in Paris, Dashlane has since established offices in New ","tech_software_internet","high"
"1073","dcatalyzer-sdn-bhd","jobstreet","16","HR Admin | Data Analyst | Marketing Operations Specialist | Data Operations Specialist | Record to Report (R2R)","[Category: Information & Communication Technology / Management] Description • Serve as the first contact with customers who need technical assistance via the phone or email • Perform troubleshooting using different diagnostic techniques • Troubleshoot, diagnose, and resolve technical hardware and/or software issues • Provide quick resolution and excellent customer service • Redirect unresolved iss","consulting_professional_services","medium"
"1074","dedale-intelligence","ashby","16","Network Research Planner (Hanoi) | Network Research Planner | Strategic Client Partner | Investment & Strategy Analyst Intern (End-of-Studies, start date Sept) | Investment & Strategy Analyst","About Dedale: Dedale is a fast-growing intelligence and strategy firm operating at the intersection of data, AI, and decision-making. We help leading organizations and investors navigate complexity through sharp insights and a cutting-edge product. As we scale, data is at the heart of everything we build — and we need someone to own it end-to-end. Your Role: As Data Engineer, you will be the prima","consulting_professional_services","medium"
"1075","deltia","ashby","16","Senior/Staff Robotics Engineer (m/f/d) | Senior Computer Vision Engineer (m/f/d) | Customer Success Manager (AI Enterprise) | Sales Development Representative | Manufacturing Solution Engineer (AI Startup)","We’re hiring a Product Owner to drive delivery and measurable customer outcomes in an industrial software environment. You’ll work closely with customers and internal teams to turn operational needs into clear requirements, shipped features, and improvements that move retention and value. What you’ll do Own the backlog and day-to-day execution: write clear tickets, define acceptance criteria, unbl","tech_software_internet","high"
"1076","diligentrobotics","greenhouse","16","Controller | Founding Sr. Data Engineer | Lead Clinical Robot Associate - Columbus, OH | ML Engineer, Manipulation | Part Time - Clinical Robot Associate - (Chicago, IL)","Diligent Robotics builds socially intelligent robots that work alongside healthcare teams so clinicians can focus on patient care. Our flagship robot, Moxi, operates in hospitals across the United States and takes on non-clinical tasks like delivering supplies, running labs, and relieving the burden on nurses and staff. Headquartered in Austin, Texas, Diligent is a subsidiary of Serve Robotics (Na","healthcare_devices","high"
"1077","dorsia","greenhouse","16","Brand Marketing Manager | Brand Partnerships / Account Management Intern | Client Success Intern | Design Intern | Event Producer","About Us Dorsia is at the forefront of hospitality-tech innovation, redefining how the world gains access to the most in-demand restaurants, events, and experiences. By fusing cutting-edge technology with the art of luxury hospitality, we empower our members to secure impossible-to-get reservations while providing operators with unprecedented levels of control, visibility, and revenue optimization","tech_software_internet","high"
"1078","doxel","lever","16","Construction Analytics Solutions Engineer | Construction Client Manager, Atlanta/Southeast | Customer Success Operations Lead | Director, Product Engineering | Enterprise Account Executive","Construction is the second-largest industry in the world—nearly 4x the size of SaaS—yet it still operates without the automated feedback loops that modern software teams rely on. Without real-time observability, issues are detected too late, contributing to over $3 Trillion in annual global waste. Doxel brings computer vision and AI to construction, giving teams real-time visibility into progress,","tech_software_internet","high"
"1079","duffel","ashby","16","Travel Support Consultant, US | Travel Support Consultant, London | Senior Customer Success Engineer - API | Product Analyst | Reconciliation Systems Lead","Product Analyst - Fraud London | Full - time | Hybrid | Shoreditch/Liverpool Street Create the Future of Travel With Us Whether it's visiting the people closest to us, starting an exciting adventure, or a career defining business trip, travel is essential. Yet we've all experienced the aches and pains of getting to our destination. More than 4 billion travellers rely on technology that hasn't kept","tech_software_internet","high"
"1080","dulcedo","lever","16","Account Manager Assistant | Agente de Talents | AI Visual Artist & Creative Technologist | Analyste Financier | Financial Analyst","We are Dulcedo What sets Dulcedo apart is that, for us, this business is not a numbers game. We are a full-service talent management agency dedicated to building lasting brands around our creators. We promote process, structure, and sustainable growth, all within an extremely collaborative setup where everyone shares the same goal: delivering white-glove service to the talents we represent and the","media_entertainment","high"
"1081","dxc-technology","linkedin","16","Remote Customer Service Representative - FINRA 26 | Sr. Customer Service Rep II - Annuities | Onsite Audio Video and Desktop Tech Support –New York, NY | Remote Insurance Call Center Support | Senior Practice Principal -Data, Analytics, AI (US Remote)","Job Description: DXC Technology (NYSE: DXC) helps global companies run their mission critical systems and operations while modernizing IT, optimizing data architectures, and ensuring security and scalability across public, private and hybrid clouds. The world’s largest companies and public sector organizations trust DXC to deploy services across the Enterprise Technology Stack to drive new levels ","consulting_professional_services","high"
"1082","ehub-global-inc","linkedin","16","Generative AI Engineer | Ruby on Rails Developer | SAP ABAP Technical Consultant | QA Tester - SAP Hybris | Data Architect","Software Engineer II & III (Total 4 Openings)Bedford, NH (Hybrid – 3 Days/Week Onsite is a MUST)Must be Local to NH or MA6 Months Contract-to-Hire Senior C#/.NET Web Application Development Requirements:5-15 years of application development experience is IDEAL.Experience working with the following:Application development with .NET Framework and C#, ASP.Net MVC or Web Forms, Web/WCF servicesADO.NET","consulting_professional_services","high"
"1083","elementbiosciences","greenhouse","16","Bioinformatics Scientist (Postdoc) | Field Applications Scientist - APJ | Field Applications Scientist - EMEA | Logistics Specialist - EMEA | Regional Marketing Specialist - APJ","At Element Biosciences, we are passionate about our mission to develop high performing products to study genomics with unprecedented flexibility and quality that enable researchers to better understand biology for the improvement of global health. We have built a highly efficient product-driven organization where employees can learn, grow, and thrive in a challenging but encouraging environment. W","healthcare_devices","high"
"1084","equilend","greenhouse","16","Account Manager (Securities Finance) | Associate, Human Resources Generalist | Business Analyst II | Country Lead, Japan (Securities Finance) | Field Marketing Manager","About the role We are looking for a Business Analyst II, Professional Services to join us in Bengaluru. This role sits within our Professional Services team and supports client-facing implementations of EquiLend Spire, our securities finance platform. You will help new clients adopt Spire by understanding their workflows, documenting requirements, supporting data&nbsp;mapping&nbsp;and working with","finance_fintech","high"
"1085","everbridge","lever","16","Data Analyst (AI & Data Platform) | Demand Generation Marketing Specialist / Manager (Fixed term contract) | Digital Demand Center (Part-Time, Remote) - Summer Intern | Full-Stack Software Engineer | intelligence Analyst (Night Shift)","Everbridge is the Global leader in Critical Event Management & Enterprise Safety Applications that automate and accelerate an organization’s operational response to critical events to keep people safe, assets protected, and businesses running faster. As a Federal Government and Commercial Contracts Attorney with expertise in U.S. Federal Contracting and SaaS products, you will be a vital member of","tech_software_internet","high"
"1086","everdriven","greenhouse","16","Accounting Manager | Account Manager, Detroit | Business Intelligence Analyst | Director of Support & Service Operations | Engineering Manager","EverDriven&nbsp;is the nation’s leading provider of alternative student transportation, partnering with school districts to serve students who need it most—including those experiencing homelessness, living with disabilities, or outside traditional bus routes.&nbsp;Our tech-enabled, human-led model helps remove barriers to learning through safe, reliable transportation. &nbsp; Since 2006,&nbsp;we’v","transportation_logistics","high"
"1087","exelon","linkedin","16","ComEd - Maint Mech 0 Cert Fleet | Procurement Specialist | Senior Accountant - BSC (Hybrid) | Sr Training Specialist | Energy Tech","Description Job Description We're powering a cleaner, brighter future. Exelon is leading the energy transformation, and we're calling all problem solvers, innovators, community builders and change makers. Work with us to deliver solutions that make our diverse cities and communities stronger, healthier and more resilient. We're powered by purpose-driven people like you who believe in being inclusi","energy_utilities","high"
"1088","faropoint","greenhouse","16","Associate, Acquisitions (Atlanta) | Associate, Asset Management (Atlanta) | Associate, Asset Management (Dallas) | Associate, Asset Management (HQ) | Director, Asset Management (Atlanta)","About Faropoint Meaningful Relationships.&nbsp; Ownership.&nbsp; Curiosity.&nbsp; Tenacity. Established in 2012, Faropoint is a pure play RE fund manager focusing on the last mile industrial sector. Having acquired more than 500 warehouses to date, it is the most active aggregator of warehouses in the US in the past five years. Our platform is built to harness the sector’s fragmentation, operating","real_estate_construction","high"
"1089","fgv-holdings-berhad","jobstreet","16","Senior Executive, IT Audit | Vice President, Culture & Transformation | Electrical Chargeman BO | Manager, Scholarship Management | Clerk, Service Desk","[Category: Legal / Generalists - In-house] SENIOR MANAGER / MANAGER, LEGAL Kuala Lumpur Responsibilities Providing legal advisory services to the Group to ensure compliance with the relevant internal and external rules, policies, regulations and Laws. Reviewing and drafting various types of contracts and other legal documentations for the Group. Managing, negotiating contracts with internal and ex","agriculture_food_production","high"
"1090","flux","ashby","16","Senior Platform Engineer | Software Engineer, Agentic Products | Platform Engineer | Head of Revenue | Growth Engineer","[Category: Engineering / Automotive Engineering] Do you know your way around cars? Got experience in service centres/workshops and know how to spot and diagnose problems? This position requires working from Tuesday through Saturday Assess vehicle condition (interior, exterior, odometer reading, trunk area, engine compartment). Facilitate the delivery and return of the Car, the onboarding and verif","tech_software_internet","medium"
"1091","freebalance.com","lever","16","Data Architect / Data Integration & Analytics Specialist (Government Digital Pla | Functional Support Specialist | General Application | IT Infrastructure Specialist | Marketing Communications Specialist","As Vice President, Global Sales you will report to the President & CEO. You will be responsible for leading new business development and sales activities with the global public sector. The primary responsibility is to lead and direct a distributed sales team to meet or exceed sales revenue, sales profitability, and budgetary objectives. You will be expected to design, implement, and manage a strat","tech_software_internet","high"
"1092","frontline-source-group","linkedin","16","Business Development Staffing Executive | Application Support Engineer | Director of Retail Operations | Grocery Store Manager | Accounting Manager","ReceptionistOur client located in north Houston is hiring a Receptionist. This is a contract to possible hire opportunity. Company Profile:Industrial ManufacturingIndustry Leaders Receptionist Role:Receptionist will greet and assist guests upon their arrival at our office.Direct visitors to the appropriate personnel and offices with professionalism and courtesy.Manage incoming phone calls, screeni","consulting_professional_services","high"
"1093","g2it","greenhouse","16","Cloud Developer Lead | Cyber Operations Center (CYOC) position | EOC Operator | JAVA/JavaScipt Developer Senior | Project Manager","Systems Engineer The System Engineer shall provide overall systems administration, maintenance, and support for current and future versions of Microsoft SharePoint 2016 or higher, Microsoft Office SharePoint Server, and associated applications. Responsibilities include: Perform systems administration, maintenance, and operational support for NIPR and SIPR SharePoint environments. Manage and mainta","consulting_professional_services","high"
"1094","general-atomics","linkedin","16","Project Systems Engineer | Information System Security Officer - ISSO | Field Bulletin Engineer | Business Process Analyst | Aircraft Conceptual Design Technical Director","Job Summary General Atomics Systems Integration, LLC (GA-SI), an affiliate of General Atomics, is a provider of military and commercial engineering services. GA-SI is a leading-edge expert in systems integration technologies, reliability improvements, and controls system design. We have an exciting opportunity for an individual to join our team and support production activities at Marine Corps Air","defense_aerospace","high"
"1095","gforce-life-sciences","linkedin","16","Biostatistician II | Content Manager | Website Content Specialist | Clinical Quality Specialist | Regulatory Affairs Specialist","Job Title: Human Resources and Client Services Associate Reports To: VP Recruiting & Operations Job Overview:GForce Life Sciences is one of the fastest-growing companies in the US! Ranked #8 in 2018 and #90 in 2019 on the Inc. 500 Fastest Growing Private Companies list, we are continuing to expand! GForce has repeatedly been awarded as a “Best Staffing Company to Work For” by Staffing Industry Ana","consulting_professional_services","high"
"1096","ghl-systems-berhad","jobstreet","16","Personal Driver | System Support Engineer - NAC | Software Developer | Senior Executive / Executive - Relationship Management & Sales Admin | Fraud Control Executive","[Category: Marketing & Communications / Product Management & Development] Job Responsibilities: - Enabling new products and services to function smoothly within the organization. Present, consult and manage expectations of senior-level Management and all departments on the development status of new products and services. Understanding the day-to-day operational aspect of all departments and ensuri","finance_fintech","high"
"1097","halcyon","greenhouse","16","Account Executive, Quebec | Channel Account Manager, Toronto | Commercial Account Executive, Calgary | Enterprise Account Executive | Enterprise Account Executive, Mid-Atlantic","What We Do Halcyon is the industry’s first dedicated, adaptive security platform that combines multiple proprietary advanced prevention engines along with AI models focused specifically on stopping ransomware. Who We Are Halcyon was formed in 2021 by a team of cyber industry veterans after battling the scourge of ransomware (and advanced threats) for years at some of the largest global security ve","tech_software_internet","high"
"1098","hemmersbach-malaysia-sdn-bhd","jobstreet","16","IT Onsite Technician | Warehouse Manager | IT Service Administrator with French and English | Executive Assistant | Service Desk Agent","[Category: Information & Communication Technology / Help Desk & IT Support] Bei Hemmersbach kannst Du Deine Leidenschaft für den End User Support in vollem Umfang ausleben. Als Teil unseres Onsite Support Teams bist Du genau für die Themen verantwortlich, bei denen Dir das Herz aufgeht: Betreuung der Clients im 2nd Level Support Selbständige Durchführung von Diagnosen zur Fehlerbehebung (Hardware ","consulting_professional_services","high"
"1099","hercules","ashby","16","Customer Operations Lead | Technical Customer Support Engineer | Performance Marketing Lead (Paid Growth) | Content & Social Lead | Technical Community Lead","What are we looking for? Hercules is looking for a senior or staff level product software engineer to help us build the future of AI software development What will you do? You will build and own user-facing features across Hercules including our AI Agent , the AI harness that enables anyone to build powerful full-stack applications App Builder, the interface that makes it ridiculously easy to buil","tech_software_internet","low"
"1100","honda-malaysia-sdn-bhd","jobstreet","16","Executive, Technical Support Analyst (Service) | Executive - Area Manager (Sales) | Honda Malaysia Internship Programme (Human Resource / Management /... | Executive, Strategic Planning (Sales) | Sr. Executive Data Scientist","[Category: Marketing & Communications / Market Research & Analysis] Job Description Preparation and ensuring accurate & timely submission of sales & production data to MAA for compilation. Preparation of data received from MAA and ensuring accurate & timely dissemination of market report & making presentation. Consistent monitoring of TIV & segment market trends. Research, compile and analyze info","automotive","high"
"1101","imagineworldwide","greenhouse","16","Android Systems Engineer | Director of Government Partnerships - Sierra Leone | Director of Government Partnerships - Tanzania | Director of Supply Chain Operations | Executive Associate to the Executive Director - Tanzania","About Imagine Worldwide All children have immense potential, but hundreds of millions don’t have access to the learning they need. Imagine Worldwide’s mission is to empower millions of children across Sub-Saharan Africa with the literacy and numeracy skills they need to reach their full potential. We provide an innovative education technology solution and implementation model to the global literac","nonprofit","high"
"1102","immersivelabs","ashby","16","Cyber Resilience Advisor | Enterprise Account Manager - Saudi | Cyber Security Consultant - Dubai, UAE | Cyber Resilience Advisor - Dubai, UAE | Lead Product Manager - Artificial Intelligence - UK (Remote)","A product you can believe in. Immersive is the leader in people-centric cyber resilience We have an exciting vision for cybersecurity that puts people at the center of cyber. Our cyber resilience SaaS platform is an agile, hands-on solution that helps teams continuously assess, build, and prove cyber capabilities through real-life simulations rather than one-off training sessions. We help the worl","tech_software_internet","high"
"1103","inertia","ashby","16","Mechanical Engineer – Fusion Target Fabrication | Controls Engineer | Laser Scientist | Optical Engineer | High Pressure Engineer","Overview: Inertia is seeking a highly driven Project Engineer with a strong technical foundation in laser systems or hard science environments to lead complex, cross-functional projects from concept through execution. This role is ideal for someone who drives decisions and leads teams to deliver results. The ideal candidate brings both technical depth and project leadership, with the ability to co","energy_utilities","high"
"1104","interviewengineering","greenhouse","16","Interview Engineer (Argentina) | Interview Engineer (Australia) | Interview Engineer (Brazil) | Interview Engineer (Canada) | Interview Engineer (Czech Republic)","Come join Karat's Interview Engineer Community! Karat is always seeking talented engineers to join our Community. If you are interested in being considered for a future Interview Engineer opportunity, please submit your application to this posting. This is a contractor/freelancer opportunity, and work is compensated based on tasks performed. Currently, we are only accepting applications from candi","consulting_professional_services","high"
"1105","isuzu-malaysia-sdn-bhd","jobstreet","16","Dealer Management (Manager) | Sales Planning Executive | Technician (Automotive) | Sales Development Assistant Manager | After Sales Planning Executive","[Category: Marketing & Communications / Marketing Communications] Job Responsibilities: Planning and execution of marketing campaign in details, based on the Company’s direction and goals. Ensuring timely rollout. To explore and identify the new brand enhancement opportunities (digital or on ground) to uplift the brand’s image and maximize the awareness in targeted segment. Measuring the results o","automotive","high"
"1106","jencapinc","greenhouse","16","Accounting Assistant - (Accounts Receivable) | Associate Underwriter | Associate Underwriter - Commercial Lines | Claims Assistant-Red Bank, NJ | Commercial Property Claims Adjuster","Why Jencap? We are one of the largest wholesale insurance intermediaries in the United States with expertise in wholesale brokerage, binding authority, and program management. The common thread woven throughout our success story is our collaborative and driven team of people. Our teams are empowered and work together to find solutions. We have a passion culture – with teamwork, collaboration and a","finance_insurance","high"
"1107","jps-health-network","linkedin","16","Patient Access Call Center Specialist - Days | BH Technician - Psych Emergency Center - Days | Clinical RN - Nursing Clinical Services | BH Technician - Floater - Days | Psychiatric Emergency Physician","Who We Are JPS Health Network is a $950 million, tax-supported healthcare system in North Texas. Licensed for 582 beds, the network features over 25 locations across Tarrant County, with John Peter Smith Hospital a Level I Trauma Center, Tarrant County's only psychiatric emergency center, and the largest hospital-based family medical residency program in the nation. The health network employs more","healthcare_provider","high"
"1108","justwatch","lever","16","Ad Operations Manager, JustWatch the Entertainment Guide | Campaign Manager | German speaking | Digital Ad Operations Manager - JustWatch the Entertainment Guide | Digital Advertising Campaign Manager - JustWatch the Entertainment Guide | Digital Campaign Manager - German speaking","Who we are JustWatch delivers data-driven digital marketing for the global entertainment business. From the biggest blockbusters to award-winning shows, major sporting events, and best-selling console games. We are not only entertainment obsessives, but we also own the world's largest streaming guide, which gives us unparalleled data and insights on audience behaviors and content tastes. From a sm","media_entertainment","high"
"1109","kabam","lever","16","Associate Balance Designer | Commercial Counsel | Development Director 2 | General Application | Manager, People Operations","At Kabam, we’re constantly raising the bar of excellence in free-to-play gaming. We hire for passion and diversity so that we can triumph in our collective skill. Our teams are made up of a fusion of personalities and interests bound together by a collaborative nature, fun-loving culture, and a drive to do what it takes to make great games. And this is where you come in… Kabam is seeking a collabo","gaming","high"
"1110","ketryx","greenhouse","16","Backend Engineer | Business Development Representative | Channel and Strategic Partnerships Director | Delivery and Success Associate - Enterprise | Delivery and Success Manager (Boston)","Job Title: QA/RA Lead Employment Status: Full-time Office Hours: Mon, Wed, Fri with WFH option on Tue &amp; Thu Location: Vienna, Austria Compensation: Starting from 90,000 EUR gross base salary + performance-based bonus and equity options. Compensation may be negotiated based on experience level. &nbsp; As a Ketryx QA/RA Lead, you will lead quality management system implementations and regulatory","tech_software_internet","high"
"1111","keurig-dr-pepper-inc","linkedin","16","Warehouse Supervisor | Delivery Supervisor | Sales Effectiveness Manager | Territory Sales Manager | IT Analyst, SAP FICO","Job Overview Reset Specialist for Greater Pasco, Richland and Kennewick Hiring Immediately Provide large scale resets of display merchandising to all stores assigned by Manager. Provide reset expertise. Work with Sales Representatives/Managers to coordinate delivery and merchandising schedule. Support Keurig Dr Pepper brands like 7UP, Snapple,Core, Bai and other fan favorites to retail stores with","consumer_brands","high"
"1112","kira","ashby","16","Demand Gen, Senior Manager | Account Executive (west coast) | Senior Product Manager | Solutions Architect | Senior Software Engineer (Backend, Infrastructure Focus)","Kira is transforming how people learn by using AI to empower teachers to deliver personalized learning at scale. We’re backed by top investors and driven by a team that is deeply passionate about using technology to change education. We live in a world where technology is rapidly changing the educational experiences of students and teachers everywhere, and we have the opportunity to shape how this","tech_software_internet","medium"
"1113","kota","ashby","16","Customer Support Analyst | Senior Product Engineer (Backend) - Developer Products | Product Engineer (Backend) - Developer Products | Head of People | Forward Deployed Engineer - Developer Products","About the job Kota is reimagining insurance and retirement benefits for the modern workforce. Through our two flagship products—Kota Platform, the first fully integrated benefits platform, and Kota Embed, our embedded insurance solution—we're making benefits more accessible, valued, and global. Today, we power benefits for tens of thousands of employees at Europe's most forward-thinking companies,","tech_software_internet","medium"
"1114","l-a-care-health-plan","linkedin","16","Business Analyst III | Transitional Care Services Community Health Worker II | Business Analyst II | Community Resource Center Specialist II | Lead Community Resource Center","Salary Range: $77,265.00 (Min.) - $100,445.00 (Mid.) - $123,625.00 (Max.) Established in 1997, L.A. Care Health Plan is an independent public agency created by the state of California to provide health coverage to low-income Los Angeles County residents. We are the nation’s largest publicly operated health plan. Serving more than 2 million members in five health plans, we make sure our members get","finance_insurance","high"
"1115","lamb-weston","linkedin","16","Maintenance Apprentice | Process Quality Tech Trainee | Facility Maintenance Mechanic | Associate Procurement Buyer | Operations Support Specialist","Title: Packaging Handler Location: Boardman, OR About Lamb Weston We love making fries almost as much as you like eating them! Since the 1950’s, Lamb Weston has inspired customers with food they love, trust, and share with families and friends. As a leading global manufacturer of quality frozen potato products with over 9,000+ team members around the world, it’s our business to see the possibiliti","agriculture_food_production","high"
"1116","lee-kum-kee-m-foods-sdn-bhd","jobstreet","16","Assistant Business System Manager | HR & Admin Executive | Intern - Sales | Assistant Foodservice Manager | Category Manager, APAC","[Category: Marketing & Communications / Marketing Communications] Job Description: We are looking for graduate trainee to join us for our Global Talent Program. This is a 18-month program designed to stretch our future leaders’ potential through a structured and career-focused development plan. Key Features for the Global Talent Program: The program consists of the following components: Project-ba","consumer_brands","high"
"1117","lessen","lever","16","Account Representative | Customer Escalations Representative IV | Experienced Field Maintenance Technician (3+ Years Required) | Facility Manager | HVAC Technician","Lessen is one of the fastest growing companies in the real estate services industry. Our proprietary technology platform provides clients with portfolio dashboards, the ability to review and approve project estimates, check in on project progress in real time and pay vendors all in one place! But we aren’t just a tech company. We are also a property service delivery company offering renovations, t","consulting_professional_services","high"
"1118","levelpath","ashby","16","Senior Security Engineer (Latvia) | DevOps Engineer / AWS|ECS|Terraform (San Francisco) | Customer Engagement Specialist (San Francisco) | Product Manager | Solutions Consultant (San Francisco)","Product Manager San Francisco, CA - onsite About you You love to tackle problems and build solutions. When intrigued by an idea, you focus your energy and dedicate your mind to learn everything you can about it, quickly! Then, you figure out how to apply what you’ve learned to the issue at hand and propel it forward. Facing big challenges head on inspires you. You chart the process and you own the","tech_software_internet","high"
"1119","links-international","jobstreet","16","Payroll Consultant (support HK payroll) | QA Engineer | Senior / Payroll Consultant (SG) | Senior / Payroll Consultant (Malaysia payroll) | Senior HR Executive (Talent Acquisition)","[Category: Human Resources & Recruitment / Consulting & Generalist HR] Links International is an award-winning industry leader in innovative human resources outsourcing in Asia. Links International was established in 1999. Rated as a 'Star Performer' by Everest Group and voted Asia's Best HR Outsourcing Partner for consecutive years, Links is recognised as Asia's leading HR service provider delive","consulting_professional_services","high"
"1120","los-alamos-national-laboratory","linkedin","16","Subcontract Technical Representative 3 | Radiological Control Technician 4/5 | ESH&Q Manager 5 | Industrial Hygiene & Safety Professional (Industrial Hygiene & Safety Prof 1/2) | Research and Development Project Management Faciilitator (Science & Technology B","What You Will Do Prototype Fabrication (PF) Division is seeking qualified machinists to provide machining support for the machining of components vital to the Lab's mission. PF machinists manufacture parts and assemblies by programming, setting up, and operation of manual and CNC mills and lathes, and wire EDM machines. Machinists work from complex drawings, sketches, and CAD models. They will man","defense_aerospace","high"
"1121","maki","ashby","16","Senior Customer Success Account Manager - US | Software Engineer | French-speaking Senior Customer Implementation Manager - EMEA | Customer Care Specialist - EMEA | AI Scientist","Location: New York, NY (strong preference) · US East Coast considered · Paris or London secondary Type: Full-Time · Leadership About Maki Maki is an AI-powered recruitment platform helping enterprises hire faster, smarter, and more fairly. Our agents: Shiro, Mochi, Tomo, Ken, automate the most time-intensive parts of the hiring process, from screening to interviewing, so talent teams can focus on ","tech_software_internet","medium"
"1122","mattel-inc","linkedin","16","Sr Sales Representative | Staff Product Designer | Director, Tax Provision | 2nd shift Warehouse Supervisor B2B | Mattel Retail Service Merchandiser RPT - Dedham, MA 02026 - $600 Sign-On Bonus","CREATIVITY IS OUR SUPERPOWER. It’s our heritage and it’s also our future. Because we don’t just make toys. We create innovative products and experiences that inspire fans, entertain audiences and develop children through play. Mattel is at its best when every member of our team feels respected, included, and heard—when everyone can show up as themselves and do their best work every day. We value a","consumer_brands","high"
"1123","metabase","lever","16","Analytics Engineer | Business Operations Manager (Commercial Operations) | CI Engineer | Engineering Manager | Enterprise Account Manager","Metabase is the easiest way for people to get insights from their data, from tiny startups who get up and running quickly to major corporations with tens of thousands of users. That's why people love us. We bring data tools with the elegance and simplicity of consumer products to the crufty world of enterprise business intelligence. We provide an opinionated open source starting point for how comp","tech_software_internet","high"
"1124","microchip-technology-inc","linkedin","16","Senior Engineer I - Digital Design (FPGA) | Representative - Human Resources | Engineer I-Yield Enhancement | Production Specialist (2nd Shift) | Engineer I - Applications","Are you looking for a unique opportunity to be a part of something great? Want to join a 20,000-member team that works on the technology that powers the world around us? Looking for an atmosphere of trust, empowerment, respect, diversity, and communication? How about an opportunity to own a piece of a multi-billion dollar (with a B!) global organization? We offer all that and more at Microchip Tec","tech_hardware_semiconductors","high"
"1125","mirakl","greenhouse","16","Account Executive, Mirakl Connect | AI Product Content Intern | Analytics Engineer Intern | Data Analyst Intern | Data Analytics Engineer intern","About Mirakl: &nbsp; Founded in 2012, Mirakl has been at the forefront of marketplace innovation, empowering every business to compete in the platform economy. Today, Mirakl’s operating system combines an enterprise marketplace solution (Mirakl Platform) that enables retailers and B2B organizations to launch, scale, and operate marketplaces and dropship, AI-powered multichannel selling (Mirakl Con","tech_software_internet","high"
"1126","mochihealth","greenhouse","16","Data Analyst, Growth | Data Scientist, Operations | Engineering Manager | Junior In-House Counsel | Lead Recruiter","Healthcare is broken at the first step: patients can't find the right care, understand what it costs, or access the medications they need. Mochi Health is fixing this. We're building an AI-driven marketplace that makes healthcare discoverable—connecting patients to the right providers, transparent pharmacy pricing, and affordable medications. Over the past few years, we've grown rapidly by combini","healthcare_provider","high"
"1127","moog-inc","linkedin","16","Assembler Technician, 2nd shift | Aerospace Mechanic Maintenance (Hi Vacuum and Thermal Cycle equipment) | Senior Aerospace (Prototype) Assembler | Cadence Allegro Application Specialist (Hybrid or Remote) | Materials & Supply Chain Manager","Moog Inc. designs and manufactures high-end technical components on a global scale. Some of the amazing products we produce include actuators, slip rings, motors, resolvers, and countless other products. The work we do here in Christiansburg VA matters, as does every single person who works with us. The Commercial / Industrial Slip Ring Sales Department is looking for a Sales Administrator to join","defense_aerospace","high"
"1128","muckrack","greenhouse","16","Account Executive, Enterprise | Account Executive, Mid-Market | Associate Director, Customer Marketing & Education | Customer Account Executive | Customer Success Manager, Enterprise Agency","Muck Rack is the leading SaaS platform for public relations and communications professionals. Our mission is to enable organizations to build trust, tell their stories, and demonstrate the unique value of earned media. Muck Rack’s AI-powered, comprehensive, and integrated platform streamlines the PR workflow to help businesses generate positive media coverage, monitor mentions to manage brand repu","tech_software_internet","high"
"1129","n2n","jobstreet","16","Sen. Project Manager (Trading Platform Software) | Senior/Ops Support Engineer (DevOps) | Software Engineer (Database) | Project Manager-IMP | Senior Operations Engineer","[Category: Information & Communication Technology / Developers/Programmers] JOB DESCRIPTION Execute full software development life cycle (SDLC) Develop innovative software solutions aligned with business specifications, translating requirements into functional code. Document and maintain software functionality Collaborate with internal teams to fix and improve products. Document development phases","tech_software_internet","medium"
"1130","nanonets","greenhouse","16","Account Executive (Healthcare) | AI Product Generalist | AI Solutions Engineer | Engagement Manager | Enterprise Account Executive","About Nanonets Nanonets has a vision to help computers see the world starting with reading and understanding&nbsp;documents. Machine Learning (ML) is no longer a futuristic concept—it's a present-day&nbsp;powerhouse transforming the business landscape. Nanonets is at the forefront of this&nbsp;transformation, offering innovative ML solutions designed to make document-related processes&nbsp;faster ","tech_software_internet","high"
"1131","nct-pmc-sdn-bhd","jobstreet","16","Project Admin Executive (Based at HQ - Bukit Puchong) | ESG Assistant Manager | Purchasing Executive (Construction) | Assistant Accounts Manager (Property Developer) | Senior Manager for IT Project - Smart Industrial Park & Digitalization Lead","[Category: Real Estate & Property / Commercial Sales, Leasing & Property Mgmt] Job Responsibilities: To lead and oversee all aspects of day to day building operations. Manage and work closely with the appointed Property Management company, Landlord appointed contractors to deliver highest level of services provided to tenants which include if repair and maintenance, security, tenant relationship, ","real_estate_construction","high"
"1132","nen-creative","ashby","16","Cinematographer/Producer/Director/Editor | Production Coordinator/Junior Producer | Account Manager (Studio) | Creative Producer | Associate Agency Producer","Please submit your application through this posting only. We're unable to review applications sent via email, direct message, or website inquiry. SF (priority), NY, and LA-based applicants preferred. About Nen Creative Nen Creative partners with tech startups to bring bold ideas to life, creating the brands, products, and stories that fuel their growth. Since 2022, we've partnered with some of the","media_entertainment","high"
"1133","nov","linkedin","16","Environmental Claims Specialist | Claims Manager | Products Liability Claims Specialist | Warehouser | MPD - Field service Technician","Job Description PRIMARY DUTIES & RESPONSIBILITIES Under minimal direction of a supervisor, responsible for quality parts produced on various machines such as but not limited to Machinist Mazak Integrex.Responsible for set-up, operation and inspection of quality parts for conformance to requirements holding close tolerances and maximum efficiencies.Studies and interprets drawings, manuals, specific","energy_utilities","high"
"1134","novatalent","lever","16","BizOps Specialist | Chief AI Officer (IC Role) | Engineering and Product Recruiter - Fully Remote and Sourcing-Heavy | Mobile Software Engineer | Part-Time Product Design Sourcer / Market Researcher (Contract)","We're a rapidly growing FinTech SaaS company is looking for a Vice President of Engineering to lead and scale its technical teams. Our company develops tech-driven solutions for financial services, providing strategic insights that help businesses grow. As VP of Engineering, you will set the vision, lead execution, and foster a high-performance engineering culture. You’ll work closely with executi","consulting_professional_services","high"
"1135","odeko","greenhouse","16","Category Sales Rep | Flex Warehouse Associate/Delivery Driver - DuPont WA | Flex Warehouse Associate/Delivery Driver - Leander | Inventory Buyer | Market Ambassador - Nashville","About Us Odeko is the all-in-one operations and technology partner to more than 20,000 independent coffee shops, cafes and other food establishments. Through the Odeko web portal and mobile app, customers can purchase supplies from hundreds of national and local brands, track ordering trends, finance equipment, and access insurance. Customers that use Odeko can increase their revenue, reduce their","tech_software_internet","high"
"1136","onit","lever","16","AI Engineer | Billing Specialist | Corporate Client Sales Executive | Customer Success Manager | Director, Revenue Marketing","About Onit: We're redefining the future of legal operations through the power of AI. Our cutting-edge platform streamlines enterprise legal management, matter management, spend management and contract lifecycle processes, transforming manual workflows into intelligent, automated solutions. We’re a team of innovators using AI at the core to help legal departments become faster, smarter, and more st","tech_software_internet","high"
"1137","ontic","ashby","16","Director of Marketing, Public Sector and Partnerships | Senior DevOps Engineer | Lead DevOps Engineer | Senior Director, GSOC Practice | Partner Manager - Public Sector","Who We Are Ontic provides software that helps corporate and government security teams identify threats, assess risk, and respond faster to keep people and organizations safe. Its AI-powered Connected Intelligence Platform unifies security operations and data into a centralized system of record, enabling organizations to conduct risk assessments, protect against workplace violence, and manage threa","tech_software_internet","high"
"1138","optima-bio-supply-ltd","linkedin","16","data Entry | Data entry | Data Entry Clerk | data entry. | Data Entry Clerk","Optima Bio Supply LLC is a dynamic and innovative sales company that values efficiency, accuracy, and attention to detail. We are currently seeking a Remote Data Entry Clerk to join our growing team. This is an excellent opportunity for individuals looking to kickstart their career in data management and administration. Responsibilities:Accurately enter and update data in our database systems.Perf","other","low"
"1139","orsted-malaysia-sdn-bhd","jobstreet","16","IAM Architect | IAM Solution Architect | Trading Systems Engineer | Senior SCADA Engineer (WTG/SCS) | Senior Software Engineer","[Category: Information & Communication Technology / Programme & Project Management] Imagine a future where you shape global growth with digital technology while creating a world that runs entirely on green energy Join us in this role where you’ll be responsible for removing impediments, coaching team members on agile methodologies, managing timelines, communicating, aligning activities, and resolv","energy_utilities","high"
"1140","osk-holdings-berhad","jobstreet","16","Head, Group Risk Management | Executive, Customer Care | Executive, Sales Support | EXECUTIVE, PAYROLL & PEOPLE SERVICES | Senior Executive, HR Management System","[Category: Accounting / Payroll] This role will be responsible to lead and guide the Payroll and People Services team in delivering payroll and HR Operations support for OSK Group in a timely manner. To guide the team members in understanding HR policy and manuals as part of team development. A liaison person with Business Units' HRBPs to ensure smooth HR operations. Your key responsibilities will","real_estate_construction","medium"
"1141","ovoenergy","greenhouse","16","Category Manager - Cloud & Hardware | Category Manager - Software & AI | Category Manager - Technology Services | Credit Risk Analyst | CRM Manager","Role OVO-View Team: CRM, within Growth Team Salary banding: £45,000 - £55,000 Experience: Expert Reporting to:&nbsp; Senior CRM Manager Sponsorship: Unfortunately we are unable to offer sponsorship for this role. This role in 3 words: Performance, Customer, Innovative Top 3 qualities for this role: Organised, Adaptability, Strategic thinking &nbsp; Where you’ll work: Depending on the needs of your","energy_utilities","high"
"1142","pacific-northwest-national-laboratory","linkedin","16","Senior Data Scientist 3 - Nonproliferation | Undergraduate Technical Intern - Digital Twin Development | Chemical Process Development Engineer | Teamster-Temporary | Hazardous Materials & Waste Professional 3","Overview The Facilities & Infrastructure Operations Division is responsible for plant engineering, plant energy and utility operations, and facility operations for the South campus and leased facilities, North Campus and Infrastructure Operations, the Physical Science facility, and the 300 Area. In addition, the Division oversees campus infrastructure such as fabrication and craft services, duplic","public_sector_government","medium"
"1143","pariveda","ashby","16","Senior Software Engineer | Vice President, East Region Sales and Alliances Lead | Lead Software Engineer, Data & Cloud | Software Engineer, Tech Lead | Director of Technology - Consulting","Pariveda is a North American-based, employee-owned professional services firm. We provide strategy and technology services across industries. As a mission-driven organization and Certified B Corp, we enable our clients to imagine and do more, whether it’s making next quarter’s goals or navigating the future. From ideas to impact, we help clients get better at what they do to improve people and pro","consulting_professional_services","high"
"1144","paychex","linkedin","16","Client Services Representative- Employee Benefits | Sr Regional Sales Manager - PEO | PEO Implementation Benefit Consultant - located on Northeast | Sr Director, PEO Sales | Sr Director, PEO Specialty Group","Overview Manages and leads the corporate payroll function. Responsible for the timely and compliant completion of payroll processes for approximately 13,000 U.S. based employees. Represents Finance as the ""subject matter expert"" on payroll and payroll tax issues. Serves as the professional and technical resource for policy interpretation and administration of payroll matters in accordance with fed","tech_software_internet","high"
"1145","perdue-farms","linkedin","16","1st Shift Auto Debone Process Tech I | Marination Tech-Perry Harvest Plant | 1st Shift Maintenance- Electronics Tech | Director, Animal Nutrition & Specialty Ops | Dapec Machine Technician (Day Shift)","Summary The Fleet Transportation Supervisor will provide leadership and guidance to Perdue Transportation's Private Fleet Associates in Lewiston, NC including Professional Drivers. The Transportation Supervisor is responsible for the management and administration of operations for Perdue Foods and Agri-Business while reporting to the Transportation Manager. This position is responsible for managin","agriculture_food_production","high"
"1146","pintas-utama-sdn-bhd","jobstreet","16","Project Engineer (Kulim) | Project Manager (Kulim) | ROUTINE INSPECTION ENGINEER (EASTERN) | ROUTINE INSPECTION ENGINEER (CENTRAL) | PROJECT MANAGER (SIMPANG PULAI)","[Category: Construction / Project Management] JOB DESCRIPTION • To report to Project Director and shall be responsible for management of the project. • Monitors on-schedule completion within or below budget in accordance with contractual obligations. • Responsible on the project execution to ensure smooth progress and achieve target date of completion. • Manage the approved of work programme, revi","consulting_professional_services","medium"
"1147","planet-professional","linkedin","16","Sales Assistant | Director of Social Services | Accounts Payable Clerk | Senior Information Technology Auditor | Controller","Senior Internal Control AnalystJob Location: New YorkHybrid schedule, 3 days in office per week Industry: Multi-billion in revenue, global insurance/financial service company. Required:Internal controls/SOX experience Pluses:CPA or CIAInsurance and/or financial service experienceBig 4 or large national public accounting experience (RSM, BDO, Grant Thornton etc)Global experienceMAR (Model Audit Rul","consulting_professional_services","high"
"1148","plasmidsaurus","ashby","16","Sales Account Manager (Mid-Atlantic) | Customer Success Manager | Senior Product Manager | Plasmid Sequencing | Senior Product Manager | Amplicon Sequencing | Head of Logistics","About Plasmidsaurus Plasmidsaurus is on a mission to accelerate new cures and promote a healthier planet by unlocking a new level of productivity for scientists. Our sequencing services are used daily by thousands of innovators, including Nobel laureates, Fortune 100 pharma, and over 70,000 scientists. We began by revolutionizing plasmid sequencing, making it exponentially cheaper and faster, with","healthcare_pharma_biotech","high"
"1149","primer","ashby","16","Senior Software Engineer, Full Stack | Engineering Talent Pool | Major Gifts | Director of Impact and Partnerships | Teacher (Primer Leader) | Florida","About Primer Primer is a growing network of K–8 schools restoring the timeless foundations of American education. Inspired by the original teaching primers that shaped a nation of readers, thinkers, and builders, our schools begin with what has always worked, and build for what lies ahead. Close-knit learning environments. Skilled educators. A culture that takes kids seriously as learners and lead","education_k12","high"
"1150","procore-technologies","linkedin","16","Software Engineer 1, Backend | Enterprise Knowledge Manager | Staff Software Engineer, Backend (Software Delivery) | Product Manager, Connected Experience | Partner Development Manager","Job Description We are looking for a Staff Software Engineer to join Procore’s Platform Services Division. In this role, you will build and maintain tools that support the operational excellence of services and the platform. As a Staff Software Engineer on the DevOps Tools Team, you’ll be building an operational data platform for Procore; aggregating data from many sources for analysis by leaders ","tech_software_internet","high"
"1151","prokidney","greenhouse","16","Associate Director, Validation | Manager, QA Floor Support | Manufacturing Cell Processing Specialist 2 | Manufacturing Cell Processing Team Lead | Manufacturing Support Supervisor","Position Summary: The Senior Contracts Attorney will play a key role in managing and negotiating a broad range of agreements supporting all aspects of business operations. This position requires strong expertise in contract law, preferably with experience at a public life sciences company. The successful candidate will demonstrate exceptional organizational skills, the ability to manage multiple p","healthcare_pharma_biotech","high"
"1152","radiant-systems-inc","linkedin","16","eCommerce Data Analyst | Supply Analyst - Hybrid | Claims Adjuster - Workers Compensation | Payroll Analyst | Network Administrator","Description: ***REMOTE ROLE*** Qualifications: Education and Experience RequiredMinimum 4 years Project Management experience requiredUniversity / College degree (BA) preferredPMI Certification is a plus Technical Knowledge and SkillsPosition requires a significant amount of phone and email correspondence, strong verbal and written communication skills requiredExperience in medical device industry","consulting_professional_services","high"
"1153","real","ashby","16","Escrow Officer Talent Network | Sr. Backend Engineer - Tech Lead (Java) | Data Engineer | Senior Python Developer- Tech Lead | Escrow Officer","Who We Are: Real (Nasdaq: REAX) is a publicly traded, fast-growing global real estate brokerage powered by technology and driven by people. Since our founding in 2014, we’ve been reimagining the residential real estate experience. With operations across the U.S., Canada, India, and the District of Columbia, we’re leading the industry with our cutting-edge platform that empowers agents, simplifies ","real_estate_construction","high"
"1154","redballoon","linkedin","16","Ark Encounter Guest Services Assistant Manager- 47259 | Director of IT Architecture (with R&D Focus)- 47430 | Social Media Director- 47332 | Design & Sales Manager | Security Specialist","Answers in Genesis EMTs will render aid to employees, staff and guests at the level in which they are certified. Basic Life Support (BLS) Promptly responds to requests for medical treatment, both emergency and non-emergency, and provides appropriate medical evaluation and care to the limit of his/her certification and training. Professionally interacts with other medical personnel. Provides accura","tech_software_internet","medium"
"1155","renesas-electronics-penang-sdn-bhd-penang","jobstreet","16","Power BI Developer | Sr/ Staff Foundry Yield Engineer | ABAP Programmer | Staff SAP FICO Analyst | Accountant","[Category: Manufacturing, Transport & Logistics / Purchasing, Procurement & Inventory] Job Description Responsible for supply plan activities for all products from 3rd party vendors within the portfolio assigned. Supply planning and prioritizing operations to ensure maximum performance, delivery fulfillment and revenue max-out in line with business performance. Analyze and troubleshoot supply-rela","tech_hardware_semiconductors","high"
"1156","rise8","greenhouse","16","CI/CD Engineer III (Cleared) | Failed Founders - We’re looking for entrepreneurial builders who want to create  | Growth Manager | Platform Engineer III | Product Director, Platform","Your Dream. Our Team. About Rise8 Rise8 builds custom, secure software for government organizations, measuring success by impact: lives saved, time returned, and missions advanced.&nbsp; We think big, start small, and scale fast with elite teams across product, design, and engineering to drive continuous delivery for critical missions. We believe customer experience starts with employee experience","defense_aerospace","high"
"1157","rock-maestro-sdn-bhd","jobstreet","16","Purchasing Executive | Procurement Executive | Admin Officer | Admin Executive | ADMIN OFFCER","[Category: Accounting / Bookkeeping & Small Practice Accounting] Job Description: • Maintaining customer accounts • Generating invoices from Autocount • Raising and sending invoices to customers • Posting payments to customer accounts • Collecting payments • Matching payments to invoice numbers • Posting receipts in a timely manner • Securing revenue • Tracking overdue invoices and following up on","other","low"
"1158","runna","ashby","16","Senior Software Engineer I (Growth) | Senior Manager, Product Designer | Senior Software Engineer I (Growth & Marketing Technology) | Senior Software Engineer I | Senior Partnerships Associate","We're putting together a talented team to build the #1 training platform for Runners We help everyday runners become outstanding by building an incredible app providing world-class training, coaching and community for everyone, whether you're improving your 5k time or training for your first marathon. We’re growing extremely fast! In November 2023 we closed a $6.5M funding round led by JamJar with","tech_software_internet","high"
"1159","sbm-management-services-lp","linkedin","16","Custodial Supervisor | Custodian | Assistant Site Manager | Site Supervisor | Floor Techician","Description Position at SBM Management SBM Management is searching for a Lab Technician! The Lab Technician is responsible for helping to ensure a clean lab environment, report any lab room or facility problems, clean and organize lab facilities, glass washing tasks, keep daily log of duties as required, perform other related duties as required and request cleaning materials as needed. They must k","consulting_professional_services","medium"
"1160","secureframe","lever","16","Account Executive, CMMC | Account Executive, SMB | Account Manager | Compliance Manager | Customer Education & Content Manager","At Secureframe, we are not just a company; we are at the forefront of revolutionizing cybersecurity compliance. Recognized as one of the industry's most innovative and trusted providers, Secureframe has consistently received accolades for our advanced technology solutions and commitment to excellence. With a robust portfolio of products that safeguard thousands of businesses worldwide, we have bee","tech_software_internet","high"
"1161","seneca-resources","linkedin","16","Network Field Engineer | Lead ICFR Analyst | Mechanical Engineer - Commissioning | Maintenance Supervisor | Enterprise Data Architect (Google Cloud)","This role is only open to US Citizens or Green Card only, please do not apply if you are looking for C2C. SECRET SECURITY CLEARANCE REQUIRED Position Title: Full Stack DeveloperLocation: Arlington, VAEnvironment: On-sitePosition Status: Long-term ContractPay rate: $78/hr. Position Description: As a Full Stack Developer professional, you will play a crucial role in designing, developing, and mainta","consulting_professional_services","high"
"1162","shaw-industries","linkedin","16","Shaw Contract Hospitality- Carpet Designer | Plant HW Finishing | Stacker II Shift 2-2 | Commercial Frontline Call Center Specialist- Remote | Customer and Sales Success Manager - Phoenix, AZ | Plant HW Finishing | Stacker II Shift 2","Job Title Process Engineer Position Overview Shaw Industries is looking for a Process Engineer for Plant L3 in Adairsville, GA. The Process Engineer will generate and maintain data regarding inventory, production, and process improvement within the Shaw Distribution Plants. This will include leading teams across the operational area to improve process controls and day to day operations. Shaw Indus","manufacturing","high"
"1163","shepherd","ashby","16","Senior Underwriter | Software Engineer, Full Stack | Executive Underwriter | Software Engineer, Backend | Software Engineer, AI Product + Agents","What We Do Shepherd is an AI-native commercial insurance platform transforming how high-hazard industries get covered. Our mission is to make risk frictionless for the builders and operators shaping the physical world — protecting progress from concept through construction and into decades of operation. The infrastructure behind the AI boom — data centers, semiconductor fabs, renewable energy asse","finance_insurance","high"
"1164","shift","ashby","16","Account Manager | Payments Specialist | Commercial Credit Analyst | Senior Full Stack Engineer - React/.Net | Client Onboarding Specialist","Who is Shift? At Shift, we’re business specialists dedicated to helping Australian SMEs take control of their cashflow, streamline trade terms and choose the right financial products. We believe Australian businesses are the driving force behind our economy and are core to our communities. That’s why our business expertise, focus on relationships, and market-leading technology is at the core of ev","finance_fintech","medium"
"1165","sitetracker","lever","16","eLearning Developer/ Specialist | Manager (FDE) - Salesforce | Mulesoft Architect | Product Engineer | Product Manager","The Opportunity This Staff Engineer role represents an opportunity to serve as a technical visionary and a force multiplier, influencing the trajectory of our product innovation and delivering substantial customer value. As the dedicated technical owner for a strategic team, you'll lead feature deliveries with significant autonomy, architecting robust, scalable solutions. We're talking about tackl","tech_software_internet","high"
"1166","southwire-company","linkedin","16","Senior Lean Specialist | Technician, Electronic | Chemist, Polymer II | Maintenance Technician I | General Assembler - EG","A leader in technology and innovation, Southwire Company, LLC is one of North America’s largest wire and cable producers. Southwire and its subsidiaries manufacture building wire and cable, utility products, metal-clad cable, portable and electronic cord products, OEM wire products and engineered products. In addition, Southwire supplies assembled products, contractor equipment, electrical compone","manufacturing","high"
"1167","spencer-ogden","linkedin","16","Electrical Engineer | Piping and Instrumentation Diagram Designer | Recruiter | Commissioning Manager | Engineering Manager","I'm partnered with a few civil engineering firms in Florida that are going through a growth period and in need of licensed civil engineers. These companies vary in size and have office locations in Orlando, Tampa, and Jacksonville. Qualifications:Bachelor's degree in Civil Engineering or Environmental Engineering.Florida Professional Engineer (PE) registration or the ability to obtain FL PE within","consulting_professional_services","high"
"1168","spotinc","greenhouse","16","Account Coordinator | Account Executive | Account Manager | Carrier Account Coordinator | Carrier Account Manager","Today’s logistics marketplace is an ever-changing landscape where you can make your mark. Spot gives you the tools to tackle industry challenges for our partners. Here, initiative, drive, and teamwork form the basis for a rewarding, fast-paced career. About The Role: As a Sales Manager at Spot, you are responsible for managing the productivity and development of a team of Account Managers. The Sal","transportation_logistics","high"
"1169","stackav","greenhouse","16","CDL A | Hourly Pay with OT | FREE benefits (Operations Specialist) | CDL | Hourly Pay with OT | FREE benefits (Operations Specialist) | Contract Labeling Associate | Contract Triage Analyst | Overnight Fleet Monitoring & Support Specialist (3rd Shift / Weekend Coverage)","About Stack: Stack is developing revolutionary AI and advanced autonomous systems designed to enhance safety, reliability, and efficiency of modern operations. Stack's autonomous technology incorporates cutting-edge advancements in artificial intelligence, robotics, machine learning, and cloud technologies, empowering us to create innovative solutions that address the needs and challenges of the d","automotive","high"
"1170","stealth-startup","linkedin","16","Continuous Manufacturing Expert - Pharmaceuticals (Small Molecule) [5302] | Quality Control Technician [5303] | Experienced Mechanical Engineer | Quantitative Trader [5048] | Machine Learning Engineer - GenAI","Join the team that is a leader in engineering, designing and manufacturing of leading-edge military expeditionary products and rugged industrial/commercial products since 1937.What We Offer:Health benefits, including telehealth medical services, Dental & VisionLife, AD&D & Disability (paid for by the company)401K with a company matchSafe & clean work environmentDescriptionThe Chassis Lead Engineer","other","low"
"1171","suvoda","greenhouse","16","Account Executive | Associate Project Manager | Contracts & Pricing Analyst | Data Engineer | Director, Software Engineering","Data Engineer Department : Product&nbsp;Development &nbsp; Reports to : Senior Manager, Data Engineering &nbsp; Suvoda&nbsp;is seeking a recent graduate&nbsp;with a passion for data and a strong technical foundation&nbsp;to join our&nbsp;Product Development&nbsp;team.&nbsp;This is&nbsp;an&nbsp;opportunity to launch&nbsp;a&nbsp;data engineering career at&nbsp;Suvoda&nbsp;— a global clinical trial t","tech_software_internet","high"
"1172","swire-coca-cola-usa","linkedin","16","Machine Operator Lead - 2nd Shift | Merchandiser (Union) - Seasonal | Merchandiser | Production Line Lead - 2nd Shift | CDL Driver","Who is Swire Coca-Cola? We are one of the largest bottlers of Coca-Cola and other beverage brands in America. Our 7,200 hardworking and passionate employees produce and distribute more than 50 brands and flavors across 13 states. We have as many careers as we have flavors, and regardless of which role you choose, you have a direct impact on Swire Coca-Cola, our products, and the communities we cal","consumer_brands","high"
"1173","target-optical","linkedin","16","Target Optical - Apprentice Optician | Sublease Associate Optometrist- Fresno, CA- Target Optical | Sales Associate Target Optical | Target Optical - Woburn MA Apprentice Optician | Licensed Store Manager","Requisition ID: 843660 Store #: 001973 Target Optical Position:Full-Time Total Rewards: Benefits/Incentive Information At Target Optical, we are on a mission to be the ally that WOW's! all families shopping at Target, by offering an easy and inspiring optical experience, no matter when, where or how they shop - and having a blast while doing it! We offer flexible work schedules and competitive com","retail_ecommerce","high"
"1174","taxfix.com","ashby","16","Software Engineer - FullStack (d/f/m) | Director of Operational Finance (f/m/d) | Automation Engineer, Working Student | Engineering Manager - Cloud & SRE | Senior Product Manager - User Activation & Growth","About Taxfix Taxfix is Europe's leading digital tax platform, making tax filing simple, fair, and accessible for millions of people. We're scaling fast, building new financial products, and transforming how we work from the inside out. AI is already deeply embedded in how we build and operate. We've moved well past exploration and are now focused on scaling impact, embedding AI into our core workf","finance_fintech","high"
"1175","teamshares","lever","16","Assurance Senior | Audit Associate | Fractional Controller | General Manager | General Manager - Retail Operations","Tax Manager MGR Accounting Recruiters, a Teamshares Network company, is searching for a Tax Manager for a client in San Antonio. Well-respected San Antonio firm looking for a hybrid Tax Manager. Looking for energetic, goal oriented, dependable individuals with a thirst for knowledge, great communication skills and a fun-loving attitude to exceed client expectations. Flexible work environment, coop","finance_banking","medium"
"1176","tekgence-inc","linkedin","16","Site Logistics Coordinator | Data Modeler | Salesforce Architect | APIGEE Developer - Fulltime Role | Oracle EPM","Hi,Please find the below requirement and let me know your interest. Job Title:Front End Engineer Location:only local to San Francisco, CA or Seattle, WA, CA on W2.. Required Skills:Candidate must sit in either San Francisco, CA or Seattle, WA and be comfortable with 1-2 days per week on-site. Key skills: React, NodeJS, Javascript. Candidates must sit on your W-2. Job Description:DocuSign is curren","consulting_professional_services","high"
"1177","teramind","lever","16","Chief Marketing Officer (CMO) | Enterprise Account Executive (Remote) | Enterprise Customer Success Manager (Korean speaking) | HR Business Partner | Law Clerk / Paralegal","ABOUT TERAMIND Teramind is the global leader in insider threat detection, data loss prevention (DLP), and workforce analytics. Our platform helps enterprise and mid-market organizations monitor, analyze, and secure their most sensitive digital environments, without compromising the employee experience. With a globally distributed team spanning 35+ countries, we’re building the people infrastructur","tech_software_internet","high"
"1178","themichaeljfoxfoundation","greenhouse","16","Clinical Research Lead (Therapeutic Development) | Director of Major Gifts (East) | Employee Insights & Engagement Lead | Lead Project Manager (Administration) | Marketing Coordinator (Research Marketing)","Job Title:&nbsp; Research Alliances Intern, External Research Engagement (Summer 2026 Internship) &nbsp; &nbsp; Position Summary:&nbsp; &nbsp; The Michael J. Fox Foundation for Parkinson’s Research (“MJFF”) is seeking top talent for&nbsp;an intern to support external research engagement efforts within the Research Alliances Department. The Research Alliances team builds and manages strategic partn","nonprofit","high"
"1179","tomorrow","greenhouse","16","Account Manager | AI First - Devops Engineer | AI First - Senior Product Manager | Contract Talent Acquisition Partner (1099) | Office & Employee Experience (Maternity Leave Cover, Starting July)","Tomorrow.io is a leading weather intelligence and climate resilience platform helping organizations and governments make better decisions in a world of increasing weather volatility. By combining proprietary satellite technology, advanced AI forecasting models, and actionable analytics, Tomorrow.io delivers hyper‑local weather insights that protect lives, strengthen operations, and build climate r","tech_software_internet","medium"
"1180","treeswift","ashby","16","Site Reliability and Infrastructure Engineer | Deployment Lead | Machine Learning Engineer | Account Executive | Robotics Engineer","About Treeswift In the face of rising threats like severe storms and wildfires, increasing pressure on affordability, and unprecedented demands for system expansion, Treeswift empowers energy companies to modernize their field work to meet the unprecedented growth and challenges ahead. To accomplish our mission we deploy our sensors into our customers' field operations, typically on backpacks or v","tech_software_internet","high"
"1181","uasi","greenhouse","16","Profee Coding Auditor | CDI Auditor | Clinical Denials Specialist | Clinical Documentation Improvement Specialist | Clinical Documentation Integrity Specialist","Join Our Award-Winning Team and Work with the Best! We are thrilled to share that UASI has been recognized as a&nbsp; Top Workplace &nbsp;by the Cincinnati Enquirer in both 2022, 2023 and 2024. With over 40 years of experience and enduring partnerships with our valued clients, we are proud of the stability we’ve built and the long-term success of our dedicated team. &nbsp; We are currently seeking","consulting_professional_services","high"
"1182","venusaero","lever","16","Accounting Manager | Aerospace Integration Technician | CNC Programmer | Facility Operations and EHS Coordinator | Information System Security Engineer","Who We Are: Venus Aerospace is revolutionizing rocket engine propulsion. With the first generational leap in rocket engine technology since Apollo, our proprietary Rotating Detonation Rocket Engine and Venus Detonation Ramjets deliver historic efficiency and performance across aerospace applications. We are building the next generation of propulsion platforms that enable breakthrough capabilities ","defense_aerospace","high"
"1183","vidrush","ashby","16","Backend Engineer (TypeScript/React + AWS Cloud) - Stripe / Billing systems | Backend Engineer (TypeScript/React + AWS Cloud) - AWS & Serverless | Backend Engineer (TypeScript/React + AWS Cloud) - AI / Agentic Applications | Backend Engineer (TypeScript/React + AWS Cloud) - MongoDB / NoSQL Data Systems | Backend Engineer (TypeScript/React + AWS Cloud) - Security","VidRush is an AI-native video production platform that replaces an entire video team with coordinated AI agents. Creators turn a simple idea into a fully produced, long-form video—research, script, voiceover, visuals, motion graphics, and rendering—in under an hour. No timelines. No editing headaches. Just intent → finished video. We’re building a new way to create video that feels more like writi","tech_software_internet","high"
"1184","voxmedia","greenhouse","16","Associate Marketing Director, Podcasts | Design Director, New York Magazine | Designer, Marketing & Custom Content, Eater | Director, Podcast Partnerships (CPG & Retail) | Don’t see your dream job here? Apply to Vox Media for future openings!","As the Senior Designer for Podcasting at Vox Media, you will personally lead branding and design for one of the fastest growing networks in the industry, helping us elevate our design work to meet the high bar set by the content itself.&nbsp; In this job you’ll ultimately be responsible for making sure all consumer-facing design work from our network is strategic, eye-catching and effective. That ","media_entertainment","high"
"1185","wesco","linkedin","16","Technician - Field Inventory | Customer Service Representative | Sales Manager - Safety | Senior Specialist - Industrial Automation | Warehouse Associate","Job Description As the Shipping Clerk you will be responsible for fulfilling orders, working both independently and on a team. You will go into numerous customer and transportation portals to process shipments and execute transactions related to customer shipments. You will also execute international shipping tasks that are strictly regulated and must be performed with high accuracy. You will also","retail_ecommerce","medium"
"1186","whitewatermidstream","greenhouse","16","Applications Administrator | Automation Control Specialist | Business Systems Analyst | Cash Accounting Specialist | Corrosion Tech","Position Description: This position is responsible for corrosion control and documentation for approximately 200 miles of pipe from Southeast New Mexico to West Texas and associated compressor stations, assisting other Techs throughout Texas. This position will be based out of the Midland, Texas office. Job Responsibilities: Monitor both external and internal corrosion control and cathodic protect","energy_utilities","high"
"1187","7-eleven","linkedin","15","Cloud Software Developer | Learning Specialist - Facilitator | Digital Product Manager II | Software Engineering Manager | Area Leader Summer Internship","The Store Leader is the heart and soul of the store. A Store Leader with an Assistant or two makes up the store’s leadership team executing merchandising and marketing initiatives, driving profitability, developing the skills of the entire store team, and ensuring customers are well taken care of. Many of our top managers started their careers as a cashier, some even as part-timers simply looking ","retail_ecommerce","high"
"1188","Blacksmith Agency","ashby","15","WordPress Developer | Team Lead - Full Stack Developer | UI/UX Web Designer | UX Strategist | SEO Specialist","AI ENGINEER (LATAM, Remote) Blacksmith Agency | Full-Time Contract | Remote ABOUT BLACKSMITH AGENCY Blacksmith Agency (BSA) is a fully remote WordPress design and development agency of ~40 people headquartered in Phoenix, Arizona. We build high-performance websites for growth-focused companies across the US. We're not a typical agency. We run a sales engine, a production system and a growing AI au","consulting_professional_services","high"
"1189","Easygenerator","ashby","15","Business Development Representative (US Market) | Global Business Development Representative | Business Development Representative (French-Speaking) | Business Development Representative (German-Speaking) | Revenue Operations Specialist","About Easygenerator We’re a fast-growing EdTech scale-up on a mission to revolutionize learning through our award-winning authoring tool. Used by global giants like Kellogg’s, T-Mobile, and Siemens, Easygenerator helps organizations simplify knowledge sharing: fast, easy, and impactful. We’re an AI-first company , utilizing cutting-edge tools in both our products and internal workflows. You’ll gai","tech_software_internet","high"
"1190","Nautilus Biotechnology","ashby","15","Senior Director, Bioinformatics | Senior Product Support Engineer | Director, IT | Cost Accounting Manager | Technical Project Manager","At Nautilus, we have a big and important mission: improve the health of millions by unleashing the potential of the proteome to accelerate drug development and enable a new world of precision and personalized medicine. We are developing a single-molecule protein analysis platform of unprecedented sensitivity, scale, and ease of use that we believe will democratize access to the proteome – one of t","healthcare_pharma_biotech","high"
"1191","abcellera","greenhouse","15","Do you dream big and want to make an impact? Work with us. | Gestionnaire des études cliniques internationales | Global Clinical Study Manager | In Vivo Research Specialist | Manager, QC Systems","Each of us cares about someone who will need medicines. That’s why our vision is to repeatedly beat the odds to deliver breakthrough medicines to patients that need them. We pursue truth and scientific rigour and have the courage to work at the edge of the unknown. We are looking for a highly motivated Warehouse Operator to join the materials management team at AbCellera. In this capacity, you wil","healthcare_pharma_biotech","high"
"1192","accord-innovations-sdn-bhd","jobstreet","15","Junior Project Manager | Senior Zos administrator | Test Engineer | Solution Architect | Senior Data Engineer","[Category: Information & Communication Technology / Testing & Quality Assurance] Description Job Purpose: Required 3-5 years of experience in Quality Specialist Engineer is a Software Engineering team member aligned to the Quality Practice and accountable for quality within the team, including adopting best practices. S/he will have a strong quality mindset and aims to improve skillset in Quality ","consulting_professional_services","high"
"1193","additionwealth","lever","15","BILINGUAL – Experienced Financial Professional (US Only; Professional Designatio | Customer Success Associate | Director, Strategic Accounts | Enterprise Account Executive | Enterprise Field CSM (Client Success Manager)","Overview At Addition Wealth, we’re on a mission to redefine financial health by making personalized financial expertise inclusive and accessible to everyone. Through innovative technology and meaningful partnerships with leading companies and financial institutions, we empower individuals with robust digital tools, a comprehensive knowledge center, and access to top financial professionals to conf","finance_fintech","high"
"1194","agentio","ashby","15","Software Engineer | Senior Sales Director | Account Manager | Product Designer | Shape Your Role at Agentio","About Agentio Agentio enables marketers to buy creator led ads as easily and scalably as Meta or Google ads—automating sourcing, pricing, contracting, delivery, and measurement with AI—so work that took months now happens in minutes. We’re on a mission to transform a $800B digital ad ecosystem by shifting digital ad spend into the hands of creators. That means better outcomes for marketers and ena","tech_software_internet","high"
"1195","akidolabs","greenhouse","15","Associate Operations Architect | Healthcare Operations | Behavioral Health Care Manager | Enhanced Care Management | Controller | Credentialing Lead | Credentialing Specialist","Akido builds AI-powered doctors . Akido is the first AI-native care provider, combining cutting-edge technology with a nationwide medical network to address America’s physician shortage and make exceptional healthcare universal. Its AI empowers doctors to deliver faster, more accurate, and more compassionate care. Serving 500K+ patients across California, Rhode Island, and New York, Akido offers p","healthcare_provider","high"
"1196","alayacare","greenhouse","15","AI Workflow Transformation Lead | Application Support Specialist | Director, Revenue Operations | Manager, Software Development (EVV & Escalation Engineering) | Manager, Software Development – Platform","About&nbsp; AlayaCare &nbsp; At&nbsp;AlayaCare,&nbsp;we’re&nbsp;more than just a fast-growing SaaS company,&nbsp;we’re&nbsp;a team of people passionate about transforming home healthcare. Our cloud-based platform empowers care providers around the world to deliver better outcomes for their clients.&nbsp;&nbsp; &nbsp; With 550+ employees across Canada, the US, Australia, and Brazil,&nbsp;we’re&nbsp","tech_software_internet","high"
"1197","alpineeagle","greenhouse","15","Business Development Lead - Poland & Eastern Europe (m/w/d) | Chief of Staff (m/w/d) | Flight Physics & Flight Controls Engineer (m/w/d) | Flight Test Engineer - Drones (m/f/d) | Head of Computer Vision Engineering (m/f/d)","At Alpine Eagle, we’re building the future of counter-drone defence. We’re a fast-growing, international deep-tech company working at the intersection of aerospace engineering, defence systems, and machine learning. Our goal: create the world’s first swarm-based, airborne counter-drone system. &nbsp; 🎯 How you will make an impact: Support the end-to-end recruiting process for technical and non-tec","defense_aerospace","high"
"1198","ametek","linkedin","15","Industrial Engineering Intern | Customer Service Representative | Quality Control Inspector | TIG Welder I 1st Shift | Manager, Mechatronics Engineer","Summary The successful candidate will lead and manage all site manufacturing, and maintenance activities and deliver results consistent with customer requirements, the company budget, and the manufacturing work plan. The Plant Manager will be accountable for operational processes and procedures which ensure worker safety, compliance with environmental regulations, and integration with the company ","manufacturing","high"
"1199","amo","ashby","15","Lead Site Reliability Engineer (SRE) | Software Engineer, Backend (Rust) | Software Engineer, Android | Software Engineer, iOS | Freelance Tech Recruiter","The role We’re looking for a Data Analyst Lead to own analytics across our growth and product surface areas. You’ll partner closely with growth marketing, product, engineering, and leadership to define success metrics, reconcile data across systems, and turn messy inputs into clear, trusted insights. This role is both hands-on and strategic: you’ll build analysis yourself while setting standards f","tech_software_internet","medium"
"1200","antics-studios-sdn-bhd","jobstreet","15","Finance Executive | Talent Aquisition Specialist | Software Tester | Project Manager (Scrum) | Drupal Developer","[Category: Human Resources & Recruitment / Consulting & Generalist HR] Description ‘People are the Core’ is one of the key values of our company, and the Human Resources Manager will uphold this value in every facet of their work as a trusted advisor to all Alephians and leaders (local and regional) at all levels of the organization. You’ll handle all core human resources functions and be a guardi","consulting_professional_services","medium"
"1201","appodeal","greenhouse","15","Family Driver / Household Assistant | Financial Data Analyst | Head/Director of Data Science | Head of UA | Independent Board Director (ML-Driven Product & Data Platform Leader)","Appodeal is a dynamic US-based product company with a truly global presence. We have offices in Warsaw, Barcelona and Parkland (FL), along with remote team members located around the world. Our company thrives on diversity, collaboration, and innovation, making us a leader in the mobile app monetization space. Why Appodeal? At Appodeal, we’re more than just a company—we’re a team united by a commo","tech_software_internet","high"
"1202","atlasxhm","greenhouse","15","Account Executive | Account Executive 2 | Account Executive II | Client Success Manager - Americas | Director International Accounting & Tax Compliance","We believe in a world where growth thrives across borders and cultures. Our mission is to guide companies on their journey by providing services and technology that enables global talent management and delivers a human experience. &nbsp; As an Employer-of-Record (EOR) provider, we offer the HR and compliance infrastructure essential for companies to expand internationally. We take care of the comp","tech_software_internet","medium"
"1203","atmos-energy","linkedin","15","Service Technician 1 | Lead ITSM & QA | Construction Operator 1 to Sr Construction Operator | Construction Operator 1 - Sr. Construction Operator | Sr HR Generalist","THIS JOB DESCRIPTION DOES NOT ATTEMPT TO LIST ALL OF THE DUTIES THAT ARE OR MAY BE PERFORMED IN THIS POSITION Primary Duties Consults with system users to identify and define ITSM software application needs. Analyzes requests for changes, updates or modifications to new or existing processes and makes recommendations for designs to meet client specification. Participates in user requirements defin","energy_utilities","high"
"1204","avantus","greenhouse","15","Associate, Project Finance | Director, Construction | General Interest | Manager, Operation Technology and SCADA | Manager, Permit Compliance","ABOUT AVANTUS Avantus develops, owns, and operates utility-scale clean energy projects across California and the Desert Southwest. Our development pipeline represents one of the nation's largest portfolios of solar with integrated storage, capable of providing dispatchable power to 17 million Americans, day and night. With over a decade of industry leadership and strategic investment from KKR and ","energy_utilities","high"
"1205","baselayer","greenhouse","15","Account Executive | Account Manager | Business Development Rep | Data Engineer | Lifecycle Marketer","&nbsp; About Baselayer Trusted by 2,200+ financial institutions, Baselayer is the intelligent business identity platform that helps verify any business, automate KYB, and monitor real-time risk. Baselayer’s B2B risk solutions and identity graph network leverage state and federal government filings and proprietary data sources to prevent fraud, accelerate onboarding, and lower credit losses. &nbsp;","tech_software_internet","low"
"1206","beaconbiosignals","greenhouse","15","Business Development Manager | Clinical Study Operations Associate | Corporate Controller | Director, Device Engineering | Director, Quality Engineering","Beacon Biosignals is on a mission to revolutionize precision medicine for the brain. We are the leading at-home EEG platform supporting clinical development of novel therapeutics for neurological, psychiatric, and sleep disorders. Our FDA 510(k)-cleared Waveband EEG headband and AI algorithms enable quantitative biomarker discovery and implementation. Beacon’s Clinico-EEG database contains EEG dat","healthcare_devices","high"
"1207","bgsf","linkedin","15","Recruiter | Senior Purchase Price Accountant | Principal Client Accounting Advisor | Building Engineer | SOX/IA Director","BGSF has partnered with an oil and gas client in Southeast Houston and is seeking a Contract Administrator to join their team. This contract administrator will be responsible for reviewing and analyzing contracts, tracking timesheets, performing data analytics, and controlling costs. Additional duties will consist of the following: Review and analyze contracts, correct discrepancies and ensure pro","consulting_professional_services","high"
"1208","bitso","greenhouse","15","Associate General Counsel | Compliance Officer El Salvador | General Manager (Bitso Business) | Growth Marketing Specialist (B2B) | Information Security GRC Specialist","Working At Bitso We are a diverse team that takes pride in understanding the perspectives of others. We fully embrace working remotely and we are eager to act, improve and accelerate progress inside and outside of our organization. To drive revolutionary changes in society and make crypto useful, we delight our customers with world-class products, deep care, and intentional empathy. Your Purpose&n","finance_fintech","high"
"1209","blue-signal-search","linkedin","15","Senior Instrument and Controls Engineer | Manager of Accounting | Director of Quality | Lead Process Engineer | Senior Civil Engineer","Office Manager Our client is a leading motor vehicle group dedicated to providing outstanding customer service and quality vehicles across numerous locations. With a commitment to innovation and excellence, we are looking for a dynamic Office Manager to join our client’s team and contribute to their growth and operational efficiency. The Office Manager will oversee the administrative operations of","consulting_professional_services","high"
"1210","bluelabsanalyticsinc","greenhouse","15","Analytics Manager I | Analytics Manager II | Associate Director, Program Management | Data Analyst I | Data Scientist","About BlueLabs BlueLabs is a leading provider of analytics services and technology dedicated to helping our partners do the most good with their data. Our team of analysts, scientists, engineers, and strategists hail from diverse backgrounds yet share a passion for using data to solve the world’s greatest social and analytical challenges. Since our inception we’ve worked with more than 400 organiz","consulting_professional_services","high"
"1211","bob-s-discount-furniture","linkedin","15","Guest Support Associate | IT Security Engineer - Open to Remote | Merchandising Warehouse Associate - Part Time | Customer Support Supervisor - Resolution Specialist | Customer Support Specialist - Resolution Specialist","Retail Guest Support Associates Part-Time Career Opportunities At Bob’s Discount Furniture, we have fun, we love what we do and it shows in our expansive growth! Our Retail Guest Support Associates are the cornerstones of Bob’s success. Retail Guest Support Associates treat our customers in a cordial, respectful manner and are champions of the “Bob’s Way” of delivering a world class customer exper","retail_ecommerce","high"
"1212","brafton","lever","15","Account Executive | Digital Marketing Project Coordinator - Mexico | Freelance Copy Writer - Travel/Cruise SME (Canada) | Freelance Copy Writer - Travel/Cruise SME (US) | Remote Content Marketing Strategist - Canada","Brafton is one of the world's leading content marketing firms, with offices in Boston, London, Toronto and Sydney. We aspire to continually raise the bar on what people consider ""marketing content."" We create result-focused strategies and content to drive SEO, social engagement and leads for our clients. Our teams continuously build expertise across new media formats, including video, blogs, infog","consulting_professional_services","high"
"1213","brave","greenhouse","15","Client Success Manager | Product Marketing Manager - Brave Search APIs | Quality Assurance Engineer | Revenue and Technical Accounting Manager | Senior Developer Relations and Community Manager - Brave Search API","VP of Sales - API&nbsp; Remote USA or EU preferred About Brave Brave is on a mission to protect the human right to privacy online. We’ve built a free web browser that blocks creepy ads and trackers by default, a private search engine with a truly independent index, a browser-native crypto wallet, and a private ad network (opt-in!) that directly rewards you for your attention. And we’re just gettin","tech_software_internet","high"
"1214","cadvision-systems-sdn-bhd","jobstreet","15","Senior Finance Executive | Technical Internship | Finance Internship | Application Engineer | Sales Engineer","[Category: Human Resources & Recruitment / Consulting & Generalist HR] Responsibilities: Assist and implement HR strategies aligned with the company's goals and objectives. Manage the recruitment and selection process, including job postings, candidate screening, and interviews. Manage employee onboarding and orientation, ensuring a smooth transition for new hires. Collaborate with department mana","tech_software_internet","medium"
"1215","cadwell","greenhouse","15","Clinical Trainer (EEG) | Content Marketing Specialist | Electrodiagnostic (EDX) and Ultrasound Clinical Sales Manager | Field Implementation Specialist | Manufacturing Engineering Manager","Position Summary:&nbsp; Cadwell is seeking a Product Owner – EEG to serve as the vital link between our clinical vision and engineering execution. This role is designed for a professional with a technical foundation who has gained hands-on experience in the EEG clinical environment and now wishes to drive product development from the ""inside."" As the Technical Translator for the EEG product line, ","healthcare_devices","high"
"1216","canon-marketing-malaysia-sdn-bhd","jobstreet","15","Print Care Assistant - Based in Bangi (1 year Contract - Renewable) | Account Manager, Government-Linked Corporation (Klang Valley) | Sales Support and Administration, Assistant Manager | Sales Administration, Executive (Business Imaging Solution) | Executive, Service Business and Administration","[Category: Engineering / Electrical/Electronic Engineering] Responsibilities: Provide field service support on printers and multifunction office equipment; Support on product installation (software/hardware) at customer place and warehouse; Provide guidance/troubleshooting to customer over the phone for printer setting. Requirements: Degree / Diploma / Certificate in Electronic Engineering. Minimu","consumer_brands","high"
"1217","capitaltg","greenhouse","15","Business Analyst | Business Development Intern | Director of Proposal Management | Full-Stack Software Engineer (Quality & Test Focus) | Lead AI/ML Engineer","Capital Technology Group provides expert consulting services software development, digital transformation, human-centered design, data analytics and visualization, and cybersecurity.&nbsp; Our multidisciplinary teams use agile methodologies to rapidly and incrementally deliver value in close collaboration with our clients. For over a decade, we have been trusted by both federal and commercial clie","consulting_professional_services","high"
"1218","casey-s","linkedin","15","Store Manager - Redwood Falls, MN | Store Manager - Bowling Green, KY | Store Manager - Hannibal, MO | Store Manager - Glenwood, MN | Store Manager - Elkhorn, WI","Casey's is searching for a full-time Security Officer to join our team in Ankeny, IA! As a Security Officer, you will guard, patrol, and monitor premises to ensure safety and security. You'll also respond to emergencies, suspicious activity, and disturbances as needed and assist supervisory staff and local authorities as necessary. Responsible for de-escalation and intervention as needed in order ","retail_ecommerce","high"
"1219","catapultsports","greenhouse","15","Accounts Payable Specialist | Accounts Receivable Coordinator | Associate Technician, Media Operations | Business Development Manager - Spain | Director, Financial Planning & Analysis","Catapult is building the future of sports performance technology, with a mission to Unleash the Potential of every athlete and team on earth. We don't just work in the sporting industry; we are actively changing it.&nbsp; Since 2006, our solutions have been leading the way in sports performance software, science, and data, in a world where 1% can literally mean the difference between winning and l","tech_software_internet","high"
"1220","cbiz","linkedin","15","Lead Client Service Consultant | Account Coordinator | Employee Benefits | Client Resolution Representative I Retirement & Investment | Tax Associate I 2025 | Audit Associate | 2025","Status Category: Full-Time Exempt/Non-Exempt: Exempt Scheduled Hours Per Week: 40 Job Code: FS210TC With over 120 offices and nearly 7,000 associates throughout the U.S. CBIZ (NYSE: CBZ) delivers top-level financial and employee business services to organizations of all sizes, as well as individual clients, by providing national-caliber expertise combined with highly personalized service delivered","consulting_professional_services","high"
"1221","cemex-usa","linkedin","15","Driver Ready Mix | Laborer | Mechanic Maintenance | Innovation Manager | OPERATOR TERMINAL","Company Overview Founded in 1906, over the last 110+ years' CEMEX has grown into a global building materials company that provides high quality products and reliable service to customers and communities throughout the Americas, Europe, Africa, the Middle East, and Asia. Here at CEMEX we offer our employees competitive wages, career growth, excellent benefits including health, dental & vision plans","manufacturing","high"
"1222","centerfield","ashby","15","Quality Assurance Analyst | Sales Leader | Senior Sales Leader | Mission Control Specialist | Bilingual Quality Assurance Analyst (English & Spanish)","Hi, We're Centerfield! Supercharged customer acquisition. Centerfield delivers outcome-based digital marketing solutions and personalized omnichannel experiences for the world’s leading brands. Powered by our proprietary Dugout platform, Centerfield acquires customers at scale for leading residential service, insurance, e-commerce, and B2B brands. Centerfield’s digital experiences and digital bran","consulting_professional_services","high"
"1223","cg-computers-sdn-bhd","jobstreet","15","Senior Finance Executive | Product Assistant | Retail Sales Associates (Johor) | Administrative Assistant (Techero Division) | Brand Executive","[Category: Marketing & Communications / Digital & Search Marketing] Job Requirements and Responsibilities: Plan and execute digital marketing campaigns across various digital channels to support overall business objectives, ensuring alignment with target audience and messaging. Track and analyse Key Performance Indicators (KPIs) to measure the effectiveness of digital marketing efforts. Generate r","retail_ecommerce","high"
"1224","chemopharm-sdn-bhd","jobstreet","15","Key Account Executive (Chemistry/Oil & Gas) | Sales Executive (Microbiology) | General Administrative Executive (Protege Trainee) | Technical Service Engineer -Chromatography | Recruitment Executive - Protege Trainee","[Category: Engineering / Electrical/Electronic Engineering] Everlife-Chemopharm Group's Professional Training and Education for Growth Entrepreneurs (PROTÉGÉ) is a 1-year program providing on-the-job training opportunities to fresh graduates. You will have the opportunity to gain practical skills and real-life working experience. We are currently expanding and are keen to invite dynamic and ambiti","manufacturing","medium"
"1225","cheng-co-group","jobstreet","15","Senior Company Secretarial | Tax Senior | Account Associate | Business Consultant | Audit Associate /Semi Senior /Senior","[Category: Accounting / Bookkeeping & Small Practice Accounting] Job Responsibilities: Audit: • Assist in planning and executing audit engagements under the supervision of senior auditors. • Document audit findings and prepare detailed audit workpapers. • Assist in the preparation of audit reports summarizing findings and recommendations. Accounting: • Assist in preparing financial statements, inc","consulting_professional_services","high"
"1226","cirkul","greenhouse","15","Associate Controls Engineer | CDL Driver | Controls Engineer | Customer Experience Intern | Machine Operator","What is Cirkul?&nbsp; Cirkul is a rapidly growing company on a mission to transform how beverages are developed, distributed, and enjoyed. It’s a new way to hydrate—so much so that 96% of customers say they drink more water with Cirkul!* With over 150 flavor options available without sugar or calories, Cirkul provides customers with a fully customizable, reusable water bottle and cartridge system.","consumer_brands","high"
"1227","clearscoretechnologylimited","greenhouse","15","Business Development Manager | Customer Solutions Expert | Data Analyst - Strategic Marketing | Data Analyst - ZA Marketplace | Lead Engineering Manager","Product Manager GTM Salary banding - £54,000 to £62,000 Marketplace exp is a bonus. ClearScore is looking for a Product Manager to help grow mass-market consumer products. You will help us scale the leading credit scoring app in the UK. Our team has built an industry-leading application, used by over 14 million users worldwide. You will be helping millions of users take decisions that create great","finance_fintech","high"
"1228","coalfire","lever","15","Associate, SOC Assessment | Consultant - SOC2, PCI Assessment | Consultant, FedRAMP Assessment | Consultant, SOC Assessment | Junior Site Reliability Engineer","About Coalfire Coalfire is on a mission to make the world a safer place by solving our clients’ toughest cybersecurity challenges. We work at the cutting edge of technology to advise, assess, automate, and ultimately help companies navigate the ever-changing cybersecurity landscape. We are headquartered in Denver, Colorado with offices across the U.S. and U.K., and we support clients around the wo","consulting_professional_services","high"
"1229","coinmarketcap","lever","15","Automation QA Engineer | Business Development Manager (Ads) | Business Development Manager (API) | Business Development Manager, Atlas Oracle | Business Development Operations(Contractor)","Job Responsibilities 1. Develop and maintain automation testing frameworks and tools to improve testing efficiency and quality. 2. Design, develop, and optimize automation test scripts covering scenarios such as functional testing, API testing, and performance testing. 3. Participate in the construction of the testing platform, optimize CI/CD processes, and enhance the role of automation testing i","finance_fintech","high"
"1230","cotiviti","linkedin","15","Medical Director | Support Analyst | QA I HCC/Risk Adjustment Coding (Seasonal) | Policy Configuration Analyst I | Associate Software Engineer","Overview The Support Analyst will assist in monitoring, analyzing , and resolving data platforms, configuration, and infrastructure - related issues . This person serves as a lia i son between technical and operation teams . This position provides analysis and problem solving, technical assistance , and support coordination to business stakeholders . The person will make decisions based on i ndepe","tech_software_internet","high"
"1231","counsel","ashby","15","Software Engineer (Fullstack) | Senior Product Manager, Consumer | Infrastructure Engineer (Backend) | Director of Strategic Accounts | Physician, Virtual Care (Full-time)","About Counsel Counsel’s mission is to multiply the world's healthcare capacity. We believe in a future in which every person has a personalized, AI-enabled doctor always in their pocket. To accomplish this, we’re building the first fully-vertical, AI-native medical group from the ground up. We’ve redesigned the entire clinical stack with custom AI tools that make our in-house physicians 10x faster","healthcare_provider","medium"
"1232","creatorsworkhere","greenhouse","15","Account Manager | Business Development Representative | Customer Service Associate | Customer Service Associate - Used Trades | Fulfillment and Returns Specialist","Our Story Scuba.com is a 1-stop destination for diving and watersports gear, offering certification classes, rentals, repairs and travel trips to divers of all levels. Established over 20 years ago, we are one of the first internet-based diver supply companies, known for combining deep industry knowledge with outstanding customer service. Our team includes highly trained and experienced scuba inst","retail_ecommerce","low"
"1233","crexi","greenhouse","15","Account Executive, Intelligence (Los Angeles) | Account Executive, Intelligence (Miami) | Account Executive, Pro (Los Angeles) | Account Executive, Pro (Miami) | Analytics Engineer","About Crexi Crexi is reimagining commercial real estate with an AI-powered platform built to deliver smarter, more efficient solutions at every stage of the deal lifecycle. From real-time data and market insights generated by Crexi Intelligence, to targeted property marketing and seamless deal management through Crexi PRO, and a transparent, time-bound bidding experience with Crexi Auction— Crexi ","real_estate_construction","high"
"1234","ctc-global-sdn-bhd","jobstreet","15","Account Manager (Location : Melaka) | Technical Lead | Logistic Specialist – Invoicing & Logistics | Technical Engineer – Backup & Storage | Resident Engineer – Systems (Contract)","[Category: Information & Communication Technology / Networks & Systems Administration] Responsibilities: Responsible to support & troubleshoot Virtualization environment (VMware VCF & Nutanix), VMware NSX-T, Hyper Converged Infrastructure, Microsoft Windows Server, Redhat and enterprise hardware Responsible for Incident and Problem management including managing Major Incident and escalation as wel","consulting_professional_services","high"
"1235","current81","greenhouse","15","Data Analyst, Data Analytics | Director, Analytics Engineering | Director, Data Analytics | Director, Risk | Law Enforcement Compliance Analyst","DIRECTOR, RISK Current is a leading consumer fintech platform transforming financial access for everyday Americans with over 6 million members. We provide access to financial solutions that seamlessly work together to solve the needs of our members and enable all Americans to build better financial futures. Based in NYC, our results-driven environment drives us to build better products, grow faste","finance_fintech","high"
"1236","dandelion","ashby","15","Driller Helper | Director of Enterprise Sales | Geothermal Driller | Senior FP&A Analyst | Field Marketing Manager - New Home Construction","📍 Location: Based in Peekskill, NY (with work sites within a 75-mile radius, primarily in New York and New Jersey) 👥 Team: Field Ops 💼 Type: Full-time (hourly; non-exempt) 📌 About the job As a Driller Helper at Dandelion Energy, you’ll have the opportunity to gain hands-on training in different parts of our geothermal field operations. Depending on project needs, you may be focused on supporting d","energy_utilities","high"
"1237","dataguard","ashby","15","Account Executive - Enterprise (m/f/d) | Customer Success Manager (m/f/d) | Account Executive (m/f/d) | Financial Accountant (m/f/d) | Events & Office Manager (m/f/d)","YOUR JOB Do you enjoy owning customer relationships and turning trust into long-term growth? Are you motivated by managing a portfolio and actively driving expansion within existing accounts? Do you like combining consultative conversations with commercial responsibility? In this role, you’ll work closely with decision-makers in our customers, understand their priorities, and proactively develop t","tech_software_internet","high"
"1238","datasys-consulting-and-software-inc","linkedin","15","Developer with Trading Application | Trading Application Developer/ C# Dot Net Developer | Azure network and infrastructure engineer | Full Time : Trading Application Exp.With C# Dot Net developer | Financial Business Analyst With Regulatory Reporting","JOB DESCRIPTION: Title: Financial Business Analyst with Regulatory Reporting ExperienceLocation: New JerseyWork Mode: Hybrid/Remote We are seeking a highly skilled and motivated Financial Analyst specializing in regulatory reporting to join the team. The ideal candidate will have a strong understanding of financial principles, regulatory requirements, and reporting standards. The role involves ana","consulting_professional_services","high"
"1239","dave","ashby","15","Staff Site Reliability Engineer | Vendor Operations Manager | Sr. Director, Assistant General Counsel (Consumer Litigation & Regulatory) | Engineering Manager, EC Card | Senior AI Reconciliation Analyst","Dave is one of the leading US neobanks and a pioneer in financial services, using disruptive technology to provide best in class banking services to millions of members at a fraction of the cost compared to incumbents. The anchor of our banking value proposition, ExtraCash, provides up to $500 of short term, interest free advances to members within minutes of joining. The speed to value, access an","finance_fintech","high"
"1240","david-s-bridal","linkedin","15","Welcome Desk Receptionist | Bridal Sales | Retail Assistant Manager | Alterations Intern | Retail Supervisor","BEST. JOB. EVER! Minimal weekday hours required Generous Team Member discount $400 bonus for every referral hired with NO LIMIT* Competitive hourly pay rates & team bonus Get Paid Early! Additional terms and conditions apply. At David’s Bridal, we empower our customers and our employees to stay true to their dreams and find the one, whether that means the wedding dress that matches a personal styl","retail_ecommerce","high"
"1241","deepjudge","ashby","15","Backend Software Engineer: Applications | DevOps Engineer | Applied AI Engineer | Enterprise Account Director – EU/DACH (German-Speaking) | Enterprise Account Director – UK Law Firms","About Us: DeepJudge is Switzerland’s leading AI and ICT scale-up, transforming how law firms and legal departments access and leverage their knowledge. Founded by former Google search engineers with PhDs in AI from ETH Zurich, and backed by top-tier Silicon Valley investors, we are building the intelligence layer that powers the legal industry. Every firm can license the same AI models, but no two","tech_software_internet","high"
"1242","demandbase","ashby","15","Sales Development Representative | Staff Software Engineer | Staff Database Platform Engineer | Growth Account Director, Mid-Market | Principal Software Engineer","Introduction to Demandbase: Demandbase is the only pipeline AI platform that empowers GTM teams to automate growth at scale. With a unified view of data, insights, actions, and outcomes, B2B enterprises can seamlessly align and execute their account-based GTM strategies with confidence. Thousands of businesses trust Demandbase to maximize revenue, minimize waste, and consolidate their data and tec","tech_software_internet","high"
"1243","denken-solutions-inc","linkedin","15","Senior Investigator/Tester/Teacher | Technology Project Manager with Banking Exp | ServiceNow App Engine Developer | Operations Startup Leader (OSL) | Principal Data Scientist","Job Title - Database Engineer (Hybrid)Job Location - 4100 E 3rd Ave, Foster City, California, United States of America, 94404Job Duration - 6 months Job Description -Database Engineer Responsibilities: ● Design and develop efficient and scalable database solutions based on business requirements.● Install, configure, and upgrade database software and related tools.● Monitor database performance and","consulting_professional_services","high"
"1244","diamondpick","linkedin","15",".Net Azure Architect (Local to WA) | Junior Project Manager | Assistant Project Manager | Apigee developer | Java Developer with REST API","Lab System Support/ Site MFG & QC Lab SupportLocation: El Segundo, CA - onsite 5 days a week Project Scope:Kites IT Tech Ops team needs onsite Lab Support Specialists for the MVP01 (Oceanside) and RDMC (SantaMonica) QC Labs. The scope includes efficient and reliable operation of internal desktop lab systems and willhandle tactical matters such as service requests as well as when working on larger ","consulting_professional_services","high"
"1245","driven-brands-inc","linkedin","15","Car Wash Site Manager - Shop#310 - 672 S. W. Temple | Car Wash Site Manager - Shop#31 - 1603 Hartje Lane | District Manager - Cleveland Region | Car Wash Site Manager - Shop#214 - 710 W. Garden of the Gods Rd. | Car Wash Site Manager - Shop#126 - 2009 North Dixie Highway","Company:Driven Brands We invite you to join us at Driven Brands! Headquartered in Charlotte, NC, Driven Brands (NASDAQ: DRVN) is the largest automotive services company in North America, providing a range of consumer and commercial automotive needs, including paint, collision, glass, vehicle repair, oil change, maintenance and car wash. With over 4,500 centers in 15 countries, Driven Brands is the","automotive","high"
"1246","dxn-holdings-bhd","jobstreet","15","Finance Section Manager | Chief Operating Officer | Corporate Strategy/Finance Senior Manager/Manager/Senior Executive | HR Manager | Assistant Executive","[Category: Manufacturing, Transport & Logistics / Production, Planning & Scheduling] DXN Holdings Bhd is the investment holdings and management company of DXN Group. Based in Malaysia, with worldwide operations of 79 subsidiaries across 48 countries. DXN is principally involved in the sales of health-oriented and wellness consumer products through a direct selling model. It operates a vertically i","consumer_brands","high"
"1247","eddie-bauer","linkedin","15","Part Time Sales Associate - Chandler Fashion Center | Part-Time Sales Supervisor - US | Part-Time Sales Supervisor - Tysons Corner Center 4131 | Part-Time Sales Supervisor - Ross Park | Part-Time Sales Supervisor - South Hills","Overview As an Assistant Store Manager, you will support the Store Manager to build a team that delivers results through providing an amazing customer experience. You also share the responsibility to execute all store operations and maintain a visually appealing store. You create a positive environment that develops and engages your managers, associates, and customers every day. You love being par","retail_ecommerce","high"
"1248","elitetechnology","greenhouse","15","Client Account Executive | Client Account Manager | Data Architect | Database Administrator | Global Client Director, Dedicated Accounts","Elite is the trusted automation platform for law firm operations across most of the world’s largest and most successful law firms. Elite has guided firms through every technology shift and today delivers the only cloud-native SaaS platform that unifies financial, invoice, time, and data management into a single system of action. With embedded AI, predictive analytics, and integrated payments, Elit","tech_software_internet","medium"
"1249","eulerity","greenhouse","15","Android Developer Intern | Associate Product Manager - AI First | Backend Developer Summer Intern | Customer Success Manager | Digital Marketing Technology Consultant | Multi-Location & Franchise Brands","Eulerity is a leading marketing technology company simplifying digital advertising for franchises and multi-location businesses. We use machine learning and automation to help our clients scale. We are currently in a pivotal ""0 to 1"" phase regarding our financial infrastructure and need a hands-on leader to professionalize our accounting and prepare us for future growth. The Role We are seeking a ","tech_software_internet","high"
"1250","eversource-energy","linkedin","15","Telecom Specialist B - Network Services | Telecom Specialist A - Network Services | Associate Staff Accountant (Hybrid) | Associate Engineer, Gas | Analyst, Business Integration (Hybrid)","Pressure Mechanic Mechanic Helper (I/R) General Summary: Reports to Supervisor in Instrumentation and Regulation (I&R) Individual will be responsible for the inspection, operation, maintenance, troubleshooting, installation, and periodic overhaul of various distribution facilities including but not limited to the following: district regulator stations, city gate stations, and customer worker/monit","energy_utilities","high"
"1251","excelon-solutions","linkedin","15","Senior Electronics Design Engineer | Medical Coder | Sr. Financial Analyst (Cost Accounting) | Usability engineers (Medical Product Usability) | Lead Java Developer (Healthcare)","Job Role: Electrical PCB Engineer - IntermediateLocation: Rochester, NY (Onsite) Shift: 8 hours day (8am-5pm) Job Description:Electrical PCB Engineer will develop intricate printed circuit board layouts. This role involves collaborating with engineering teams, creating schematics, circuit board layouts and optimizing designs for manufacturing and testing. Preferred Qualifications: Proficiency in A","consulting_professional_services","high"
"1252","extrahopnetworks","greenhouse","15","Channel Sales Manager | Financial Analyst | GTM Talent Community | Manager, Engineering | QA | Manager, Total Rewards","At ExtraHop, we’re on a mission to protect and empower the connected enterprise. We reveal what is happening in the very infrastructure that sustains businesses, lives, and communities, and ensure the integrity of networks, data, systems, and processes. Organizations rely on ExtraHop to provide visibility into the cyber threats, vulnerabilities, and network performance issues that evade their exis","tech_software_internet","high"
"1253","farm-service-agency","usajobs","15","Supervisory Agricultural District Director | COUNTY PROGRAM ANALYST | County Executive Director | Loan Analyst | Supervisory Loan Specialist (Agricultural)","In order to qualify, you must meet the eligibility and qualifications requirements as defined below by the closing date of the announcement. For more information on the qualifications for this position, visit the Office of Personnel Management's General Schedule Qualification Standards. Your application and resume must clearly show that you possess the experience requirements. If education is requ","public_sector_government","high"
"1254","fccincinnati","greenhouse","15","Academy Administration Intern | Academy Athletic Development Coach | Academy Driver | Academy Performance Analyst Intern | Box Office Representative","Job Title:&nbsp; Matchday Host Department: &nbsp;Match Presentation Reports to : Director, Match Production and Fan Engagement Position Summary: The Matchday Host is a key position within the FC Cincinnati and TQL Stadium team. This position will be responsible for assisting in the overall activation elements at TQL Stadium.&nbsp; The role will engage and entertain fans and will help elevate activ","media_entertainment","high"
"1255","financialtechnologypartners","greenhouse","15","Administrative Assistant | Associate Counsel | Associate, Investment Banking | Associate / VP: FinTech Strategic Insights / Business Development | Experienced Analyst, Investment Banking","Associate Counsel&nbsp; / Full Time / NY (Comp: $200,000 + $50,000 bonus) Position:&nbsp; Financial Technology Partners is seeking an Associate Counsel to join our small,&nbsp; high-leverage legal team. Reporting directly to the General Counsel, the Associate will touch nearly every part of the FT Partners legal platform--engagement letters for FinTech clients, employment matters, vendor and SaaS ","finance_banking","high"
"1256","float","ashby","15","Full Stack Development (Remote - Canada) | Senior Product Designer | Customer Success Manager | Full Stack Development | Engineering Manager, Platform (Infrastructure & Developer Experience)","About Float Float is on a mission to simplify finance for Canadian businesses, empowering them to eliminate complexity and unlock new opportunities. Through our innovative platform, Float enables businesses to streamline financial operations and optimize cash flow, so they can focus on what matters most: growth. As one of Canada’s fastest growing companies and top-rated startups in 2025 , 2024 and","tech_software_internet","medium"
"1257","floridadems","lever","15","2024 Florida Coordinated Campaign Intern | 2024 Resume Bank | Deputy Data and Analytics Director | Deputy Director, Content Strategy | Engagement Organizer","The Florida Democratic Party is seeking a full-time Voter File Manager to manage the party’s voter data and ensure that it meets the needs of the State Party, county party organizations, state and federal campaigns, and activist groups. The Voter File Manager will report to the Data, Security, & Analytics Director or the Deputy Data Director in their absence. They will be responsible for obtaining","nonprofit","high"
"1258","fraser-neave-f-n","jobstreet","15","Assistant Manager, Risk Management | Manager, District Sales | Internal Auditor | Intern, Finance | Executive, Plant Operations","[Category: Marketing & Communications / Event Management] What will you be doing? 1. Responsible in developing and executing integrated, value-added customer and market specific business/brand building opportunities based on category, brand and consumer insights designed to drive visibilities, forward stocks, share and profitability in designated channel(s)/region(s). 2. Ensuring execution of all ","consumer_brands","high"
"1259","gallatin","ashby","15","AI Software Engineer | Senior Front-End Engineer | Fullstack Engineer | General Engineering Application | Cleared Software Engineer (TS and TS/SCI)","About Gallatin At Gallatin, we are rebuilding logistics infrastructure for the national security missions of the United States and allied partners. We build AI systems that determine how logistics decisions are made — not just how they're executed. From factory to foxhole, we operate at the layer where data becomes decisions, and decisions make the advantage. About the Role We're looking for a Fie","defense_aerospace","high"
"1260","gmrmarketing","greenhouse","15","Account Director, Partnership Consulting | Account Executive, Partnership Consulting | Account Executive, Partnership Management & Consulting | Account Supervisor, Partnership Consulting & Naming Rights | Client Consulting | Talent Community","ABOUT GMR MARKETING&nbsp;&nbsp; We are&nbsp; the &nbsp;Experience Agency Making Unforgettable Stories Born of Humanity &nbsp; NOT JUST EXPERIENTIAL. EXPERIENCE. &nbsp; The lines have blurred. People live in the physical, digital, and social worlds all at once, and your brand experiences should do the same.&nbsp; NOT JUST TELLING. MAKING. &nbsp; The best stories are lived, not heard. Make an immers","consulting_professional_services","high"
"1261","go-cloudforce","lever","15","Account Executive | Account Executive (West Coast Hours) | Accounts Payable Specialist | AI Agent Builder Intern | AI Enablement Intern","Job Title: Scrum Master Location: National Harbor, MD (Hybrid) Type: Full Time Compensation: $70,000 to $80,000 DOE, Annually Please note - applicants must be authorized to work for any employer in the U.S. We are unable to sponsor or take over sponsorship of an employment visa at this time. Join our team as a Scrum Master, where you'll own the sprint cadence and delivery rhythm that keeps enginee","consulting_professional_services","high"
"1262","golden-screen-cinemas-sdn-bhd","jobstreet","15","System Analyst | Mixologist | Commis | AURUM Theatre, The Exchange TRX | Executive, Finance | Senior Barista (AURUM Theatre - TRX)","[Category: Design & Architecture / Graphic Design] About us Come join us, Malaysia's largest cinema distributor! At GSC, you can develop your career in designing and exploring the world of movies & entertainment. Qualifications & experience Diploma/Degree in Graphic Design or related field. At least 1 year Graphic Design experience in advertising/brand agency. Proficient in using design software (","media_entertainment","high"
"1263","gomaterials","lever","15","Account Manager | Acheteur / Acheteuse | Buyer | Data Quality Intern - Fall 2026 | Director, Sales","GoMaterials is one of Canada's fastest-growing companies, recognized by Deloitte, the Globe & Mail, and the Lazaridis Scaleup Program. We’re revolutionizing how landscape contractors source plant and hardscape materials through a B2B marketplace that simplifies procurement in a traditionally outdated industry. Since our inception, we have helped landscapers save time, money, and stress and plant o","tech_software_internet","high"
"1264","gonetspeed","lever","15","Business Services Representative | Commercial Account Executive | Door-to-Door Fiber Internet Sales Representative | Experienced Splicer | Facilities & Maintenance Technician","Here at GoNetspeed, we believe in the power of connectivity. We believe that life doesn’t wait for us to catch up. We believe that providing the fastest and most reliable Internet to the communities we serve means committing to the present and building for the future. And we believe that our amazing team of employees are the key to our future and vision of connecting communities for today and for ","telecommunications","high"
"1265","graybar","linkedin","15","Outside Sales Representative - Electrical | Part-time Customer Service Representative | Sales Representative | Counter Sales Representative | Warehouse Material Handler","More than a job - a career. As a Delivery Driver, you will have face-to-face contact with customers as you deliver orders. You will safely drive a Graybar truck or van from the warehouse to each destination, providing on-time delivery and good customer service. You will be responsible for maintaining positive customer relations and passing along customer feedback, and even promoting services and p","retail_ecommerce","medium"
"1266","great-eastern-life-assurance-co-ltd","jobstreet","15","Lead, IT Security | Assistant Manager/ Manager, Change Management (IT Service Management) | Learning & Development Specialist (Human Capital) | AVP, Incident & Problem Management (IT Service Management) | Middleware Engineer","[Category: Information & Communication Technology / Networks & Systems Administration] Discover the GREAT in your career. As a LIFE company, our customers are at the heart of all that we do. Being one of Asia’s leading insurer for over a century, we have built a long-lasting legacy of trust with our customers over many generations. At the foundation of this trust is Integrity , Initiative , and In","finance_insurance","high"
"1267","groundworks","linkedin","15","Production Administrative Assistant | Installer | Inventory Support Administrator | Co-Foreman | Outside Sales Representative","JES A Groundworks Company, specializes in helping homeowners with their foundation repair, basement waterproofing, crawl space encapsulation, and concrete needs. Our top priority is providing high-quality home repair solutions and personalized service across the Nation. With fully trained technicians, industry-leading products, and nationally backed warranties, Groundworks is here to restore your ","real_estate_construction","high"
"1268","groupon","greenhouse","15","AI Builder - Full Stack | (AI-First) Engineering Manager | AI Product Manager, Post-Purchase Experience | Business Operations Associate | Customer Experience Specialist, Operational Transformation","Groupon connects 42 million customers with local experiences - restaurants, events, wellness and travel - and the million-plus merchants who deliver them. Our mission is to get people offline and into the real world at prices that make it possible. We're an AI-native company in the middle of a platform transformation, moving from a deals marketplace to an experience discovery platform that works f","tech_software_internet","high"
"1269","groww","greenhouse","15","AM - ORM (Operational Risk Management) | Associate Product Manager | Business Associate - Growth(Engagement) | Content - Intern | Copy Writer - Intern","About Groww: We are a passionate group of people focused on making financial services accessible to every Indian through a multi-product platform. Each day, we help millions of customers take charge of their financial journey. Customer obsession is in our DNA. Every product, every design, every algorithm down to the tiniest detail is executed keeping the customers’ needs and convenience in mind. O","finance_fintech","high"
"1270","gruns","greenhouse","15","Account Manager, Alternative & Specialty Channel | Account Manager, Natural | BizOps Associate | CPFR Sr. Analyst | Director of Sales, Target & Drug","We're so happy you're here! Thank you for checking our job out and we hope to have the chance to meet you in our interview process! About the role Grüns is building one of the most exciting live e-commerce studios in the country, and we're looking for a Livestream Host to be the face of it. This is a performance role — you'll be on camera, selling Grüns products live to a real audience, and bringi","consumer_brands","high"
"1271","hanger-inc","linkedin","15","Clinical Assistant | Medical Office Administrator (Float) | Prosthetist Orthotist needed to manage our clinic in Bozeman, Montana! | Manager of Revenue Cycle Performance - Remote | Production Assistant Urethane Casting","Why Us? With a mantra of Empowering Human Potential, Hanger, Inc. is the world's premier provider of orthotic and prosthetic (O&P) services and products, offering the most advanced O&P solutions, clinically differentiated programs and unsurpassed customer service. Hanger's Patient Care segment is the largest owner and operator of O&P patient care clinics nationwide. Through its Products & Services","healthcare_provider","high"
"1272","haystacknews","ashby","15","Android Engineer | Web Engineer | Ad Partnerships Manager | QA Engineer | Programmatic Ad Partnerships Manager","Product / UX Designer About Haystack Haystack News is the leading news-streaming platform, connecting 40+ million viewers to local, national, and world news. We’re redefining how people consume news, offering a personalized, free, on-demand experience across connected TVs, mobile, web, and automotive interfaces. We partner with hundreds of broadcasters and are expanding into premium experiences th","media_entertainment","high"
"1273","hershey-malaysia-sdn-bhd","jobstreet","15","Utilities Planner | General Resume Deposit | Logistics Assistant (Outbound) | Material Planner | Senior/Process Lead","[Category: Human Resources & Recruitment / Management - Internal] Job Location: Senai, Johor, Malaysia Summary: Manager HR will be responsible to execute, and implementation of human capital strategies required to drive Hershey Malaysia plant’s Annual Plan and Strategic Growth Plan to meet current and future business needs for the plant, through working in partnership with the and the plant manage","consumer_brands","high"
"1274","hippo70","greenhouse","15","Actuarial Data Scientist | Carrier Partnerships Manager | Chief Information Security Officer (CISO) | Claims Examiner – Spinnaker | Claims Program Manager – Spinnaker","&nbsp; Title: Data Analyst&nbsp; Location: Austin, TX&nbsp; (Flexible / Hybrid) Reporting to:&nbsp; Director, GTM&nbsp; About Hippo: Hippo was built on a&nbsp;promise:&nbsp;make homeownership effortless.&nbsp;Nearly a&nbsp;decade later, that&nbsp;mission&nbsp;still drives us.&nbsp;We&nbsp;use technology&nbsp;and&nbsp;data&nbsp;to help&nbsp;our customers stay ahead of&nbsp;problems&nbsp;and&nbsp;pr","finance_insurance","high"
"1275","hntb","linkedin","15","Returner Communication Intern - Southeast Division (For Current or Previous HNTB | Project Finance Associate II | Aviation Planner - Entry Level | Tennessee Office Leader I | Sr. Tech advisor - Vehicles","What We're Looking For Join our growing Southern California Transportation Team! We are growing our offices in Orange County (Santa Ana) and in the Inland Empire (Ontario). We support high-profile transportation projects in the Inland Empire and Orange County, such as Brightline West (high-speed rail), the I -10 Freeway corridor in San Bernardino, and various LA Metro and Caltrans Highway projects","consulting_professional_services","high"
"1276","hockeystack","ashby","15","Team Lead Backend Engineer (Core Applications) | Senior GTM & Business Recruiter | Executive Assistant to the CEO | Account Executive | Human Resources Manager","HockeyStack is building the agent infrastructure for enterprise revenue. We spent five years building the only data architecture that preserves causality across the full revenue stack — every interaction, every signal, in sequence. On top of that foundation, we built Nex-lm, a purpose-built AI engine that compiles natural language into deterministic agent workflows. The result is a platform that c","tech_software_internet","high"
"1277","holman","linkedin","15","District Sales Manager | Jr. Property Tax Accountant | Director, Enterprise Compliance | Billing Administrator | Handler - Material","Holman is a family-owned, global automotive services organization anchored by our deeply rooted core values and principles that have enabled us to continue Driving What’s Right throughout the last century. Our teams deliver the Holman Experience by treating our customers and each other as we would like to be treated, and creating positive, rewarding relationships all around. The automotive markets","automotive","high"
"1278","honehealth","greenhouse","15","Data Science Intern (Summer 2026) | Physician Training Director (Longevity Medicine) | Product Designer, Products & Integrations | Product Manager, Engagement | Product Manager, Fulfillment & Delivery","About Hone Hone is an online medical clinic at the forefront of transforming healthcare and enhancing longevity. We use cutting-edge scientific advancements to empower men and women to take control of their health and unlock their full potential. Our people are the heart of everything we do and drive our success. We approach every project through our brand values: Fight for the Customer Execute Ru","healthcare_provider","high"
"1279","honeycombinsurance","greenhouse","15","Account Executive | Accounts Receivable / Billing Specialist | Commercial Lines Product and Forms Analyst | Customer Success Representative | Data Analyst","Honeycomb At Honeycomb, we're not just building technology, we’re reshaping the future of insurance.&nbsp; In 2025, Honeycomb was recognized by Dun &amp; Bradstreet as “ Top 10 Best Start Up Companies to Work For ” in Israel and named by LinkedIn as “ Top 10 Startups in Chicago ”. How did we earn these honors? Honeycomb is a rapidly growing global startup, generously backed by top-tier investors a","finance_insurance","high"
"1280","honor","greenhouse","15","Senior Backend Engineer | Business Development Advisor | Care Professional HR Associate | Client Care Advisor - Santa Rosa and Sonoma County | Counsel, Litigation & Risk Management","Honor Technology’s mission is to change the way society cares for older adults. As a leader in aging care innovation, Honor provides the technology, tools, and services that empower older adults to live life on their own terms. Honor’s growing portfolio includes its consumer care brand, Home Instead, Inc., the world’s leading provider of in-home care for older adults. With a global franchise netwo","healthcare_provider","high"
"1281","horizonsurgicalsystems","greenhouse","15","C++/CUDA Systems Engineer – Surgical Robotics Platform | Engineering Technician | Junior/ Senior C++ Software Engineer | Program Lead | Regulatory and Clinical Lead","&nbsp; Open Position – Program Lead Horizon Surgical Systems Inc. &nbsp; Horizon Surgical Systems Inc. is revolutionizing the world of surgical ophthalmology by developing a novel, AI driven, and imaging-guided surgical robotic system. Horizon Surgical Systems Inc. aims to expand access to care, provide superior capabilities to the human surgeon, and enhance patient outcomes. Microsurgery in gener","healthcare_devices","high"
"1282","hotayi-electronic-m-sdn-bhd-hotayi-group","jobstreet","15","HR Senior Executive | Program Management | Senior Buyer | HR Executive | Facility Engineer Assistant Manager","[Category: Manufacturing, Transport & Logistics / Purchasing, Procurement & Inventory] Job Descriptions Developing and implementing purchasing strategies. Managing daily purchasing activities, supervising staff, and allocating tasks. Managing supplier relations and negotiating contracts, prices, timelines, etc. Maintaining the supplier database, purchase records, and related documentation. Coordin","manufacturing","high"
"1283","hottopic","lever","15","Associate Buyer | Associate Production Manager | Brand Marketing Specialist II | Buyer - Music Apparel | Equipment Operator Internet Fulfillment","We’re looking for a Software Delivery Manager to lead the delivery and evolution of high-performing Salesforce Commerce Cloud (SFCC) platforms for the Hot Topic Web Engineering team. This role is heavily focused on backend development within SFCC and requires deep expertise in e-commerce systems, paired with strong leadership to guide cross-functional, distributed teams. The ideal candidate brings","retail_ecommerce","high"
"1284","icf","linkedin","15","Senior ServiceNow Analyst | Economics Analyst, Natural Resources | Contracts Manager - Remote | Environmental Scientist - Hybrid | Transportation Electrification Consultant (California)","ICF is seeking a Senior Leader to support the continuing attainment of our growth goals with a primary focus on M&A and integration. This role offers an outstanding opportunity to help shape and implement the strategic direction of the firm through the refinement and execution of best practices for acquisitions, integration and other strategic initiatives. This position, which will be based in ICF","consulting_professional_services","high"
"1285","idc-technologies","jobstreet","15","Project Manager | Business Analyst | BUSINESS DEVELOPMENT MANAGER | Fullstack Software Engineer | Data Engineer/Computer Vision Engineer","[Category: Information & Communication Technology / Developers/Programmers] Description ""L2 (3-5 years) Role: Junior Datamart Developer Platform: MxML Interfaces Mandatory: + strong Java + good Murex system skills + good Mxml knowledge and MxTest automation + good exposure to Murex Nice to have: PLSQL Murex Interface and Exchange Workflows Responsibilities: As an Entry-Level Application Developer,","consulting_professional_services","high"
"1286","ideagen-plc","jobstreet","15","Accounting Senior Research Analyst | Senior Mobile Engineer (React Native) | Senior Software Engineer (PHP) | Technical Product Owner | Accounting Data Entry Specialist","[Category: Information & Communication Technology / Product Management & Development] About Us: Ideagen is the invisible force behind many things we rely on every day - from keeping airplanes soaring in the sky, to ensuring the food on our tables is safe, to helping doctors and nurses care for the sick. So, when you think of Ideagen, think of it as the silent teammate that's always working behind ","tech_software_internet","high"
"1287","inizio","greenhouse","15","Associate Manager - Pricing | Associate Manager, Staffing Execution Lead | Commercial Contract Analyst | Data and Analytics Intern (placement year_ | Finance Intern (placement year)","About us At Inizio, we're a global team driven by a shared purpose: to reimagine health. Formed in 2022 through the coming together of Ashfield and Huntsworth, we unite decades of experience with cutting-edge capabilities to deliver impactful solutions across the commercialisation journey - from discovery to post-launch. Our global network of over 10,000 experts operates across 50 countries, suppo","consulting_professional_services","high"
"1288","kaman-corporation","linkedin","15","CNC Machinist | Debur Finisher | Inspector II - 1st Shift | Inspector IV - Night Shift | Skilled CNC Machinist IV - 1st Shift","CNC Machinist Requisition ID 2024-8296 Category Machinists Segment Kaman Aerospace Shift Shift 1 # of Openings 1 Posted Date 18 hours ago (4/5/2024 11:47 PM) Overview Kaman Composites Vermont in Bennington Vermont has an opening for a CNC Machinist. Will set up and run jobs on 3, 4 and 5-axis CNC machines performing close tolerance finishing operations on assigned parts per established production ","defense_aerospace","high"
"1289","langdock","ashby","15","Account Executive - AI & Enterprise Solutions | Partnership Manager | AI Marketing Operations | Brand Design | Product Marketing","Help Us Change the Way the World Works Build something that matters. Langdock exists to change the way the world works, bridging the gap between what technology can do and what people actually do with it. We bring all leading AI models into one secure, model-agnostic platform and make them usable across entire organizations. Over 6,000 companies use our platform every day, from fast-growing startu","tech_software_internet","high"
"1290","ledger","ashby","15","Senior Software Architect, Blockchain & DeFi | Senior Delivery Manager | Managed Services Operations Manager | Channel Marketing APAC & US (f/m) | Senior Front-end Engineer - Platform","About Ledger We’re a team of experts pushing the limits of what’s possible, united by our common goal to unlock true freedom through digital ownership, making technology accessible for all. We believe in a world where users, creators and enterprises manage their value with ownership and freedom. Our curiosity drives us to innovate, empowering individuals on a global scale. We believe change is con","finance_fintech","high"
"1291","lennox","linkedin","15","Brand/Product Manager III | Sr. Manager, Regional Operations | Service Technician | Manufacturing Quality Engineer II | RDC/LDC Inventory Control Clerk Lead-RES","Company Profile Lennox National Account Services (NAS), wholly owned by Lennox International, a 120+ year old company and a world leader in the Heating, Ventilation and Air Conditioning (HVAC) industry. NAS is a major, national player in the Commercial Heating Ventilating and Air Conditioning (HVAC) maintenance and service industry. We have 100+ offices throughout the continental United States and","manufacturing","high"
"1292","levelaccess","greenhouse","15","Accessibility Consultant | Account Executive, Commercial | Account Executive - Enterprise | Field Marketing Manager, EMEA | HRIS Specialist","Our HR systems are more than operational tools—they are foundational to how we support, serve, and care for our people. The HRIS Specialist – Dayforce plays a critical role in enabling accurate, secure, and data-informed people operations through the thoughtful stewardship of our Dayforce platform. Reporting to the Senior Manager, People Operations, this role serves as the primary Dayforce adminis","tech_software_internet","high"
"1293","liberty-personnel-services-inc","linkedin","15","Construction Manager | Civil Site Design Engineer | Civil Wastewater Engineer | Senior Accountant | Structural Engineer Concrete","Job Details: MAINTENANCE MANAGER 115K/YEAR My client, a leading manufacturer is looking to fill a Maintenance Manager role. Experience with departmental budgetSpearheaded capital projects in high-speed manufacturingManage multiple direct reportsExcellent communication and listening skillsSafety Leader Please email resume along with salary requirement to dee@libertyjobs.com. Dee Song | Liberty Pers","consulting_professional_services","high"
"1294","lumafield","lever","15","Backend Software Engineer | Chief Information Security Officer (CISO) | Customer Success Manager | Customer Success Manager - Electronics | Customer Success Manager, Scaled Accounts","About Lumafield: Lumafield was founded in 2019 to upgrade manufacturing. We are engineers with deep experience across the product development cycle, from initial ideas to shipping hardware, across industries and specializations, who became frustrated by the cost and complexity of modern manufacturing. So we decided to upgrade it. Engineers make million-dollar decisions every day, and they need too","tech_software_internet","high"
"1295","madisonlogicinc","greenhouse","15","Account Executive - New Business | Account Executive - New Business (EMEA) | Architect | Compliance Manager | Data Protection Officer","Our Blueprint (Company Overview) At Madison Logic, we turn buyer uncertainty into confident action. Using data-driven insights and strategic expertise, we help marketers align every decision-maker, in every buying group, at every stage of the journey. We meet buyers wherever they are, navigating today’s non-linear decision paths to keep marketers ahead. By combining data-rich strategy with multi-c","tech_software_internet","high"
"1296","mammothbrands","greenhouse","15","Advanced Manufacturing Engineer | Creative Project Manager (Lume & Mando) | Customer Experience Associate | Director, Talent Acquisition | Director, UX","About Mammoth Brands Mammoth Brands (formerly Harry’s Inc.) is the modern CPG company behind brands Harry’s, Flamingo, Lume, Mando, and Coterie. We’re building a new model—and home—brands, founders, and talent looking to solve unmet needs, improve peoples’ lives, and ultimately challenge the status quo. Our mission is to “Create Things People Like More.” Simply put: everything we do should be bett","consumer_brands","high"
"1297","marvelfusion","greenhouse","15","AI Venture Development Intern (f/m/x) | Control Systems Software Engineer (f/m/x) | Electrical Engineer - High voltage (f/m/x) | Electrical/Mechatronics Engineer Intern | Internship - Strategic Growth (f/m/x)","Who we are Founded in 2019, Marvel Fusion is Europe’s leading fusion energy company, uniting 75 scientists, engineers, and entrepreneurs across our locations in Munich and Colorado . &nbsp; Backed by over €385 million in public and private funding, we’re driven by a shared mission: to deliver clean, abundant energy to the world. &nbsp; Why Marvel Fusion By joining us, you will be: Solving one of t","energy_utilities","high"
"1298","matter-intelligence","ashby","15","Junior Geospatial Data Scientist (Pipeline & Algorithm Focus) | Hyperspectral UAV Pilot | Electro Mechanical Technician | Early Career Systems Engineer | Senior Optical System Engineer","Test Engineer About Matter Intelligence Matter Intelligence is building the future of vision AI: pairing a world-first sensor that sees molecular chemistry, temperature, and 3D shape with a Large World Model — the most powerful intelligence engine for the physical world. Our team has delivered technologies to Mars for NASA/JPL, co-founded infrastructure for OpenAI, designed sensors for U.S. Defens","tech_software_internet","medium"
"1299","merrick-company","linkedin","15","Instrumentation & Controls Engineer II | Senior Electrical Engineer | Architectural Designer | Instrumentation & Controls Engineer III | Electrical Engineer III","Overview Merrick & Company is seeking an experienced Registered Architect to lead projects in our Greenwood Village, CO, Albuquerque, NM, Chamblee, GA and Merritt Island, FL offices. Client projects for this position require U.S. Citizenship. Candidates that have a desire for personal and professional growth, a well-defined understanding of design and construction document processes, and adaptabil","consulting_professional_services","high"
"1300","metergysolutions","lever","15","Account Executive | Billing Analyst (Utilities) | Business Intelligence Manager | Client Success Manager | Corporate Communications & Events Specialist","About Metergy Solutions, LLC. (“Metergy”) Metergy has the energy, rapid growth and excitement of a startup, together with a rock-solid, recession-proof business that has a 45 year track record. We’re a technology company that drives huge carbon emission reductions. This is a once-in-a-career opportunity. As one of North America’s most experienced submetering providers, Metergy has brought turnkey ","energy_utilities","high"
"1301","miovision","ashby","15","Senior Account Executive, Intelligent Transportation Systems | Senior Account Executive – Intelligent Transportation Systems | Total Rewards Manager | Director, Product Management | Field Solutions Engineer - Intelligent Transportation Systems","Miovision is a global industry leading company providing agencies and organizations modern tools to improve today’s traffic problems. We offer solutions that collect multimodal traffic data and uncover actionable insights, helping organizations get more out of their road network. The result: streets capable of moving more people – safely and efficiently – whether they are in a car, on a bus, on a ","tech_software_internet","high"
"1302","mithrl","ashby","15","Business Development Representative | New Grad - Entry Level Sales Development Representative | Account Executive | Senior Software Engineer | Product Marketing Lead","About Mithrl We envision a world where novel drugs and therapies reach patients in months, not years, accelerating breakthroughs that save lives. Mithrl is building the world’s first commercially available AI Co-Scientist—a discovery engine that empowers life science teams to go from messy biological data to novel insights in minutes. Scientists ask questions in natural language, and Mithrl answer","tech_software_internet","low"
"1303","ml-outsourcing-services-private-limited","linkedin","15","CMMS | Regulatory Affairs Project Leader | Patient Engagement Project Manager | Healthcare Project Manager | Marketing/Design/Sales - Commercial Marketing Specialist IV","Please find the job details below: Role: Analytics ConsultantLocation: Charlotte, NC / Dallas, TX / Phoenix/Chandler, AZ / San Francisco Bay Area, CA (Hybrid model – 3 days onsite / 2 days remote each week from the start, No scope for 100% or initial remote work at all)Contract: 18+ months Job Description: Consult on complex initiatives with broad impact and large-scale planning for Analytics. Rev","consulting_professional_services","high"
"1304","mode-fair-sdn-bhd","jobstreet","15","Penetration Tester | Software QA Analyst (Manual Testing) | Machine Learning Engineer | Business System Analyst | HR Executive","[Category: Human Resources & Recruitment / Consulting & Generalist HR] Responsibilities Primary Duties: 180 Recruitment: Engage in comprehensive recruitment activities for ModeFair and its affiliated entities, including cold calling, candidate sourcing, conducting initial interviews, candidate qualification, management through the Applicant Tracking System (ATS), and networking with potential cand","consulting_professional_services","high"
"1305","moment","ashby","15","Front End / Full Stack Engineer | Distributed Systems Engineer | Product Designer | Design Engineer | Strategy & Ops Leader","Researcher Build the future of investment management with us The infrastructure managing $300 trillion in assets was built in the 90s. Now, all of it is up for grabs. The winner of the AI era of investment management will be a $100B+ company. We intend to be that company. To get there, we're assembling the most talent-dense startup in New York. We hire people who are 1) exceptional, 2) allergic to","tech_software_internet","medium"
"1306","monstro","greenhouse","15","Chief Product Officer | Content Manager, GTM | Delivery Analyst | Delivery Manager - Client Implementation | General Counsel","About Monstro Monstro is the operating system for governed financial intelligence. We build governance and intelligence infrastructure that enables artificial intelligence to operate safely, explainably, and at institutional scale. We exist because the level of financial guidance historically available to a small group should be accessible to many more people. By combining AI with deep institution","tech_software_internet","medium"
"1307","nelly","ashby","15","Business Development Manager:in | Installation Engineer | Senior Engineering Manager - Integrations | Sales Manager:in | Platform Product Manager","Wir suchen eine:n Sales Manager:in für unseren Standort in Berlin, der/die aktiv neue Kund:innen gewinnt und das Wachstum von Nelly konsequent vorantreibt. Was dich in der Rolle als Sales Manager:in erwartet Als Sales Manager:in qualifizierst du neue Leads, sprichst gezielt Entscheider:innen an und führst den Sales-Prozess von der ersten Kontaktaufnahme bis zum Abschluss. Du erkennst Wachstumspote","finance_fintech","medium"
"1308","nelo","ashby","15","Data Scientist (NYC, L5/L6) | Credit Risk Mgr/Dir | Senior Software Engineer | Senior Software Engineer (CDMX) | Data Scientist (Machine Learning)","CX Team Lead You'll own agent performance, quality, and coaching for the CX team at one of Mexico's fastest-growing fintechs. Nelo's CX operation has scaled fast. The team handles a product that touches credit, payments, and e-commerce across millions of transactions. At this size, the work splits naturally: someone needs to own CX strategy, hiring, cross-functional work, and team direction. And s","finance_fintech","high"
"1309","newsweek","greenhouse","15","Associate News Editor | Business Development Manager, Programmatic Demand Partnerships | Director, Marketing and Sales Strategy | Editor, Subscriber Content | Head of Consumer Social","Newsweek is the global media organization that has earned audience time and trust for more than 90 years. Newsweek reaches 100 million people each month with thought-provoking news, opinion, images, graphics, and video delivered across a dozen print and digital platforms. Headquartered in New York City, Newsweek also publishes international editions in EMEA and Asia.&nbsp; &nbsp; News Editor, News","media_entertainment","high"
"1310","nextiva","greenhouse","15","Business Development Representative | Channel Marketing Specialist | Customer Care Specialist (Retention) | Customer Expansion Account Executive (Small Business) | Customer Support Representative (M-F/Night Shift)","Redefine the future of customer experiences. One conversation at a time. At Nextiva, we’re reimagining how businesses connect, bringing together customer experience and team collaboration on a single, conversation centric platform. Powered by AI, driven by human innovation. Our culture is forward thinking, customer obsessed and built on the belief that meaningful connections drive better business ","tech_software_internet","high"
"1311","novacredit","greenhouse","15","Chief Technology Officer | Growth Marketing Lead | Head of Lending | Manager, Recruiting & Talent (6-month fixed term) | Product & Data Analytics - Fixed Term (with expected conversion to permanent)","Nova Credit is a credit infrastructure and analytics company that enables businesses to grow responsibly through alternative credit data. The company leverages its unique data infrastructure, industry-leading analytics &amp; FCRA-compliance to help lenders grow responsibly. Nova Credit plugs the gaps in the legacy credit bureaus through connectivity into the fragmented universe of consumer data an","finance_fintech","high"
"1312","ns-bluescope-malaysia-sdn-bhd","jobstreet","15","Country Credit Manager | Talent Acquisition Specialist | Mechanical Day Technician | Key Account Manager | Customer Service Executive","[Category: Manufacturing, Transport & Logistics / Machine Operators] To ensure high pressure steam boiler is operating and running in good condition at all times. Responsibilities: 1. Ensure high pressure steam boiler is operating and running in good condition at all times. 2. Keep an accurate and complete log entry of the boiler operation in the log book. 3. Ensure pressure and temperature are wi","manufacturing","high"
"1313","ntconcepts","greenhouse","15","Data Scientist | Geospatial Systems Engineer | Hardware Technician | Java API Developer | Machine Learning Engineer","Working at NT Concepts &nbsp;means that you are part of an innovative, agile company dedicated to solving the most critical challenges in National Security.&nbsp;We’re&nbsp;looking for the best and the brightest to join us in supporting this mission. If meaningful work, initiative, creativity, and continuous self-improvement are important to your career, join our growing team and discover What's N","defense_aerospace","high"
"1314","numagroupgmbh","greenhouse","15","Associate General Counsel (m/f/d) | Corporate FP&A Manager (m/f/d) | Global Sales Director DACH (m/f/d) | Global Sales Director, Western Europe (m/f/d) | Guest Experience Host - Florence (m/f/d)","ABOUT NUMA Hey there! We’re Numa, a forward-thinking hospitality brand redefining how people discover cities. We create spaces where simplicity meets innovation, offering thoughtfully designed rooms, studios, and apartments in the heart of Europe’s most vibrant neighbourhoods. We’re not just transforming the guest experience—we’re revolutionizing the hospitality industry from the inside out. Our c","hospitality_food_service","high"
"1315","nvent","linkedin","15","Sr. Automation Engineer | CNC Machine Operator - 2nd Shift | Machine Operator Lead - 3rd Shift | Assembly Operator Lead | Logistics Material Handler","We’re looking for people who put their innovation to work to advance our success – and their own. Join an organization that ensures a more secure world through connecting and protecting our customers with inventive electrical solutions. Company Overview nVent is a $2.1 billion, high-performance electrical company with a dedicated team of 9,000 people and trusted brands such as CADDY, ERICO, HOFFMA","manufacturing","high"
"1316","nymbusinc","greenhouse","15","AI-First Product Owner (multiple roles) | AI-First Software Engineer (Entry Level, multiple roles open) | Android Mobile Developer | Applied AI Analyst (Multiple Roles Across Functions) | Chief Information Security Officer (CISO)","Nymbus (https://nymbus.com/) is a high growth fintech company that enables financial institutions to transform their capabilities and drive value in today’s digital finance world. At Nymbus, we believe when you set off on the path to innovation you should feel excitement and confidence, not fear and dread. With Nymbus we are bringing delight back into the banking process. We want our partners to b","finance_fintech","high"
"1317","nys-office-for-people-with-developmental-disabilities","linkedin","15","Program Operations Specialist 1 | Licensed Practical Nurse (NY HELPS) | Psychologist 1/2 (NY HELPS) | Registered Nurse 1 (NY HELPS) | Direct Support Assistant (NY HELPS)","Minimum Qualifications MINIMUM QUALIFICATIONS: Candidates must be reachable for appointment from the current Civil Service eligible list. Transfer Opportunity for Psychologist 2: Candidates must have one year of permanent service as a Psychologist 2 and be eligible for lateral transfer; OR be in a title deemed appropriate for transfer via Section 70.1 of the Civil Service Law. Provisional Appointm","public_sector_government","high"
"1318","olaplexcareers","greenhouse","15","Account Manager, Southern EU (Remote Role - Spain) | Account Manager, Specialty (Contract Role - New York) | Account Manager, Specialty (Hybrid Role - New York) | Associate Manager, Global Brand Marketing (Hybrid Role - New York) | Associate Manager, Global Logistics (Hybrid Role - New York)","OLAPLEX, a category-defining leader in prestige hair care, continuously seeks talented individuals to join in our mission to transform foundational hair health and deliver great hair days today, tomorrow, and for years to come. As the original bond builder, we are dedicated to fostering a culture that celebrates the bonds within our teams. OLAPLEX elevates individuals from all backgrounds with the","consumer_brands","high"
"1319","olipop","greenhouse","15","Area Sales Manager, New York City | Area Sales Manager, Phoenix | Category Analyst | Director of Sales, Central | Field Marketing Manager (Central)","ABOUT OLIPOP At OLIPOP, we’re on a mission to positively impact consumer health at scale. And we’re doing it through something simple: soda. But not just any soda, a new kind of soda: one that’s delicious, refreshing, and actually good for you. This mission is deeply personal for our CEO, Co-Founder, and Formulator, Ben Goodwin. Like many of us, Ben grew up consuming the Standard American Diet: lo","consumer_brands","high"
"1320","optimove","greenhouse","15","Account Executive | Account Executive- APAC | Backend Developer - Data-Oriented | Data Engineer | Engineering Team Leader","At Optimove, we believe people are capable of more than a single job description. You’re not hired just to fill a position- you’re empowered to shape it, grow it, and make it your own. We call this being Positionless. And Positionless isn’t just our culture. It’s our product. Optimove is the creator of Positionless Marketing, an AI-powered platform that gives every marketer the power to analyze, c","tech_software_internet","high"
"1321","orbaerospace","lever","15","Autonomous Resilient Communications - Full-Time Technician | Autonomous Resilient Communications (Embedded Robotics / Tactical Communications | Chief of Staff | Commander of the Orb Guard | Cracked Engineers","US Citizen or Permanent Resident In-Person Starts Immediately 5+ Years’ Experience Req. Successful Program Experience Join us in retuning to a 1940’s design cadence, reducing the cycle time for aircraft design, build and fly – Integrating advanced design tools and experimenting with unconventional planforms. We are reindustrializing the Midwest as Michigan’s first airframe prime since the Second W","defense_aerospace","high"
"1322","otis-elevator-co","linkedin","15","Electro-Mechanical Assembler | MOD Sales Rep. | Sr Associate, New Equipment Project Management - US West | Manager, Maintenance Field Operations | Sr Associate, Account Management","Date Posted: 2024-03-24 Country: China Location: LOC3399: Room C,3rd Floor, Jinying Building,No.16 of Xinghai Street,Industrial Park District Job Title MOD Sales Rep. Role Overview Would you like to join a truly international, talent driven company that values Safety, Ethics, Quality, Innovation, Diversity and Employee Opportunity? Otis is growing and we are recruiting a MOD Sales Rep. This role h","manufacturing","high"
"1323","otis-elevator-company-s-pte-ltd","jobstreet","15","Payroll Specialist (Hong Kong, Taiwan, Macao) - 1 Year Contract | Payroll Officers (Australia, New Zealand and Pacific Islands) | HR Shared Services Associates - Korean Speaking | Talent Acquisition Coordinator, ANZ & SEA (Contract Role) | Lift and Escalator Technicians (Penang Island)","[Category: Trades & Services / Technicians] About Otis At Otis, it’s our people that make us different. Join the Otis family where collaboration, innovation, and empowerment help each individual and the company reach new heights. Come and join OTIS today and be part of the Forbes 2023 World's Best Employers ! What you will be doing Fulfill all of the duties as prescribed under regulations 31 (5) o","manufacturing","high"
"1324","pactiv-evergreen-inc","linkedin","15","Senior Manufacturing Process Engineer | Maintenance Supervisor | Senior Process Technician | Process Technician | Equipment Service Technician","Overview LTO| HIRING IMMEDIATELY |Davisville, WV Available Shift 6AM- 2:30PM APPLY ONLINE! Compensation Starting pay rate is competitive and weekly! Eligible for annual & skill-based wage increases Eligible for monthly bonus based upon plant productivity* Benefits Medical (Comprehensive PPO, two HRA Plans and an HSA plan) Dental (basic and comprehensive coverage) Vision (basic and premier coverage","manufacturing","high"
"1325","panasonic-malaysia-sdn-bhd","jobstreet","15","SALES ASSISTANT MANAGER (Kuantan branch) | PROJECT SALES ENGINEER | ASSISTANT MANAGER - ACCOUNTS RECEIVABLE AND CREDIT CONTROL | HUMAN RESOURCE EXECUTIVE | SALES EXECUTIVE (JOHOR BAHRU)","[Category: Marketing & Communications / Direct Marketing & CRM] PANASONIC MALAYSIA IS LOOKING FOR A CRM SPECIALIST Seniority Level: Senior Executive Function: Customer Relationship Management (CRM) Salary Range: Competitive Salary Package + Monthly Performance Incentive + Fixed Allowance Location: Petaling Jaya ROLE OBJECTIVES We're dedicated to transforming how we connect with our customers. Our ","consumer_brands","high"
"1326","phantom","ashby","15","Senior Software Engineer, Frontend | Senior Data Scientist | Staff Product Designer | Staff Engineer, Full Stack (Agentic Trading) | Staff Software Engineer (SRE)","Phantom is the modern money app used by tens of millions around the world. Our product combines everything people need to manage, spend, and grow their money in one simple, intuitive experience. Phantom brings all the control and flexibility of crypto-powered finance, without unnecessary complexity, into mainstream consumer finance. By combining industry-leading security with thoughtfully designed","finance_fintech","high"
"1327","photoroom","ashby","15","Business Development Representative | Head of Enterprise Marketing | Senior Product Analyst | Marketing Operations Manager | Growth Operations Manager","About us Founded in 2019 and part of Y Combinator's 2020 cohort, Photoroom is the leading visual solution for e-commerce. We've raised Series B funding and reached 300+ million users worldwide, processing over 5 billion images annually and serving both small businesses and major enterprises like Amazon, DoorDash, and Decathlon through our mobile app, web platform, and API. We're a remote-friendly ","tech_software_internet","high"
"1328","pindropsecurity","greenhouse","15","Account Manager | Customer Marketing Manager | GTM Systems Platform Specialist | Lead Marketing Web Engineer/Developer | Manager, Information Security","Who We Are Pindrop is the Real Human + Right Human® Identity Trust Platform for the AI era. As AI-driven fraud and deepfakes erode trust in digital communication, Pindrop delivers continuous identity verification and deepfake detection across voice, video, and digital interactions in real time. Enterprises rely on Pindrop to secure billions of high-risk customer interactions each year, including t","tech_software_internet","high"
"1329","posthog","ashby","15","Technical Ex-Founder | Backend Engineer — Ingestion | Technical Customer Success Manager | Technical Account Manager | ClickHouse Operations Engineer","About PostHog We're shipping every product that companies need to run their business from their first day, to the day they IPO, and beyond. The operating system for folks who build software. We started with open-source product analytics, launched out of Y Combinator's W20 cohort . We've since shipped more than a dozen products , including: A built-in data warehouse , so users can query product and","tech_software_internet","high"
"1330","presidentssummit","greenhouse","15","Business Trainee | Commercial Intern | Event Koordinator (frivillig) | Event Manager (frivillig) | Event Manager (volunteer)","Volunteer Do you want to expand your network with 4,500+ leaders, entrepreneurs, investors, celebrities and politicians plus develop your skills in leadership? Now is your chance! We offer the opportunity to join the 2025 Presidents Summit Volunteer Programme. We are looking for ambitious and talented people, who want to be a part of a team of 100+ peers and help us build, run and deliver Northern","media_entertainment","medium"
"1331","prosper","lever","15","Assistant General Counsel | Operations System Administrator | Product Manager (Customer Service Tools) | Quality Specialist | Sr. Credit Risk Analyst","Your role in our mission At Prosper, we're building the technology that makes borrowing simpler, faster, and more transparent. Our vision is to advance financial well-being by democratizing access to credit -- meeting people wherever they are, on any device. We're looking for exceptional talent to help us get there. As a Senior Frontend Engineer on the Personal Loans team, you will own the borrowe","finance_fintech","high"
"1332","prudent-technologies-and-consulting-inc","linkedin","15","IAM Architect(100% Remote) | Unity 3D Developer with CAD/CAM Expertise | SQL Database Administrator | PKI solutions Consultant | Identity Management Consultant - SailPoint IIQ","Required skills Accountable for translating private cloud implementation into a well-defined blueprint that uses Cloud Security Products to enhance IT security. Understands the vision and enabler to autonomously cater to user needs.Strong understanding of identity and access management, including mitigating credential theftLeading a team of IAM, network structuring, and enhancing the self-service ","consulting_professional_services","high"
"1333","purposemed","greenhouse","15","Director of Partner Success (Canada) | Director of Partner Success (USA) | Engineering Manager | Expression of Interest (Canada) | Expression of Interest (USA)","About us: PurposeMed is a Canadian-founded healthtech company established in 2019 with a mission to improve access to complex care for underserved communities. We’ve combined our clinical roots with a drive to scale, and now our exceptional team provides specialized care to thousands of patients every month. PurposeMed consists of three complex care business units: Freddie, Frida, and Foria, and p","healthcare_provider","high"
"1334","quanata","greenhouse","15","Actuary [Remote-US] | Cloud Enablement Engineer [Remote-US] | Join our Talent Community! | People Operations Specialist [Remote-US] | SDET [Remote-US]","To help keep everyone safe, we encourage all applicants to pay close attention to protect themselves during their job search. When applying for a position online you are at risk of being targeted by malicious actors looking for personal data. Please be aware we will only reach out via email using the domain quanata.com. Anything that does not match those domains should be ignored and considered a ","finance_insurance","high"
"1335","railway-assets-holding-sdn-bhd","jobstreet","15","Assistant Vice President of Human Capital | Senior Project Manager – RFP/ Property Development | Auditor Executive | Human Capital Executive | Chief Commercial Officer","[Category: CEO & General Management / General/Business Unit Manager] We pride ourselves on innovation, sustainability, and excellence. We are seeking a visionary and experienced Vice President of Infrastructure to lead our projects. Key Responsibilities: -Strategic Leadership: Develop and execute strategic plans for the infrastructure division, ensuring alignment with the company's long-term goals","transportation_logistics","medium"
"1336","randstad-life-sciences-us","linkedin","15","Quality Control Specialist | Biopharmaceutical Manufacturing Production Specialist | Document and Records Management Specialist | Sr. Manager, Outsourcing and Contracts | Compliance Specialist (Regulatory & Pharmacovigilance)","7 Month ContractBillerica, MAPR: $40-50/hour Job SummaryProvide scientific support and apply technical expertise to the QC Tech Group laboratory department as well as other functional areas within the organization to ensure quality, compliance and efficiency in QC laboratory performance. Job ResponsibilitiesSubject matter expertise in equipment qualifications and tech transfer projects.Highly expe","consulting_professional_services","high"
"1337","rdo-equipment-co","linkedin","15","Product Specialist Manager | Payment Processing Supervisor | Access Your Future Service Intern | Equipment Detailer | Field Service Diesel Technician","This individual will provide leadership in motivating, managing, and evaluating Service Technicians. The Service Manager will efficiently coordinate, schedule, and manage Service Technician’s time, while maintaining the work order process. This role will also communicate with the customer in regards to quotes, job status, and scheduling. This management role will coordinate activities with other d","automotive","medium"
"1338","remarcable-inc","ashby","15","Software Engineer (Full Stack) | Full Stack Developer (Student Co-op) | Senior DevOps Engineer | Account Executive | Business Development Representative","Remarcable is purpose-built for trade contractors, helping them manage procurement, tools, and warehouse operations with unmatched visibility and control. Remarcable As we scale across North America, data is at the core of how we deliver on that promise. As our Data Engineer, you'll build and maintain the AWS Lakehouse infrastructure, ELT pipelines, and data models that power decisions across our ","tech_software_internet","high"
"1339","researchinnovations.com","lever","15","Cyber Test Engineer (Cyber259) | DoW SkillBridge Vulnerability Researcher (Cyber199) | Multimedia Producer & Motion Designer (Corp206) | Principal Radio Frequency Engineer (EWS111) | Production Lab Manager (EWS112)","Position Title: Radio Frequency Integration Engineer II Location: Onsite at Aberdeen Proving Grounds Clearance Requirement: Top Secret/SCI Employment type: Full Time Research Innovations, Inc. (RII) is breaking through the big, slow, status quo with transformative technology that fundamentally changes and improves the world. We develop cutting-edge software for all levels of the government and mil","defense_aerospace","high"
"1340","rev-group-inc","linkedin","15","Technician Maintenance II | Painter III | Material Handler I | Assembler I | Finisher (Sand and Buff)","Additional Locations: Requisition ID: 21565 REV-O is the manufacturer of two industry-leading ambulance brands that build Type 1, Type 2, Type 3, and medium-duty models: Road Rescue & Wheeled Coach. With a legacy and passion to deliver mission-critical durability, our ambulances are born to perform under the most demanding conditions—and built to be as unbreakable as the spirit of those we serve. ","automotive","high"
"1341","rich-products-corporation","linkedin","15","Quality Assurance Coordinator | Senior Fulfillment Analyst | Casting Associate- 2nd shift | Casting Associate- 1st shift | Material Handler- Production 2nd shift","Rich’s, also known as Rich Products Corporation, is a family-owned food company dedicated to inspiring possibilities. From cakes and icings to pizza, appetizers and specialty toppings, our products are used in homes, restaurants and bakeries around the world. Beyond great food, our customers also gain insights to help them stay competitive, no matter their size. Our portfolio includes creative sol","agriculture_food_production","high"
"1342","ricoh-malaysia-sdn-bhd","jobstreet","15","Sales Operations Manager | Sales Executive (Fresh Graduate Welcome to apply) - Based in Sungai Petani | Customer Admin Officer | Strategic Account Manager (IT Solutions) | Executive, Warehouse","[Category: Information & Communication Technology / Consultants] What is your role: Responsible for designing technical solutions and product positioning. Prepare and ensure solution offered able to meet customers’ requirements with competitive edge and differentiation. Responds to RFQ/RFPs, presentations, and demos. Face to face engagement (on-site support) with Customer to provide Technical and ","consumer_brands","medium"
"1343","rithumliboard","greenhouse","15","Advertising Paid Search Strategist - Ecommerce | Benefits & Payroll Specialist, EMEA & APAC | Client Success Manager | Director, Product Operations & Planning | Director, Services Operations & Planning","Rithum™ is the world’s most trusted commerce network, accelerating how brands, suppliers, and retailers work together to deliver seamless e-commerce experiences. We provide an unmatched platform for brands and retailers, enabling them to accelerate growth, optimise operations across channels, scale product offerings and enhance margins. Today, more than 40,000 companies trust Rithum to grow their ","tech_software_internet","high"
"1344","ritual","greenhouse","15","Controller | Core Protocol Engineer | Developer Experience Engineer | Distributed Systems Engineer | Don't see a role that fits?","About Ritual&nbsp; Ritual is building a sovereign, execution layer for AI, with our private testnet already live and running. The Ritual chain is the first blockchain custom-built to support AI-native operations, designed from the ground up to enable a new class of applications at the intersection of crypto and AI. Our first product, Infernet, is pioneering new ground as the first solution to enab","tech_software_internet","medium"
"1345","roche","linkedin","15","Manufacturing Technical Specialist | Lab Assistant | Global Study Lead | Vice President, Roche Support Network (RSN) | Technical Product Manager - Bioinformatics","Roche fosters diversity, equity and inclusion, representing the communities we serve. When dealing with healthcare on a global scale, diversity is an essential ingredient to success. We believe that inclusion is key to understanding people’s varied healthcare needs. Together, we embrace individuality and share a passion for exceptional care. Join Roche, where every voice matters. The Position A he","healthcare_pharma_biotech","high"
"1346","rocketlawyer","greenhouse","15","AI/ML Intern | AI/ML Software Engineer | AI UX Conversational Analyst Intern | Business Intelligence Analyst Intern | Contract Attorney: Paid Legal Services","About Rocket Lawyer &nbsp; We believe everyone deserves access to affordable and simple legal services. Founded in 2008, Rocket Lawyer is the largest and most widely used online legal service platform in the world. With offices in North America, South America, and Europe, Rocket Lawyer has helped over 30 million people create over 50 million legal documents, and get their legal questions answered.","legal_services","high"
"1347","rover","lever","15","Database Reliability Engineer | Director of Analytics | Head of HR - International | Lead Data Analyst - Marketing | Lead/Senior Software Engineer","Who we are: At Rover, pets and their people are at the heart of everything we do. We connect pet parents with trusted pet care across the U.S., Canada, Europe, and Australia. Headquartered in Seattle and Barcelona, we’re a values driven, fast-growing tech company focused on building safe and personalized experiences tailored to the needs of each unique pet. We’re investing in AI as a business acce","tech_software_internet","high"
"1348","rxo-inc","linkedin","15","Logistics Clerk | Account Executive | Director, Operations | Customer Service Rep | Specialist, Logistics","Accelerate your career at RXO. RXO is a leading provider of transportation solutions. With cutting-edge technology at the center, we’re revolutionizing the industry with our massive network and commitment to finding solutions for every challenge. We create more efficient ways for shippers and carriers to transport goods across North America. As a Logistics Clerk at RXO, your strong work ethic and ","transportation_logistics","high"
"1349","saicon","linkedin","15","E-Discovery Project Manager | Web Portal Content Manager | Financial Operations Analyst | Operations Program Manager | System Test Engineer","Job title : Chief of Staff – Executive Business ManagerLocation : Austin TX (hybrid)Duration: 1 year THE ROLE:The Chief of Staff is the chief operating officer for the global Server Business Unit. In this “hands-on” role, you will manage daily operations and serve as a focal point for communication and interaction within the management team. Finally, the Chief of Staff acts as a trusted advisor to","consulting_professional_services","high"
"1350","sam-engineering-equipment-m-bhd","jobstreet","15","SENIOR ACCOUNTS OFFICER (COSTING) | Facilities Engineer | IT Application Engineer (Software Developer) | Manufacturing Engineer | Senior Account Officer","[Category: Human Resources & Recruitment / Organisational Development] To lead HR Shared Service daily operations processes and ensure job assigned complete within deadline, maintain the accuracy of employees’ records and protecting Data Privacy. Roles and Responsibilities: • Responsible for leading a team HR Officers, ensuring the effective and efficient delivery of HR Operational processes, incl","defense_aerospace","high"
"1351","sandia-national-laboratories","linkedin","15","Counsel - Patent/Intellectual Property Attorney - Onsite | Manager, Geospatial Data Analytics Program Development - Albuquerque (Onsite) | Product Design Engineer - Mechanical Systems (Experienced) - Onsite | Postdoctoral Appointee - Electronic Materials and Devices (Onsite) | R&D Systems Engineer (Early/Mid-Career)","About Sandia Sandia National Laboratories is the nation’s premier science and engineering lab for national security and technology innovation, with teams of specialists focused on cutting-edge work in a broad array of areas. Some of the main reasons we love our jobs: Challenging work with amazing impact that contributes to security, peace, and freedom worldwideExtraordinary co-workersSome of the b","defense_aerospace","high"
"1352","scarlet","ashby","15","Business Development Representative | Account Executive | Medical Device Quality Engineer | Work at Scarlet | Lead Auditor - Contractor role","Our mission is to hasten the transition to universally accessible healthcare. We are authorised by governments to assess and grant market access to medical AIs. Our groundbreaking approach enables the most innovative technology to reach patients safely and quickly. Scarlet is the pre-eminent authority on AI medical devices. We serve customers that matter. Companies building bleeding-edge medical A","consulting_professional_services","medium"
"1353","schmidt-entities","lever","15","AI Communications Manager | AI Institute Fellow in Residence | Associate Director of Technology Leadership (Robotics) | Compute Infrastructure Engineer, AI and Advanced Computing Institute | Compute Software Engineer, AI and Advanced Computing Institute","Schmidt Sciences is a nonprofit organization founded in 2024 by Eric and Wendy Schmidt that works to accelerate scientific knowledge and breakthroughs with the most promising, advanced tools to support a thriving planet. The organization prioritizes research in areas poised for impact including AI and advanced computing, astrophysics, biosciences, climate, and space—as well as supporting researche","nonprofit","medium"
"1354","searchable","ashby","15","Software Engineer | Operations Lead | Data Analyst | Content & Personal Brand Manager | YouTube Content Creator & Host","About Searchable We're building the future of AI search visibility. As ChatGPT, Claude, and Perplexity reshape how people find information, we help brands understand and optimize their presence in this new landscape. Backed by top angels and VCs, we're creating the essential platform for the AI search era. Our core values: Move Fast We make decisions quickly and get things done. Progress matters m","tech_software_internet","low"
"1355","shortstory","ashby","15","Personal Stylist (Remote CA, WA, NV, TX, OH, GA, FL, NC, SC) | Fulfillment Associate | Client Experience Associate (International) | Senior Software Engineer, Full Stack (US, Canada, SF) | Founding Recruiter","Our Story: Short Story is an award winning, technology-powered retailer dedicated to petite women 5'4"" and under. Our mission is to create a seamless shopping experience for millions of petite women so they can dress with effortless confidence. As a fast-growing startup, we're revolutionizing retail with a data-driven learning system that leverages customer feedback to create tailored products. We","retail_ecommerce","high"
"1356","simular","ashby","15","People & Operations Intern | Software Engineer, Agent Infrastructure | Software Engineer, Agentic Applications | Forward Deployed Engineer | PhD Research Intern","We're looking for an engineer who cares about growth metrics as much as they care about code quality. You'll build the data infrastructure and product experiments that drive how we grow, working closely with the GTM team to turn user insights into shipped product. What you'll do Build and own the growth data stack: event tracking, attribution, experimentation infra. Design and ship product experim","tech_software_internet","high"
"1357","skillsoft","greenhouse","15","Acquisition Account Executive | Bilingual Product Support Coordinator | Customer Support Coordinator | Federal Account Executive | Growth Account Executive","At Skillsoft, we believe skills fuel growth.&nbsp;Our mission is to empower every organization and every learner to turn constant change into continuous growth. As part of the team, your skills will help organizations understand what skills they have, what they need next, and how to apply them in ways that drive real performance and progress. &nbsp; Account Executive – Public Sector &nbsp; Skillso","tech_software_internet","high"
"1358","skylineconstruction","lever","15","Assistant Project Manager - Commercial Interiors | Front Desk Receptionist | Project Coordinator | Project Coordinator - San Francisco | Project Engineer - Commercial Interiors","Skyline is Building Better Together Come join us at Skyline Construction, a leader in commercial interior construction founded in 1996. Today, Skyline operates multiple offices located throughout Washington, California, and Illinois. Skyline is 100% employee-owned, and has been recognized as one of Inc. Magazine’s Best Workplaces for the past 5 years. We believe that we are “building better togeth","real_estate_construction","high"
"1359","slash-financial","ashby","15","Customer Success Agent | Growth Lead – Healthcare | Partnerships Lead – Accounting Firms | Associate General Counsel, Product and Commercial | Head of Credit","About Slash Slash is building the future of business banking, one industry at a time. We believe businesses deserve financial infrastructure tailored to how they actually operate, not generic banking products retrofitted with software. We’re creating a new category of business banking that combines the reliability of traditional banking (high yields, competitive rewards, and uncompromising securit","finance_fintech","high"
"1360","snap-inc","linkedin","15","Interface Designer, Monetization | Executive Protection Specialist | Producer | Software Engineer, Full Stack, 3+ Years of Experience | Senior Manager, Sales","We’re looking for a Producer to join team Snapchat! As a part of Creative + Marketing’s Production team, you’ll play a key role in managing and producing workstreams to create a wide variety of content spanning the breadth of Snap’s products and services. Working from our Santa Monica, CA headquarters, you’ll collaborate with cross-functional teams to navigate complex brand needs and ensure work i","tech_software_internet","high"
"1361","sterlingtonpllc","greenhouse","15","Billing Specialist | Business Talent Pool | Corporate/M&A Associate | Executive Compensation Associate | Head of Legal Ops & Transformation","Reports to:&nbsp;&nbsp; Head of Outsourcing Department:&nbsp;&nbsp; Corporate/M&amp;A Location:&nbsp;&nbsp; 100% Remote Type:&nbsp;&nbsp; Independent&nbsp; Contractor Working Hours:&nbsp;&nbsp; Eastern Standard Time (EST) &nbsp; About Sterlington Sterlington PLLC is a full-service law firm focusing on complex corporate, litigation, executive compensation, and private wealth matters. As a firm, we ","legal_services","high"
"1362","storycannabis","greenhouse","15","Assistant Controller | Assistant General Manager | Cultivation Associate | General Manager | Inventory Associate","Our Story: Story Cannabis was built by misfits on a mission — people bold enough to shift the cannabis narrative and create something better. Founded in 2021 by industry veterans, Story is a vertically integrated company headquartered in Phoenix, operating across Arizona, Maryland, Ohio, and Louisiana, and we’re just getting started. Our vision is to bring hope, happiness, and healing to the world","retail_ecommerce","high"
"1363","strategic-staffing-solutions","linkedin","15","Linux Architect | Electrical Engineer | Brokerage Escalation Representatives (Series 7 Required) | Series 7 Customer Representative | Fraud Investigator-Case Manager","Title: Project ManagerLocation: Baton Rouge, LA (onsite hybrid)Duration: 6-month contract ACCOUNTABILITIES: Competently able to plan, track and provide a high level of overall project management so all assigned projects including those large in size and/or scope and high in complexity and small to moderate programs, can be bought to a successful outcome.Schedules, leads and facilitates project tea","consulting_professional_services","high"
"1364","sunstrong-films-sdn-bhd","jobstreet","15","Private Domain User Operations Executive | Film Director | Private Domain User Operations Manager | Project Manager | Live Streaming Operator","[Category: Advertising, Arts & Media / Journalism & Writing] Job Description Take charge of the communication impact and feedback on video releases, constantly enhancing the quality of video content by studying exceptional works and identifying replicable methodologies. Supervise the filming schedule and oversee the quality of productions. Provide recommendations and solutions for shooting, editin","media_entertainment","high"
"1365","sunway-medical-centre-penang","jobstreet","15","Resident Medical Officer (A&E) | Assistant Manager, Medical Records | Medical Lab Scientist, Laboratory | Occupational Therapist I, Rehabilitation Medicine | Human Resources Assistant Manager","[Category: Healthcare & Medical / Pharmacy] Job Description: Ensure legal compliance and governance for pharmacy services: - • Ensure full compliance to legal and MOH requirements with regards to keeping, control, distribution, retailing, dispensing and compounding of poisons / pharmaceutical products, Dangerous Drugs and Psychotropic Substances. Uphold laws regulating the practice of pharmacy. • ","healthcare_provider","high"
"1366","synthflow","ashby","15","Senior Python Software Engineer | Senior Software Engineer - (Go) Real-Time Engine | Enterprise Account Executive | AI Delivery Manager | People Operations & Talent Generalist","Synthflow AI is an enterprise AI agent platform that unifies customer operations across voice, chat, and messaging. Our agents handle routine interactions at scale so teams can focus on high-value work. Over 20M hours of operations automated 60% more calls answered vs. non-AI operators 150M interactions handled, 99.99% uptime Backed by Accel, Atlantic Labs, and Singular. Trusted by 1,000+ customer","tech_software_internet","high"
"1367","system-one","linkedin","15","Business Analyst | Civil Project Manager II | Machine Operator | Telephone Agent I | Verint Call Recording Systems Engineer - REMOTE WORK","Please send me your details (resume, work authorization status, current location, availability and compensation expectations) directly to: denis.potapenko@systemone.com for an immediate consideration. Make sure to include both the job title and location of the job if you email me directly. Machine Learning Engineer The hiring manager is NOT looking for a Data Scientist ! ML Engineer will join Data","consulting_professional_services","high"
"1368","takeda","linkedin","15","Senior Automation Engineer MES | Senior Automation Engineer BAS | Engineer II - Manufacturing Science Upstream Lab | Senior Project Manager | Maintenance Technician II","By clicking the “Apply” button, I understand that my employment application process with Takeda will commence and that the information I provide in my application will be processed in line with Takeda’s Privacy Notice and Terms of Use. I further attest that all information I submit in my employment application is true to the best of my knowledge. Job Description Takeda Development Center Americas,","healthcare_pharma_biotech","high"
"1369","tako","ashby","15","Staff Software Engineer | Account Executive | Agent Operations Analyst | Software Engineer | Staff Software Engineer (Afirmativa para Mulheres)","Sobre Nós A Tako é uma plataforma unificada de operações de pessoas que se torna a fonte de inteligência das empresas brasileiras. Nascemos para resolver um dos maiores problemas do país: a burocracia que trava negócios e drena energia, inovação, empregos e bilhões da economia. É um problema difícil, mas que a Tako está resolvendo com uma plataforma baseada em aplicações determinísticas como a fol","tech_software_internet","medium"
"1370","talent-job-seeker","linkedin","15","Commercial Account Manager - Atlanta, GA | Technical Product Manager | Network Engagement Counsel - FULLY REMOTE | Lead Data Integration Engineer | Principal Data Engineer, Analytics Engineering","Job title: Sales Executive Flexibility: Hybrid working with flexible hours Reporting to: Director of Sales Location: WFH/The Office based in Union Square, New York Who are we? Helping you have healthy hair has been our mane goal since 2007. No matter your hair type – straight, curly, fine, fragile, or coily – our range of gentle brushes will leave you with healthier-looking hair and less breakage.","consulting_professional_services","medium"
"1371","tangraminteriors","lever","15","A/V Project Manager - Tangram Technology - Santa Fe Springs, California | AV Designer/Engineer - Dallas, Texas | AV Lead Installation Technician - Dallas, Texas | AV Technician - Tangram Technology - Dallas, Texas | Client Support Specialist - Santa Fe Springs, CA","Summary: The individual will be responsible for the Company’s account management and business development activities for major accounts in the greater Los Angeles market. Such duties will include managing existing accounts and identifying, contacting, qualifying and closing of sales opportunities, consistent and timely submission of information and administrative paperwork in support of the sales ","consulting_professional_services","medium"
"1372","tavily","ashby","15","Forward Deployed Engineer | Enterprise Customer Success Manager | Data Engineer | Legal Counsel | Front-End Engineer","We are hiring a Data Analyst to join our data team, which drives cross-company insights and supports decision-making across GTM, Product, and Business functions. Responsibilities: Analyze and interpret data to support strategic and operational decisions Build and maintain reports, dashboards, and visualizations used across the company Work closely with stakeholders to understand business needs and","tech_software_internet","high"
"1373","teamlfg","greenhouse","15","3D Character Art Lead | Audio Director | Environment Art Lead | Game Engineering Director | Principal Progression Economy Designer","&nbsp; Are you on a mission to create games that bond players together into deeply invested communities? Would you like to work on something comedic with lighthearted and whimsical characters? Do you think a lot about how modular rigging systems enable quick iteration, how streamlined DCC pipelines empower artists, or how to achieve feature-quality character&nbsp;animation&nbsp;within real-time co","gaming","high"
"1374","telemedicine","greenhouse","15","Anesthesia - Volunteer Medical Specialist (EN) | Ear Nose Throat (ENT) - Volunteer Medical Specialist (EN) | Endocrinologie - Spécialiste Médical(e) Bénévole | Endocrinology - Volunteer Medical Specialist | General Practitioners - Prospective Volunteer Applications (EN)","Department: Telemedicine Program &nbsp;– Doctors Without Borders / Médecins Sans Frontières (MSF) Position Status: Volunteer Location: Remote (Offsite) Time Commitment: 2–3 hours per week Position Overview As a&nbsp; Volunteer Medical Specialist with MSF’s Telemedicine Program, you will provide remote medical and clinical support to MSF’s global medical teams on a case-by-case basis. Medical Speci","nonprofit","medium"
"1375","tgv-cinemas-sdn-bhd","jobstreet","15","Assistant Manager - Finance | Assistant Manager, Payroll | Operations Executive (4 months contract) | CUSTOMER RELATIONS OFFICER (CINEMA CREW) - Seri Manjung (Perak) | Concession Executive","[Category: Information & Communication Technology / Business/Systems Analysts] Job Summary We are seeking a Data Analyst to join our team. As a Data Analyst, you will be responsible for analyzing large datasets, interpreting the results, and providing insights to drive informed business decisions. You will work closely with various departments, including marketing, sales, and finance, to identify ","media_entertainment","high"
"1376","thatch","greenhouse","15","Carrier Partnership Lead | Employee Experience Manager | Employer Support Specialist | Head of Marketing | Operations Lead (Employer Servicing)","About the role At Thatch, design is one of the defining traits that sets us apart. The healthcare experience in America has long been subpar, and the bar for quality design is low — we’re raising that bar, and with it, the entire health insurance industry. As a designer at Thatch, you’ll craft beautiful experiences for the people using our product every day: businesses, their teams, and brokers. Y","finance_insurance","high"
"1377","the-est-e-lauder-companies-inc","linkedin","15","Keyholder - The Cosmetics Company Store - 20hrs - Florida Keys - Florida City, F | Keyholder - The Cosmetics Company Store - 20hrs - Las Vegas Premium Outlets Sout | Sales Associate - The Cosmetics Company Store - 18 Hrs - The Citadel Outlets - L | Store Manager - The Cosmetics Company Store - 40hrs - Wrentham Village Premium O | Keyholder - The Cosmetics Company Store - 20hrs - Lee Premium Outlets. - Lee, MA","Position Summary We are looking for a dynamic and inspirational Key Holder to support the Store Manager and Assistant Manager to ensure the smooth efficient running of the Store. You will use your outstanding coaching and mentoring skills to lead by example, modelling the behaviors that the sales team need to demonstrate in order to provide inspirational, authentic and personalized customer servic","consumer_brands","high"
"1378","the-hershey-company","linkedin","15","Mechanical Technician - West Hershey Plant | Maintenance Technician - Robinson Plant | Electrical Technician - West Hershey Plant | Electrical Technician | Controls Electrician - 2nd Shift","The Hershey Company West Hershey plant is a Union plant producing products such as White & Dark Paste, Kisses, Nuggets, Milk Bars, Almond Bars, Rolo & Syrup, in a high-speed complex environment. Pay: Starting Pay is $38.30 per hour.75 cent per hour shift differential for working 2nd or 3rd shiftOT Potential! $4000 Sign-On Bonus!Manufacturing Incentive Plan (MIP) Eligible Total Rewards · Health Ins","consumer_brands","high"
"1379","the-save-mart-companies","linkedin","15","Infrastructure Architect - Modesto, CA | Warehouse Supervisor - Merced, CA | Driver - Save Mart Roseville DC - 9999 Niblick Dr., Roseville, CA 95678 | Service Specialist (Grocery Bagger) - Lucky - 247 E. 18Th St., Oakland, CA 94606 | Multi-Purpose Clerk - Meat - Lucky - 1145 Arnold Dr., Martinez, CA 94553","About Us The Save Mart Companies is one of the largest food retailers in California and Nevada. It is home to several well-known brands in food retailing. You might have seen our stores that include Save Mart, Lucky, Lucky California, and Food Maxx. We also have 3 distribution centers and our SMART Transportation trucking firm to transport dry groceries, frozen foods, ice, and novelties to all The","retail_ecommerce","high"
"1380","thekey","linkedin","15","Live In LPN | Caregiver (CNA/PCA/HHA) | Caregiver with Personal Care Experience | Driving Live In Caregiver | Caregiver (CNA/PCA/HCA)","Overview Location: Southbury, Middlebury, Bridgewater, New Milford, Newtown, and surrounding communities TheKey provides premier in-home senior care to help older adults thrive at home with optimal independence, health, safety, and happiness, all while affording their loved ones complete peace of mind. We’re proud to be the largest private-pay provider for senior companionship and home care for ag","healthcare_provider","high"
"1381","thuma","lever","15","Associate Director of Product Compliance | Associate Director/Director of Product Development - Furniture | Associate Project Manager, Retail Construction | Barista | CGI Artist","Thuma is seeking proactive Retail Associates to join the team in the SoHo neighborhood of New York City. Reporting directly to the Store Manager, the Retail Associates will exhibit an inviting, elevated, confident and friendly attitude whilst delivering a best-in-class customer experience as part of our first Flagship store team. Key Responsibilities:Deliver and maintain an outstanding level of cu","consumer_brands","high"
"1382","tracktik","lever","15","[FR] Account Executive – Mid Market | SaaS de gestion des effectifs de sécurité | Account Executive – Mid Market SaaS Security Workforce Management Software | Chef de produit – Gestion des effectifs | Client Success Manager | Directeur de la Gestion Produit","At Trackforce, we are transforming physical security operations that are managed around the world. As the leading SaaS platform for physical security workforce management, we provide security companies and organizations with a streamlined solution to manage their guard forces, respond faster, operate more efficiently, and reduce costs — all while staying focused on safety and protection. We suppor","tech_software_internet","high"
"1383","triumph-arcade","ashby","15","Senior Software Engineer (Mobile) | Senior Software Engineer (Backend) | Ads/UGC Editor | Media Buyer | Senior Software Engineer (Fullstack)","Responsibilities We’re looking for an ambitious and data-driven D2C Media Buyer to help us scale Triumph’s user acquisition through paid social and digital advertising. In this role, you’ll manage campaigns across major platforms, run creative tests, and work closely with our marketing and creative teams to drive efficient growth for our mobile gaming app. Plan, launch, and optimize paid media cam","gaming","high"
"1384","tuff-shed-inc","linkedin","15","Sales Design Consultant - Grand Rapids | Prefabricator | Production Manager | Permit Technician | Sales Design Consultant - Toledo","“BUILD” YOUR CAREER WITH TUFF SHED! Tuff Shed is recruiting for an experienced Permit Technician to work with outside agencies, responsible for acquiring building permits and providing excellent and efficient services to our customers. DO YOU HAVE WHAT IT TAKES TO BE A SUCCESSFUL TUFF SHED PERMIT TECHNICIAN? Develop and maintain positive relationships with building departments and officials within","real_estate_construction","high"
"1385","turner-townsend","linkedin","15","Project Manager - Healthcare Construction | Senior Project Manager - Data Center Construction | Director of Cost Management Construction | Project Manager - Data Center Construction | Fiber Network Owners Rep / Senior Project Manager – Data Center Construction","Company Description At Turner & Townsend we’re passionate about making the difference. That means delivering better outcomes for our clients, helping our people to realize their potential, and doing our part to create a prosperous society. Our team is dynamic, innovative and client-focused. Our clients value our proactive approach, depth of expertise, integrity and the quality we deliver. As a res","consulting_professional_services","high"
"1386","us-fertility","linkedin","15","Ambulatory Surgery Center Nurse Part Time | Andrology Laboratory Technician | Ambulatory Surgery Center - Medical Assistant | Ambulatory Surgery Center - Medical Assistant Every Other Weekend | NextGen Template Scheduler (Hybrid)","IVF Florida is the premier provider of compassionate and patient focused fertility & reproductive services, with utmost integrity and concern, delivered through a dedicated, diverse and expert team of physicians, scientists and staff. The IVF Nurse works collaboratively within the Nursing Department and with the total program to provide timely, proficient, patient-centered services for all patient","healthcare_provider","high"
"1387","vectorusa","greenhouse","15","CCTV/ACCESS CONTROL Technician II | Commercial Enterprise Account Executive | Compliance Specialist II-III | Enterprise Account Executive | Estimator III","Overview VectorUSA is seeking an experienced Senior Physical Security Design Engineer / Estimator to support our nationwide sales team. This role is responsible for end-to-end design and estimation of physical security systems , including video surveillance (CCTV), access control, and video intercom solutions. We are specifically looking for individuals with hands-on experience designing physical ","consulting_professional_services","high"
"1388","verse","greenhouse","15","Data Scientist | Engineering Manager | Product Manager - Buyer Solutions | Product Manager - Commercial Modeling & Simulation | Product Manager - Energy Storage Controls & Telemetry","Location: San Francisco, CA (Hybrid)&nbsp; What is Verse?&nbsp; Energy markets are more volatile than ever. Rapid electrification and the rise of AI are driving unprecedented demand for power, while energy costs continue to rise across the globe. For the world’s largest energy buyers, managing energy has never been more complex or more critical. Verse helps these organizations manage complex power","energy_utilities","medium"
"1389","vestwell","greenhouse","15","Associate, Retirement Plan Administration (Audit) | Associate, Retirement Plan Administration (Testing) | Associate, Vestwell Operations Center | Business Development Associate | Coordinator, Employer Services","Vestwell is the financial technology company powering the new savings economy. The New York City-based fintech platform redefines how people save for the critical aspects of life across retirement, education, and healthcare savings needs. Today, Vestwell enables over 350,000 businesses and nearly 1.5 Million active savers, with over $30 billion in assets saved across all 50 United States.&nbsp; Ve","finance_fintech","high"
"1390","viseven","lever","15","Account Executive (with Pharma/Omnichannel experience) | AI Developer (multi agentic development) | Atlassian Administrator | Customer Success Manager (talent pool) | Delivery Manager","Viseven Group is a leading global B2B MarTech service provider, empowering Pharma and LifeScience companies since 2009. Our mission is to drive digital transformation and excellence, offering comprehensive end-to-end software and digital marketing services tailored to the pharmaceutical industry. The company's solutions, products, and services are actively used by the top 100 Pharma and Life Scien","consulting_professional_services","high"
"1391","vision-technology-consulting-sdn-bhd","jobstreet","15","IT Internship | HR & Admin Executive / Assistant | Oracle Siebel Administrator | IT Consultant | Data Engineering Consultant","[Category: Information & Communication Technology / Networks & Systems Administration] Description Job Responsibility: • Perform solution installation, configuration and/or development, in accordance to the technical design specifications. • Prepare test scripts and execute testing in accordance to functional requirements specifications and technical design specifications. • Perform data cleansing","consulting_professional_services","high"
"1392","wabtec-corporation","linkedin","15","Value Stream Coach | Supplier Quality Assurance Specialist | Wabtec Intern Program: Locomotive Maintenance Technical Advisor | Locomotive Test Process Engineer - Electrical & Mechanical Assembly-Testing | Senior Application Architect","Wabtec Corporation is a leading global provider of equipment, systems, digital solutions and value-added services for freight and transit rail. Drawing on nearly four centuries of collective experience across Wabtec, GE Transportation and Faiveley Transport, the company has unmatched digital expertise, technological innovation, and world-class manufacturing and services, enabling the digital-rail-","manufacturing","high"
"1393","wakam","greenhouse","15","🚀 Alternant(e) Contrôle Interne & Risques | CyberSecurity Engineer, DevSecOps | FP&A Lead Reporting, Forecasting & Transformation | Head of Advanced Pricing Analytics | Ingénieur IA – GenAI & AI Agents","🧰 Who We Are Wakam is a B2B2C insurance company that creates white-label insurance solutions via its Play&amp;Plug® technology platform for more than 80 partners . We provide most of our insurance products through APIs , and host white-label insurance solutions via our Play&amp;Plug technology platform. With a footprint spanning 32 countries , Wakam is the European leader in digital and embedded i","finance_insurance","high"
"1394","wattpad","lever","15","[Wattpad] Account Executive | [WEBTOON] Associate Visual Designer (Freelance) | [WEBTOON] Content Operations Associate | [WEBTOON] Content Safety & Policy Intern | [WEBTOON] Head of Marketing, D Comics Project","WEBTOON Entertainment is a leading global entertainment company and home to some of the world's largest storytelling platforms. As the global leader and pioneer of the mobile webcomic format, WEBTOON Entertainment has transformed comics and visual storytelling for fans and creators. With its CANVAS UGC platform empowering anyone to become a creator, and a growing roster of superstar WEBTOON Origin","media_entertainment","high"
"1395","wd-media-malaysia-sdn","jobstreet","15","Senior Sputter Engineer | Global Commodity Manager - Logistics Sourcing | Staff Software Engineer | RODI Engineer, Facilities | Senior Electrical Engineer, Facilities (BO Chargeman)","[Category: Trades & Services / Security Services] Provide guidance to the local site management team in managing physical security aspects at the site. Provide leadership to your direct reports in relation to global security goals and implement plan to develop them to become SME on security matters. Develop security procedures and S.O.P/Work Instructions. Develop secured and safe cultures at the s","tech_hardware_semiconductors","high"
"1396","whalarinc","greenhouse","15","Assistant General Manager | AV Tech II | Campaign Manager, Client Services | Campus Support Teammate | Creative Strategist","Job Title: AV Tech II Location:&nbsp; Venice, CA Reports to:&nbsp; Studio Operations Manager Hourly Rate:&nbsp; $27.00 Department:&nbsp; Operations &nbsp; The Lighthouse is an innovative campus for creators and their teams, with locations in Venice, CA, and Brooklyn, NY. We are a creative playground designed for creators to Learn, Make, and Belong. Our mission is to assemble the creator collective","media_entertainment","high"
"1397","wishpond","lever","15","AI MARKETING MANAGER (100% Remote outside of Canada) | CUSTOMER SUCCESS MANAGER (100% Remote outside of Canada) | DIRECTOR OF GO-TO-MARKET (GTM) – SaaS (100% Remote outside of Canada) | DIRECTOR OF GO-TO-MARKET (GTM) – SaaS (Canada) | EMAIL MARKETING ACCOUNT MANAGER (100% Remote outside of Canada)","SalesCloser.ai currently has the position of Sales Account Executive available, and we’re excited to tell you about it! OVERVIEW We are searching for a high-performing Sales Account Executive who doesn't just close deals, but closes the right ones, to join our team. As a member of the Sales Team, you'll work closely with our Sales Manager and a growing team of AEs, handling inbound demo pipelines ","tech_software_internet","high"
"1398","wrapbook","ashby","15","Union Paymaster | Manager, Union Payroll Contracts | Senior Insurance Broker II | Customer Success Manager III, Film & Television | Customer Support Specialist III","About Us: Wrapbook is a smart, intuitive platform that makes production payroll and accounting easier, faster, and more secure. We provide a unified payroll platform that seamlessly connects your entire team—production, accounting, cast, and crew—all in one place. Wrapbook empowers production teams to manage projects, pay cast and crew, track expenses, and generate data-driven insights, while enab","tech_software_internet","high"
"1399","wtw","linkedin","15","Client Advocate - Natural Resources | Paid Social Media Marketing Analyst | Global Specialist | Early Careers: Accounting/Finance - Internship Summer 2024 -Philadelphia | Quality Assurance Director","As a Lead Auditor you will apply your audit, project management and client management skills to lead client audits. You will serve as the team leader and primary interface with administrators. You will review discrepancy issues identified by field auditors, re-adjudicate claims, resolve open issues, and draft the final report. You will contribute to the creation of new tools and approaches. Role: ","consulting_professional_services","high"
"1400","yee-lee-corporation-bhd","jobstreet","15","Operation Engineer (Manufacturing) | Finance / Account Admin | Marketing Executive | Admin Assistant (Kepong) | Sales Representative","[Category: Marketing & Communications / Trade Marketing] Responsibilities: To lead & handle house brand in achieving business objective. To work hand in hand with inter-department and distributors in developing strategies & plans for designated channels. Measurement, evaluation & reporting on all activities within the portfolio. Example: To analyze with tracking exercise on measuring the promo eff","consumer_brands","high"
"1401","zefir","ashby","15","Sales Development Representative | Internship - Sales Development Representative (Buyer) | Senior Software Engineer | Engineering Manager | Account Executive, Business","Who We Are Zefir is building an AI autopilot for home sales in Europe, starting in France: an AI agent runs the entire sale and purchase journey end-to-end, orchestrating local brokers, portals, buyers, and documents. Backed by over $55 million from top-tier investors like Sequoia Capital, we're committed to accelerating life changes for millions of current and future European homeowners. 💥 Role O","tech_software_internet","medium"
"1402","zensurance","lever","15","Commercial Accounts Broker (Remote First) | Commercial Insurance Broker - Elite Accounts (Remote First) | Commercial New Business Broker (BC, Remote First) | Commercial New Business Broker (Remote First) | Commercial Renewals Broker (Remote First)","About Us: Zensurance is redefining commercial insurance for Canadian businesses. As a leading InsurTech, we make getting the right coverage simple, fast, and accessible through a digital-first experience. Our platform combines advanced technology with deep industry expertise to deliver tailored insurance solutions that help businesses thrive. Zensurance has been recognized for its rapid growth and","finance_insurance","high"
"1403","zeta","lever","15","Associate Director - Product | Associate Manager - Reliability Operations | Data Reliability Engineer II | Financial Analyst | Infosec GRC Associate II","Build the future of banking Zeta is a next-generation banking technology company providing cloud-native, fully stackable processing and core banking platforms for issuers. With a focus on scalability, compliance, and innovation, Zeta empowers financial institutions to modernize their technology infrastructure and deliver secure, seamless digital banking experiences. Our impact runs at real-world s","tech_software_internet","high"
"1404","zoomlion-heavy-industry-malaysia-sdn-bhd","jobstreet","15","Internship - Human Resources | Sales Executive/Representative (Sabah/ Sarawak) | Technician | Sales Executive/Representative (Sabah) | Sales Executive/Representative (Sarawak)","[Category: Retail & Consumer Products / Retail Assistants] Various job location: Johor/Kuantan/KL/Selangor/Penang/Sabah/Sarawak Working hours: 8.30am - 5.30 pm Monday to Friday Lunch hour: 12.00-1.30 pm Job Description: 1. Establishing, maintaining and updating customer files regularly. 2. Plans customer calls and ensure wide customer coverage. 3. Spotting business opportunities, and following up ","manufacturing","high"
"1405","10beauty","greenhouse","14","Director of Growth | Embedded Software Engineer | Field Service Engineer | Licensed Cosmetologist/Nail Tech (Everett, MA) | Licensed Cosmetologist/Nail Tech (Naperville, IL)","10Beauty is a robotics startup based in Burlington, MA. We have raised $50M+ from some of the leading venture and celebrity investors in the country to build the world’s first fully autonomous manicure machine. We have pre-sold our first 1,000 machines to some of the most iconic brands in America, including Ulta Beauty and Nordstrom. As of November 2025, we have launched our first robot at Ulta Be","consumer_brands","medium"
"1406","4lu44n1n37w012k","greenhouse","14","Associate Director FP&A (f/m/x) | Automation Engineer (all genders) | Director ATL Media & Connections Planning | Director of X-Channel - Performance Marketing | Freelance Translation Support – English to French (f/m/x)","About the role: What's in the Box As an Operational Excellence (OpEx) Engineer, you will play a key role in improving our end-to-end production operations in our Distribution Center (DC) in Bleiswijk, NL. You will join the Operational Excellence team, working at the heart of our production environment to identify opportunities that drive efficiency, quality, and cost improvements. You will focus o","other","low"
"1407","acosta","linkedin","14","Merchandiser Retail Coverage - Walmart - PRIMARY | Retail Serv Lead Mandate Merch - Meat & Seafood Sales Associate | Sales Representative Lead | Merchandiser Mandate Retail Service | Mandate Retail Merchandiser Lead","General Information Company: ACO-US Location: MCHENRY, Illinois, 60051 Ref #: 65740 Function: Merchandising Employment Duration: Full-time Benefits: Medical, dental and vision insuranceCompany-paid life insurance, short-term and long-term disability401k programGenerous Paid Time Off (PTO) program Description And Requirements The incumbent(s) in this position should exhibit the following Acosta val","consulting_professional_services","high"
"1408","airslate","lever","14","Automation QE Lead: Quality Architecture & Agentic Testing | Content Coordinator | Customer Support Specialist (Billing) | Data Engineer II (with MLOps) | DevOps Engineer","About airSlate airSlate is a global SaaS technology company that develops no-code workflow automation, electronic signature, and document management solutions. Our award-winning products - SignNow, pdfFiller, DocHub, altaFlow, Instapage, and US Legal Forms - serve over hundreds of millions of users and more than one million customers worldwide, helping organizations of every size digitize processe","tech_software_internet","high"
"1409","alliedreit","lever","14","Accounts Payable Administrator | Administrateur Bilingue, Resources Humaines | Bilingual Administrator, People | Building Operator | Corporate Accountant (CPA Pre-approved Program)","About Allied Allied is a leading owner-operator of distinctive urban workspace in Canada’s major cities. Our work is grounded in a clear purpose: to provide knowledge-based organizations with distinctive urban environments that support creativity, connectivity and human wellness. Our vision is more expansive. We seek to make a continuous contribution to cities and culture that elevates and inspire","real_estate_construction","high"
"1410","always-marketing-m-sdn-bhd","jobstreet","14","Brand Ambassador - Smartphone | Marketing Manager | Product Consultant - Smartphone | Field Supervisor (KUALA TERENGGANU) | SENIOR Event Productions Executive","[Category: Human Resources & Recruitment / Training & Development] Provide product trainings, refresher training & soft kills training to promoters. Able to carry out soft skills training to internal staffs. Able to create training materials such as product training deck, soft skills deck, and quiz for training purpose. Take initiative and ownership to carry out research of study before training. ","consulting_professional_services","medium"
"1411","amerit-consulting","linkedin","14","Mobile Application Developer ** Remote for CA residents / W2 Only ** | Customer Service Rep | Project Manager ** Remote w/ 10-20% travel ** | Clinical Research Coordinator | Prior Authorization Specialist","OVERVIEW: Our client, a Global Fortune 50 organization and one of world’s largest distributors of Health care systems, medical supplies & Pharmaceutical products, seeks an accomplished “Customer Service Rep.” ** TITLE: Customer Service Rep ** LOCATION: Remote mainly | 5101 Jefferson Commerce Blvd. Louisville, KY 40219 ** DURATION: 2 months + Contract with high possibility of extension! ** WORK SCH","consulting_professional_services","high"
"1412","anyvan","ashby","14","Senior Software Development Engineer | Télévendeurs – AnyVan Sénégal | Sales Executive - German Speaking | Sales Executive - France | Transport Partner Operations Executive - France","Got Drive? Join AnyVan as we make moving anything, anywhere miles better and build a career that moves just as fast. Back in 2009, our CEO Angus saw half-empty vans everywhere and knew there had to be a better way! That's how AnyVan began. He set out to create the world's most efficient logistics technology and help halve the number of wasted miles by filling those empty vans. Since then we've bec","transportation_logistics","high"
"1413","apify","ashby","14","Software Engineer for Fraud Prevention (TypeScript) | Head of Brand | SEO specialist (Technical SEO focus) | Senior Visual Designer | Engineering Manager for Web Automation team (Node.js/Typescript)","Apify is the largest marketplace of tools for AI. 25,000 Actors helping people and agents get real-time web data, track competitors, generate leads, or integrate their apps. Actors are built by a global creator community that now earns more than $1M every month. Join us to help people put the web to work. Apify can find missing children , protect consumers from fake discounts across the EU , and f","tech_software_internet","high"
"1414","applecart","greenhouse","14","Account Director | Digital Media Associate | Director, Media | Director of Deal Desk & Pricing Strategy | Head of GTM Systems and Engineering","About Us Applecart is the leading technology company that C-suites rely on to reach business-critical decision makers. The most important decisions are made by the hardest people to reach and influence. Historically, C-suite leaders have lacked the tools to reach the stakeholders who matter most to their business. The C-suites of hundreds of Fortune 500 companies, major agencies, trade association","tech_software_internet","high"
"1415","applicantz","linkedin","14","Employee Experience Specialist | Senior ServiceNow Developer | Senior Power BI Developer | Network Solution Architect | Cloud Domain Architect","VISA SPONSORSHIP NOT AVAILABLE. Work to be done in PST/MST time Zone Our large, Fortune Technology client is ranked as one of the best companies to work with, in the world. As a global leader in 3D design, engineering, and entertainment software, they foster progressive culture, creativity, and a flexible work environment. They use cutting-edge technologies to keep themselves ahead of the curve. D","consulting_professional_services","high"
"1416","arkanalaboratories","greenhouse","14","Billing/Denial Management Specialist I | Client Relations Coordinator | Cloud and Infrastructure Lead | Laboratory Administrative Assistant | Laboratory Aide","Who we are: &nbsp;At Arkana Laboratories, everyone has an important role to fill. Come join us and be a part of a team dedicated to making life better for those who need it most. This place is packed with super-smart people who do their best work together. We work hard every day to advance our understanding of disease and provide world-class care to our patients in hopes of leaving our corner of t","healthcare_provider","high"
"1417","arlo","ashby","14","Product Engineer | Applied AI Engineer | Chief of Staff | Growth Marketing Lead | Account Executive - Broker Channel","Most of what makes American healthcare expensive isn’t medical care. It’s the machinery wrapped around it: middlemen taking a cut, fraud nobody stops, and billing systems designed to fight over payment instead of deliver care. The result is higher premiums, denied claims, surprise bills, and a system patients increasingly experience as adversarial. Arlo is rebuilding health insurance for small bus","tech_software_internet","medium"
"1418","auctane","greenhouse","14","Account Executive - Expansion (Supply Chain) | Director, Security Engineering - Remote in Spain | Enterprise Account Executive - Boston or New York City | Enterprise Account Executive - Columbus or Charlotte | Inside Sales Representative","&nbsp; About us At Auctane, we are united by a passion to help businesses deliver — whatever their size, wherever they are, and however they operate. We make it possible for businesses to meet the ever-changing requirements of their industry and customer expectations. Auctane products enable hundreds of thousands of businesses to annually mail and ship billions of items — over $200 billion worth —","tech_software_internet","high"
"1419","audacy-inc","linkedin","14","Account Executive | Brand Manager | Senior Desktop Support Technician | Digital Content Producer | Promotions Manager","Overview Audacy St. Louis has a tremendous opportunity to lead the programming for WFUN and WHHL. This person has a passion for music, entertainment and culture. They are immersed in the latest social media trends and marketing shifts. Most importantly, this person is a big thinker, highly detail oriented and a dynamic leader. Responsibilities What You'll Do: Create and oversee the the most awe in","media_entertainment","high"
"1420","augury","greenhouse","14","AI Applied Scientist | AI/ML Applied Researcher – Insights & Recommendations | Business Strategy Analyst | Client Partner, Scaled Accounts | Enterprise Client Partner","Our mission is to transform how people and machines work together to push the boundaries of human productivity. A leader in Industrial AI, Augury helps the world’s manufacturers leverage real-time production insights to drive new levels of efficiency. Combining predictive and prescriptive AI technology with industry expertise, production teams can proactively address alerts, minimize downtime, red","tech_software_internet","high"
"1421","aurelian","ashby","14","Strategic Sales Northeast Region | Chief of Staff | Strategic Sales Southwest Region | Strategic Sales South Central Region | Founding Product Manager","About Aurelian Aurelian builds AI tools that help 911 centers handle more with less, so telecommunicators can stay focused on what matters most and communities get the response they need. AVA is a conversational AI agent that answers non-emergency calls; the agent routes, triages, and resolves the calls without any human intervention. By handling administrative calls like noise complaints, lost do","tech_software_internet","low"
"1422","autozone","linkedin","14","Delivery Driver (Full-Time) | Delivery Driver (Part-Time) | Senior Retail Sales Associate (Full-Time) | MANAGER TRAINEE | Retail Sales Associate (Part-Time)","The Manager in Training (MIT) position is expected to be a short-term transitional role that provides both work assignments and training opportunities to prepare MITs to be promoted into Retail/Commercial Store Management positions. From the date of entry into the AutoZone MIT program, it may be possible to progress to a management position within approximately 8-12 weeks, depending on the prior e","retail_ecommerce","high"
"1423","aviyatech","lever","14","Electrical or Hardware Engineer-Talent Pool Longueuil | Electrical or Hardware Engineer-Talent Pool Mississauga | Electronic Obsolescence Project Manager (IAQ) | Engine Diagnostics, Prognotics and Health Management Engineer (WPQ) | Ingénieur ou ingénieure logiciels/Software Engineer","Aviya Aerospace Systems est un chef de file des services et des solutions d’ingénierie pour applications essentielles destinées à l’aérospatiale et à la défense. Aviya fournit des compétences spécialisées en gestion de programmes, en ingénierie des systèmes, du matériel et du logiciel, et en génie mécanique à de nombreux sous-traitants de premier niveau des domaines de l’aérospatiale et de la défe","consulting_professional_services","medium"
"1424","azuritypharmaceuticalsindia","greenhouse","14","Analytical Documentation officer | Assistant Manager/ Deputy Manager - Labelling | Associate Director, QA Operations | Associate Director, Technical Operations | Manager, Medical Information","Azurity Pharmaceuticals is a privately held, specialty pharmaceutical company that focuses on innovative products that meet the needs of underserved patients. As an industry leader in providing unique, accessible, and high-quality medications, Azurity leverages its integrated capabilities and vast partner network to continually expand its broad commercial product portfolio and robust late-stage pi","healthcare_pharma_biotech","high"
"1425","berjaya-corporation-berhad","jobstreet","14","Senior Executive – HR Business Partner | Senior Accounts Executive/Executive (Group Accounts & Budgets) | Tax Executive/Senior Executive | Manager/Assistant Manager - Corporate Finance (Group Investment) | Senior Executive – Payroll & HR Shared Services","[Category: Accounting / Financial Accounting & Reporting] Responsibilities To prepare and review management accounts and related schedules. Liaise with external parties such as auditors, tax agents, government bodies, suppliers as well as internal clients/other departments of the Berjaya Group of Companies. Prepare and review cash flow statement and monitor cash flow. Prepare tax computations for ","other","medium"
"1426","berlinrosen","greenhouse","14","Account Coordinator, Public Affairs | Account Executive, Public Affairs | Associate Account Executive, Real Estate Public Relations | Copywriter, Politics | Executive Vice President, Impact","ABOUT ORCHESTRA Orchestra is a strategic communications and marketing company built for today’s complex and fragmented world. From decoding audiences to designing bold strategies, Orchestra integrates people, platforms, and stories that stick to help clients build lasting influence. The company offers programs that span from the highest level strategic business counsel through to tactical executio","consulting_professional_services","high"
"1427","bespokelabs","ashby","14","Unconventional Talent | RL Environments | Strategic Projects Lead | Product Engineer (Mountain View) | AI Enterprise Engineer","About Bespoke Labs Bespoke Labs is an applied AI research lab pioneering data and RL environment curation for training and evaluating agents. Recently, we curated Open Thoughts , one of the best open reasoning datasets used by multiple frontier labs, trained SOTA specialized models such as Bespoke-MiniChart-7B and Bespoke-MiniCheck , and taught agents to do multi-turn tool-calling with reinforceme","tech_software_internet","high"
"1428","billtrust","greenhouse","14","Customer Account Executive (Corporate) | Customer Account Executive (Enterprise) | Customer Success Manager | Customer Support Automation Specialist | Don’t See What You Are Looking For?","Who We Are Finance leaders choose Billtrust to get paid faster, control costs, and maximize customer satisfaction. As the leader in B2B accounts receivable workflow and payment software, we provide the world’s leading brands with AI-powered solutions across the full AR lifecycle—from invoice presentment and payment processing to cash application and collections. With over 2,600 global customers, m","finance_fintech","high"
"1429","bioagilytix","lever","14","Analyst / Technische Assistenz (all genders) | Analyst II/III - ADA/PK | Analyst III - Cell-based | Associate Metrology Technician (part-time) | IT Lab Systems Support Specialist III","At BioAgilytix, we are passionate about premier science and the impact it has on our world. Our team of highly experienced scientists and professionals deliver tailored services for supporting new medicine breakthroughs with best-in-class bioanalytical services. We are tirelessly committed to our customers by being solution-oriented and deadline-driven. . . and we are growing. Our culture is fast-","healthcare_pharma_biotech","high"
"1430","bloomberg","linkedin","14","BQuant Technical Writer - CTO Office | Executive Producer, USTV | Product Owner - Collaboration Solutions - Workplace Ops & Supply Chain | Incident Manager | Bloomberg Intelligence - Data Integration Specialist","At Bloomberg, our mission has always been to provide real-time data, news, and analytics to our clients quickly and accurately. Our clients are some of the biggest players in finance, and they rely on our software to manage their portfolios, analyze the markets, and make swift trading decisions that keep them ahead of the competition. We have more than 320,000 clients across the world, so it's cri","tech_software_internet","high"
"1431","bobcat-company","linkedin","14","Aftermarket Sales Support Supervisor | Category Leader (Level DOE) | District Sales Manager (Construction Equipment) (Level DOE) | Pricing Strategy Manager | District Field Service Rep (Central US Region)","At Doosan Bobcat, our success is powered by our people. Through our winning culture and one global team working together, we deliver the best products and service to our customers – and make the world a better place. Join our team today and start building your career with a worldwide leader. Location : Statesville Job Information This position is responsible for overhead spend budget setting and a","manufacturing","high"
"1432","brightai","greenhouse","14","Computer Vision Intern | Senior AI Engineer – LLM, RAG | Senior AI Engineer, Time-Series Signal Processing | Senior Computer Vision/AI Engineer | Senior / Staff Technical Program Manager","Company Overview: We are a high-growth Physical AI company transforming how businesses interact with the physical world through intelligent automation. Our AI platform processes visual, spatial, and temporal data from billions of real-world events—captured across edge devices, sensors, mobile applications and cloud infrastructure—to enable intelligent decision-making at scale. We are searching for","tech_software_internet","high"
"1433","brightspeed","linkedin","14","System Support Manager-Engineering & Construction Applications | Technical Implementation Specialist, Digital Engagement | Platform Program Manager, Enterprise & Wholesale | Customer Service Technician- BSW | Customer Service Technician- BF","At Brightspeed, we are reimagining how people live, work, play and connect by providing fast, reliable internet connections and an awesome customer experience in twenty states throughout the Midwest and South. Backed by funds managed by Apollo Global Management,our vision is to accelerate the upgrade of copper to fiber optic technologies, bringing faster and more reliable internet service to many ","telecommunications","high"
"1434","buckeye-power-sales","linkedin","14","Service Technician - Lawn & AG - Sign-On Bonus!! | Entry Level Service Technician - Lawn & Agriculture- Sign-On Bonus!! | Accounts Receivable Collections Clerk | Service Coordinator - Sign On Bonus!! | Power Construction Equipment Sales Representative","Description:Buckeye Power Sales is a Growth-Oriented Company Seeking a Service Coordinator for our Power Systems Division!Buckeye Power Sales has been providing on site power solutions for businesses, contractors, engineers, municipalities and homeowners since 1947, which makes us the oldest Kohler generator distributor in the country. We are also a distributor of Siemens Energy engines and genera","energy_utilities","medium"
"1435","castaigroupinc","greenhouse","14","Account Executive | San Francisco | Alliances Manager | Client Partner | US Central | Developer Relations/Experience Engineer - Kimchi | Partner Account Manager","Why Cast AI? Cast AI is an automation platform that operates cloud-native and AI infrastructure at scale. By embedding autonomous decision-making directly into Kubernetes and cloud environments, Cast AI continuously optimizes performance, reliability, and efficiency in production. The old way doesn't work. As Kubernetes and AI environments grow, manual decisions don’t. Cast AI replaces tickets, al","tech_software_internet","high"
"1436","ccah","greenhouse","14","Application Services Director | Care Coordinator - Behavioral Health (Temporary) | Finance Coordinator (Temporary) | Grievance Supervisor | Health Services Authorization Coordinator II (Temporary)","OUR COMMITMENT TO A HUMAN HIRING PROCESS We believe every candidate deserves thoughtful consideration.&nbsp;That’s&nbsp;why we&nbsp; do not use AI or automated systems to&nbsp;review applications . Every application is reviewed by&nbsp;a real&nbsp; human&nbsp; member of our team. Because we take the time to give each submission the attention it deserves, our review process may take a little longer","finance_insurance","high"
"1437","cdw","linkedin","14","Associate Consulting Engineer- CTS | Principal Field Solution Architect - AWS AI - Digital Velocity | Linux Engineer | Firewall Engineer | Software Engineer","The Principal Consultant is a client facing technologist that works with designated accounts and acts as a value-added technical advocate for CDW clients. A Principal Consultant is responsible for understanding clients’ business requirements as they pertain to Infrastructure solutions, qualifying opportunities and creating designs that match the requirements with appropriate products, managed and ","consulting_professional_services","high"
"1438","center-for-social-dynamics","linkedin","14","Mid-Level ABA Supervisor | Behavior Specialist, School Services + Summer hours! - Long Beach | Behavior Specialist, Adventure Guide - Vallejo Center | Experienced Behavior Specialist, Social Skills Group Co-Facilitator | Clinical Leader Role","Job Type Full-time Description Are you a self-motivated, hands-on individual looking to do something passionate and meaningful with your career? Join us as we open a world of possibilities. We are currently seeking a Clinical Director to join our dynamic and growing team! Position starts at $45 to 53 per hour based on experience Paid trainingGrowth & development opportunities About Us The Center f","healthcare_provider","high"
"1439","centerforemploymentopportunities","greenhouse","14","Communications | Direct Services | Employee Experience | Employment Specialist | Executive Operations","Social Enterprise and Program Delivery-Evergreen In-Person All CEO Sites We are building our future talent pipeline across all CEO Sites. While this is not an active role, submitting your application will allow us to keep your information on file. When an opportunity opens that perfectly matches your qualifications and preferred location, we will contact you to explore your interest. Our Opportuni","nonprofit","high"
"1440","central-point-partners","linkedin","14","Finance and Operations Manager | Data and Reporting Manager with Financial Services and Tableau | Data Science Reporting Analyst in Columbus, OH | IS Technical Specialist: III (Senior) | Registered Nurse/Telemetry","Utility CompanyREMOTEMust be located in one of the following locations- Arkansas, Indiana, KY, LA, MI, OH, TN, TX, VA, WVNeeded ASAP3 month contract that may extend Full Stack Developer Job Summary : Work across a full development stack, including: MySQL/Oracle, C#, and ReactJS. Support multiple Visual Studio solutions that work together to generate pricing for potential and repeat AEPE customers.","consulting_professional_services","high"
"1441","cherokee-federal","linkedin","14","Military Forces Analyst Mid Level | Senior All Source Analyst | Program Analyst | General Clerk III | Social Services Director","Job Description Program Analyst I *** This position requires an active Public Trust clearance or the ability to obtain a Public Trust clearance to be considered. Active Top Secret highly desired for quicker agency required background investigation process. *** This position supports the Mission Support Facilities Division of the Customs and Border Protection Agency. Specifically, this Program Anal","defense_aerospace","high"
"1442","city-experiences","linkedin","14","General Maintenance - City Cruises | Deckhand - City Cruises - Philadelphia | Concessions Associate - Statue Cruises | Bottle Service Server- City Cruises- New York | Nightlife Busser/Runner - City Cruises- New York","City Experiences is seeking Server Assistants for its City Cruises Operation in Chicago, IL. About Us City Experiences’ passion is to provide amazing experiences on land and water. Our 40- year success through organic growth and acquisitions has resulted in a portfolio of over 25+ brands that welcome upwards of 30 million guests/riders annually. If you’re an enthusiastic team player who thrives in","hospitality_food_service","high"
"1443","cleanspark","lever","14","Assistant Facilities Manager - College Park/Norcross, GA | Construction Project Manager – AI Data Centers | Director of AI Data Center Design | Hardware Assembly Technician - Dalton, GA | Hardware Assembly Technician - Rutledge, TN","CleanSpark (Nasdaq: CLSK), is a market-leading data center developer with a proven track record of success. We control a portfolio of more than 1.8 GW of power, land, and data centers across the United States powered by globally competitive energy prices. Sitting at the intersection of Bitcoin, energy, operational excellence, and capital stewardship, we optimize our infrastructure to deliver super","tech_software_internet","high"
"1444","coder","ashby","14","Software Engineer (AI Governance) | Senior Software Engineer | Senior Forward Deployed Engineer | Senior Accountant | Senior Sales Development Representative","As Coder's first EMEA-based Senior Accountant, you’ll be a key member of Coder’s Controllership team, with a primary focus on our UK entity. This role matters because you keep local accounting operations accurate, the close on track, and statutory requirements covered as we grow internationally. You’ll run day-to-day entity accounting, work closely with Controllership, and coordinate with external","tech_software_internet","high"
"1445","collectivehealth","greenhouse","14","Claims Operations Associate - Policy Operations (Contract) | Customer Service Representative (6-month Contract) | Customer Service Representative- Spanish bilingual (6-month Contract) | Director of Plan Operations | FP&A Manager","At Collective Health, we’re transforming how employers and their people engage with their health benefits by seamlessly integrating cutting-edge technology, compassionate service, and world-class user experience design. The FP&amp;A Manager is tasked with significantly enhancing Collective Health’s Financial Planning and Analysis function. This critical role involves close collaboration with Finan","finance_insurance","high"
"1446","communityreachcenter","greenhouse","14","Behavioral Technician - PRN | Behavioral Technician, Youth Shelter (Overnight) - Part Time | Case Manager - ACT Program | Case Manager – Behavioral Health & Justice Services | Clinician, Residential - Float","We’re Excited You’re Here! Looking to join a compassionate community dedicated to providing exceptional mental health outcomes?&nbsp;Community Reach Center is that place. We prioritize empowering individuals living with mental health conditions, engaging with partners to make a lasting impact, and caring for our team on a personal level. Our mission is to enhance community health through evidence-","nonprofit","high"
"1447","comrise","linkedin","14","Construction Manager | DevOps Developer | Lead Corporate Accountant (Hybrid) | Quality Engineer - Medical Device Manufacturing | Senior Sterilization Specialist","Job Title: Senior System AdministratorLocations: Hybrid Remote on any of the following locations:Washington, DCNew York City, NYLos Angeles, CAEmployment Term: 6 Months ContractIndustry: Radio and Broadcasting ServicesImportant Note: Must have legal authorization to work in the United States. No Corp to Corp (C2C) or Visa sponsorship provided. Job Overview:As the Senior System Administrator, you w","consulting_professional_services","high"
"1448","controlup","lever","14","Account Manager (Netherlands) | Account Manager (UK) | Account Manager (US) | Big Data Team Leader | Commercial Account Executive – US West","ControlUp is a leader in Digital Employee Experience (DEX), evolving IT operations with agentic AI to deliver Autonomous Endpoint Management (AEM) and a digital workspace that runs itself. Our platform transforms millions of real-time signals into intelligent action, bridging the gap between deep visibility and automated remediation. We turn ""IT headaches"" and employee frustration into self-healin","tech_software_internet","high"
"1449","cosuno","ashby","14","Chief of Staff | Senior Full Stack Developer (TypeScript) | Principal Full Stack Developer (TypeScript) | Sales Development Representative | Customer Success Manager","Du hast Biss, Hunger auf Erfolg und willst Deals closen, statt nur über Leads zu reden? Dann ist das hier dein Spielfeld. Als Sales Manager übernimmst du bei uns den kompletten Sales Cycle – vom ersten Call über Demos bis hin zum Closing. Du bist nicht nur ein Teil unseres Teams, du bist ein Treiber für das Wachstum im jungen Nachunternehmer-Bereich von Cosuno. Hier zählen Motivation, Ehrgeiz und ","tech_software_internet","high"
"1450","cpm","greenhouse","14","Accounting Manager | Assistant News Editor | Audience Editor | Development Operations Associate | Executive Team & Talent Acquisition Coordinator","About Chicago Public Media Chicago Public Media is one of the nation’s largest local nonprofit news organizations. Home to WBEZ 91.5FM, the Chicago Sun-Times, and Vocalo. Chicago Public Media reaches more than 3.3 million people weekly across broadcast, print, and digital platforms. As a mission-driven organization, we aspire to be the most trusted news source Chicagoans turn to for understanding ","media_entertainment","medium"
"1451","crocs","linkedin","14","Retail, Sales Associate | Customer Service Representative | Inventory Control Associate - 1st Shift | Retail, Sales Associate T | Sr. Director, eCommerce Planning","Overview We are looking for an Associate Category Manager for Out-Licensing who is an agile teammate to join us in bringing consumer-first products to the evolving marketplace. This role will support the execution of the out-licensing programs of the brand, including Accessories, Apparel, Bags, Socks, and other categories. This role is highly collaborative and coordinates across multiple functions","consumer_brands","high"
"1452","crossmediainc","greenhouse","14","Assistant Buyer, Integrated Media Investment | Business Intelligence Analyst | Buyer, Paid Social Media | Buyer, Programmatic | Buyer, Programmatic (Temporary)","WHO WE ARE Crossmedia is the global media independent. We’re committed to doing media and business the right way, guided by the principles of TRUST, REASON and the Pursuit of HAPPINESS. Crossmedia US was founded in NY in 2000 and is one of the largest minority-owned full-service media planning &amp; buying agencies in the nation. We are 500+ Crossmedians worldwide with big ambitions to continue to","consulting_professional_services","high"
"1453","cryptio","ashby","14","Founding GTM Engineer | Senior Typescript Engineer | Senior Rust Engineer | Senior Account Manager | Enterprise Solution Consultant","About Cryptio Cryptio is the leading enterprise-grade financial data transformation and digital asset ERP platform for accounting, financial reporting, tokenization compliance, and loan management solutions. It is a complete back and middle-office platform that delivers financial integrity and accountability for businesses in crypto. Its platform allows users to transform on-chain and off-chain cr","finance_fintech","high"
"1454","csx","linkedin","14","Track Supervisor | Clerical - Stevedore | Market Manager | Scrap Metals | Talent Advisor (Technology) | Intermodal Service Employee - Tampa, FL","Job Description Job Summary Inspects and maintains all track structure and right-of-way (ROW) to specifications set by CSX Transportation (CSXT) and the Federal Railroad Administration (FRA). Directly supervises and develops track forces to ensure quality maintenance and safe work performance. Monitors all aspects of safety and overall track inspection and maintenance in assigned area of responsib","transportation_logistics","high"
"1455","d2consulting","greenhouse","14","Cloud Platform Engineer (PaaS) | Cyber Cloud Implementation Engineer | Cyber Data Engineer | Cyber Security Operations Specialist - Tier 2 | Cyber Security Operations Specialist Tier 3","**ACTIVE TS/SCI SECURITY CLEARANCE REQUIRED** As a SCRUM MASTER you will help ensure today is safe and tomorrow is smarter. Our work depends on SCRUM Master joining our team to support our intelligence customer in Springfield, VA. HOW A SCRUM MASTER WILL MAKE AN IMPACT The SCRUM Master is responsible for the following: Guide scrum-team through all sprints of a program increment, removing impedimen","consulting_professional_services","high"
"1456","datacor","greenhouse","14","AI Optimization Engineer | Campaign Manager, Enterprise Demand Generation | Lead Implementation Specialist, Solutions Architecture | Mobile Software Engineer .Net Maui/C# | Product Support Specialist","About Us: Datacor &nbsp;is the leading provider of software solutions, including ERP, CRM, Asset Tracking, Simulation and Formulation, to the process manufacturing space. We are on a mission to better equip the industry with software solutions and move it forward by building thoughtful, intuitive products that solve our&nbsp; customers’ &nbsp;most difficult problems. We are passionate about servin","tech_software_internet","high"
"1457","dlpcapital","greenhouse","14","Asset Manager | Assistant Project Superintendent | Associate, Real Estate Portfolio Management | Development Director | Director of Investor Relations","The&nbsp; Asset Manager position is an integral part of the DLP Portfolio Management team, responsible for leading, managing &amp; executing on a broad range of asset and investment related activities. Your role is to monitor and report on investment and property performance and partner in the creation of long term management strategies that increase the value of our assets. Our growing portfolio ","real_estate_construction","high"
"1458","dollar-tree-stores","linkedin","14","OPERATIONS ASSISTANT MANAGER | MERCHANDISE ASSISTANT MANAGER | SALES FLOOR ASSOCIATE | OPERATIONS ASSISTANT MANAGER Full Time | STORE MANAGER","Store Dollar Tree Work where you love to shop! Dollar Tree is hiring in your neighborhood. Avoid long commutes and set your own course to success by applying today. We offer generous benefits, flexible work schedules and the ability to work today and get paid tomorrow. Responsible for assisting with all operational tasks within the store as delegated and assigned by the Store Manager with main foc","retail_ecommerce","high"
"1459","doordash","linkedin","14","Software Engineer II, iOS | Warehouse Associate - South Nashville | Warehouse Associate - Plano | Associate Manager, Convenience & Alcohol Partnerships | Strategic Account Development Executive, Bbot","About The Team The Outside Sales team has been the face of DoorDash to our merchant partners since our founding in 2013. Stationed locally, this team creates deep partnerships with the most coveted local and regional restaurants in any given geography. Our Outside Sales team is the revenue driving arm of DoorDash and ensures the growth of our SMB partnerships which help strengthen operations, acce","tech_software_internet","high"
"1460","dynamitegames","greenhouse","14","2D / Game Animator | Backend Developer | Backend Developer (ROR) | Business Analyst | Creative Lead – Marketing (iGaming Studio)","Who We Are: Dynamite Games is at the forefront of creating unparalleled gaming experiences for digital natives and the next generation of gamers. Our commitment to innovation and quality drives us to develop games that are not only visually stunning but also deeply engaging. Leveraging cutting-edge technology, we strive to deliver experiences that resonate with modern gamers, offering unique narra","gaming","high"
"1461","ebyte-technologies-inc","linkedin","14","IAM Architect | React/Node JS Devs with Azure Cloud Services | SAP Ariba Buyer QA Engineer | Dental Hygienist | Tax Account Manager","ResponsibilitiesDevelop and maintain financial applications.Assist with troubleshooting moderate to complex, multi-faceted issuesWork with clients to understand issues and help define technical requirements and ensure they are metThe individual must be self-managed Qualifications and Skills7+ years of relevant experience and a BA/BS degreeExperience in investment management , broker dealer, or wea","consulting_professional_services","high"
"1462","eckerd-connects","linkedin","14","Wraparound Program Assistant | Family Coach | Family Therapist - Hybrid | Medical Administrative Asst. (MAA) Instructor | Supportive Visitation Program Transporter - Hybrid","Working with us takes a certain kind of person; we want someone who identifies with our values and is willing to challenge themselves both personally and professionally. We seek employees who are passionate about serving and making a difference in the lives of others . Join our Team as a Family Coach in Rockledge, Florida! Make more than a Living, Make a Difference Our Benefits Low-Cost Medical, D","nonprofit","high"
"1463","edward-jones","linkedin","14","Financial Advisor - Escondido, CA - Market 28, Region 252 | Team Leader- Data Strategy | Financial Advisor - Houston, TX - Market 24, Region 212 | Financial Advisor | Branch Office Administrator","The freedom and flexibility of an entrepreneur. Backed by our vast resources. It's the best of both worlds. While Edward Jones' 18,000 financial advisors run their practices independently, they're far from alone. When you join Edward Jones, you're backed by a team of more than 4,000 experts at the home office. Ensuring you have tools and resources you need to provide tailored solutions to meet the","finance_banking","high"
"1464","electrolux-home-appliances-sdn-bhd","jobstreet","14","IT Manager - Technical Development & Integrations | Executive, Accounts Payable - China Region | Senior Executive, Record to Report (GL) | People Services & Solution Specialist | Product Manager | Digital Experience Platform","[Category: Accounting / Bookkeeping & Small Practice Accounting] Join us to develop your potential ​ At Electrolux, as a leading global appliance company, we strive every day to shape living for the better for our consumers, our people and our planet. We share ideas and perspectives so that together, we can develop solutions that deliver enjoyable and sustainable living. About the role: The Centra","consumer_brands","high"
"1465","elitetrax-marketing-sdn-bhd-harvey-norman","jobstreet","14","Payroll Specialist (Senior) | Health and Safety Manager | IT Executive | Internal Auditor - Executive / Senior Executive | Human Resources Executive","[Category: Accounting / Payroll] To verify and process payroll related claims such as Overtime, Attendance Allowance, KPI, Roadshow Allowance, and etc. in accurate and timely manner. To update and maintain employee’s attendance and leave records. Administer employee claims such as medical, dental, SOCSO and etc. Dissemination of pay slips to the staff on time. Provide assistance on payroll related","retail_ecommerce","high"
"1466","emidat","ashby","14","Sales Intern (Dutch Speaking) | Unsolicited Application | Entrepreneur in Residence - Education & Content Lead | Software Engineer, Climate Intelligence | Senior Software Engineer, Application Layer","👷🏻‍♀️ What we do 👷🏻‍♀️ At Emidat, we are building the first climate-native product management system for building material manufacturers. We aim to decarbonise building materials, making up 11% of global GHG emissions. We collect data from physical production processes, generate a digital product passport with verified environmental data and make it usable along the value chain. In short: One solu","tech_software_internet","high"
"1467","encore","linkedin","14","Customer Experience Coordinator Live Events- Signia by Hilton Bonnet Creek Orlan | Event Technician, Audio Visual (Part Time) - Hyatt Regency Buffalo Hotel & Confe | Event Operations Manager - InterContinental Chicago | Administrative Assistant, Audio Visual - New York Hilton Midtown | Event Technical Supervisor, Audio Visual - Fontainebleau Resort","Position Overview Responsible for performing rigging activities in a Hospitality or convention center environment while upholding safety and quality standards per all trade, Encore/property guidelines and SOP’s. Reports to Lead Rigger or Rigging Supervisor. Key Job Responsibilities Rigging Gather and organize all rigging tools and equipment per event needs. Confirm carpet protected as required by ","media_entertainment","high"
"1468","entefy","lever","14","Artificial Intelligence Leader (Remote Position) | Backend Engineer (Remote Position) | Data Scientist (Remote) | Full Stack Engineer (Remote Position) | Machine Learning Engineer (Remote Position)","Entefy’s vision is simplifying how people interact digitally. To make it happen, we’re seeking computer vision-aries. Our hyper-talented Product team is seeking a Machine Learning and AI expert with the skills to redefine how computers make sense of the visual world. In this role you will utilize the latest techniques in artificial intelligence and computer vision, working on confidential projects","tech_software_internet","high"
"1469","entegris-malaysia-sdn-bhd","jobstreet","14","Technician, Manufacturing Engineering | Setup Technician | Senior Systems Engineer (12 months contract) | Coordinator, Shared Services AP | Senior Engineer, Mechanical Design","[Category: Engineering / Mechanical Engineering] Position Purpose & Summary: Set-up of production equipment and molds, cycle in presses and instructing shift personnel in the operations of the equipment. All tasks are done under supervision. Primary Duties & Responsibilities: Set-up molds in presses, remove molds in presses. Start up and cycle production equipment, ensuring that equipment is prope","tech_hardware_semiconductors","high"
"1470","ether.fi","ashby","14","Foundation Manager | Senior Software Engineer - Backend | KYC Analyst – Ether.fi Cash Program | Customer Service Representative | Front End Engineer","About the Role: We're looking for a Security Engineer who is equally at home hardening a CI/CD pipeline, reviewing a change to the authentication system on the backend, and triaging a bug bounty submission before lunch.This is a hands-on, builder-first role — not a governance checkbox. You'll own security operations end-to-end, embedded directly into the engineering team and working closely with i","finance_fintech","high"
"1471","exelixis","linkedin","14","GU Field Based Marketing Director - Key Customer Team - Southeast | GU Field Based Marketing Director - Key Customer Team- Midwest | Senior Director and Counsel, Employment & Public Affairs | GI Field Based Marketing Director - Key Customer Team - Pacific NW | Sr Principal Scientist DMPK","Summary The Senior Principal Scientist works with a fast-paced team in drug Discovery and Development to provide scientific direction and strategy by being an expert in the design/interpretation of both in vitro and in vivo ADME experiments. The successful candidate will utilize their strong knowledge in ADME to equally partner with team members within medicinal chemistry, toxicology, pharmacology","healthcare_pharma_biotech","high"
"1472","featherlessai","ashby","14","Machine Learning Engineer — AI Architecture Research | Senior Software Engineer - API Gateway | Senior Full Stack Engineer | Machine Learning Engineer — Multilingual Data | Machine Learning Engineer — Training Optimization","About the Role Featherless.ai is building the world’s most reliable and comprehensive open-model inference platform — the infrastructure powering the next generation of AI creators, startups, and enterprises. Our serverless approach to inference unlocks the best GPU utilization in AI infrastructure. We're hiring a Senior Full-Stack Engineer to own the evolution of our user-facing platform — the mo","tech_software_internet","high"
"1473","fema","linkedin","14","Program Analyst | Emergency Management Specialist | Archeologist | Program Specialist | Supervisory Environmental Protection Specialist","Summary In this position, you will serve as an Archeologist for Region Six. This announcement is part of a Region Six Hiring Event. Learn more about this agency Help Duties What will I do in this position if hired? In this Archeologist position, you will serve as an Archeologist for Region Six. Typical assignments include: Reviewing and evaluating Mitigation and Recovery Division-Public Assistance","public_sector_government","high"
"1474","filigran","ashby","14","Customer Success Manager (Singapore) | Spontaneous Application | Channel Account Director - East Coast | Senior Software Engineer – OpenCTI | Senior Software Engineer (TypeScript and Python) - XTM One","🌀 The Company Filigran, founded in October 2022, stands out in the cybertech ecosystem for its commitment to revolutionizing cyber threat management with a proactive approach. Its mission is to develop innovative open-source solutions designed to anticipate cyber threats, identify security gaps, and strengthen organizational security posture. Filigran solutions are now trusted by over 6,000 public","tech_software_internet","high"
"1475","filson","greenhouse","14","Designer – Apparel & Accessories | Don't see what you are looking for? | Filson Retail Key Holder - Edina - PT | Filson Retail Key Holder - Naperville - PT | Filson Retail Key Holder - Silver Lake","ABOUT FILSON In 1897 C.C. Filson began outfitting prospectors headed for the Gold Rush with tools and apparel strong enough for the toughest spots on earth. More than 100 years later, Filson remains committed to providing pioneers of all fields around the world with unfailing goods made from the highest quality materials available. Filson recognizes that it takes a world-class team to make a world","consumer_brands","high"
"1476","finch-legal","ashby","14","Legal Intake Specialist (Bilingual - English/Spanish) | Case Manager | Demand Reviewer | Strategy & Operations, General | Legal Intake Specialist","About Finch We believe every American household deserves access to counsel in life’s biggest moments. At Finch, we’re building the infrastructure to make justice radically more accessible. Our modern approach to consumer law automates the admin work and puts clients first, starting with personal injury. In just over a year, we've grown 10x, raised a $20M Series A, and become the pre-litigation par","legal_services","high"
"1477","fireworkhq","lever","14","AI Livestream Specialist | AI Livestream Specialist (Middle East) | Deal Desk & Renewals Associate | Digital Showroom Host | Digital Showroom Host (German-speaking)","About Firework Join Firework – Where Innovation Meets Impact Firework is revolutionizing connected commerce with the world’s most advanced and largest AI-powered video commerce platform, trusted by global brands and leading retailers. We bring the energy of in-store experiences online, transforming how businesses engage, convert, and build lasting customer relationships. At Firework, you’ll be par","tech_software_internet","high"
"1478","fiscalnote","lever","14","Account Executive | Account Manager | Account Manager, Fireside | Analyst, SSA Strategic Insights Contractor | Central American and Caribbean Research Analyst Contractor","About The Position As a Senior Software Engineer, you will build and own complex, full-stack web app functionality while collaborating with other cross-functional R&D team members. This position will also mentor other engineers, provide technical guidance, perform code reviews, and deliver on projects end-to-end. You will be critical in guiding the trajectory of our flagship web application and a ","tech_software_internet","high"
"1479","flexton-inc","linkedin","14","Communications Specialist with Canva | Cloud Architect | Senior Data Analyst | Oracle RMS Project Manager | Sr. Data Analyst II (BI Associate)","Role: Sr. Product Manager-SEO/Traffic Optimization and ContentLocation: San Jose, CA (Hybrid)-3 Days Onsite Every WeekType: Long Term Contract-W2 About the Role: We are seeking a Sr. Product Manager with a focus on content as a traffic driver. This role will be responsible for defining and executing on our SEO Content strategy and roadmap. This person will ensure any content integrates within exis","consulting_professional_services","high"
"1480","florida-blue","linkedin","14","Business Process & Technical Consultant - Remote | Florida Blue, Consultant Ia - Business Support | IT Apprentice (Software Testing) | Sr Director Distribution Strategy | SIU Manager Fraud Investigation (Hybrid)","Job Summary The Telesales Business Analyst is responsible for providing 3rd party data insights and reporting to the Telesales leadership team and provide peer or leadership support as needed on existing projects. Analysts will understand pain points, identify gaps in channel performance, and execute process improvement initiatives to support increased sales conversion rates and improve member sat","finance_insurance","high"
"1481","forgebiologics","greenhouse","14","Associate Scientist II, MS&T | CSV Engineer I | GMP Technician I, Downstream | GMP Technician I, Upstream | Lab Coordinator","Forge Your Future with Us: At Forge Biologics, we believe in turning bold ideas into life-changing realities. Our mission is simple yet powerful: to enable access to life-changing gene therapies and help bring them from ideas into reality. We partner with scientists, physicians, biotech and pharma innovators, and patient communities — all united by one goal: improving lives. If you’re driven by pu","healthcare_pharma_biotech","high"
"1482","foundever","jobstreet","14","Urgent Hiring! Executive Assistant / Admin Generalist (BPO-Call Center) | IT On-site Engineer | Urgent Hiring! Recruitment Officer - Willing to start ASAP! | Urgent Hiring! HR Onboarding Compliance Specialist | Operations Manager | BPO Healthcare Account","[Category: Call Centre & Customer Service / Customer Service - Call Centre] Summary of Primary Job Responsibilities:  Evaluates and resolves product/medical complaints with a particular focus on eye-care and contact lenses worldwide per FDA/ISO requirements.  Monitors feedback activity using complaint handling system and SAP to provide complaint resolution and promote customer satisfaction.  Pr","consulting_professional_services","high"
"1483","fuseglobalpartners","greenhouse","14","Communications Specialist | Customer Solutions Associate | Future Opportunities at FuseGlobal | Inside Sales Representative | Lead SAP EWM Consultant","Title:&nbsp; Quality Specialist Location:&nbsp; Bridgewater, NJ Company:&nbsp; Fortune 100 Food &amp; Beverage Manufacturing&nbsp; (FuseGlobal has worked with this company for 20 years) Initial term:&nbsp; 12 months (position expected to run longer) Schedule: M-F 8am - 5pm About This Role: &nbsp; Guardian of Quality and Compliance by Design following the quality requirements and deliverables for F","consulting_professional_services","high"
"1484","general-medicine","ashby","14","Product Manager - Growth | Frontend Engineer (SF) | Full-Stack Engineer (SF) | Virtual Advanced Nurse Practitioners - 1099 | Mobile Engineer (SF)","Clinical Recruiter Who We Are General Medicine is a national, tech-enabled medical group delivering comprehensive adult care through telemedicine. Founded by the innovators behind PillPack (acquired by Amazon Health), our mission is to make accessing care as seamless as shopping online. We are an early-stage startup — we move fast, build with intention, and need team members excited to shape the f","healthcare_provider","medium"
"1485","generalist","ashby","14","Software Engineer: ML Robotics Systems | Research Scientist: Pretraining | Software Engineer: Product | Software Engineer: Infrastructure | Software Engineer: ML Infra","About the Role This is a deeply cross-functional, execution-oriented role at the center of our workplace operations. As an Office Manager , you will ensure that the physical office, vendors, systems, and employee experience all come together into a high-functioning, high-velocity environment. You won’t sit purely in admin, facilities, HR, or events — you will operate horizontally across all of the","tech_software_internet","high"
"1486","genetec-technology-berhad","jobstreet","14","Accounts Executive | Mechanical Design Engineer | General Manager- HR & Admin | HR & Admin Executive | Electrical Engineer","[Category: Manufacturing, Transport & Logistics / Warehousing, Storage & Distribution] Responsibilities: Inventory Management: Maintain accurate records of inventory levels. Monitor stock levels and reorder materials as needed. Conduct regular stock checks and reconcile discrepancies. Receiving and Dispatching: Receive incoming goods- Standard Parts (from suppliers) or Fabricated Parts (from sub-c","tech_software_internet","high"
"1487","getronics-solutions-malaysia-sdn-bhd","jobstreet","14","IT Service Desk Analyst - Spanish Speaker | Service Desk Analyst ( Fresh Graduates) | Head of ITIL Services | Technical Consultant - Network & Virtualization | L1 - English Speaker","[Category: Information & Communication Technology / Business/Systems Analysts] INTRODUCTION Global Technology and Infrastructure (GTI) is a global and agile team whose main job is to manage and secure the underlying infrastructure & technologies, powering the IT & Data platforms and workspaces. Our main responsibilities are: • Enable to operate through the delivery of always on, on demand and dyna","consulting_professional_services","high"
"1488","graviticsspace","lever","14","Aerospace Aluminum Welder (TIG) | Amazing Candidate | Chief Engineer – Spacecraft | Chief Engineer – Viper | Integration & Test Engineer","About Gravitics At Gravitics, we're not just exploring space—we're building it. We're creating the infrastructure for a thriving space economy, enabling humanity to flourish beyond Earth. Our vision is bold, but we're not just dreamers; we're doers. We design and manufacture the large-scale structures and systems that will power human and robotic activity in Earth orbit and beyond. If you're ready","defense_aerospace","high"
"1489","guardsquare","greenhouse","14","Account Executive – New Business (EMEA) | Backend Engineer (Golang) | Channel Development Executive – EMEA | DevRel Evangelist / Advocate | Front-End Engineer (React/TypeScript)","Summary Guardsquare is looking for Team Leads to join us in our Leuven office and lead one of our Leuven based iXGuard (C++/LLVM) or DexGuard (Java) teams. In this role you will be responsible for a team of about 5 to 7 software engineers working within an agile software development environment. The ideal candidate started their career technically and has a good understanding of software engineeri","tech_software_internet","high"
"1490","haast","ashby","14","Field Marketing Manager | Forward Deployed Engineer - Move to the US! | Founding Engineer (US) | Legal AI Implementation Strategist - Move to the US! | Strategy and Operations Associate","If building strong, strategic partnerships with the tech giants sounds like your kind of challenge, you're in the right place. Haast is one of the first enterprise-grade AI platforms for compliance and legal teams, already trusted by major regulated enterprises, VC-backed, and expanding fast in the US. We're looking for a Partnerships Manager to execute our US partnership strategy, driving adoptio","tech_software_internet","high"
"1491","harrisonst","lever","14","Administrative Assistant, Business Technology Group | Analyst, Content Specialist, Innovation | Assistant Vice President, Data Engineer | AVP, AI Engineer, Innovation | AVP/VP, Asset Management - Healthcare","Harrison Street Asset Management (""HSAM"") is a leading global alternative investment management firm focused on real estate, infrastructure, and credit strategies across North America and Europe. Headquartered in Chicago, Toronto, and London with offices across North America, Europe, Asia and the Middle East, the firm has over $108 billion in assets under management on behalf of institutional inve","finance_banking","high"
"1492","hawthorne-lane","linkedin","14","Front Desk Associate | Various Legal Administrative Opportunities in Global Law Firms, Boutique DC Prac | Legal Administrative Assistant | Program Manager | Events and Office Assistant","As the Program Manager for this non-profit, you will be responsible for driving program project deadlines, communication, and engagement across client and internal groups. As the Program Manager, you will handle scheduling, invoice and contract processing, and client certification requests from start to finish alongside project-based research. The ideal candidate will have excellent interpersonal ","consulting_professional_services","high"
"1493","healthverity","greenhouse","14","AI Staff Engineer (SW Engineer IV+) | Director, Real World Data Insights | Explore Future Opportunities: Submit Your Resume | GM, Media | Rebate Analyst","About HealthVerity HealthVerity is the leading infrastructure provider for identity, privacy, governance, and data exchange to pharma, insurers, and government. Our platform manages 250+ billion HIPAA-compliant transactions across 340 million Americans, with privacy-protecting identity resolution that is 10x more accurate than traditional methods, and is deployed at 250+ major pharma, insurance, a","tech_software_internet","high"
"1494","hfc-tech-sdn-bhd","jobstreet","14","Sourcing Executive | Human Resource Executive | Production Engineer | Senior Accountant (Mandarin Speaker) | Logistic Executive","[Category: Engineering / Industrial Engineering] The essentials of the role: Plan, manage, and oversee production operations. Design and implement cost-reducing changes. Develop and draft improved production processes. Maximize productivity of machinery and workers. Assess and analyze current production methods. Determine the equipment to be used and their placement within the facility. Adhere to ","manufacturing","medium"
"1495","hiddenlayer","greenhouse","14","AI Red Teamer | AI Solutions Architect- Post-Sales | AI Solutions Architect- Post-Sales (UK) | AI Solutions Architect- Pre-sales (UK) | Controller","Controller Remote [within the US] ABOUT THE ROLE: HiddenLayer is hiring a Controller to own accounting end-to-end as the finance function scales. You'll report to the CFO and build the close, controls, and systems a growing business runs on. If you've wanted to take a company through external audit, modernize the finance stack, and own accounting in a SaaS business at this stage — this is that rol","tech_software_internet","high"
"1496","hiya","ashby","14","Medior Backend Engineer, Enterprise Success | IT Automation Engineer | Director of Customer Success | Medior Backend Engineer, Partner Distribution Team | Senior Software Engineer","About Us At Hiya, we're making calls safe, useful, and human again. Voice is the most human form of communication, yet it's become one of the least trusted. Spam, scams, and AI manipulation have eroded what was once a simple way to connect. Hiya is changing that. Each month our AI voice technology analyzes 28+ billion calls, protecting over 550 million users and 800+ businesses worldwide. Partneri","tech_software_internet","high"
"1497","hobby-lobby","linkedin","14","Retail Associates | Assistant Manager | Mechanical Engineer | Floor Tech - Night Shift | Accounts Payable Inventory Clerk","Job Description - Overview Do you prefer a work environment that benefits from your ability to lift and stay physically active all day? We’re searching for qualified individuals who have the ability to remain physically active in a position that requires heavy lifting for loading trucks. We’re looking for individuals who demonstrate a strong work ethic and able to get the job done in a timely mann","retail_ecommerce","high"
"1498","hyliion","greenhouse","14","Advanced Engineer, Materials Science | Director, Operations Program Management | Field Service Technician (Electrical/Mechanical) | Manager, Electrical Engineering | Manager, Stator Assembly","Hyliion is committed to creating innovative solutions that enable clean,&nbsp;flexible and affordable electricity production. The&nbsp;Company’s primary focus is to develop distributed&nbsp;power generators that can operate on various fuel&nbsp;sources to future-proof against an ever-changing&nbsp;energy economy. Job Purpose The Mechanical Designer supports the design and development of complex en","automotive","high"
"1499","ingram-micro","linkedin","14","ASRS Maintenance Technician II - 3rd shift - $2000 signing bonus | Sr. Principal, Enterprise Architecture | ASRS Maintenance Technician III - 3rd shift - $5K signing bonus | Sales Operation Specialist ( 6 months contract) | Operational Process Excellence Professional","Position Summary: Prioritize and schedule computer operations and workflow so processing equipment and other IT resources are used to their full capacity. Analyze production, maintenance, and malfunction records to identify problems and recommend solutions (e.g., changes to procedures, workflow, or equipment) to improve performance and increase the capacity. Research, evaluate, and recommend equip","retail_ecommerce","high"
"1500","inkitt","lever","14","Chief of Staff to the CEO | Creative Strategist | Editorial Operations Associate | People and Office Coordinator | Principal Product Manager, Growth","Inkitt is building the Disney of the 21st Century, standing at the forefront of technology and entertainment. Leveraging AI and predictive algorithms, Inkitt discovers unknown stories and turns them into blockbuster hits, producing a new $1M ebook every 4 weeks and selling directly to consumers through its Galatea app. Inkitt has become the 11th most bestseller-generating publisher in the world, b","media_entertainment","high"
