slug,industry,confidence
newrelic,tech_software_internet,high
togetherai,tech_software_internet,high
samsungsemiconductor,tech_hardware_semiconductors,high
podium81,tech_software_internet,high
duolingo,tech_software_internet,high
comstock,real_estate_construction,medium
garnerhealth,healthcare_provider,high
brainlabs,media_entertainment,high
confluent,tech_software_internet,high
elliptic,tech_software_internet,high
rehire,consulting_professional_services,low
permitflow,tech_software_internet,high
pivotal,defense_aerospace,medium
redwoodcu,finance_banking,high
discovery-senior-living,healthcare_provider,high
laskoproducts,consumer_brands,high
arch.co,finance_fintech,medium
texasairsystems,real_estate_construction,medium
nirvana-asia-group,other,medium
a3c41b8b71eff8c4,tech_software_internet,low
align,tech_software_internet,low
assured,finance_insurance,medium
matx,tech_hardware_semiconductors,high
synergyecp,defense_aerospace,medium
atkore,manufacturing,high
calendly,tech_software_internet,high
connectedcannabis,consumer_brands,high
flowtraders,finance_fintech,high
sage-it,consulting_professional_services,high
sully-ai,tech_software_internet,high
nozominetworks,tech_software_internet,high
omadahealth,healthcare_provider,high
siftstack,tech_software_internet,high
comfy-org,tech_software_internet,high
example,other,low
learning-care-group,education_k12,high
luxoft-malaysia-sdn-bhd,consulting_professional_services,high
numeral,finance_fintech,medium
pagayais,finance_fintech,high
particle41llc,consulting_professional_services,medium
warisan-tc-holdings-bhd,automotive,medium
blackbird-labs-inc,hospitality_food_service,medium
datatonic,consulting_professional_services,high
genezenlabs,healthcare_pharma_biotech,high
quartermaster,defense_aerospace,medium
deepl,tech_software_internet,high
gallagher,finance_insurance,high
gradial,tech_software_internet,high
insurify,finance_insurance,high
merklescience,tech_software_internet,high
nirvana-kl-berhad,other,medium
ziprecruiter,tech_software_internet,high
bravo,real_estate_construction,medium
charliehealthepd,healthcare_provider,high
confidencial,other,low
dabsinc,healthcare_provider,high
firecrawl,tech_software_internet,high
givecampus,tech_software_internet,high
lvi-associates,consulting_professional_services,high
away,consumer_brands,high
bubble,tech_software_internet,high
doppel,tech_software_internet,high
doximity,tech_software_internet,high
granola,tech_software_internet,high
hackajob,tech_software_internet,high
inspire11,consulting_professional_services,high
junior,tech_software_internet,medium
maybern,finance_fintech,medium
mudflap,transportation_logistics,medium
optima-bio-supply-ltd,other,low
porter-group,consulting_professional_services,high
reflow,tech_software_internet,medium
rock-maestro-sdn-bhd,real_estate_construction,medium
biggie,media_entertainment,medium
lightfield,tech_software_internet,high
securityscorecard,tech_software_internet,high
4lu44n1n37w012k,media_entertainment,low
adventhealth,healthcare_provider,high
auviknetworks,tech_software_internet,high
berjaya-corporation-berhad,other,medium
bloomerang,tech_software_internet,high
infisical,tech_software_internet,high
insightassurance,consulting_professional_services,high
insulet-malaysia,healthcare_devices,high
integrators.cz,consulting_professional_services,high
intellyk-inc,consulting_professional_services,high
intropic,finance_fintech,medium
isn,tech_software_internet,high
kitware,tech_software_internet,high
kizen,consulting_professional_services,medium
koho,finance_fintech,high
latamcent,consulting_professional_services,high
lazer,consulting_professional_services,medium
lemon-markets,finance_fintech,high
lhvuk,finance_banking,high
liatrio,consulting_professional_services,high
lightspeeddms,tech_software_internet,medium
lincare,healthcare_provider,high
liquidiv,consumer_brands,high
lokainc,consulting_professional_services,medium
longwall,defense_aerospace,low
manaycpa.com,consulting_professional_services,high
maneuver-marketing,media_entertainment,high
martellgrowthsolutions,consulting_professional_services,medium
maven-agi,tech_software_internet,high
maxonic,consulting_professional_services,high
maybellquantum,tech_hardware_semiconductors,medium
microventures,finance_fintech,high
miopartners,consulting_professional_services,medium
momenti-inc,tech_software_internet,high
moneyboxapp,finance_fintech,high
myedspacecareers,education_k12,high
n1,tech_software_internet,medium
national-general,finance_insurance,high
nebraska-medicine,healthcare_provider,high
neteasegames,gaming,high
noahmedical,healthcare_devices,high
nolato-malaysia-sdn-bhd,manufacturing,high
nova401,finance_fintech,medium
octanelending,finance_fintech,high
odoo,tech_software_internet,high
ola-technologies-sdn-bhd,consulting_professional_services,low
outside,media_entertainment,high
pacvue,tech_software_internet,high
paradies-lagard-re,retail_ecommerce,medium
pavebank,finance_banking,high
pdtpartners,finance_fintech,high
percona,tech_software_internet,high
personalizedbeautydiscoveryincdbaipsy,consumer_brands,medium
pilot-flying-j,hospitality_food_service,high
prezzee,tech_software_internet,high
prodigal,tech_software_internet,high
prorecruiters,consulting_professional_services,high
publicis-sapient,consulting_professional_services,high
pylon,finance_fintech,medium
qventus,tech_software_internet,high
rackner,defense_aerospace,high
redoxengine,tech_software_internet,high
regrello,tech_software_internet,high
remofirst,tech_software_internet,high
rentokil-pest-control-north-america,other,medium
rescale,tech_software_internet,high
rimestechnologies,tech_software_internet,high
riverdale,education_k12,high
rxr,real_estate_construction,high
sandboxaq,tech_software_internet,high
satoshilabs,tech_software_internet,high
segula-technologies,defense_aerospace,high
sharp-decisions,consulting_professional_services,high
sibitalent-corp,consulting_professional_services,high
slb,energy_utilities,high
smithsonian-institution,public_sector_government,high
smx,defense_aerospace,high
social-capital-resources,consulting_professional_services,high
softcom-systems-inc,consulting_professional_services,high
solugenix,consulting_professional_services,high
sparksoftcorporation,defense_aerospace,medium
stampede-solution-sdn-bhd-volare,consulting_professional_services,low
steelpointsolutions,defense_aerospace,medium
stifel-financial-corp,finance_banking,high
strategic-growth-partners,defense_aerospace,low
super,tech_software_internet,low
tala,finance_fintech,high
taxreliefadvocates,legal_services,medium
testlio,tech_software_internet,high
the-british-international-school-of-kuala-lumpur-sdn-bhd,education_k12,high
themuseumofscience,nonprofit,high
tractor-supply-company,retail_ecommerce,high
traegergrills,consumer_brands,high
transcosmos-malaysia-sdn-bhd,consulting_professional_services,high
trueml,finance_fintech,high
united-software-group-inc,consulting_professional_services,high
unknown-company,other,low
upshop,tech_software_internet,high
vallen-usa,manufacturing,medium
vcluster,tech_software_internet,high
versapay,finance_fintech,high
viewpoint-research-corporation-sdn-bhd,consulting_professional_services,medium
virtual-network-solutions-sdn-bhd,consulting_professional_services,high
wahed.com,finance_fintech,high
walkermillerenergy,energy_utilities,high
wayne-sanderson-farms,agriculture_food_production,high
wealthfront,finance_fintech,high
wepclinical,healthcare_provider,high
west-shore-home,real_estate_construction,high
wex,finance_fintech,high
wolvgroup,real_estate_construction,high
worldklang-group-development-sdn-bhd,real_estate_construction,high
yulon-capital-sdn-bhd,finance_fintech,medium
zobility,consulting_professional_services,medium
zyphra,tech_software_internet,high
access,tech_software_internet,low
activesoft-inc,consulting_professional_services,high
adaptivebiotechnologies,healthcare_pharma_biotech,high
affinidi,tech_software_internet,high
agiloft,tech_software_internet,high
airalo,tech_software_internet,high
aiwyn,tech_software_internet,high
al-rajhi-banking-investment-corporation-malaysia-bhd,finance_banking,high
alcazar-energy,energy_utilities,high
american-electric-power,energy_utilities,high
arago,tech_hardware_semiconductors,high
arootah,consulting_professional_services,high
asml,tech_hardware_semiconductors,high
assa-abloy-group,manufacturing,high
autowell-malaysia-sdn-bhd,manufacturing,medium
balchem-corporation,manufacturing,high
beedie,real_estate_construction,high
best-eternity-recycle-technology-sdn-bhd,manufacturing,medium
bestow,finance_insurance,high
bigosmanagement,real_estate_construction,high
bitmex,finance_fintech,high
bluecubeservices,tech_software_internet,low
bmg-talent-concierge-plus-sdn-bhd,consulting_professional_services,high
boku,finance_fintech,high
bombas,consumer_brands,high
boston-consulting-group-bcg,consulting_professional_services,high
bounce,tech_software_internet,medium
brightview-landscapes,real_estate_construction,high
buildkite,tech_software_internet,high
bureau,tech_software_internet,high
bvnk,finance_fintech,high
cambiumnetworks,telecommunications,high
caseguard,tech_software_internet,high
catalent-pharma-solutions,healthcare_pharma_biotech,high
central-garden-pet,consumer_brands,high
charge-robotics,tech_hardware_semiconductors,medium
cherry-bekaert,consulting_professional_services,high
choreo,finance_fintech,high
cic,real_estate_construction,medium
cla-cliftonlarsonallen,consulting_professional_services,high
claimsorted,finance_insurance,high
clasp-group,tech_software_internet,medium
clenera,energy_utilities,high
clintonfoundation,nonprofit,high
convergentresearch,healthcare_pharma_biotech,medium
cordance,tech_software_internet,high
corti,tech_software_internet,high
cprime,consulting_professional_services,high
cuesta-partners,consulting_professional_services,high
darkroom,media_entertainment,high
deepintent,media_entertainment,high
delphint-operation-sdn-bhd,consulting_professional_services,low
delta-air-lines,transportation_logistics,high
deposco,tech_software_internet,high
designedconveyorsystems,manufacturing,high
doctronic,healthcare_provider,medium
dreams-language-academy,education_k12,medium
dynamiccatholic,nonprofit,high
edwards-lifesciences,healthcare_devices,high
elicit,tech_software_internet,high
elwyn,healthcare_provider,high
endless-trading-sdn-bhd,consulting_professional_services,low
engtal,consulting_professional_services,high
equifax,finance_fintech,high
exact-sciences,healthcare_pharma_biotech,high
exarca-inc,consulting_professional_services,high
expedia-group,tech_software_internet,high
ferrellgas,energy_utilities,high
fladger-associates,healthcare_pharma_biotech,high
foxitsoftware,tech_software_internet,high
freedomsolarpower,energy_utilities,high
ftmo,finance_fintech,high
galvany,tech_software_internet,medium
genpact,consulting_professional_services,high
greywolf-networks-sdn-bhd,consulting_professional_services,medium
gulfstream-aerospace,defense_aerospace,high
guocoland-malaysia-berhad,real_estate_construction,high
habib-group,other,low
handal-indah-sdn-bhd,transportation_logistics,high
hike-medical,healthcare_devices,medium
hivehealth,healthcare_provider,medium
honor-technology-malaysia-shd-bhd,tech_hardware_semiconductors,high
hy-vee-inc,retail_ecommerce,high
idexcel,consulting_professional_services,high
incompleteness-theorem-sdn-bhd,tech_software_internet,low
infinitus,tech_software_internet,high
intelek-talent-solutions-sdn-bhd,consulting_professional_services,high
intus,healthcare_provider,medium
invgate,tech_software_internet,high
it-resource-hunter,consulting_professional_services,high
jabil-circuit-sdn-bhd,manufacturing,high
joey-yap-research-international,other,low
john-deere,manufacturing,high
kara-marketing-m-sdn-bhd,media_entertainment,low
kerry-malaysia,agriculture_food_production,high
kodiaksolutions,healthcare_provider,high
krg-technologies-inc,consulting_professional_services,high
kyyba-inc,consulting_professional_services,high
learnupon,tech_software_internet,high
levitate,tech_software_internet,high
lightedge,tech_software_internet,high
lightning,tech_software_internet,high
lucasmuseum,nonprofit,high
mass-rapid-transit-corporation-sdn-bhd,transportation_logistics,high
mastec-communications-group,telecommunications,high
mavenclinicproviders,healthcare_provider,high
maximus,public_sector_government,high
mcdonald-s,hospitality_food_service,high
mercura,tech_software_internet,high
michigan-medicine,healthcare_provider,high
minconsult-sdn-bhd,consulting_professional_services,high
miniso-winky-m-sdn-bhd,retail_ecommerce,medium
miter,tech_software_internet,high
mizzenandmain,consumer_brands,high
mntn,media_entertainment,high
mobius,defense_aerospace,high
modernhealth,healthcare_provider,high
morgan-stanley,finance_banking,high
msrcosmos-llc,consulting_professional_services,high
mufg,finance_banking,high
naughtydog,gaming,high
neiman-marcus-group,retail_ecommerce,high
nets,consulting_professional_services,medium
nve,media_entertainment,high
okaya-infocom,consulting_professional_services,high
oligo,defense_aerospace,high
olo,tech_software_internet,high
om-materials-sarawak-sdn-bhd,manufacturing,high
omni-logistics-malaysia-sdn-bhd,transportation_logistics,high
openx,media_entertainment,high
orkin,other,medium
ormond-group-sdn-bhd,hospitality_food_service,medium
osmo,consumer_brands,medium
oulahealth,healthcare_provider,high
ownwell,real_estate_construction,high
oyster,tech_software_internet,high
paidyinc,finance_fintech,high
papa-johns,hospitality_food_service,high
paramount,media_entertainment,high
parsebiosciences,healthcare_pharma_biotech,high
paystand,finance_fintech,high
pearson,education_higher,high
pekat-group-of-companies,energy_utilities,high
percetakan-nasional-malaysia-berhad,public_sector_government,medium
placemakr,hospitality_food_service,high
polyai,tech_software_internet,high
poppulo,tech_software_internet,high
power-design-inc,real_estate_construction,high
ppfa,nonprofit,high
ppgny,healthcare_provider,high
pultegroup,real_estate_construction,high
rce-capital-berhad,finance_fintech,medium
redpine,tech_software_internet,medium
regent,other,low
remilia,tech_software_internet,medium
renaissancelearning-nam,education_k12,high
rfsmart,tech_software_internet,high
robert-walters,consulting_professional_services,high
rolandfoodsllc,agriculture_food_production,high
rovio-2,gaming,high
safebuilt,public_sector_government,high
sait,education_higher,high
samaritas,nonprofit,high
sandboxvr,media_entertainment,high
sequoia,consulting_professional_services,high
shelf,tech_software_internet,high
shopltk,media_entertainment,high
shui-xing-ventures-sdn-bhd,real_estate_construction,medium
siemens-energy,energy_utilities,high
silverlake-axis-sdn-bhd,tech_software_internet,high
software-international-corporation-m-sdn-bhd,consulting_professional_services,medium
sonatype,tech_software_internet,high
southern-california-edison-sce,energy_utilities,high
southern-company,energy_utilities,high
sparrow,tech_software_internet,medium
sprymethods,defense_aerospace,medium
srg-asia-pacific-sdn-bhd,consulting_professional_services,high
state-farm,finance_insurance,high
stateaffairs,media_entertainment,medium
stellic,tech_software_internet,high
storehub-sdn-bhd,tech_software_internet,high
stratainformationgroup,consulting_professional_services,high
stv,consulting_professional_services,high
supermetricsoy,tech_software_internet,high
syndio,tech_software_internet,high
taskrabbit,tech_software_internet,high
teamworks,tech_software_internet,high
technology-one-limited,tech_software_internet,high
tekshapers,consulting_professional_services,high
texchem-corporation-sdn-bhd,manufacturing,medium
textnow,telecommunications,high
the-exchange,retail_ecommerce,high
toradex,tech_hardware_semiconductors,high
toshiba-tec-malaysia-sdn-bhd,tech_hardware_semiconductors,high
townsquareignite,media_entertainment,high
trader2u-sdn-bhd,other,low
transcarent,healthcare_provider,high
tripalink,real_estate_construction,high
true-food-kitchen,hospitality_food_service,high
trust-wallet,finance_fintech,high
turnkey,tech_software_internet,low
udacity,education_higher,high
unitek-learning,education_higher,high
valiantys,consulting_professional_services,high
vbeyond-corporation,consulting_professional_services,high
viseai,tech_software_internet,high
vivid-telecommunication-sdn-bhd,telecommunications,medium
vori,tech_software_internet,high
vyze-inc,consulting_professional_services,high
waterco-far-east-sdn-bhd,manufacturing,medium
wayflyer,finance_fintech,high
websummit,media_entertainment,high
westat,consulting_professional_services,high
weststar-aviation-services-sdn-bhd,defense_aerospace,high
wood,energy_utilities,high
zeal-network,tech_software_internet,high
zoetis,healthcare_pharma_biotech,high
zurich-north-america,finance_insurance,high
540,defense_aerospace,medium
7shifts,tech_software_internet,high
9-mothers,tech_hardware_semiconductors,medium
Cirrus Systems,tech_hardware_semiconductors,medium
MissionWired,media_entertainment,medium
Resilience Care,healthcare_provider,medium
abbott-laboratories-malaysia-sdn-bhd,healthcare_pharma_biotech,high
actblue,nonprofit,high
adamsstreetpartners,finance_fintech,high
adverum,healthcare_pharma_biotech,high
aechelontechnology,defense_aerospace,high
agwestfarmcredit,finance_banking,high
aha,tech_software_internet,high
ahmad-zaki-resources-berhad,real_estate_construction,high
alliance-contract-manufacturing-sdn-bhd,manufacturing,high
alliedbeverage,consumer_brands,medium
alt,retail_ecommerce,medium
amperos,tech_software_internet,high
ann-joo-steel-berhad,manufacturing,high
anydesk,tech_software_internet,high
apolis,consulting_professional_services,high
arenaclub,retail_ecommerce,medium
arevonenergyimpltest,energy_utilities,high
aro.homes,real_estate_construction,high
artemis,tech_software_internet,low
asg,tech_software_internet,high
atek,defense_aerospace,medium
ati,manufacturing,high
atticus,legal_services,high
auctor,tech_software_internet,medium
audibenehearcom,healthcare_devices,high
autoproff,automotive,medium
bar-council-malaysia,legal_services,high
benevity,tech_software_internet,high
bio-harvest-sdn-bhd,agriculture_food_production,medium
bishopfox,tech_software_internet,high
blain-s-farm-fleet-blain-supply-inc,retail_ecommerce,high
blend,tech_software_internet,high
bluestarfamilies,nonprofit,high
boom,tech_software_internet,low
bowman-williams,consulting_professional_services,high
braskem,manufacturing,high
calculated-hire,consulting_professional_services,high
cantor-fitzgerald,finance_banking,high
capgemini,consulting_professional_services,high
capstoneinvestmentadvisors,finance_fintech,high
carro,automotive,high
centivo,finance_insurance,high
chagee-m-sdn-bhd,hospitality_food_service,high
chanzuckerberginitiative,nonprofit,high
china-railway-engineering-corporation-m-sdn-bhd,real_estate_construction,high
cleveland-cliffs,manufacturing,high
coinflow,finance_fintech,high
column,finance_banking,high
compa,tech_software_internet,high
concourse,finance_fintech,high
coopersurgical,healthcare_devices,high
criminaljusticeagency,nonprofit,high
crosslaketech,consulting_professional_services,high
cy-plastic-recycling-sdn-bhd,manufacturing,medium
cybret,tech_software_internet,medium
cytora.com,tech_software_internet,high
dailywire,media_entertainment,high
danfoss,manufacturing,high
danone-dumex-m-sdn-bhd,consumer_brands,high
datasystemsanalystsinc,defense_aerospace,high
decisions,tech_software_internet,high
deliveryassociates,consulting_professional_services,high
destination-by-hyatt,hospitality_food_service,high
devtechnology,consulting_professional_services,high
digitalai,tech_software_internet,high
drsquatch,consumer_brands,high
ebenezer,healthcare_provider,high
educated-solutions-corp,consulting_professional_services,high
educationatwork,education_higher,high
elitez-pte-ltd,consulting_professional_services,high
emax-beaut-international-sdn-bhd,consumer_brands,medium
entersekt,tech_software_internet,high
envisionconsulting,nonprofit,high
esthetics-international-group-berhad,consumer_brands,high
everpass,tech_software_internet,high
fairmarkit,tech_software_internet,high
fanatee,gaming,high
fasttek-global,consulting_professional_services,high
fellow,consumer_brands,high
ferrotec-manufacturing-malaysia-sdn-bhd,manufacturing,high
ffm-berhad,agriculture_food_production,high
fi,tech_software_internet,medium
figure,finance_fintech,high
fiveringsllc,finance_fintech,high
flowcode,tech_software_internet,high
foodsmart,healthcare_provider,high
foresite-labs-fl2024-006,tech_hardware_semiconductors,medium
fortisgames,gaming,high
forum-ventures,finance_fintech,medium
fosphamarketing,tech_software_internet,high
frontify,tech_software_internet,high
fujifilm-business-innovation-asia-pacific-pte-ltd-malaysia-operations,tech_hardware_semiconductors,medium
galderma,healthcare_pharma_biotech,high
genuine-search-group,consulting_professional_services,high
givewell,nonprofit,high
gravisrobotics,manufacturing,medium
graymatter-robotics,manufacturing,medium
gridmatic,energy_utilities,high
growe,gaming,medium
gt-max-construction-sdn-bhd,real_estate_construction,high
haydenai,tech_software_internet,high
heath-consultants-incorporated,energy_utilities,high
hirewell,consulting_professional_services,high
hivemq,tech_software_internet,high
honeybook,tech_software_internet,high
horizontal-talent,consulting_professional_services,high
human,tech_software_internet,high
hydrogen-group,consulting_professional_services,high
ians,consulting_professional_services,high
innovid,media_entertainment,high
insight,consulting_professional_services,high
intrafi,finance_banking,high
ioi-city-mall,real_estate_construction,high
ioi-properties-group-southern,real_estate_construction,high
january,finance_fintech,high
kellymitchell-group,consulting_professional_services,high
kwang-tai-air-cond-refrigeration-equipment-sdn-bhd,real_estate_construction,medium
launchpotato,media_entertainment,medium
lavender-confectionery-bakery-sdn-bhd,agriculture_food_production,high
lbs-bina-group-berhad,real_estate_construction,high
leagueinc,tech_software_internet,high
leap,tech_software_internet,medium
lennar,real_estate_construction,high
levelup,consulting_professional_services,medium
lexisnexis-risk-solutions,tech_software_internet,high
litmos,tech_software_internet,high
london-approach,consulting_professional_services,high
lorven-technologies-inc,consulting_professional_services,high
lumicity,consulting_professional_services,high
magellan-financial-insurance-services-inc,finance_insurance,high
malaysia-steel-works-kl-bhd,manufacturing,high
mattel-malaysia-sdn-bhd,consumer_brands,high
mb-automation-malaysia-sdn-bhd,manufacturing,medium
memorial-sloan-kettering-cancer-center,healthcare_provider,high
metasys-technologies-inc,consulting_professional_services,high
mgb-berhad,real_estate_construction,medium
mhc-asia-group,finance_insurance,high
mimica,tech_software_internet,high
mims-medica-sdn-bhd,media_entertainment,medium
mineralystherapeutics,healthcare_pharma_biotech,high
minio,tech_software_internet,high
mintel,consulting_professional_services,high
mirakllabs,tech_software_internet,high
mixtiles,consumer_brands,high
moore,consulting_professional_services,high
mxm-international-sdn-bhd,consulting_professional_services,low
nascompany,media_entertainment,medium
nd-paper-malaysia-selangor-sdn-bhd,manufacturing,high
niro-ceramic-m-sdn-bhd,manufacturing,high
o2epcminc,real_estate_construction,high
offchainlabs,finance_fintech,high
okendo,tech_software_internet,high
omniscient,media_entertainment,medium
oneimaging,healthcare_provider,high
opusclip,tech_software_internet,high
orbitalindustries,tech_hardware_semiconductors,medium
ossiumhealth,healthcare_pharma_biotech,high
otrcapital1,transportation_logistics,high
outsourcedstaff,consulting_professional_services,high
outtake,tech_software_internet,medium
owens-minor,healthcare_devices,high
pallet,tech_software_internet,high
pape-dawson-engineers,consulting_professional_services,high
park-hyatt,hospitality_food_service,high
paycom,tech_software_internet,high
paycor,tech_software_internet,high
percepta,tech_software_internet,high
perionnetworkltd,media_entertainment,high
petrosains-sdn-bhd,nonprofit,medium
pexa,tech_software_internet,high
phillip-capital-group,finance_banking,high
pilothq,consulting_professional_services,high
pinnacle-partners-inc,consulting_professional_services,high
planworth-global-factoring-sdn-bhd,finance_fintech,high
plenti,finance_fintech,high
pne-electric-sdn-bhd,manufacturing,high
posh,tech_software_internet,high
pplm,healthcare_provider,high
precision-control-sdn-bhd,manufacturing,medium
pregis,manufacturing,high
pri-technology,consulting_professional_services,high
profluent,healthcare_pharma_biotech,high
qorvo-inc,tech_hardware_semiconductors,high
qualified,tech_software_internet,high
quantifind,tech_software_internet,high
r-e-a-l-education-group-sdn-bhd,education_k12,high
radley-james,consulting_professional_services,high
ramssol-group,consulting_professional_services,medium
red6,defense_aerospace,high
regalvoice,tech_software_internet,high
regeneron,healthcare_pharma_biotech,high
regionalcenteroftheeastbay,nonprofit,high
remotetcx,telecommunications,medium
renewedvision,tech_software_internet,high
resmed-malaysia-sdn-bhd,healthcare_devices,high
rite-of-passage,nonprofit,high
rtwinvestments,finance_fintech,high
rumble,media_entertainment,high
salutica-allied-solutions-sdn-bhd,manufacturing,high
samtec-asia-pacific-m-sdn-bhd,tech_hardware_semiconductors,high
sanabiotech,healthcare_pharma_biotech,high
sarawak-information-systems-sdn-bhd,consulting_professional_services,high
scandit,tech_software_internet,high
schreiber-foods,agriculture_food_production,high
seattlesoundersfc,media_entertainment,high
securities-and-exchange-commission,public_sector_government,high
select-source-international,consulting_professional_services,high
servicerocket,consulting_professional_services,high
sika,manufacturing,high
silnahealth.com,healthcare_provider,high
sky-zone,media_entertainment,high
sns-network-m-sdn-bhd,tech_software_internet,medium
software-technology-inc,consulting_professional_services,high
spanco-sdn-bhd,other,low
spark-foundry,media_entertainment,high
sphere,tech_software_internet,medium
spotandtango,consumer_brands,high
spritzer-bhd,consumer_brands,high
ssf-sdn-bhd,retail_ecommerce,medium
staidlogic,consulting_professional_services,high
stealth-healthtech-startup,healthcare_provider,medium
stedi,healthcare_provider,high
stylus-asia-sdn-bhd,consulting_professional_services,medium
sugarcrm,tech_software_internet,high
sunway-lagoon-sdn-bhd,media_entertainment,high
sysmind,consulting_professional_services,high
talkspace,healthcare_provider,high
techstar-group,consulting_professional_services,high
tecsa-software-services-sdn-bhd,consulting_professional_services,high
telli,tech_software_internet,medium
the-andersons-inc,agriculture_food_production,high
the-y-ymca,nonprofit,high
titan,finance_fintech,high
tollesonwealthmanagement,finance_fintech,high
treasury-departmental-offices,public_sector_government,high
trimark-usa,hospitality_food_service,high
trinitylogistics,transportation_logistics,high
uei,manufacturing,medium
uniqlo-malaysia-sdn-bhd,retail_ecommerce,high
univision,media_entertainment,high
upscale-sdn-bhd,other,low
utz-brands-inc,consumer_brands,high
valeriehealth,healthcare_provider,high
veritas-steel-llc,manufacturing,high
volvo-group,automotive,high
walgreens,retail_ecommerce,high
wallapop,tech_software_internet,high
warner-bros-discovery,media_entertainment,high
wealth-com,finance_fintech,high
wetravel,tech_software_internet,high
wheel,healthcare_provider,high
winton,finance_fintech,high
world-view-enterprises-inc.,defense_aerospace,high
worldlabs,tech_software_internet,high
x-fab-sarawak-sdn-bhd,tech_hardware_semiconductors,high
xtxmarketstechnologies,finance_fintech,high
yepoda,consumer_brands,high
zafinlabsamericasinc,tech_software_internet,high
zencore,consulting_professional_services,high
zenjob,consulting_professional_services,high
zimmer-biomet,healthcare_devices,high
zoro,retail_ecommerce,high
3imembers,finance_fintech,medium
4dmoleculartherapeutics,healthcare_pharma_biotech,high
51talk-training-sdn-bhd,education_k12,high
LuminDigital,tech_software_internet,high
a-look-eyewear-sdn-bhd,retail_ecommerce,high
abm-industries,real_estate_construction,high
activ8-recruitment-solutions,consulting_professional_services,high
adient,automotive,high
advance-borneo-engineering-sdn-bhd,manufacturing,medium
advantage-solutions,consulting_professional_services,high
agemark-senior-living,healthcare_provider,high
agent,tech_software_internet,medium
air-products,manufacturing,high
allyon-inc,defense_aerospace,medium
alternativepayments,finance_fintech,high
american-express-international-inc,finance_fintech,high
ampcus-inc,consulting_professional_services,high
anagram,finance_fintech,high
aperiatechnologies,manufacturing,high
arcosa-inc,manufacturing,high
armstrong-electronics-sdn-bhd,manufacturing,high
artisan,tech_software_internet,high
ase-electronics-m-sdn-bhd,tech_hardware_semiconductors,high
autodesk,tech_software_internet,high
awardco,tech_software_internet,high
axventure-sdn-bhd,real_estate_construction,medium
battelle,defense_aerospace,high
bausch-lomb,healthcare_devices,high
bayasystems,tech_hardware_semiconductors,high
bellroy,consumer_brands,high
benepass,finance_insurance,high
berean-group-international-inc,consulting_professional_services,high
bio,healthcare_pharma_biotech,high
bitmovin,tech_software_internet,high
blab,tech_software_internet,medium
blacklane,transportation_logistics,high
blacksmith,tech_software_internet,medium
blue-energy,energy_utilities,high
bluecurrent,manufacturing,medium
bluerivertech,tech_hardware_semiconductors,high
bluevineus,finance_fintech,high
bobbie,consumer_brands,high
bonia-corporation-berhad,retail_ecommerce,high
bowman-consulting,consulting_professional_services,high
brennan,manufacturing,medium
cafortune,consulting_professional_services,medium
cahya-mata-sarawak-management-services-sdn-bhd,manufacturing,medium
capitalfarmcredit,finance_banking,high
carlisle-construction-materials,manufacturing,high
carsem-m-sdn-bhd,tech_hardware_semiconductors,high
cbts,tech_software_internet,high
cedar-fair-entertainment-company,media_entertainment,high
celcomdigi,telecommunications,high
cenviro-sdn-bhd,energy_utilities,medium
chartbeatinc,tech_software_internet,high
chownow,tech_software_internet,high
clockworksystems,tech_software_internet,high
cloudious-llc,consulting_professional_services,high
cna-insurance,finance_insurance,high
coalition,finance_insurance,high
compass-connections,nonprofit,high
connerstrongbuckelew,finance_insurance,high
constellis,defense_aerospace,high
corelogic,tech_software_internet,high
cority,tech_software_internet,high
cradlebio,healthcare_pharma_biotech,high
crate-and-barrel,retail_ecommerce,high
crumbl,hospitality_food_service,high
cytiva,healthcare_pharma_biotech,high
cytokinetics,healthcare_pharma_biotech,high
dataannotation,tech_software_internet,high
dentsu-malaysia-sdn-bhd,media_entertainment,high
devino-international-consultancy-pte-ltd,consulting_professional_services,medium
diasorin,healthcare_devices,high
disk-precision-industries-m-sdn-bhd,manufacturing,high
dk-leather-seats-sdn-bhd,manufacturing,high
dm-dasher-sdn-bhd,retail_ecommerce,medium
dow,manufacturing,high
dr-clear-aligners,healthcare_devices,high
drs-it-solutions-inc,consulting_professional_services,high
duetti,media_entertainment,high
dunham-bush-industries-sdn-bhd,manufacturing,high
duriane-professionals-sdn-bhd,real_estate_construction,high
earnest,finance_fintech,high
echotwin,tech_software_internet,medium
edgeengineeringandscience,consulting_professional_services,high
eko,tech_software_internet,high
ektello,consulting_professional_services,high
eloquentai,tech_software_internet,high
emarketer,media_entertainment,high
empirical,consulting_professional_services,medium
enersys,manufacturing,high
equalexperts,consulting_professional_services,high
equinix,tech_software_internet,high
equipmentshare,real_estate_construction,high
esalen,hospitality_food_service,high
ethoz-equip-capital-berhad,finance_fintech,high
eurofins-pss-insourcing-solutions,healthcare_pharma_biotech,high
evergreen-goodwill-of-northwest-washington,nonprofit,high
exsim-development-sdn-bhd,real_estate_construction,high
fambrands,consumer_brands,high
fanvue.com,tech_software_internet,high
finalroundai,tech_software_internet,high
fiserv,finance_fintech,high
fluxon,consulting_professional_services,high
footanstey,legal_services,high
fractional-ai,consulting_professional_services,high
freeman-company,media_entertainment,high
frontier-internet,telecommunications,high
fullstory,tech_software_internet,high
galepartners,media_entertainment,high
gameplantech,defense_aerospace,medium
gas-malaysia-berhad,energy_utilities,high
givebutter,tech_software_internet,high
glassboxltd,tech_software_internet,high
glovis-america-inc,transportation_logistics,high
govsignals,tech_software_internet,high
grammarly,tech_software_internet,high
grille-tech-sdn-bhd,manufacturing,medium
hanker-systems-inc,consulting_professional_services,high
hankooktireamericacorp,automotive,high
hilton-new-orleans-riverside,hospitality_food_service,high
hla-garment-malaysia-sdn-bhd,consumer_brands,high
hong-kong-sa-sa-m-sdn-bhd,retail_ecommerce,high
hopskipdrive,transportation_logistics,high
horizon-construction-development,real_estate_construction,high
housebuyersofamerica,real_estate_construction,high
howmet-aerospace,defense_aerospace,high
hspg,real_estate_construction,medium
humanarchive,tech_software_internet,medium
icon-plc,healthcare_pharma_biotech,high
ideal-quality-sdn-bhd,manufacturing,medium
ifca-msc-berhad,tech_software_internet,high
improbable,tech_software_internet,high
instantserve-llc,consulting_professional_services,high
intermex-wire-transfer-llc,finance_fintech,high
interwellhealth,healthcare_provider,high
interworks,consulting_professional_services,high
jshiddenevents,finance_fintech,high
juris-technologies-sdn-bhd,tech_software_internet,high
jvs-boston,nonprofit,high
kambi,gaming,high
kentik,tech_software_internet,high
kincho-tech-marketing-sdn-bhd,consulting_professional_services,medium
kinetics-systems-malaysia-sdn-bhd,manufacturing,medium
kraft-software-solutions-sdn-bhd,consulting_professional_services,medium
l-or-al-malaysia-sdn-bhd,consumer_brands,high
launchpadtechnologiesinc,consulting_professional_services,high
lear-corporation,automotive,high
lee-s-frozen-food-sdn-bhd,agriculture_food_production,high
leolabsinc,defense_aerospace,high
liberty-specialty-markets,finance_insurance,high
lim-seong-hai-capital-berhad,real_estate_construction,medium
linkup,tech_software_internet,high
lucis,tech_software_internet,medium
magnet-security-automation-sdn-bhd,manufacturing,medium
mantisinnovation,energy_utilities,high
massive-rocket,consulting_professional_services,high
mathersplendido,healthcare_provider,high
mavenrobotics,manufacturing,medium
mcneilus-truck-and-manufacturing-inc,manufacturing,high
meadeengineeringinc,consulting_professional_services,high
mhi,consulting_professional_services,high
mi-equipment-m-sdn-bhd,manufacturing,high
miaow-miaow-food-products-sdn-bhd,agriculture_food_production,high
middesk,tech_software_internet,high
milltownpartners,consulting_professional_services,high
mitsubishi-elevator-malaysia-sdn-bhd,manufacturing,high
mkh-berhad,real_estate_construction,high
mobilityone-sdn-bhd,tech_software_internet,medium
moduscreate,consulting_professional_services,high
mst-golf-sdn-bhd,retail_ecommerce,high
mutiny,tech_software_internet,high
nabihealth,healthcare_provider,high
nace.ai,tech_software_internet,high
nanit,consumer_brands,high
nationalpublicradioinc,media_entertainment,high
nemours,healthcare_provider,high
netsuite,tech_software_internet,high
neuehealth,healthcare_provider,high
nisga-a-ciops,defense_aerospace,medium
noomgrowth,healthcare_provider,high
northern-trust,finance_banking,high
novaair-industrial-gases-sdn-bhd,manufacturing,high
novolex,manufacturing,high
nss-it-solution-sdn-bhd,consulting_professional_services,medium
ntech-workforce,consulting_professional_services,high
nutrafol,consumer_brands,high
nutscom,retail_ecommerce,high
nvidia,tech_hardware_semiconductors,high
obexp,media_entertainment,medium
obviant,defense_aerospace,medium
ocim-sdn-bhd,manufacturing,medium
ogury,media_entertainment,high
ohalogenetics,agriculture_food_production,high
omnisend,tech_software_internet,high
oneok,energy_utilities,high
openspace,tech_software_internet,high
outsight,tech_software_internet,medium
panoptyc,tech_software_internet,high
partnerize,tech_software_internet,high
patent-and-trademark-office,public_sector_government,high
paylocity,tech_software_internet,high
pembinaan-kekal-mewah-sdn-bhd,real_estate_construction,high
people-profilers-pte-ltd,consulting_professional_services,high
petronas-lubricants-international-sdn-bhd,energy_utilities,high
pipe17,tech_software_internet,high
pivotbio,agriculture_food_production,high
pmi-technology-sdn-bhd,manufacturing,medium
portwest,consumer_brands,high
prodware-solutions,consulting_professional_services,high
propel,finance_fintech,high
prophet-security,tech_software_internet,high
prospect-outsourcing-sdn-bhd,consulting_professional_services,high
puffco,consumer_brands,high
qohash,tech_software_internet,high
qualitas-medical-group-sdn-bhd,healthcare_provider,high
quindar,defense_aerospace,high
r-l-carriers,transportation_logistics,high
rapdev,consulting_professional_services,high
redbee,consulting_professional_services,medium
restream,tech_software_internet,high
revature,consulting_professional_services,high
rockwell-automation,manufacturing,high
route,tech_software_internet,high
ruelala,retail_ecommerce,high
ruggable,consumer_brands,high
rwzant,agriculture_food_production,medium
saasgroup,tech_software_internet,high
samsung-electronics-america,tech_hardware_semiconductors,high
samsungresearchamerica,tech_software_internet,high
sanmina-sci-systems-malaysia-sdn-bhd,manufacturing,high
second-nature,tech_software_internet,high
securities-services-holdings-sdn-bhd,finance_fintech,high
select-water-solutions,energy_utilities,high
sharp-electronics-m-sdn-bhd,tech_hardware_semiconductors,high
shiftsmart,tech_software_internet,high
sidecarhealth,finance_insurance,high
signifyd95,tech_software_internet,high
skip,tech_hardware_semiconductors,medium
slickdeals,media_entertainment,high
smallpdf,tech_software_internet,high
sms-group-usa,manufacturing,high
sonoco,manufacturing,high
soshallwe,consulting_professional_services,medium
spectrum-enterprise,telecommunications,high
standinsurance,tech_software_internet,medium
starbridge,tech_software_internet,high
steercrm,tech_software_internet,high
strala-ai,tech_software_internet,high
stratum-ai,tech_software_internet,high
swarmer,defense_aerospace,high
sweedpos.com,tech_software_internet,high
synopsys-inc,tech_software_internet,high
tailored-brands-inc,retail_ecommerce,high
tandem-diabetes-care,healthcare_devices,high
taxrise,finance_fintech,medium
taylor-morrison,real_estate_construction,high
tebi,tech_software_internet,high
technosphere-inc,consulting_professional_services,high
techolution,consulting_professional_services,high
tekton,consumer_brands,high
teleport-commerce-malaysia-sdn-bhd,transportation_logistics,high
tf-amd-microelectronics-penang-sdn-bhd,tech_hardware_semiconductors,high
the-alice-smith-school,education_k12,high
the-depository-trust-clearing-corporation-dtcc,finance_banking,high
the-nature-conservancy,nonprofit,high
thiess,manufacturing,high
tier4-group,consulting_professional_services,high
tiktok-pte-ltd,media_entertainment,high
tiong-nam-logistics-solutions-sdn-bhd,transportation_logistics,high
titanicom-tech-limited,consulting_professional_services,medium
titanwh,finance_fintech,medium
totalsystech,defense_aerospace,high
traversal,tech_software_internet,high
u-s-tsubaki-power-transmission-llc,manufacturing,high
uhy,consulting_professional_services,high
umbrel,tech_software_internet,high
unit,finance_fintech,high
verticalbridge,telecommunications,high
vf-brands-malaysia-sdn-bhd,consumer_brands,high
virtuous,tech_software_internet,high
viva-usa-inc,consulting_professional_services,high
vizient-inc,consulting_professional_services,high
vmc-soft-technologies-inc,consulting_professional_services,high
vulncheck,tech_software_internet,high
wisconsin-community-services-inc,nonprofit,high
wyndlabs,tech_software_internet,medium
yeti,consumer_brands,high
ywcaworks,nonprofit,high
zebra-technologies-m-sdn-bhd,tech_hardware_semiconductors,high
zoom,tech_software_internet,high
Contradict Capital,finance_fintech,medium
ValonVM,tech_software_internet,high
abundant,tech_software_internet,low
advocateconstruction,real_estate_construction,high
aidashinc,tech_software_internet,high
akraya-inc,consulting_professional_services,high
albertsons-market,retail_ecommerce,high
all-it-hypermarket-sdn-bhd,retail_ecommerce,high
ally,finance_banking,high
alphawave-semi,tech_hardware_semiconductors,high
alside,real_estate_construction,high
ankar,tech_software_internet,medium
ankorstore,retail_ecommerce,high
aperaaiinc,manufacturing,high
apolloresearch,tech_software_internet,high
apparatus,media_entertainment,medium
applytoaktos,finance_fintech,medium
appspace,tech_software_internet,high
ardurra,consulting_professional_services,high
armani-development-sdn-bhd,real_estate_construction,high
arsys,tech_software_internet,medium
arup-jururunding-sdn-bhd,consulting_professional_services,high
asia-honour-paper-industries-m-sdn-bhd,manufacturing,high
aspire-software,tech_software_internet,high
associated-materials,manufacturing,high
astra,tech_software_internet,medium
asurion,tech_software_internet,high
at-global-advisory,consulting_professional_services,medium
atlassp,finance_fintech,high
atoz-software-tech-sdn-bhd,consulting_professional_services,medium
august,tech_software_internet,medium
avacend-inc,consulting_professional_services,high
axiscompany,manufacturing,medium
b2c2,finance_fintech,high
baton,tech_software_internet,medium
bepc-inc-business-excellence-professional-consulting,consulting_professional_services,high
bevicareers,tech_hardware_semiconductors,medium
beyondsoft-malaysia-sdn-bhd,consulting_professional_services,high
billtrust1,finance_fintech,high
binti,tech_software_internet,high
biocon-sdn-bhd,healthcare_pharma_biotech,high
biograph,healthcare_provider,high
bloomon,consumer_brands,high
bluecrestcapitalmanagement,finance_fintech,high
boingo,telecommunications,high
boldscience,consulting_professional_services,high
bona-spec-sdn-bhd,energy_utilities,medium
boston-materials,manufacturing,high
brainstation,education_higher,high
branchlab,tech_software_internet,high
brenntag,manufacturing,high
brink-s-inc,finance_banking,high
brisk-teaching,tech_software_internet,high
brunswick-corporation,manufacturing,high
builder,tech_software_internet,high
buzzfeed,media_entertainment,high
california-governor-s-office-of-emergency-services,public_sector_government,high
canopytax,tech_software_internet,high
caredxinc,healthcare_pharma_biotech,high
career-international-fos-pte-ltd,consulting_professional_services,high
carefirst-bluecross-blueshield,finance_insurance,high
carimin-petroleum-berhad,energy_utilities,high
causaly,tech_software_internet,high
cellsignalingtechnology79,healthcare_pharma_biotech,high
centers-for-medicare-medicaid-services,public_sector_government,high
centerwell-senior-primary-care,healthcare_provider,high
central-global-berhad,real_estate_construction,high
chenega-professional-services-strategic-business-unit,defense_aerospace,high
children-s-wisconsin,healthcare_provider,high
clickstop,manufacturing,medium
clinicalarchitecture,tech_software_internet,high
cloudchamberfr,gaming,high
cloudscaler,tech_software_internet,high
coach,retail_ecommerce,high
cobaltio,tech_software_internet,high
cobaltservicepartners,consulting_professional_services,high
cobblestoneenergy2,finance_fintech,high
cobot,tech_software_internet,medium
condor-software,tech_software_internet,high
connect-search-llc,consulting_professional_services,high
continental,automotive,high
copperstatefarms,consumer_brands,high
core-fusion-sdn-bhd,consulting_professional_services,medium
counterpart,finance_insurance,high
coursera,education_higher,high
crum-forster,finance_insurance,high
cycle-carriage-bintang-berhad,automotive,high
danone,consumer_brands,high
datalabusa,consulting_professional_services,high
defense-contract-management-agency,defense_aerospace,high
deltaairportconsultants,consulting_professional_services,high
designworkstalent,consulting_professional_services,high
distantjob,consulting_professional_services,high
domino-s,hospitality_food_service,high
doordashindia,tech_software_internet,high
dpo-international-sdn-bhd,agriculture_food_production,medium
dr-chong-clinic,healthcare_provider,high
dsm-firmenich,consumer_brands,high
eastern-communications,telecommunications,high
eastern-oriental-berhad,real_estate_construction,high
eastern-pretech-malaysia-sdn-bhd,real_estate_construction,high
eb-frozen-food-sdn-bhd,agriculture_food_production,high
ebay,tech_software_internet,high
ecs,defense_aerospace,high
eisneramper,consulting_professional_services,high
enavatecareers,consulting_professional_services,high
engflow,tech_software_internet,high
entegee,consulting_professional_services,high
enterprise-solutions-inc,consulting_professional_services,high
ep-engineering-sdn-bhd,real_estate_construction,medium
everway,tech_software_internet,medium
evydtech,tech_software_internet,high
exos,healthcare_provider,medium
experian,finance_fintech,high
family-health-centers-of-san-diego,healthcare_provider,high
filescom,tech_software_internet,high
find-great-people-fgp,consulting_professional_services,high
first-student,transportation_logistics,high
first-tek-inc,consulting_professional_services,high
fleek,tech_software_internet,high
flighthub,tech_software_internet,high
follettsoftware,tech_software_internet,high
footfallcam,tech_software_internet,high
forrest-solutions,consulting_professional_services,high
found,finance_fintech,high
foxglove,tech_software_internet,high
freestonecapitalmanagement,finance_fintech,high
fs-studio,media_entertainment,high
gardacp,finance_fintech,high
genius-cooling-towers-sdn-bhd,manufacturing,medium
getbuilt,tech_software_internet,high
gilbane-building-company,real_estate_construction,high
ginkgobioworks,healthcare_pharma_biotech,high
globalfoundries,tech_hardware_semiconductors,high
goodlord,tech_software_internet,high
google-fiber,telecommunications,high
goremutualinsurance,finance_insurance,high
gs-paperboard-packaging-sdn-bhd,manufacturing,high
haley-aldrich,consulting_professional_services,high
handoff,tech_software_internet,high
happyco,tech_software_internet,high
hargrove-engineers-constructors,consulting_professional_services,high
harrisassociates,finance_fintech,high
hashgraph,finance_fintech,high
hasi,energy_utilities,high
hctec,consulting_professional_services,high
healthfitness,healthcare_provider,medium
hellohera,healthcare_provider,high
henkel-malaysia-sdn-bhd,consumer_brands,high
heveaboard-berhad,manufacturing,high
hibiscus-petroleum-berhad,energy_utilities,high
hilton-anatole,hospitality_food_service,high
hirose-electric-m-sdn-bhd,tech_hardware_semiconductors,high
hitachi-energy,energy_utilities,high
hivewatch,tech_software_internet,high
holiday-tours-travel-sdn-bhd,hospitality_food_service,high
iconma-llc,consulting_professional_services,high
industrial-concrete-products-sdn-bhd,manufacturing,high
inflowfed,defense_aerospace,high
influur,media_entertainment,high
infovision-inc,consulting_professional_services,high
insider,tech_software_internet,high
instil,consulting_professional_services,medium
inta-bina-sdn-bhd,real_estate_construction,high
integrated-power-services,manufacturing,high
integrated-talent-strategies-its,consulting_professional_services,high
international-paper,manufacturing,high
invenergy,energy_utilities,high
isite-technologies,consulting_professional_services,high
itech-us-inc,consulting_professional_services,high
japan-tobacco-international-jti,consumer_brands,high
jeld-wen-inc,manufacturing,high
jiasheng-new-energy-technology-sdn-bhd,energy_utilities,high
jie-business-sdn-bhd-formerly-known-as-oppo-electronics-sdn-bhd,tech_hardware_semiconductors,high
johnsonville,agriculture_food_production,high
kanika-malaysia-sdn-bhd,consulting_professional_services,medium
kimberly-clark,consumer_brands,high
kinder-morgan-inc,energy_utilities,high
kl-kepong-oleomas-sdn-bhd,agriculture_food_production,high
knowunity,education_k12,high
kobay-technology-bhd,manufacturing,high
kuok-singapore-limited-group,other,medium
kyndryl,consulting_professional_services,high
labatt-food-service,hospitality_food_service,high
latitude-legal,legal_services,high
lazada-malaysia,retail_ecommerce,high
lazydays,automotive,high
leadx-pro,media_entertainment,medium
leaflink,tech_software_internet,high
levelworks,consulting_professional_services,medium
lg-household-health-care-malaysia-sdn-bhd,consumer_brands,high
lifework-recruitment-agency-sdn-bhd,consulting_professional_services,high
lineage,transportation_logistics,high
lockton,finance_insurance,high
luxoft,consulting_professional_services,high
maesa,consumer_brands,high
magical,tech_software_internet,high
magna-international,automotive,high
maincode,tech_software_internet,high
mak-technologies-llc,consulting_professional_services,high
mamamoney,finance_fintech,high
market-street,retail_ecommerce,high
masabi,tech_software_internet,high
massarcapital,finance_fintech,high
mauser-packaging-solutions,manufacturing,high
mbsb-bank-berhadc,finance_banking,high
mcaconnect,consulting_professional_services,high
melotech,tech_software_internet,medium
memoryblue,consulting_professional_services,high
mend-io,tech_software_internet,high
meng-kah-auto-parts-trading-sdn-bhd,automotive,high
mezzettacareers,consumer_brands,high
micare-sdn-bhd,finance_insurance,medium
mill,tech_hardware_semiconductors,medium
mindpeak,tech_software_internet,high
mitraland-group,real_estate_construction,high
mitsubishimotorsna,automotive,high
modern-technology-solutions-inc-mtsi,defense_aerospace,high
move2usajobs-com-inc,consulting_professional_services,high
moxfive,tech_software_internet,high
moxxidigital,media_entertainment,medium
mr-d-i-y-trading-sdn-bhd,retail_ecommerce,high
mulliganfunding,finance_fintech,high
munchworld-marketing-sdn-bhd,media_entertainment,medium
mystenlabs,finance_fintech,high
nalco-water-an-ecolab-company,manufacturing,high
nestl,consumer_brands,high
netboxlabs,tech_software_internet,high
netflix,media_entertainment,high
netjets,transportation_logistics,high
nfq,tech_software_internet,high
nippon-paint-m-sdn-bhd,consumer_brands,high
novo,finance_fintech,high
numeric,finance_fintech,high
numotion,healthcare_devices,high
obvio,tech_software_internet,high
omaha-public-power-district,energy_utilities,high
onexgeneral,finance_fintech,high
openfarminc,consumer_brands,high
orenda,real_estate_construction,high
orisoft-technology-sdn-bhd,tech_software_internet,high
osmosis,education_higher,high
ozow,finance_fintech,high
pa-recruitment-kl-sdn-bhd,consulting_professional_services,high
panacea-direct-inc,consulting_professional_services,high
panasonic-appliances-air-conditioning-malaysia-sdn-bhd,manufacturing,high
paradigm,finance_fintech,medium
pareto-usa,consulting_professional_services,high
passage,finance_fintech,medium
patlytics,tech_software_internet,high
pave-talent,consulting_professional_services,high
paxlabs,consumer_brands,high
pca-group-sdn-bhd,consulting_professional_services,medium
pci-pharma-services,healthcare_pharma_biotech,high
penninteractive,gaming,high
performancedevelopmentgroup,consulting_professional_services,high
perodua-sales-sdn-bhd,automotive,high
phoebe-work,tech_software_internet,medium
piau-kee-live-and-frozen-seafood-sdn-bhd,agriculture_food_production,high
piccollage,tech_software_internet,high
planera,tech_software_internet,high
planner5d,tech_software_internet,high
plantingspace,tech_software_internet,high
pls-financial-services-inc,finance_fintech,high
polarsteps,tech_software_internet,high
praxent,consulting_professional_services,high
pricefox,finance_insurance,medium
privatehealthmanagement,healthcare_provider,high
procurify,tech_software_internet,high
propelsoftware,tech_software_internet,high
prophecysimpledatalabs,tech_software_internet,high
prospa,finance_fintech,high
proyectosinternacionales,nonprofit,high
public-medicare-group-sdn-bhd,healthcare_provider,high
qi-services-m-sdn-bhd,consulting_professional_services,medium
quectel-wireless-solutions-penang-sdn-bhd,telecommunications,high
randstad,consulting_professional_services,high
ranhill-worley-sdn-bhd,energy_utilities,high
rbc,finance_banking,high
reacher,tech_software_internet,medium
recidiviz,nonprofit,high
red-bull-distribution-company,transportation_logistics,high
redsox,media_entertainment,high
regen-rehabilitation-international,healthcare_provider,medium
remodelhealth,finance_insurance,high
renewal-by-andersen,real_estate_construction,high
retail-options,consulting_professional_services,medium
ria,consulting_professional_services,medium
rightformula,media_entertainment,high
roompricegenie,tech_software_internet,high
s-business-consulting,consulting_professional_services,medium
safelease,finance_insurance,high
safran-landing-systems-malaysia-sdn-bhd,defense_aerospace,high
sam-young-asia-sdn-bhd,real_estate_construction,medium
sc-engineering-packing-machinery-moving-solutions-sdn-bhd,manufacturing,medium
scale3c,consulting_professional_services,medium
scan-com,healthcare_provider,medium
schindler-business-services-centre,manufacturing,high
sci-ecommerce-sdn-bhd,consulting_professional_services,medium
scoutspace,defense_aerospace,high
sds-group-berhad,consumer_brands,medium
sealink-sdn-bhd,transportation_logistics,high
sei-labs,finance_fintech,high
select-service-partner-malaysia-sdn-bhd,hospitality_food_service,high
senheng-electric-kl-sdn-bhd,retail_ecommerce,high
setia-awan-land-services-sdn-bhd,real_estate_construction,high
sidley-austin-llp,legal_services,high
simon-property-group,real_estate_construction,high
skyryse,defense_aerospace,high
skyworks-solutions-inc,tech_hardware_semiconductors,high
sona,tech_software_internet,high
sonic,telecommunications,medium
spellbrush,gaming,high
spirit-aerosystems-malaysia-sdn-bhd,defense_aerospace,high
splend,automotive,high
sports-direct-malaysia-sdn-bhd,retail_ecommerce,high
spotlight-29-casino,media_entertainment,high
stack-ai,tech_software_internet,high
stanley1913-us,consumer_brands,high
starpath.space,defense_aerospace,high
stay22,tech_software_internet,high
steelcase-manufacturing-malaysia-sdn-bhd,manufacturing,high
stonyhurst-international-school-penang,education_k12,high
strategic-employment-partners-sep,consulting_professional_services,high
stratus-automation-sdn-bhd,manufacturing,high
studycareers,education_higher,medium
sunlight-galaxy-sdn-bhd,media_entertainment,medium
swayable,tech_software_internet,high
swm-environment-sdn-bhd,energy_utilities,medium
sygaldry-technologies,tech_hardware_semiconductors,high
t-rowe-price,finance_fintech,high
tachyon-technologies,consulting_professional_services,high
targetrwe,healthcare_pharma_biotech,high
tata-technologies,consulting_professional_services,high
tatum-by-randstad,consulting_professional_services,high
teamware-solutions-a-division-of-quantum-leap-consulting-pvt-ltd,consulting_professional_services,high
techtronic-industries-tti,manufacturing,high
terawattinfrastructure,energy_utilities,high
terranova,tech_hardware_semiconductors,medium
tetra-tech,consulting_professional_services,high
the-baer-group,consulting_professional_services,high
the-connor-group,real_estate_construction,high
the-lubrizol-corporation,manufacturing,high
the-metrohealth-system-cleveland-oh,healthcare_provider,high
the-trade-desk,media_entertainment,high
thematherevanston,healthcare_provider,high
thepieexecsearch,consulting_professional_services,high
therealdeal,media_entertainment,high
tilt,tech_software_internet,medium
tldr.tech,media_entertainment,medium
toshiba-transmission-distribution-systems-asia-sdn-bhd,energy_utilities,high
tovala,consumer_brands,high
tsh-resources-berhad,agriculture_food_production,high
tt-vision-technologies-sdn-bhd,tech_hardware_semiconductors,high
turn2partners,consulting_professional_services,high
turningpointforgod,nonprofit,high
tylin,consulting_professional_services,high
umaeducationinc,education_higher,high
underscoremarketing,media_entertainment,high
unilever-malaysia-holdings,consumer_brands,high
universal-technical-institute-inc,education_higher,high
uqpay-technology-my-sdn-bhd,finance_fintech,high
valiant-integrated-services,defense_aerospace,high
valmont-industries-inc,manufacturing,high
vanli-auto-spares-sdn-bhd,automotive,high
verahealth,healthcare_provider,high
veridian-tech-solutions-inc,consulting_professional_services,high
verisoul,tech_software_internet,high
veterans-benefits-administration,public_sector_government,high
videoamp,media_entertainment,high
vistra-corp,energy_utilities,high
voltus,energy_utilities,high
vstecs-berhad,consulting_professional_services,high
vt-group-vtg,defense_aerospace,high
walkwater-technologies,consulting_professional_services,high
wasabi,tech_software_internet,high
way2class,education_k12,medium
weploy,consulting_professional_services,high
whop,tech_software_internet,high
wilbur-ellis,agriculture_food_production,high
wolters-kluwer,tech_software_internet,high
worldline-international-malaysia-sdn-bhd,finance_fintech,high
yesenergy,energy_utilities,high
ykl-engineering-sdn-bhd,real_estate_construction,medium
yoodliinc,tech_software_internet,high
youtrip,finance_fintech,high
zen-computer-systems-sdn-bhd,consulting_professional_services,medium
zenith-infotech-services-sdn-bhd,consulting_professional_services,medium
zeromark,defense_aerospace,medium
1800contacts,retail_ecommerce,high
1mind,tech_software_internet,high
Zoo,tech_software_internet,high
a-k-koh-enterprise-sdn-bhd,manufacturing,medium
accenture-technology-solutions-sdn-bhd,consulting_professional_services,high
acoustic-lighting-system-sdn-bhd,real_estate_construction,medium
adaptive,tech_software_internet,high
adaptyv,healthcare_pharma_biotech,high
ag-staffing-malaysia,consulting_professional_services,high
alcon,healthcare_devices,high
alta-it-services-llc,defense_aerospace,high
altasciences,healthcare_pharma_biotech,high
alten-technology-usa,automotive,high
am-life-international-sdn-bhd,consumer_brands,medium
amendconsulting,consulting_professional_services,high
american-equipment-holdings,manufacturing,high
american-housing,real_estate_construction,high
amh,real_estate_construction,high
amtec-inc,consulting_professional_services,high
andromeda,tech_software_internet,high
anima,healthcare_provider,high
annata-dynamics-sdn-bhd,tech_software_internet,high
anteriad,media_entertainment,high
apetan-consulting-llc,consulting_professional_services,high
apm-corporate-services-sdn-bhd,consulting_professional_services,medium
arc-document-solutions,consulting_professional_services,high
artsy,media_entertainment,high
ashoka,nonprofit,high
aspyrmediainc,gaming,high
asta-crs-inc,consulting_professional_services,high
atkinsr-alis,consulting_professional_services,high
autods,tech_software_internet,high
azzur-group,consulting_professional_services,high
bay-cove-human-services,nonprofit,high
bayone-solutions,consulting_professional_services,high
bd,healthcare_devices,high
beam-suntory,consumer_brands,high
beckman-coulter-diagnostics,healthcare_devices,high
ben,tech_software_internet,high
big-bad-wolf-books-sdn-bhd,retail_ecommerce,high
bio-rad-laboratories,healthcare_devices,high
bloom,consumer_brands,high
bluebirdkidshealth,healthcare_provider,high
blueprintmedicines,healthcare_pharma_biotech,high
blueroseresearch,consulting_professional_services,high
bravens-inc,consulting_professional_services,high
brickred-systems,consulting_professional_services,high
bridgenet-solutions-sdn-bhd,tech_software_internet,medium
bunge,agriculture_food_production,high
bureau-veritas-m-sdn-bhd,consulting_professional_services,high
burklandassociates,consulting_professional_services,high
cable-one,telecommunications,high
cai,consulting_professional_services,medium
calahealth,healthcare_devices,high
calstart,nonprofit,high
calyptus,tech_software_internet,high
capvision,consulting_professional_services,high
carbonchain,tech_software_internet,high
cardone-ventures,consulting_professional_services,high
caresource,finance_insurance,high
carole-fabrics,manufacturing,high
casca,tech_software_internet,high
casemanagementconsulting,defense_aerospace,high
cdk-global,tech_software_internet,high
cdnetworks-m-sdn-bhd,tech_software_internet,high
centari,tech_software_internet,high
cents,tech_software_internet,high
change,nonprofit,high
chep,transportation_logistics,high
chevron-phillips-chemical-company,manufacturing,high
chromatic,tech_software_internet,high
clarityai,tech_software_internet,high
cleanlaundry,consumer_brands,high
cobo,finance_fintech,high
cochlear-malaysia-sdn-bhd,healthcare_devices,high
coinbase,finance_fintech,high
comity,energy_utilities,high
comstruct,tech_software_internet,medium
comulate,tech_software_internet,high
considine-search,consulting_professional_services,high
consultnet-technology-services-and-solutions,consulting_professional_services,high
contech-control-services,consulting_professional_services,high
coopervision,healthcare_devices,high
copiapower,energy_utilities,high
core-group-resources,consulting_professional_services,high
corteva-agriscience,agriculture_food_production,high
country-garden-pacificview-sdn-bhd,real_estate_construction,high
covanta,energy_utilities,high
coway-malaysia-sdn-bhd,consumer_brands,high
cpi-kl-sdn-bhd,manufacturing,medium
csm-corporation,hospitality_food_service,high
cura-hospitality,hospitality_food_service,high
d3-search,consulting_professional_services,high
debutbiotech25,healthcare_pharma_biotech,high
defense-intelligence-agency,defense_aerospace,high
devcare-solutions,consulting_professional_services,high
dewberry,consulting_professional_services,high
digitalab-sdn-bhd,tech_software_internet,medium
distinct-hub-plt,consulting_professional_services,medium
distributed-spectrum,defense_aerospace,high
dodmg,defense_aerospace,medium
dons-garage-doors,real_estate_construction,high
dp-world,transportation_logistics,high
drsc,consulting_professional_services,high
ducerapartners,finance_banking,high
dun-bradstreet-d-b-malaysia-sdn-bhd,tech_software_internet,high
dyneti,tech_software_internet,high
dyson-manufacturing-sdn-bhd,consumer_brands,high
e-it,consulting_professional_services,high
e-nescom-designify-elements-sdn-bhd,consulting_professional_services,medium
ea-team-inc,consulting_professional_services,high
easybook-m-sdn-bhd,transportation_logistics,high
ecoatmgazelle,consumer_brands,high
egenesisbio,healthcare_pharma_biotech,high
elna-pcb-m-sdn-bhd,tech_hardware_semiconductors,high
emery-sapp-sons-inc,real_estate_construction,high
enablecomp,healthcare_provider,high
engtex-group-berhad,manufacturing,high
ensemble-health-partners,healthcare_provider,high
entegris,tech_hardware_semiconductors,high
epickids,tech_software_internet,high
evergreenaction,nonprofit,high
evolutioniq,tech_software_internet,high
exact-asia-development-centre-sdn-bhd,consulting_professional_services,medium
fable,tech_software_internet,high
fabrion,tech_software_internet,high
factorialenergy,manufacturing,high
fastrain-technology-malaysia-sdn-bhd,manufacturing,medium
finitestate,tech_software_internet,high
firstconnectinsurance,finance_insurance,high
flawless,tech_software_internet,high
fleetzero,transportation_logistics,high
fnz-services-nz-limited,finance_fintech,high
foley-equipment,manufacturing,high
forest-service,public_sector_government,high
form3,finance_fintech,high
formal,tech_software_internet,high
fortrobotics,manufacturing,high
forward,healthcare_provider,high
forward-air-corporation,transportation_logistics,high
foundationhealthcareers,healthcare_provider,high
fourtitude-asia,consulting_professional_services,medium
foxelligroup,retail_ecommerce,medium
frasco-profiles,consulting_professional_services,high
friedfrankharrisshriverjacobsonllp,legal_services,high
fsastorecom,retail_ecommerce,high
furtherai,tech_software_internet,high
future,tech_software_internet,low
garmin,tech_hardware_semiconductors,high
genentech,healthcare_pharma_biotech,high
genting-plantations-berhad,agriculture_food_production,high
goodie-ai,tech_software_internet,high
goodinside,consumer_brands,medium
govworx,tech_software_internet,high
granica,tech_software_internet,high
green-packet,telecommunications,high
gridcare,energy_utilities,high
gursey,consulting_professional_services,high
h-e-equipment-services-inc,manufacturing,high
hauler-hero,tech_software_internet,high
havenparkcommunities,real_estate_construction,high
hellbenderinc,manufacturing,high
hexaware-technologies,consulting_professional_services,high
hire-with-jarvis,consulting_professional_services,high
holcim-building-envelope,manufacturing,high
homepro-malaysia,retail_ecommerce,high
hometap,finance_fintech,high
house-of-representatives,public_sector_government,high
hugheshubbardreedllp,legal_services,high
human-computer-lab,tech_hardware_semiconductors,medium
hungryroot,consumer_brands,high
hyundai-motor-america,automotive,high
ibm-malaysia-sdn-bhd,tech_software_internet,high
iimmpact,consulting_professional_services,medium
impinjexternal,tech_hardware_semiconductors,high
infinite-computer-solutions,consulting_professional_services,high
infinity-8,consulting_professional_services,medium
infosoft-inc,consulting_professional_services,high
infostride,consulting_professional_services,high
innovativesol-2,consulting_professional_services,high
inspira-resources-sdn-bhd,real_estate_construction,medium
interplay,finance_fintech,medium
interstellarlab,defense_aerospace,high
intuit,tech_software_internet,high
ioi-plantation-services-sdn-bhd,agriculture_food_production,high
ioi-properties-group-offices,real_estate_construction,high
ipay88-holding-sdn-bhd,finance_fintech,high
irvine-technology-corporation,consulting_professional_services,high
j8-security-llc,other,medium
jcl-credit-leasing-sdn-bhd,finance_fintech,high
jess-technology-sdn-bhd,manufacturing,medium
jhm-consolidation-berhad,manufacturing,high
joyrideautos,automotive,high
jp-caliber,consulting_professional_services,high
jstar-motion-sdn-bhd,manufacturing,medium
jumo,finance_fintech,high
juneshine,consumer_brands,high
jurutera-jasa-sarawak-sdn-bhd,consulting_professional_services,high
kellerpostman,legal_services,high
kelly-professional-industrial,consulting_professional_services,high
kldiscovery,legal_services,high
klook-travel-technology-sdn-bhd,tech_software_internet,high
knox-systems,tech_software_internet,high
kombo,tech_software_internet,high
konecranes,manufacturing,high
koperasi-polis-diraja-malaysia-berhad,finance_banking,medium
kumpulan-lebar-daun,real_estate_construction,medium
kyra,media_entertainment,high
landdesign,consulting_professional_services,high
lb-aluminium-berhad,manufacturing,high
legal-io,legal_services,high
legion,tech_software_internet,high
leslie-s,retail_ecommerce,high
liberis,finance_fintech,high
lightspark,finance_fintech,high
lincoln-financial-group,finance_fintech,high
livechatinc,tech_software_internet,high
lonza,healthcare_pharma_biotech,high
loveholidays,tech_software_internet,high
luxor-beauty-world-sdn-bhd,consumer_brands,high
lyellimmunopharma,healthcare_pharma_biotech,high
m-link-system-m-sdn-bhd,tech_software_internet,medium
madison-davis-llc,consulting_professional_services,high
mamsys-world,consulting_professional_services,high
manulife-insurance-berhad,finance_insurance,high
marie-france-bodyline-sdn-bhd,consumer_brands,high
markforged,manufacturing,high
masis-professional-group,consulting_professional_services,high
mastec-power-delivery,energy_utilities,high
matthews-international-malaysia-sdn-bhd,manufacturing,high
mayora-malaysia-sdn-bhd,consumer_brands,high
mccallister-sdn-bhd,consulting_professional_services,medium
medal,gaming,high
medi.ci,healthcare_provider,high
melwood,nonprofit,high
memx,finance_fintech,high
merchantsfleetmanagement,transportation_logistics,high
metropolis-technologies,tech_software_internet,high
mindvalley-labs-sdn-bhd,tech_software_internet,high
minesense,manufacturing,high
mmn-bina-sdn-bhd,real_estate_construction,high
mobile-arts-sdn-bhd,consulting_professional_services,medium
mol-accessportal-sdn-bhd,tech_software_internet,medium
molg,manufacturing,medium
montrose-environmental-group,consulting_professional_services,high
morpho,finance_fintech,high
move concierge,consulting_professional_services,medium
moxie,healthcare_provider,high
murad,consumer_brands,high
nasafcu,finance_banking,high
nationgate-solution-m-sdn-bhd,tech_hardware_semiconductors,high
netapp,tech_software_internet,high
networkright,consulting_professional_services,high
neuropace,healthcare_devices,high
new-seasons-market,retail_ecommerce,high
newleafenergy,energy_utilities,high
nextgreen-pulp-paper-sdn-bhd,manufacturing,high
ninja-logistics-thailand-limited,transportation_logistics,high
noah-medical,healthcare_devices,high
noblesoft-solutions,consulting_professional_services,high
northbound-executive-search,consulting_professional_services,high
northwestadministratorsinc,finance_insurance,high
ntt-data-corporation,consulting_professional_services,high
nvr-inc,real_estate_construction,high
nyan-kids-m-sdn-bhd,consumer_brands,medium
nz-mobile-windscreen,automotive,high
ock-group-of-companies,telecommunications,high
onestudyteam,healthcare_pharma_biotech,high
oplabs,finance_fintech,high
opositiv,consumer_brands,high
pacaso,real_estate_construction,high
pairteam,healthcare_provider,high
palaterium-sdn-bhd,real_estate_construction,medium
panasonic-manufacturing-malaysia-berhad,manufacturing,high
passport,tech_software_internet,high
patch.io,tech_software_internet,high
pathai,healthcare_pharma_biotech,high
patton-labs-inc,consulting_professional_services,high
pdi-technologies,tech_software_internet,high
pearce-services,real_estate_construction,high
pegaunihan-technology-malaysia-sdn-bhd,manufacturing,medium
pekat,energy_utilities,high
pella-corporation,manufacturing,high
pengurusan-aset-air-berhad-paab,energy_utilities,high
pentas-flora-sdn-bhd,energy_utilities,medium
pertama-ferroalloys-sdn-bhd,manufacturing,high
pfizer-malaysia-sdn-bhd,healthcare_pharma_biotech,high
phaedon,media_entertainment,medium
pierce-manufacturing,manufacturing,high
pinecone,tech_software_internet,high
pintaras-group,manufacturing,high
pivotalventuresexternal,nonprofit,high
pivotenergy,energy_utilities,high
planetscale,tech_software_internet,high
polaris-inc,manufacturing,high
pplwise,consulting_professional_services,high
practisinglawinstitute,education_higher,high
premier-plus-property-sdn-bhd,real_estate_construction,high
premierautomation,manufacturing,high
premium-retail-services,consulting_professional_services,high
presslogic-malaysia-sdn-bhd,media_entertainment,high
prime,finance_fintech,medium
proconex,manufacturing,high
propublica,media_entertainment,high
prosum,consulting_professional_services,high
protecthealth-corporation-sdn-bhd,healthcare_provider,high
pts-advance,consulting_professional_services,high
pubgcorporation,gaming,high
publicis-media,media_entertainment,high
puma-sports-goods-sdn-bhd,consumer_brands,high
r-a-commercial-vehicles-sdn-bhd,automotive,high
racetrac,hospitality_food_service,high
railway,tech_software_internet,high
rapidai,tech_software_internet,high
rasma-corporation-sdn-bhd,consulting_professional_services,medium
reach-air-medical-services,healthcare_provider,high
rebag,retail_ecommerce,high
reece-usa,real_estate_construction,high
remx-the-workforce-experts,consulting_professional_services,high
reproductivefreedomforall,nonprofit,high
request-technology-llc,consulting_professional_services,high
reviverx,healthcare_pharma_biotech,high
revolution-technologies,consulting_professional_services,high
rh,retail_ecommerce,high
rigel-technology-malaysia-sdn-bhd,consulting_professional_services,medium
rippling,tech_software_internet,high
rivian,automotive,high
rohas-euco-industries-bhd,manufacturing,high
roo,healthcare_provider,high
rosendin,real_estate_construction,high
ross-stores-inc,retail_ecommerce,high
safar-gemilang-sdn-bhd,tech_software_internet,medium
safetykit,tech_software_internet,high
sagility,consulting_professional_services,high
samaritan-s-purse,nonprofit,high
samayaai,tech_software_internet,high
san-manuel-band-of-mission-indians,media_entertainment,high
saris-ai,tech_software_internet,high
saxon-ai,consulting_professional_services,high
sbt,tech_hardware_semiconductors,high
scoreplay,media_entertainment,high
screenvisiondirectinc,media_entertainment,high
search-personnel-pte-ltd,consulting_professional_services,high
secondharvest,nonprofit,high
secu,finance_banking,high
seesaw,education_k12,high
segi-fresh,retail_ecommerce,high
sensei,hospitality_food_service,high
sfgiants,media_entertainment,high
sime-darby-beyond-auto-sdn-bhd,automotive,high
sirim-berhad,public_sector_government,high
siriusxm,media_entertainment,high
sk-magic-retails-malaysia-sdn-bhd,retail_ecommerce,high
skill-bird,consulting_professional_services,high
skyscanner,tech_software_internet,high
slate,tech_software_internet,high
smartrent,tech_software_internet,high
solomonedwards,consulting_professional_services,high
sourcepassinc,consulting_professional_services,high
sphinx,tech_software_internet,medium
staffing-technologies,consulting_professional_services,high
star-hill-hotel-sdn-bhd-jw-marriott-kuala-lumpur,hospitality_food_service,high
stashaway-malaysia-sdn-bhd,finance_fintech,high
stone-forest,consulting_professional_services,high
storiogroup,consumer_brands,high
stream-environment-sdn-bhd,energy_utilities,medium
substack,media_entertainment,high
supergoop,consumer_brands,high
suzuki-malaysia-automobile-sdn-bhd,automotive,high
system1,media_entertainment,high
tavus,tech_software_internet,high
tc-restaurant-group,hospitality_food_service,high
tea-garden-management-sdn-bhd,hospitality_food_service,medium
tech-mahindra-ict-services-malaysia-sdn-bhd,consulting_professional_services,high
techwish,consulting_professional_services,high
the-phoenix-group,consulting_professional_services,high
theathletic,media_entertainment,high
thedurstorganization,real_estate_construction,high
thelibragroup,other,medium
thesiscareers,consulting_professional_services,medium
theweathercompany,media_entertainment,high
third-party-platform-sdn-bhd,finance_fintech,high
thrivecart,tech_software_internet,high
tiaa,finance_fintech,high
tolan,gaming,high
tonal,consumer_brands,high
topazlabs,tech_software_internet,high
trackonomysystems,tech_hardware_semiconductors,high
trellix,tech_software_internet,high
truelayer,finance_fintech,high
tucows,telecommunications,high
twelve,energy_utilities,high
typescouts,consulting_professional_services,high
udig,consulting_professional_services,high
uhy-llp-certified-public-accountants,consulting_professional_services,high
umc,real_estate_construction,high
unisys,tech_software_internet,high
universaldx,healthcare_pharma_biotech,high
upwardhealth,healthcare_provider,high
upwork,tech_software_internet,high
valpro,consulting_professional_services,high
varite-inc,consulting_professional_services,high
verto,finance_fintech,high
vestiairecollective,retail_ecommerce,high
vestland-resources-sdn-bhd,real_estate_construction,high
vestmark,finance_fintech,high
vii-style-holding-sdn-bhd,hospitality_food_service,medium
vistra-corporate-services-malaysia-sdn-bhd,consulting_professional_services,high
vistra-corporate-services-sea-pte-ltd,consulting_professional_services,high
vitality-boost-sdn-bhd,consulting_professional_services,medium
vitalize,tech_software_internet,medium
volka,gaming,high
vuori,consumer_brands,high
waldorf-astoria-monarch-beach-resort-club,hospitality_food_service,high
walleyecapital-external-fulltime,finance_fintech,high
wentel-engineering-sdn-bhd,manufacturing,high
windranger,finance_fintech,high
wintoo-technology-sdn-bhd,consulting_professional_services,medium
wood-master-furniture-manufacturing,manufacturing,high
worldpay,finance_fintech,high
wundercapital,energy_utilities,high
xdinizioengage,consulting_professional_services,high
ymca-of-greater-seattle,nonprofit,high
yobi,media_entertainment,high
zerohomes,real_estate_construction,high
zodiac-capital-sdn-bhd,finance_fintech,medium
zuellig-pharma-sdn-bhd,healthcare_pharma_biotech,high
1company,consulting_professional_services,high
1st-recruit-llc-an-e-verified-company,consulting_professional_services,high
3eco,consulting_professional_services,high
4e,consulting_professional_services,medium
541,finance_fintech,high
5minlab,gaming,high
BranchInsurance,finance_insurance,high
FitifyWorkouts,tech_software_internet,high
GrowthX AI,consulting_professional_services,medium
a-r-medicom-m-sdn-bhd,healthcare_devices,high
aaa-northern-california-nevada-utah,finance_insurance,high
aam-american-axle-manufacturing,automotive,high
abnormal-security,tech_software_internet,high
accountants-one,consulting_professional_services,high
acme-markets,retail_ecommerce,high
acumen,nonprofit,high
adabi-consumer-industries-sdn-bhd,consumer_brands,high
adecco-permanent-recruitment,consulting_professional_services,high
advanced-energy-industries-malaysia-sdn-bhd,tech_hardware_semiconductors,high
advantage-resourcing,consulting_professional_services,high
advantis-global-is-becoming-inspyr-solutions,consulting_professional_services,high
aeg,media_entertainment,high
aimflex-systems-sdn-bhd,manufacturing,medium
airbyte,tech_software_internet,high
alephalpha,tech_software_internet,high
alifsemi,tech_hardware_semiconductors,high
allspice,tech_software_internet,high
alpha-international-women-s-specialists-sdn-bhd,healthcare_provider,high
alta-equipment-company,manufacturing,high
altair,tech_software_internet,high
altamiratechnologies,consulting_professional_services,high
altec,manufacturing,high
altmansolonuslp,consulting_professional_services,high
aluminium-company-of-malaysia-berhad,manufacturing,high
alvarez-marsal,consulting_professional_services,high
americancapitalgroup,real_estate_construction,high
americanoperator,consulting_professional_services,medium
amerihealth-caritas,finance_insurance,high
ampsortation,manufacturing,high
anod-tech-industry-m-sdn-bhd,manufacturing,medium
anomali,tech_software_internet,high
aon-insurance-brokers-m-sdn-bhd,finance_insurance,high
aperiasolutions,consulting_professional_services,high
applied-medical,healthcare_devices,high
april,finance_fintech,high
aqua,energy_utilities,high
aquabyte,agriculture_food_production,high
arable,agriculture_food_production,high
arb-interactive,gaming,high
arcadiascience,healthcare_pharma_biotech,high
arizona-biltmore-a-waldorf-astoria-resort,hospitality_food_service,high
arkema-coating-resins-malaysia-sdn-bhd,manufacturing,high
artian,tech_software_internet,high
artisanpartners,finance_fintech,high
asian-business-software-solutions-sdn-bhd,tech_software_internet,high
astrion,defense_aerospace,high
atariinc,gaming,high
ati-restoration-llc,real_estate_construction,high
atomic,consulting_professional_services,high
avi-spl,consulting_professional_services,high
axiad,tech_software_internet,high
axion,tech_software_internet,high
backpack,finance_fintech,high
baosteel-can-making-malaysia-sdn-bhd,manufacturing,high
barrington-james,consulting_professional_services,high
beeducation-adventures-sdn-bhd,education_k12,medium
beewise,agriculture_food_production,high
bel,consumer_brands,high
benchmark-electronics-m-sdn-bhd,tech_hardware_semiconductors,high
besfellowship,education_k12,high
betr,gaming,high
big-grain-credit-sdn-bhd,finance_fintech,medium
biofact-life-sdn-bhd,healthcare_pharma_biotech,medium
bivacor-inc,healthcare_devices,high
boss-solutions-global-sdn-bhd,consulting_professional_services,medium
bouldercare,healthcare_provider,high
brand-advance-ssp,media_entertainment,high
brookfield-properties,real_estate_construction,high
bullish-aim-sdn-bhd,real_estate_construction,medium
burnt,finance_fintech,high
business-media-international-sdn-bhd,media_entertainment,high
businesswire,media_entertainment,high
buspatrol,tech_software_internet,high
buzzclan,consulting_professional_services,high
cambium,consulting_professional_services,medium
cannondale,consumer_brands,high
capgemini-engineering,consulting_professional_services,high
capital-region-boces,education_k12,high
capital-vacations,hospitality_food_service,high
carnot-ai,tech_software_internet,high
centennial,real_estate_construction,medium
central-coldstorage-kuching-sdn-bhd,transportation_logistics,high
cerebra-consulting-inc,consulting_professional_services,high
chailease-berjaya-credit-sdn-bhd,finance_fintech,high
chambercardio,healthcare_provider,high
chenega-security-sbu,defense_aerospace,high
chobani,consumer_brands,high
circana,consulting_professional_services,high
clearcapital,tech_software_internet,high
clearco,finance_fintech,high
close,tech_software_internet,high
cloud-destinations,consulting_professional_services,high
codebase-inc,consulting_professional_services,high
comfori-sdn-bhd,consulting_professional_services,high
compex-technologies-sdn-bhd,tech_software_internet,medium
comptechcomputertechnologies,consulting_professional_services,high
comun,finance_fintech,high
conetic-group,consulting_professional_services,medium
confidential-jobs,other,low
conlay-construction-sdn-bhd,real_estate_construction,high
convelio,transportation_logistics,high
cosm,media_entertainment,high
coursecareers,education_higher,high
creativex,tech_software_internet,high
cred,finance_fintech,high
creditunionofcolorado,finance_banking,high
crg,consulting_professional_services,high
crst-the-transportation-solution-inc,transportation_logistics,high
csg-talent,consulting_professional_services,high
ctdi,telecommunications,high
cts-complete-technical-services,consulting_professional_services,high
custom-food-ingredients-sdn-bhd,agriculture_food_production,high
custom-truck-one-source,manufacturing,high
daher,defense_aerospace,high
dataskate,consulting_professional_services,medium
davistechnologymanagement,consulting_professional_services,high
daybreakgames,gaming,high
daydream,tech_software_internet,medium
delima-kinta-sdn-bhd,automotive,medium
delta-dental-ins,finance_insurance,high
delta-system-software-inc,consulting_professional_services,high
democracyforward,nonprofit,high
detroitlions,media_entertainment,high
dfi-retail-group,retail_ecommerce,high
diligent,real_estate_construction,medium
diligente-technologies,consulting_professional_services,high
direct-sales-recruiting-llc,consulting_professional_services,high
disqo,media_entertainment,high
diversified-automation,manufacturing,high
dollskill,retail_ecommerce,high
dp-professionals-dpp,consulting_professional_services,high
dps-group-global,consulting_professional_services,high
drb-hicom-berhad,automotive,high
dream-finders-homes,real_estate_construction,high
dropee,tech_software_internet,high
duke-energy-corporation,energy_utilities,high
e-business-international-inc,consulting_professional_services,high
ecco-select,consulting_professional_services,high
educative,tech_software_internet,high
edwards-lifesciences-malaysia-sdn-bhd,healthcare_devices,high
ekohealth,healthcare_devices,high
electrolux-group,consumer_brands,high
elektrisola-m-sdn-bhd,manufacturing,high
elementscience,healthcare_devices,high
embrace,tech_software_internet,high
emslinqinc,tech_software_internet,high
enboarder,tech_software_internet,high
endeavor,media_entertainment,high
eng-han-bina-sdn-bhd,real_estate_construction,medium
enhesa,consulting_professional_services,high
enterprise-peak,consulting_professional_services,high
epay-policy,finance_fintech,high
epic-games,gaming,high
epicor-software-m-sdn-bhd,tech_software_internet,high
esusu,tech_software_internet,high
esw,tech_software_internet,high
evergreennephrology,healthcare_provider,high
evergy,energy_utilities,high
evernorth-health-services,healthcare_provider,high
expel,tech_software_internet,high
express,retail_ecommerce,high
ezytronic-sdn-bhd,retail_ecommerce,medium
fairmont-orchid-hawaii,hospitality_food_service,high
fannie-mae,finance_fintech,high
finary,finance_fintech,high
finsterai,finance_fintech,high
first-pavilion-trading-sdn-bhd,consulting_professional_services,medium
flashpoint.io,tech_software_internet,high
fletcherjonesmotorcars,automotive,high
flipdish,tech_software_internet,high
flipp,tech_software_internet,high
flock,finance_insurance,high
flowserve-corporation,manufacturing,high
fluxer-technology-sdn-bhd,tech_software_internet,medium
focalsystems,tech_software_internet,high
focus-point-vision-care-group-sdn-bhd,healthcare_devices,high
foot-locker,retail_ecommerce,high
fortesys-sdn-bhd,tech_software_internet,high
fragomen-malaysia-sdn-bhd,legal_services,high
freed,tech_software_internet,high
fresenius-medical-care-production-sdn-bhd,healthcare_provider,high
friends-of-youth,nonprofit,high
fti-consulting,consulting_professional_services,high
futureof-life,nonprofit,high
futures-consulting-llc,consulting_professional_services,high
gaf,manufacturing,high
galactic-minds-inc,defense_aerospace,medium
gameseven,media_entertainment,high
garage,tech_software_internet,medium
gd-pavilion-sdn-bhd,real_estate_construction,medium
genesys,tech_software_internet,high
genisis-technology-solutions,consulting_professional_services,high
genomics,healthcare_pharma_biotech,high
genpact-malaysia-sdn-bhd,consulting_professional_services,high
georgia-it-inc,consulting_professional_services,high
georgia-tech-research-institute,defense_aerospace,high
getground,finance_fintech,high
globalaccelerator,consulting_professional_services,high
globalelitecareers,finance_insurance,high
glocomms,consulting_professional_services,high
glory-global-solutions-m,tech_hardware_semiconductors,high
gmo,finance_fintech,high
gptzero,tech_software_internet,high
grand-fitness,consumer_brands,medium
granite-construction,real_estate_construction,high
graphic-packaging-international-llc,manufacturing,high
graphite,tech_software_internet,high
greenwaveradios,telecommunications,high
grotto,tech_software_internet,medium
gsa,public_sector_government,high
gsk,healthcare_pharma_biotech,high
gwkinvestmentmanagementllc,finance_fintech,high
h-r-block,finance_fintech,high
halliburton,energy_utilities,high
hanover-park,finance_fintech,medium
hard-rock-hotel-casino-bristol,media_entertainment,high
harmony-new-energy-auto-service-malaysia-sdn-bhd,automotive,high
harris-computer,tech_software_internet,high
harrisenergysolutions,energy_utilities,high
harrison.ai,tech_software_internet,high
haus,media_entertainment,high
hcesquared,consulting_professional_services,medium
hcl-global-systems-inc,consulting_professional_services,high
healthfirst,finance_insurance,high
hearthside-food-solutions,agriculture_food_production,high
henderson-scott,consulting_professional_services,high
henkel,consumer_brands,high
henry-butcher-malaysia-mont-kiara-sdn-bhd,real_estate_construction,high
herbaline-global-wellness-group,consumer_brands,high
herm-s,retail_ecommerce,high
heymilo,tech_software_internet,high
hilti-north-america,manufacturing,high
hka-enterprises,consulting_professional_services,high
hong-poh-engineering-construction-sdn-bhd,real_estate_construction,high
housinganywhere,real_estate_construction,high
hpmt-industries-sdn-bhd,manufacturing,high
hrc-international,hospitality_food_service,high
hubbell-incorporated,manufacturing,high
hubblenetwork,defense_aerospace,high
hugo-boss-malaysia-sdn-bhd,consumer_brands,high
hunter-douglas-inc,manufacturing,high
hwa-tai-industries-berhad,agriculture_food_production,high
hyperfine53,healthcare_devices,high
hyperproof,tech_software_internet,high
icon-strategic-solutions,healthcare_pharma_biotech,high
iconsultera,consulting_professional_services,high
ideogram,tech_software_internet,high
iff,consumer_brands,high
ikimie-technology,consulting_professional_services,medium
imbibeinc,consumer_brands,high
imcs-group,healthcare_provider,high
inazume-m-sdn-bhd,real_estate_construction,medium
inductive-bio,healthcare_pharma_biotech,high
inmarket,media_entertainment,high
institut-darul-ridzuan-bhd,public_sector_government,medium
intco-malaysia-sdn-bhd,manufacturing,high
intelligent-advisory-sdn-bhd,consulting_professional_services,medium
intermexwiretransfer,finance_fintech,high
iscistech-business-solutions-sdn-bhd,consulting_professional_services,medium
itmax-system-berhad,tech_software_internet,high
jito.wtf,finance_fintech,high
jmawireless,telecommunications,high
jobsguru-sdn-bhd,consulting_professional_services,medium
joul,consulting_professional_services,high
jp-morgan-chase-bank-bhd,finance_banking,high
jti-japan-tobacco-international,consumer_brands,high
jubin-bms-1990-sdn-bhd,real_estate_construction,medium
judge-direct-placement,consulting_professional_services,high
kaefer-integrated-services-pty-ltd,consulting_professional_services,high
kaizenlabs,tech_software_internet,high
kastle,tech_software_internet,high
kejuruteraan-qks-sdn-bhd,real_estate_construction,medium
kepler-ai,tech_software_internet,high
kinergy-limited,energy_utilities,medium
kiss-products-inc,consumer_brands,high
kivaorg,nonprofit,high
kl-wellness-city-sdn-bhd,real_estate_construction,high
kloeckner-metals-americas,manufacturing,high
koda-woodcraft-sdn-bhd,manufacturing,high
koperasi-tentera,finance_banking,high
kpdnhep,public_sector_government,high
kraftonindia,gaming,high
kraken-kinetics,defense_aerospace,high
kunai,consulting_professional_services,high
kustomer,tech_software_internet,high
langfuse,tech_software_internet,high
larkinstreetyouthservices,nonprofit,high
lattice,tech_software_internet,high
leapwork,tech_software_internet,high
legend-integrated-logistics-sdn-bhd,transportation_logistics,high
levelup-hcs,consulting_professional_services,high
lig,consulting_professional_services,medium
linde-malaysia-sdn-bhd,manufacturing,high
linqia,media_entertainment,high
livein-sdn-bhd,real_estate_construction,medium
livescore9,gaming,high
louis-vuitton,consumer_brands,high
lovesac,retail_ecommerce,high
lucenxia-m-sdn-bhd,healthcare_devices,medium
lyondellbasell,manufacturing,high
m3,tech_software_internet,high
macom,tech_hardware_semiconductors,high
macquarie-group,finance_banking,high
magentic,tech_software_internet,high
magnit,consulting_professional_services,high
magnum-4d-berhad,gaming,high
mainstay,consulting_professional_services,medium
majuhome,retail_ecommerce,high
makita-power-tools-malaysia-sdn-bhd,manufacturing,high
manscaped,consumer_brands,high
mapletree-investments-pte-ltd,real_estate_construction,high
marloo,tech_software_internet,medium
massmutual,finance_insurance,high
matic,finance_insurance,high
mattress-firm,retail_ecommerce,high
mcdonald-s-malaysia-gerbang-alaf-restaurants-sdn-bhd,hospitality_food_service,high
md-capital-berhad,finance_fintech,medium
metron,defense_aerospace,high
metronet,telecommunications,high
midstream,tech_software_internet,medium
milton-cat,manufacturing,high
miracle-software-systems-inc,consulting_professional_services,high
miracom-hive,consulting_professional_services,medium
mirelo,tech_software_internet,high
mishimoto,automotive,high
mka-cabinet-design-m-sdn-bhd,real_estate_construction,medium
mobiik,consulting_professional_services,high
mobile-mini-solutions,real_estate_construction,high
mobilityware,gaming,high
momentumcompany3,tech_software_internet,medium
mondelez-malaysia-sdn-bhd,consumer_brands,high
mondo,consulting_professional_services,high
monkey-s-canopy-resort,hospitality_food_service,high
mosaic,finance_fintech,high
mosaic-life-care,healthcare_provider,high
msa-the-safety-company,manufacturing,high
mulia-property-development-sdn-bhd,real_estate_construction,high
my-e-g-services-bhd,tech_software_internet,high
my-hero-hypermarket-sdn-bhd,retail_ecommerce,high
mytos,healthcare_pharma_biotech,high
nagaworld,media_entertainment,high
nanofilm-technologies-international-ltd,manufacturing,high
nebula,consulting_professional_services,high
netsmart,tech_software_internet,high
new-relic,tech_software_internet,high
newpages-network-sdn-bhd,tech_software_internet,medium
nextracker-inc,energy_utilities,high
nibiru,finance_fintech,high
nikola-corporation,automotive,high
ninedotholdingsinc,real_estate_construction,medium
noblis,defense_aerospace,high
nomos,tech_software_internet,medium
nory,tech_software_internet,high
novel-leap-sdn-bhd,finance_fintech,medium
npowermedicine,healthcare_pharma_biotech,high
nsrg,finance_fintech,high
ocean-labs-technology-sdn-bhd,consulting_professional_services,medium
offgamers-sdn-bhd,gaming,high
office-of-personnel-management,public_sector_government,high
oleria-security,tech_software_internet,high
onbe,finance_fintech,high
one-it-corp,consulting_professional_services,high
onecampaign,nonprofit,high
oneleet,tech_software_internet,high
opencoreventures,consulting_professional_services,medium
opti-staffing-group,consulting_professional_services,high
ordergroove,tech_software_internet,high
oriongroup,consulting_professional_services,medium
outset,tech_software_internet,medium
owens-corning,manufacturing,high
panteracapitalcareers,finance_fintech,high
paralleldomain,tech_software_internet,high
partnership-healthplan-of-california,finance_insurance,high
partumhealth,healthcare_provider,high
payzen-inc,finance_fintech,high
pc-group,real_estate_construction,medium
pelaburan-hartanah-berhad,real_estate_construction,high
pembinaan-sujaman-sdn-bhd,real_estate_construction,high
pendulum,consumer_brands,high
perbadanan-bekalan-air-pulau-pinang-sdn-bhd,energy_utilities,high
percetakan-tenaga-sdn-bhd,media_entertainment,medium
peritus-inc,consulting_professional_services,high
permutive,tech_software_internet,high
pet-universe-sdn-bhd,consumer_brands,high
petroliam-nasional-berhad-petronas,energy_utilities,high
pgf-insulation-sdn-bhd-a-company-of-pgf-capital-berhad,manufacturing,high
phia,tech_software_internet,high
phillip-securities-pte-ltd,finance_fintech,high
pilot-fiber,telecommunications,high
pinnacle-live,media_entertainment,high
pkl-manufacturers-sdn-bhd,manufacturing,high
point-one-navigation,tech_hardware_semiconductors,high
pointc,finance_insurance,high
polygon-labs,finance_fintech,high
powercap-electric-sdn-bhd,energy_utilities,medium
ppmd,healthcare_provider,high
premier-integrated-labs-sdn-bhd,healthcare_pharma_biotech,high
primary-services,consulting_professional_services,high
privasia-sdn-bhd,tech_software_internet,high
procept-biorobotics,healthcare_devices,high
prokeep,tech_software_internet,high
prosper-ai,tech_software_internet,high
pure-storage,tech_software_internet,high
putnamassociatesllc,consulting_professional_services,high
quidelortho,healthcare_devices,high
radixuniversity,finance_fintech,high
rapidfortinc,tech_software_internet,high
rapidmicrobio,healthcare_pharma_biotech,high
ravenna,tech_software_internet,high
reading-truck,manufacturing,high
realitydefender,tech_software_internet,high
reckitt-malaysia,consumer_brands,high
released,consulting_professional_services,medium
rennscotmfg,manufacturing,high
rentokil-initial-m-sdn-bhd,consumer_brands,medium
righttalents-llc,consulting_professional_services,high
riverwoods,healthcare_provider,high
rmj-consulting-sdn-bhd,consulting_professional_services,medium
roadrunner-studios,consulting_professional_services,medium
robin-ai,tech_software_internet,high
robust-hpc-sdn-bhd,consulting_professional_services,high
rocketmiles,tech_software_internet,high
rondoenergy,energy_utilities,high
rti,tech_software_internet,high
rw1,consulting_professional_services,medium
rxvantage,tech_software_internet,high
rylo,tech_hardware_semiconductors,high
s-c-electric-company,manufacturing,high
salesworks-sdn-bhd,consulting_professional_services,medium
sanctuary,real_estate_construction,medium
sapura-resources-berhad,defense_aerospace,high
schaeffler-bearings-malaysia-sdn-bhd,manufacturing,high
scientific-search,consulting_professional_services,high
scn-search-consulting-network,consulting_professional_services,high
seaportglobal,finance_banking,high
sem-matic-sdn-bhd,manufacturing,high
sena-letrik-m-sdn-bhd,real_estate_construction,medium
sensmore,manufacturing,medium
serba-wangi-sdn-bhd,consulting_professional_services,medium
signature-distribution-sdn-bhd,consulting_professional_services,medium
skanska,real_estate_construction,high
slg-construction-sdn-bhd,real_estate_construction,high
smec-m-sdn-bhd,consulting_professional_services,high
sofarocean,tech_hardware_semiconductors,high
sol-technology-partners,consulting_professional_services,high
solidpower,manufacturing,high
solopulseco,defense_aerospace,high
sourcegraph91,tech_software_internet,high
spinnakersupport,tech_software_internet,high
spotme,tech_software_internet,high
spotter,media_entertainment,high
square,finance_fintech,high
sri-kdu-sdn-bhd,education_k12,high
stable,tech_software_internet,high
staff-management-smx,consulting_professional_services,high
staffbright,consulting_professional_services,high
strateq-group-strateq-sdn-bhd,consulting_professional_services,high
stream-empire-holdings,consulting_professional_services,medium
suite-studios,tech_software_internet,high
sunway-construction-sdn-bhd,real_estate_construction,high
swca-environmental-consultants,consulting_professional_services,high
swipe-say-easy,media_entertainment,medium
tailwind,tech_software_internet,high
taion-sdn-bhd,manufacturing,medium
tce-tackles-sdn-bhd,consumer_brands,medium
teleflex,healthcare_devices,high
teleperformance,consulting_professional_services,high
tempus-unlimited-inc,nonprofit,high
the-select-group,consulting_professional_services,high
thesalesfactory,consulting_professional_services,high
times-ceramica-sdn-bhd,manufacturing,high
toll-brothers,real_estate_construction,high
tomei-consolidated-berhad,retail_ecommerce,high
torchdental,tech_software_internet,high
trc-talent-solutions,consulting_professional_services,high
treeline-inc,consulting_professional_services,high
trellahealth,tech_software_internet,high
triedge-investments,finance_fintech,medium
truwater-cooling-towers-sdn-bhd,manufacturing,medium
turbineone,defense_aerospace,high
tutor-time-childcare,education_k12,high
uac-berhad,manufacturing,high
ukm-specialist-centre-sdn-bhd,healthcare_provider,high
ul-solutions,consulting_professional_services,high
ultra-clean-technology,tech_hardware_semiconductors,high
united-it,consulting_professional_services,high
unybrands,retail_ecommerce,high
uob-kay-hian-securities-m-sdn-bhd,finance_fintech,high
uplane,tech_software_internet,high
uts-marketing-solutions-sdn-bhd,consulting_professional_services,medium
vans,consumer_brands,high
verity-intelligence-sdn-bhd,consulting_professional_services,medium
vertiv,manufacturing,high
vh-associates-sdn-bhd,consulting_professional_services,medium
vidmob,media_entertainment,high
viggle,tech_software_internet,high
virtue-ai,tech_software_internet,high
vsco39,tech_software_internet,high
vulcan-materials-company,manufacturing,high
wahi,real_estate_construction,high
water-engineering-technology-sdn-bhd,real_estate_construction,medium
waterworks,manufacturing,high
wellfit,tech_software_internet,medium
western-area-power-administration,public_sector_government,high
wfclainc,media_entertainment,high
withflex,tech_software_internet,high
xoriant,consulting_professional_services,high
ye-chiu-non-ferrous-metal-m-sdn-bhd,manufacturing,high
yeet,tech_software_internet,high
ymca-of-greater-houston,nonprofit,high
zelis,finance_insurance,high
zhongshi-chemical-engineering-construction-malaysia-sdn-bhd,real_estate_construction,high
zurichinstruments,tech_hardware_semiconductors,high
zwift,tech_software_internet,high
86repairs,consulting_professional_services,high
908devicesinc,healthcare_devices,high
BlueMatrix,finance_fintech,high
Substrate,tech_hardware_semiconductors,high
a24,media_entertainment,high
abacus-group-llc,consulting_professional_services,high
abhidi-solution-sdn-bhd,consulting_professional_services,high
abx-express-m-sdn-bhd,transportation_logistics,high
academy-sports-outdoors,retail_ecommerce,high
ace-gases-sdn-bhd,manufacturing,high
acog,nonprofit,high
action-behavior-centers-aba-therapy-for-autism,healthcare_provider,high
adaptivefinancialconsulting,consulting_professional_services,high
addx,finance_fintech,high
adena-corporation,real_estate_construction,high
advanced-assembly-materials-m-sdn-bhd,manufacturing,high
advantex-professional-services,consulting_professional_services,high
aegon,finance_insurance,high
aerispartners.com,finance_banking,high
affinitiv,media_entertainment,high
ag1,consumer_brands,high
agilent-technologies-lda-malaysia-sdn-bhd,manufacturing,high
ajinomoto-malaysia-berhad,consumer_brands,high
akasa,tech_software_internet,high
alight-solutions,consulting_professional_services,high
allianz-life,finance_insurance,high
alljoined,healthcare_pharma_biotech,medium
allnex-malaysia-sdn-bhd,manufacturing,high
alloy-kitchen-marketing-sdn-bhd,real_estate_construction,medium
alo-yoga,retail_ecommerce,high
alpha-masterclass-sdn-bhd,finance_fintech,medium
altarum,consulting_professional_services,high
altium,tech_software_internet,high
alton-intelligent-technology-sdn-bhd,manufacturing,medium
alva-energy,energy_utilities,high
amarok,real_estate_construction,medium
american-family-insurance,finance_insurance,high
american-water,energy_utilities,high
amount,finance_fintech,high
ampeco-global,tech_software_internet,high
ana-corp,defense_aerospace,medium
anellophotonics,tech_hardware_semiconductors,high
aogarciaagency,finance_insurance,high
apex-pharmacy-marketing-sdn-bhd,healthcare_pharma_biotech,high
aqua-voice,tech_software_internet,high
artera,tech_software_internet,high
arvinas,healthcare_pharma_biotech,high
asia-leisure-car-rental-sdn-bhd,automotive,high
asian-pac-holdings-bhd,real_estate_construction,high
asian-trails-m-sdn-bhd,hospitality_food_service,high
asteriai,tech_software_internet,high
astino-berhad,manufacturing,high
ataraxis-ai,healthcare_pharma_biotech,high
atlas-air,transportation_logistics,high
atr-international,consulting_professional_services,high
attaintalent,consulting_professional_services,high
automat,tech_software_internet,high
autowell-technology,manufacturing,high
avance-consulting,consulting_professional_services,high
avancez-llc,automotive,high
avi-foodsystems,hospitality_food_service,high
aviatornation,consumer_brands,high
awatra-sdn-bhd,consulting_professional_services,medium
ballinger,consulting_professional_services,high
bandar-utama-city-centre-sdn-bhd,real_estate_construction,high
bankjoy,tech_software_internet,high
barkley,media_entertainment,high
basis-bay-group,consulting_professional_services,medium
bateriku-m-sdn-bhd,automotive,medium
bd-malaysia,healthcare_devices,high
beamup,tech_software_internet,high
bedrock,tech_software_internet,high
behavox,tech_software_internet,high
beryl-s-chocolate-confectionery-sdn-bhd,consumer_brands,high
besteel-berhad,manufacturing,high
bethesda-game-studios,gaming,high
bettermoney,finance_fintech,high
binalyze,tech_software_internet,high
biomarin-pharmaceutical-inc,healthcare_pharma_biotech,high
bitstack,finance_fintech,high
blinkux,consulting_professional_services,high
bliro,tech_software_internet,high
blue-chip-talent,consulting_professional_services,high
blusky-restoration-contractors,real_estate_construction,high
bond-m-e-sdn-bhd,real_estate_construction,medium
bradken-casting-m-sdn-bhd,manufacturing,high
bradyplus,retail_ecommerce,medium
brand-knew,media_entertainment,high
bravotech,consulting_professional_services,high
browserbase,tech_software_internet,high
brp,manufacturing,high
bruker-daltonics,healthcare_devices,high
buffalo-rock-company,consumer_brands,high
callrail,tech_software_internet,high
calrecycle,public_sector_government,high
campbell-soup-southeast-asia-sdn-bhd,consumer_brands,high
careers.azx.io,tech_software_internet,high
carusoaffiliated,real_estate_construction,high
cbai,nonprofit,high
ccm-chemicals-sdn-bhd,manufacturing,high
cei,consulting_professional_services,high
cellanome,healthcare_pharma_biotech,high
centerfield-business-solutions-sdn-bhd,consulting_professional_services,medium
century-group,consulting_professional_services,high
cezars-kitchen-sdn-bhd,hospitality_food_service,high
chart-industries-inc,manufacturing,high
chick-fil-a-corporate-support-center,hospitality_food_service,high
chooose,tech_software_internet,high
chorusinnovations,tech_software_internet,high
chowbus,tech_software_internet,high
chronograph,tech_software_internet,high
chuan-huat-resources-berhad,manufacturing,high
chuan-sin-sdn-bhd,consumer_brands,high
chubb,finance_insurance,high
circuithub,manufacturing,high
citian,tech_software_internet,high
city-facilities-management-sdn-bhd,real_estate_construction,high
clair,finance_fintech,high
clarium,tech_software_internet,high
clearlink,media_entertainment,high
clicktherapeutics,healthcare_pharma_biotech,high
cobank,finance_banking,high
codeforamerica,nonprofit,high
colemanresearch,consulting_professional_services,high
colonist,gaming,high
columbia-sportswear-company,consumer_brands,high
commerce-dot-com-sdn-bhd,tech_software_internet,high
commercetools,tech_software_internet,high
compass-group-usa,hospitality_food_service,high
composite-technology-research-malaysia-sdn-bhd,manufacturing,high
comtec-information-systems-it,consulting_professional_services,high
conflux-systems,consulting_professional_services,high
constellation-culinary-group,hospitality_food_service,high
consumer-cellular-inc,telecommunications,high
conviva,tech_software_internet,high
corebridge-financial,finance_fintech,high
corvus-robotics,manufacturing,high
costar-group,tech_software_internet,high
craftwater,consulting_professional_services,high
creativefabrica,tech_software_internet,high
credible,finance_fintech,high
credit-acceptance,finance_fintech,high
crest-business-solutions-sdn-bhd,consulting_professional_services,high
crookedmedia,media_entertainment,high
crossjoin-solutions,consulting_professional_services,high
crrc-rolling-stock-center-malaysia-sdn-bhd,transportation_logistics,high
crystal-equation-corporation,consulting_professional_services,high
cs-eco-glass-m-sdn-bhd,manufacturing,medium
cube-hub-inc,consulting_professional_services,high
cv-resources,consulting_professional_services,high
cyngn,automotive,high
daikin-applied-americas,manufacturing,high
dapl-it-services-sdn-bhd,consulting_professional_services,medium
datawizz,tech_software_internet,high
dbsi-services,manufacturing,high
deleum-services-sdn-bhd,energy_utilities,high
dell-technologies,tech_hardware_semiconductors,high
delphi,tech_software_internet,high
denverbroncosteamllc,media_entertainment,high
dialecticch,finance_fintech,high
digitive,consulting_professional_services,high
din-tai-fung-malaysia,hospitality_food_service,high
dkatalislabs,tech_software_internet,high
dnow,energy_utilities,high
docsumo,tech_software_internet,high
dodgshunmedlin,agriculture_food_production,high
doola,finance_fintech,high
double,consulting_professional_services,high
dragonfly-educational-sdn-bhd,education_k12,high
dsi,real_estate_construction,high
duna,tech_software_internet,high
duquesne-light-company,energy_utilities,high
ead,consulting_professional_services,high
eaglestar-marine-holdings-l-pte-ltd,transportation_logistics,high
early-warning,finance_fintech,high
edenor-oleochemicals-m-sdn-bhd,manufacturing,high
edmund-optics-malaysia-sdn-bhd,tech_hardware_semiconductors,high
edsights,tech_software_internet,high
ef-english-first,education_higher,high
emergence-capital-partners,finance_fintech,high
employ,tech_software_internet,high
employvision-inc,consulting_professional_services,high
empower,finance_fintech,high
emr-usa-metal-recycling,manufacturing,high
engineersgate,finance_fintech,high
entergy,energy_utilities,high
entrust-solutions-group,energy_utilities,high
ep-manufacturing-berhad,automotive,high
epson-precision-malaysia-sdn-bhd,tech_hardware_semiconductors,high
equity-staffing-group,consulting_professional_services,high
eriks,manufacturing,high
esb-technologies,consulting_professional_services,high
everest,finance_insurance,high
evolusi-bersatu-sdn-bhd,real_estate_construction,medium
evolution,gaming,high
exclusive-factory-mobile-sdn-bhd,retail_ecommerce,medium
f2-ai,tech_software_internet,high
factor,consumer_brands,high
fandom,media_entertainment,high
fiducial,defense_aerospace,high
filken-sdn-bhd,consulting_professional_services,medium
finbond-heavy-machinery-sdn-bhd,manufacturing,medium
findem,tech_software_internet,high
finto,tech_software_internet,high
firstenergy,energy_utilities,high
fit-pioneer-resources-sdn-bhd,consulting_professional_services,medium
fleetcor,finance_fintech,high
flint,tech_software_internet,high
florencehealthcare,healthcare_pharma_biotech,high
florim-usa,manufacturing,high
food-excellence-specialist-sdn-bhd,agriculture_food_production,high
foodpanda-malaysia-sdn-bhd,tech_software_internet,high
freiheit-2,tech_software_internet,medium
fujiaireglobal-sdn-bhd,consumer_brands,high
fwgsolutions,defense_aerospace,medium
gates-it-solution-sdn-bhd,consulting_professional_services,medium
gcmgrosvenor,finance_fintech,high
geico,finance_insurance,high
generate,energy_utilities,high
georgiatek-systems-inc,consulting_professional_services,high
getmaple,healthcare_provider,high
gettyimages,media_entertainment,high
giga-sports-sdn-bhd,retail_ecommerce,medium
goal,nonprofit,high
goodnotes,tech_software_internet,high
goodr,consumer_brands,high
goodshufflepro,tech_software_internet,high
gooutdoors,retail_ecommerce,high
gordian,consulting_professional_services,high
gouspack,transportation_logistics,medium
gravityclimate,tech_software_internet,high
great-gray-group,finance_fintech,high
greif,manufacturing,high
group14,manufacturing,high
growth-well-industry-sdn-bhd,consumer_brands,medium
gsacapital,finance_fintech,high
hanson-quarry-products-sdn-bhd,manufacturing,high
haverse-development-sdn-bhd-f-k-a-sanjung-horizon-development-sdn-bhd,real_estate_construction,medium
hayward-holdings-inc,manufacturing,high
hc360,healthcare_provider,high
headway-tek-inc,consulting_professional_services,high
healthtech-1,tech_software_internet,high
heartshare-human-services-of-new-york,nonprofit,high
helius,finance_fintech,high
hennionwalsh,finance_fintech,high
hereio,tech_software_internet,high
hi-beau-malaysia-sdn-bhd,consumer_brands,high
highlightai,tech_software_internet,high
hireclout,consulting_professional_services,high
hirexa-solutions,consulting_professional_services,high
hongrita-precision-component-m-sdn-bhd,manufacturing,high
hope,nonprofit,high
hostanalytics,tech_software_internet,high
house-of-cards-limited,media_entertainment,medium
housemarque,gaming,high
hovid-bhd,healthcare_pharma_biotech,high
huhtamaki,manufacturing,high
humanrightswatch,nonprofit,high
hume-cement-sdn-bhd,manufacturing,high
hypori,tech_software_internet,high
i3d,tech_software_internet,high
ibraco-berhad,real_estate_construction,high
icst,consulting_professional_services,high
idexx,healthcare_devices,high
ids-medical-systems-group,healthcare_devices,high
imi,manufacturing,high
imocha-sdn-bhd,consulting_professional_services,medium
inchargeenergy,energy_utilities,high
incorta,tech_software_internet,high
indah-utara-enterprise-sdn-bhd,automotive,high
infobahn-softworld-inc,consulting_professional_services,high
ingenious,consulting_professional_services,medium
ingredion-incorporated,agriculture_food_production,high
innoquest-pathology-sdn-bhd,healthcare_pharma_biotech,high
instiglio,nonprofit,high
integrated-modern-environmental-control-sdn-bhd,real_estate_construction,medium
integrated-oncology-network,healthcare_provider,high
interlink-talent-solutions,consulting_professional_services,high
international-organization-for-migration-iom,nonprofit,high
intrix-group,consulting_professional_services,medium
ioi-properties-group,real_estate_construction,high
ipsos-sdn-bhd,consulting_professional_services,high
irregular,tech_software_internet,high
isotalent,consulting_professional_services,high
itradenetworkinc,tech_software_internet,high
ivc-solutions-limited,consulting_professional_services,medium
izeno-sdn-bhd,consulting_professional_services,high
jbs-usa,agriculture_food_production,high
je-dunn-construction,real_estate_construction,high
jebsen-jessen-malaysia-sdn-bhd,consulting_professional_services,high
jellyvision,tech_software_internet,high
jigsaw,tech_software_internet,high
jos-a-bank-clothiers,retail_ecommerce,high
jumpcrypto,finance_fintech,high
justrite-safety-group,manufacturing,high
k-k-i-p-sdn-bhd,real_estate_construction,medium
kah-motor-company-sdn-bhd,automotive,high
kerry-logistics-malaysia-sdn-bhd,transportation_logistics,high
kindo,tech_software_internet,high
king-county-housing-authority,public_sector_government,high
kj-property-management-sdn-bhd,real_estate_construction,high
knock,tech_software_internet,high
krispy-kreme,hospitality_food_service,high
kubra,tech_software_internet,high
kum-hoi-engineering-industries-sdn-bhd,manufacturing,medium
l-co-plt,consulting_professional_services,medium
l-t-technology-services,consulting_professional_services,high
lablink-m-sdn-bhd,healthcare_pharma_biotech,high
labuan-shipyard-engineering-sdn-bhd,transportation_logistics,high
lam-research-international-sdn-bhd,tech_hardware_semiconductors,high
landscapeforms,manufacturing,high
leadstack-inc,consulting_professional_services,high
lenora-systems-inc,consulting_professional_services,high
lenusehealth,tech_software_internet,high
leveragedge-sdn-bhd,energy_utilities,high
liaisoninternational,tech_software_internet,high
lightcast,tech_software_internet,high
lightspeedsystems,tech_software_internet,high
lindawernerassociates,media_entertainment,medium
lippert,manufacturing,high
littler,legal_services,high
lmr,hospitality_food_service,high
lorikeet,tech_software_internet,high
lotlinx,tech_software_internet,high
lovelace-biomedical,healthcare_pharma_biotech,high
lseg-london-stock-exchange-group,finance_fintech,high
ltaresearch,defense_aerospace,high
lunar-solar-group,media_entertainment,high
mahmee,healthcare_provider,high
maica-laminates-sdn-bhd,manufacturing,high
makeawishamerica,nonprofit,high
mario-technical-service-sdn-bhd,media_entertainment,medium
matrix-design-group-inc,consulting_professional_services,high
maxar-technologies,defense_aerospace,high
maxim-textile-technology-sdn-bhd,manufacturing,high
maxlinear,tech_hardware_semiconductors,high
mazehq,tech_software_internet,high
mccormick-company,consumer_brands,high
mcubesoft,consulting_professional_services,high
mechanicallicensingcollective,media_entertainment,high
medicalinformaticsengineering,tech_software_internet,high
mediterranean-shipping-company-m-sdn-bhd,transportation_logistics,high
medraai,healthcare_pharma_biotech,high
medrhythms,healthcare_devices,high
medrio,tech_software_internet,high
melilea-m-sdn-bhd,consumer_brands,high
meo-design-studio,consulting_professional_services,medium
merqube,finance_fintech,high
metalab,consulting_professional_services,high
metrea,defense_aerospace,high
mhg-desaru-hotel-sdn-bhd,hospitality_food_service,high
michael-foods,agriculture_food_production,high
mightynetworks,tech_software_internet,high
milestone-technologies-inc,consulting_professional_services,high
millervein,healthcare_provider,high
milliporesigma,healthcare_pharma_biotech,high
mindvalley,education_higher,high
minnesota-pollution-control-agency,public_sector_government,high
missiongraduates,nonprofit,high
mistplay,gaming,high
mitsubishi-motors-malaysia-sdn-bhd,automotive,high
mj-department-stores-sdn-bhd,retail_ecommerce,high
mlabs-systems-bhd,consulting_professional_services,high
modernfi,finance_banking,high
moego,tech_software_internet,high
moltonbrown,consumer_brands,high
moonshot-ai,tech_software_internet,high
movement-search-delivery,consulting_professional_services,high
moversshakers,media_entertainment,high
myfundaction,nonprofit,high
mytech-assembly-sdn-bhd,manufacturing,medium
national-grid,energy_utilities,high
nationwide,finance_insurance,high
naztec-international-group,consulting_professional_services,high
ncr-atleos,tech_software_internet,high
nebraska-furniture-mart,retail_ecommerce,high
nes-fircroft,consulting_professional_services,high
nestl-nespresso-sa,consumer_brands,high
neumeric-technologies-corp,consulting_professional_services,high
neuroscale,tech_software_internet,high
new-millenium-consulting,consulting_professional_services,high
new-york-power-authority,energy_utilities,high
nexus,consulting_professional_services,medium
nexus-clinic,healthcare_provider,high
nexus-wise-sdn-bhd,manufacturing,medium
noctrixhealth,healthcare_devices,high
northbeam,tech_software_internet,high
novanta-inc,manufacturing,high
noventiq,consulting_professional_services,high
now-cfo,consulting_professional_services,high
nr-consulting,consulting_professional_services,high
o-connor-s-engineering-sdn-bhd,telecommunications,medium
o-p-e-n,consulting_professional_services,medium
obsidiantherapeutics,healthcare_pharma_biotech,high
oci,consulting_professional_services,high
odaseva,tech_software_internet,high
oliver-james,consulting_professional_services,high
olympus-corporation-of-the-americas,healthcare_devices,high
on-demand-group,consulting_professional_services,high
one-only-desaru-coast,hospitality_food_service,high
onoshealth,tech_software_internet,high
onshore,consulting_professional_services,medium
openweb,media_entertainment,high
openwork,consulting_professional_services,high
opulent-solutions-sdn-bhd,manufacturing,medium
opus-training,tech_software_internet,high
orbit-recruitment-group,consulting_professional_services,high
orium,consulting_professional_services,high
oroapac-m-sdn-bhd,consulting_professional_services,medium
oversea-lighting-electric-m-sdn-bhd,manufacturing,medium
pacific-seafood,agriculture_food_production,high
pakai-industries-berhad,consumer_brands,medium
pamir-development-sdn-bhd,real_estate_construction,high
pan-malaysian-pools-sdn-bhd,gaming,high
pansophiclearning,education_k12,high
pantech-corporation-sdn-bhd,manufacturing,high
pantherlabs,tech_software_internet,high
partnerforces,defense_aerospace,high
pastry-pro-sdn-bhd,consumer_brands,medium
paths-management-services,real_estate_construction,high
pearmill,media_entertainment,high
pembinaan-mitrajaya-sdn-bhd,real_estate_construction,high
people-solutions-center,consulting_professional_services,high
people-tech-group-inc,consulting_professional_services,high
persol-apac-business-support-services-sdn-bhd,consulting_professional_services,high
phxproduction,consumer_brands,high
phyton-talent-advisors,consulting_professional_services,high
picus,tech_software_internet,high
pilgrim,defense_aerospace,medium
pimco,finance_fintech,high
platoapp,tech_software_internet,high
playworks96,nonprofit,high
pointb,consulting_professional_services,high
poka,tech_software_internet,high
portcast,tech_software_internet,high
portland-general-electric,energy_utilities,high
pqshield,tech_software_internet,high
princeton10,media_entertainment,high
programmers-io,consulting_professional_services,high
proofpoint,tech_software_internet,high
protingent,consulting_professional_services,high
pryzm,tech_software_internet,high
purple-technology,finance_fintech,high
purvis,telecommunications,medium
qra-sdn-bhd,retail_ecommerce,medium
quadrivia,tech_software_internet,high
quanthealth,healthcare_pharma_biotech,high
quisitivejobs,consulting_professional_services,high
quotewell,finance_insurance,high
racapitalmanagementllc,finance_fintech,high
rainfocus,tech_software_internet,high
ranhill-technologies-sdn-bhd,energy_utilities,medium
raylu-ai,tech_software_internet,high
recall,tech_software_internet,high
red-oak,tech_software_internet,high
redbock-an-nes-fircroft-company,consulting_professional_services,high
redtech-offshore-sdn-bhd,energy_utilities,high
refeyn,healthcare_devices,high
regent-international-school,education_k12,high
reliable-business-technologies-sdn-bhd,consulting_professional_services,high
relotus,real_estate_construction,medium
repurposeglobal,consumer_brands,medium
resonate,media_entertainment,high
retro,healthcare_pharma_biotech,high
rev-energy-sdn-bhd,energy_utilities,high
revlocal,media_entertainment,high
rfa-2,consulting_professional_services,high
rimbunan-hijau-group-rh-group,agriculture_food_production,high
riocan,real_estate_construction,high
rk-south-asia-sdn-bhd,manufacturing,medium
romac-industries-inc,manufacturing,high
rothesaylife,finance_insurance,high
ruhm-marine-sdn-bhd,transportation_logistics,high
rva,healthcare_provider,high
rw-ship-management-sdn-bhd,transportation_logistics,high
safariai,tech_software_internet,high
saint-gobain-malaysia-sdn-bhd,manufacturing,high
salient,tech_software_internet,high
sap,tech_software_internet,high
sarawak-consolidated-industries-berhad,manufacturing,high
savii-2,finance_fintech,high
savvyinsurance-trellis,finance_insurance,high
scandinavian-ibs-sdn-bhd,manufacturing,medium
scholastic,education_k12,high
sdatasystems.com,consulting_professional_services,high
search-masters-inc,consulting_professional_services,high
searchapi,tech_software_internet,high
seerinteractive,media_entertainment,high
sema4.ai,tech_software_internet,high
sendcloud,tech_software_internet,high
sfmoma,nonprofit,high
sgs-technologie,consulting_professional_services,high
shake-shack,hospitality_food_service,high
shakepay,finance_fintech,high
shane-co,retail_ecommerce,high
shopmonkey,tech_software_internet,high
siaraa,consulting_professional_services,high
sig-sauer-inc,defense_aerospace,high
signature-international-berhad,manufacturing,high
silverspace-technologies-inc,consulting_professional_services,high
simple-ai,tech_software_internet,high
simpletruss-sdn-bhd,tech_software_internet,medium
simplextrading,finance_fintech,high
sinar-widuri-sdn-bhd,real_estate_construction,high
skill-quotient-technologies-sdn-bhd,consulting_professional_services,high
skp-bm-electronics-sdn-bhd,tech_hardware_semiconductors,high
skyworld-development-berhad,real_estate_construction,high
sls-bearings-malaysia-sdn-bhd,manufacturing,high
smaamerica,manufacturing,high
smartasset,tech_software_internet,high
spare,tech_software_internet,high
spekit,tech_software_internet,high
spinai,tech_software_internet,high
spins,consulting_professional_services,high
spmb,consulting_professional_services,high
sprchrgr,consulting_professional_services,high
sprypointservices,tech_software_internet,high
sri-kdu-subang-jaya-sdn-bhd,education_k12,high
st-elizabeth-physicians,healthcare_provider,high
staff-financial-group,consulting_professional_services,high
starcompliance,tech_software_internet,high
starkbank,finance_fintech,high
startale,finance_fintech,high
stashinvest,finance_fintech,high
storm2,consulting_professional_services,high
storyblok,tech_software_internet,high
suger,tech_software_internet,high
swift-haulage-berhad,transportation_logistics,high
syarikat-sin-kwang-plastic-industries-sdn-bhd-batu-pahat,manufacturing,high
symmetrio,consulting_professional_services,high
synmax,tech_software_internet,high
systems-llc-poweramp-dlm,manufacturing,high
systems-planning-analysis,defense_aerospace,high
t-e-m-engineering-group-sdn-bhd,manufacturing,medium
tactile-medical,healthcare_devices,high
tai-chong-marine-engineering-sdn-bhd,transportation_logistics,medium
tandemlaunch,consulting_professional_services,medium
tarvos-talent,consulting_professional_services,high
taskus-sdn-bhd,consulting_professional_services,high
tbwachiatday,media_entertainment,high
teachstone,education_k12,high
teague,defense_aerospace,high
team-one,media_entertainment,high
the-academies-of-math-and-science,education_k12,high
thltestcareers,nonprofit,medium
thornton-tomasetti,consulting_professional_services,high
thrive,healthcare_pharma_biotech,medium
thrivedigital,media_entertainment,high
thunder-software-technology-malaysia-sdn-bhd,tech_software_internet,high
tillo,finance_fintech,high
tin-can,tech_software_internet,high
titan-ai,tech_software_internet,high
tokio-marine-hcc,finance_insurance,high
tom-thumb-supermarket,retail_ecommerce,high
top-quality-recruitment-tqr,consulting_professional_services,high
toyota-malaysia,automotive,high
transcargo-worldwide-m-sdn-bhd,transportation_logistics,high
trinityparktalent,consulting_professional_services,high
trip-com-group,tech_software_internet,high
tripleringtechnologies,tech_hardware_semiconductors,high
troveo,tech_software_internet,high
trumid,finance_fintech,high
trustbank,finance_banking,high
tsmc,tech_hardware_semiconductors,high
turtlerockstudios,gaming,high
uda-holdings-berhad,real_estate_construction,high
uicgs-bowhead-family-of-companies,defense_aerospace,high
ulteig,consulting_professional_services,high
underdogfantasy,gaming,high
unity-search,consulting_professional_services,high
univar-solutions,manufacturing,high
univeris.com,tech_software_internet,high
varian,healthcare_devices,high
vat-manufacturing-malaysia-sdn-bhd,manufacturing,high
veear-projects-inc,consulting_professional_services,high
viamrobotics,tech_software_internet,high
villa-chee-sdn-bhd,hospitality_food_service,medium
vio,tech_software_internet,high
vip-community-services,nonprofit,high
virtahealth,healthcare_provider,high
vitablehealth,healthcare_provider,high
vital-lyfe,consumer_brands,medium
vizcom,tech_software_internet,high
voldex,gaming,high
volt,consulting_professional_services,high
voltalabs,healthcare_devices,high
vrchat,gaming,high
waveapps,finance_fintech,high
wealth-mastery-academy-sdn-bhd,education_higher,medium
wellist,healthcare_provider,high
weyerhaeuser,manufacturing,high
whitecircle,tech_software_internet,high
williams,energy_utilities,high
wingtra-2,defense_aerospace,high
wiz,tech_software_internet,high
wpg-holdings,tech_hardware_semiconductors,medium
wpp-success-enterprise,consulting_professional_services,medium
xla,consulting_professional_services,high
yan-sheung-malaysia-sdn-bhd,consumer_brands,medium
yld,consulting_professional_services,high
yubo,media_entertainment,high
yuen-keong-construction-renovation-sdn-bhd,real_estate_construction,high
yulista-holding-llc,defense_aerospace,high
zauber,tech_software_internet,high
zealotech-people,consulting_professional_services,high
zen-digital-marketing,media_entertainment,medium
zonecompanysoftwareconsultingllc,consulting_professional_services,high
zurn-elkay-water-solutions,manufacturing,high
1199seiu-benefit-and-pension-funds,finance_insurance,high
15five,tech_software_internet,high
1910genetics,healthcare_pharma_biotech,high
3f-resources-sdn-bhd,consulting_professional_services,medium
3go-technology-sdn-bhd,tech_software_internet,medium
3m,manufacturing,high
617mediagroup,media_entertainment,high
80000hours,nonprofit,high
9loop-software-sdn-bhd,tech_software_internet,high
a-w-malaysia-sdn-bhd,hospitality_food_service,high
ably30,tech_software_internet,high
abod-technology-services,consulting_professional_services,medium
abt-global,consulting_professional_services,high
acc-hesed-sdn-bhd,consumer_brands,medium
accesssoftek,tech_software_internet,high
accion-labs-sdn-bhd,consulting_professional_services,high
acclara,healthcare_provider,high
ace-partners,consulting_professional_services,high
acmar-group,consulting_professional_services,medium
ada-infrastructure,tech_software_internet,high
adbakx,consulting_professional_services,high
adidevelopments,real_estate_construction,high
adient-automotive-holding-m-sdn-bhd,automotive,high
advocate,legal_services,high
aegis-worldwide,consulting_professional_services,high
aem-microtronics-m-sdn-bhd,tech_hardware_semiconductors,high
aero,transportation_logistics,high
aescape,tech_hardware_semiconductors,high
aestudio,tech_software_internet,high
agilisys,tech_software_internet,high
agilize,consulting_professional_services,high
agmo-studio-sdn-bhd,tech_software_internet,high
airbus-customer-services-sdn-bhd,defense_aerospace,high
aircapture,energy_utilities,high
airdrop,tech_software_internet,medium
aisi,nonprofit,high
alembic,tech_software_internet,high
alku,consulting_professional_services,high
allegion,manufacturing,high
alleviatehealth,healthcare_provider,high
allied-reliability,consulting_professional_services,high
alphatech-software-sdn-bhd,consulting_professional_services,medium
alumniventures,finance_fintech,high
alunan-asas-sdn-bhd,real_estate_construction,medium
american-tire-distributors,retail_ecommerce,high
amsty,manufacturing,high
amy-s-kitchen,consumer_brands,high
anheuser-busch,consumer_brands,high
anhsin-technology-sdn-bhd,tech_software_internet,high
anonymous,other,low
ant-builder-concept-sdn-bhd,real_estate_construction,medium
antara-elektrik-sdn-bhd,real_estate_construction,medium
antenna,tech_software_internet,high
anthropologie,retail_ecommerce,high
arbor-homes,real_estate_construction,high
arcade-ai,tech_software_internet,high
aretum,defense_aerospace,high
arketa,tech_software_internet,high
arrow-electronics,tech_hardware_semiconductors,high
aryzta-food-solutions-malaysia-sdn-bhd,agriculture_food_production,high
ascentt,consulting_professional_services,high
ascertain,tech_software_internet,high
ashton-woods-homes,real_estate_construction,high
aspiringit,consulting_professional_services,high
astaka-padu-sdn-bhd,real_estate_construction,medium
astellas-pharma,healthcare_pharma_biotech,high
atc-surface-finishing-sdn-bhd,manufacturing,high
authenticx,tech_software_internet,high
avanciers,consulting_professional_services,high
avante,tech_software_internet,medium
axiom-space,defense_aerospace,high
azman-hamzah-plastik-sdn-bhd,manufacturing,high
b12,tech_software_internet,high
baker-tilly,consulting_professional_services,high
ballard-spahr-llp,legal_services,high
bangsar-heights-pavilion-sdn-bhd,real_estate_construction,high
bannershop-advertising-printing-m-sdn-bhd,media_entertainment,medium
baselane,finance_fintech,high
batu-kawan-bhd,agriculture_food_production,high
bcc,defense_aerospace,medium
bd-agriculture-malaysia-sdn-bhd,agriculture_food_production,high
bekk,consulting_professional_services,high
belcan,consulting_professional_services,high
bellworth-developments-sdn-bhd,real_estate_construction,high
berlinbrands,consumer_brands,high
berrypay-m-sdn-bhd,finance_fintech,high
bhg-inc,finance_fintech,high
big-tex-trailers,manufacturing,high
bigbear-ai,defense_aerospace,high
billion-onsen-spa-sdn-bhd,hospitality_food_service,medium
billups,media_entertainment,high
biomedrealty,real_estate_construction,high
bizhub-asia-pte-ltd,defense_aerospace,high
blackrock-resources-llc,consulting_professional_services,high
blaxel,tech_software_internet,high
blockparty,hospitality_food_service,high
bloomin-brands-inc,hospitality_food_service,high
bmw-manufacturing-co-llc,automotive,high
bodycote,manufacturing,high
bose-corporation,consumer_brands,high
bossard-m-sdn-bhd,manufacturing,high
braiins,finance_fintech,high
braineffectjobs,consumer_brands,high
brandsafway,real_estate_construction,high
brevium,tech_software_internet,high
brickhouse-resources,consulting_professional_services,high
bridgestone-americas,manufacturing,high
bright-property-service-malaysia-sdn-bhd,real_estate_construction,high
brighte,finance_fintech,high
brilliant,education_higher,high
brilliant-infotech-inc,consulting_professional_services,high
britecore,tech_software_internet,high
bssb-leather-fabric-chairs,manufacturing,medium
bunkerhillhealth,tech_software_internet,high
c-h-robinson,transportation_logistics,high
c3integratedsolutions,defense_aerospace,high
cais,finance_fintech,high
cambrex,healthcare_pharma_biotech,high
camwell-sdn-bhd,manufacturing,medium
canvasmedical,tech_software_internet,high
capchase,finance_fintech,high
capital-group,finance_fintech,high
cara-ai,tech_software_internet,high
cardinal-group-companies,real_estate_construction,high
cardzone-sdn-bhd,tech_software_internet,medium
careerstrengo,consulting_professional_services,medium
caring-pharmacy-retail-management-sdn-bhd,retail_ecommerce,high
cbase-inc,consulting_professional_services,high
ccc-intelligent-solutions,tech_software_internet,high
ccs-global-tech,defense_aerospace,high
cerebral,healthcare_provider,high
certitude-placement-sdn-bhd,consulting_professional_services,high
cf-industries,agriculture_food_production,high
championsgroupholdings,real_estate_construction,high
chariotenergy,energy_utilities,high
charles-charles-group,real_estate_construction,high
charter-global,consulting_professional_services,high
chenmoore,consulting_professional_services,high
china-railway-electrification-engineering-group-malaysia-sdn-bhd,transportation_logistics,high
chipotle-mexican-grill,hospitality_food_service,high
christiancareministry,nonprofit,high
cibc-us,finance_banking,high
cid-realtors-sdn-bhd,real_estate_construction,high
cin7,tech_software_internet,high
circleso,tech_software_internet,high
ciresi-morek,consulting_professional_services,high
cisco-m-sdn-bhd,tech_hardware_semiconductors,high
citizen,media_entertainment,high
clear-engineering-recruitment,consulting_professional_services,high
clearlinktechnologiesllc,media_entertainment,high
clovity,consulting_professional_services,high
cma-cgm-ficom-sdn-bhd,transportation_logistics,high
cmgi-sdn-bhd,consulting_professional_services,medium
codeorg,nonprofit,high
coderpad,tech_software_internet,high
coefficient,tech_software_internet,high
coforge,consulting_professional_services,high
coinhako,finance_fintech,high
community-access,nonprofit,high
compassx,consulting_professional_services,high
cond-nast,media_entertainment,high
conduct,tech_software_internet,high
conductorai,defense_aerospace,high
conduent,consulting_professional_services,high
confidential-company,other,low
connection,consulting_professional_services,high
constellation-brands,consumer_brands,high
contentstack,tech_software_internet,high
copilot-money,finance_fintech,high
cordia-resources-by-cherry-bekaert,consulting_professional_services,high
corporatecareers,consulting_professional_services,high
corps-team,consulting_professional_services,high
cotullaeducation,education_higher,high
cowsquare-technology-limited,tech_software_internet,medium
cox-communications,telecommunications,high
cpc-colder-products-company,manufacturing,high
cps-recruitment,consulting_professional_services,high
cr-sea-malaysia-sdn-bhd,consulting_professional_services,medium
criticalinnovations,healthcare_pharma_biotech,high
crown-equipment-corporation,manufacturing,high
csciconsulting,consulting_professional_services,high
cvista-hr-consulting-pte-ltd,consulting_professional_services,high
cxnpl,tech_software_internet,high
cxtsoftware,tech_software_internet,high
d-d-food-beverage-sdn-bhd,consumer_brands,medium
daikin-applied-malaysia-sdn-bhd,manufacturing,high
daikin-comfort,manufacturing,high
dantech-corporation-inc,consulting_professional_services,high
darson-electronics-sdn-bhd,tech_hardware_semiconductors,medium
databento,finance_fintech,high
datastealth,tech_software_internet,high
daylight,energy_utilities,high
dcconnect-global,telecommunications,high
deepwatchinc,tech_software_internet,high
defense-contract-audit-agency,defense_aerospace,high
degem-masterpiece-sdn-bhd,retail_ecommerce,medium
dematic,manufacturing,high
dentsu,media_entertainment,high
dhl-express,transportation_logistics,high
dhl-global-forwarding,transportation_logistics,high
dhl-global-forwarding-malaysia-sdn-bhd,transportation_logistics,high
digible,media_entertainment,high
diginn,hospitality_food_service,high
digitas-north-america,media_entertainment,high
dj-engineering-and-construction,real_estate_construction,high
doji,tech_software_internet,high
dollar-general,retail_ecommerce,high
dominium,real_estate_construction,high
donatech-corporation,defense_aerospace,high
donato-technologies-inc,consulting_professional_services,high
dourolabs.xyz,finance_fintech,high
dozo-nanyang-kopi-house,hospitality_food_service,high
drug-enforcement-administration,public_sector_government,high
dtb-creation-sdn-bhd,media_entertainment,medium
duck-duck-go,tech_software_internet,high
dufu-industries-s-b,manufacturing,high
dupont,manufacturing,high
e2open-development-corporation,tech_software_internet,high
ea-recruitment-pte-ltd,consulting_professional_services,high
easterseals-goodwill-northern-rocky-mountain,nonprofit,high
eating-recovery-center,healthcare_provider,high
echo-chem-sdn-bhd,manufacturing,high
ecldc,tech_software_internet,medium
econsave-cash-carry-pd-sdn-bhd,retail_ecommerce,high
edaran-precision-industries-sdn-bhd,manufacturing,high
effectual,consulting_professional_services,high
eita-resources-bhd,manufacturing,high
eko-metal-industries-sdn-bhd,manufacturing,high
elegance-senior-living,healthcare_provider,high
elite-workforce-inc,consulting_professional_services,high
elken-sdn-bhd,consumer_brands,high
emergent-holdings,finance_insurance,high
enable,tech_software_internet,high
encore-talent-solutions,consulting_professional_services,high
energy-by-5,energy_utilities,high
energyrecovery,energy_utilities,high
envato-2,tech_software_internet,high
envision-digital-technologies-sdn-bhd,consulting_professional_services,medium
epic-insurance-brokers-consultants,finance_insurance,high
epsom-international-school,education_k12,high
ergon-inc,manufacturing,high
ernest,consulting_professional_services,high
ernst-young-consulting-sdn-bhd,consulting_professional_services,high
etd-makmur-m-sdn-bhd,consulting_professional_services,medium
ethena,tech_software_internet,high
ethenalabs,finance_fintech,high
evergreenservicesgroup,consulting_professional_services,high
evol-technologies-sdn-bhd,tech_software_internet,medium
exact-automation-sdn-bhd,manufacturing,medium
excel-force,tech_software_internet,high
fairmont-industries-sdn-bhd,manufacturing,medium
famous-footwear,retail_ecommerce,high
fc-bios-sdn-bhd,healthcare_devices,medium
fci-connectors-malaysia-sdn-bhd,tech_hardware_semiconductors,high
federation-of-malaysian-manufacturers,nonprofit,high
findanomaly,tech_software_internet,high
finexus-sdn-bhd,tech_software_internet,high
fintrust-connect,consulting_professional_services,high
first-search-inc,consulting_professional_services,high
flextek,consulting_professional_services,high
flintex-consulting-pte-ltd,consulting_professional_services,high
foodpanda-malaysia-sdn-bhd-corporate-office,tech_software_internet,high
foresight-asia-pacific-sdn-bhd,manufacturing,medium
forthea,media_entertainment,high
foundation-llm-technologies,tech_software_internet,high
founderscard,consumer_brands,high
foursquare,tech_software_internet,high
foxconn-technology-malaysia-sdn-bhd,manufacturing,high
fpi-management,real_estate_construction,high
fpt-software-malaysia-sdn-bhd,consulting_professional_services,high
frankel-staffing-partners,consulting_professional_services,high
franky-construction-sdn-bhd,real_estate_construction,high
freemont-yardley-search,consulting_professional_services,high
freshworks,tech_software_internet,high
fuji-electric-malaysia-sdn-bhd,tech_hardware_semiconductors,high
fujifilm-malaysia-sdn-bhd,tech_hardware_semiconductors,high
fujitsu-systems-global-solutions-management-sdn-bhd,consulting_professional_services,high
fusion-life-sciences-technologies-llc,healthcare_pharma_biotech,high
gadang-works-sdn-bhd,real_estate_construction,high
galaxy,finance_fintech,high
gametimeunited,media_entertainment,high
garage-door-doctor,real_estate_construction,high
gard-inc-sdn-bhd,consulting_professional_services,medium
gates-corporation,manufacturing,high
gausslabs,tech_software_internet,high
gb-global-malaysia-sdn-bhd,consulting_professional_services,medium
generalintelligencecompany,tech_software_internet,high
generalrobotics,tech_hardware_semiconductors,high
generation-two-thousand-apparel-sdn-bhd,consumer_brands,high
genmab,healthcare_pharma_biotech,high
gensler,consulting_professional_services,high
getzuma,tech_software_internet,high
gfk-retail-and-technology-malaysia-sdn-bhd,consulting_professional_services,high
giantspoon,media_entertainment,high
gigfinesse,media_entertainment,high
gingerlabsinc,tech_software_internet,high
golden-technology,consulting_professional_services,high
goldenhippo,consumer_brands,high
gotrg,retail_ecommerce,high
gowin-search-llc,consulting_professional_services,high
grabagun,retail_ecommerce,high
gradient,tech_software_internet,high
graphic-t-shirts,consulting_professional_services,low
gratia,finance_fintech,high
green-force-sustainability-sdn-bhd,consulting_professional_services,medium
greenboard,tech_software_internet,high
greenheck-group,manufacturing,high
grifols,healthcare_pharma_biotech,high
groupbyinc,tech_software_internet,high
grover,retail_ecommerce,high
grownce-sdn-bhd,consulting_professional_services,medium
guardian,real_estate_construction,high
guardian-industries,manufacturing,high
guerbet,healthcare_pharma_biotech,high
guidewheel,tech_software_internet,high
guntergroup,consulting_professional_services,high
gussmann-technologies-sdn-bhd,manufacturing,medium
h-r-chempharm-asia-sdn-bhd,manufacturing,medium
haizelabs,tech_software_internet,high
halobraid,manufacturing,medium
hamlyn-williams,consulting_professional_services,high
hang,tech_software_internet,high
hanwa-steel-centre-m-sdn-bhd,manufacturing,high
hanwharenewables,energy_utilities,high
hao-xiang-chi-seafood-restaurant-group-sdn-bhd,hospitality_food_service,high
hard-rock-casino-cincinnati,media_entertainment,high
hard-rock-casino-rockford,media_entertainment,high
harmonic-security-inc,tech_software_internet,high
hasbro,consumer_brands,high
hati-international-sdn-bhd,consulting_professional_services,high
helius-technologies-sdn-bhd,consulting_professional_services,high
henderson-harbor-group,consulting_professional_services,high
herondata,tech_software_internet,high
hf-sinclair,energy_utilities,high
hgen,energy_utilities,high
higherlogic,tech_software_internet,high
hilton-americas-houston,hospitality_food_service,high
hire-it-people-inc,consulting_professional_services,high
hivesmart-consulting,consulting_professional_services,high
hok,consulting_professional_services,high
homevision,tech_software_internet,high
hosailey-technology-sdn-bhd,consulting_professional_services,medium
hotwire-communications-ltd,telecommunications,high
hunt-guillot-associates-hga,consulting_professional_services,high
hunter-bond,consulting_professional_services,high
huxley,consulting_professional_services,high
hypr,tech_software_internet,high
icon,tech_software_internet,high
idaho-national-laboratory,energy_utilities,high
idealistconsulting,consulting_professional_services,high
iep-sdn-bhd,manufacturing,medium
ifp-engineering-solutions-sdn-bhd,energy_utilities,high
igb-berhad,real_estate_construction,high
imec,manufacturing,medium
imeg,consulting_professional_services,high
inceptive,healthcare_pharma_biotech,high
indebted,finance_fintech,high
infinit,automotive,high
infinite-machine,tech_hardware_semiconductors,high
infoobjects-inc,consulting_professional_services,high
ingenious-lab-sdn-bhd,tech_software_internet,medium
inmagine,tech_software_internet,high
inotiv,healthcare_pharma_biotech,high
insperity,consulting_professional_services,high
inspire-medical-systems,healthcare_devices,high
instapay-technologies-sdn-bhd,finance_fintech,high
insultec-duragate-sdn-bhd,real_estate_construction,medium
integer-holdings-corporation,healthcare_devices,high
intellect,healthcare_provider,high
interior-talent,consulting_professional_services,high
international-federation-of-red-cross-red-crescent-societies,nonprofit,high
international-systems-technologies-inc,consulting_professional_services,high
intone,consulting_professional_services,high
inx-international-ink-co,manufacturing,high
iovino,real_estate_construction,high
iris-software-inc,consulting_professional_services,high
isoftstone-sdn-bhd,consulting_professional_services,high
it-america-inc,consulting_professional_services,high
ita-asia-limited,finance_fintech,medium
itt-inc,manufacturing,high
itw,manufacturing,high
itw-meritex-sdn-bhd,manufacturing,high
jab-recruitment,consulting_professional_services,high
james-avery-artisan-jewelry,retail_ecommerce,high
jd-sports-fashion-sdn-bhd,retail_ecommerce,high
jebsen-jessen-group-services-sdn-bhd,consulting_professional_services,high
jobsmckinneycom,media_entertainment,medium
johnson-matthey-services-sdn-bhd,consulting_professional_services,medium
jp-asia-capital-sdn-bhd,finance_fintech,medium
jrk-holdings-berhad,real_estate_construction,medium
jump-from-paper-sdn-bhd,consumer_brands,high
juullabs,consumer_brands,high
kapta-space,defense_aerospace,high
kate-spade-new-york,consumer_brands,high
katimas-sdn-bhd,consulting_professional_services,medium
kerry,consumer_brands,high
khaite,consumer_brands,high
kindred,tech_software_internet,high
kineta-sdn-bhd,real_estate_construction,medium
kingdom-digital-solutions-sdn-bhd,media_entertainment,high
kinta-press-packaging-m-sdn-bhd,manufacturing,high
knowhirematch,consulting_professional_services,high
knowlix,tech_software_internet,high
knute-nelson,healthcare_provider,high
ko-specialist-medical-centre,healthcare_provider,high
koalahealth,healthcare_provider,high
kodifly,tech_software_internet,high
koerber-technologies-sdn-bhd,manufacturing,high
komatsu,manufacturing,high
koyo-corporate-m-sdn-bhd,manufacturing,medium
l-occitane-malaysia-sdn-bhd,consumer_brands,high
la-perfeccion-sdn-bhd,consumer_brands,medium
labuan-financial-services-authority-labuan-fsa,public_sector_government,high
laclippers,media_entertainment,high
lakeshore-learning-materials,education_k12,high
land-pacific-development-sdn-bhd,real_estate_construction,high
lassie,tech_software_internet,high
laticrete-international,manufacturing,high
lawrence-livermore-national-laboratory,defense_aerospace,high
lds-international-asset-management-sdn-bhd,real_estate_construction,medium
leader-energy-holding-berhad,energy_utilities,high
leaf-home,real_estate_construction,high
leanlayer,consulting_professional_services,high
legalist,finance_fintech,high
lendlease,real_estate_construction,high
lexisnexis,tech_software_internet,high
licor,manufacturing,high
light-wonder,gaming,high
lightship,automotive,high
linkk-busway-systems-m-sdn-bhd,manufacturing,medium
linquest,defense_aerospace,high
litellm,tech_software_internet,high
litify,tech_software_internet,high
llc-infra-sdn-bhd,real_estate_construction,medium
loancrate,finance_fintech,high
localcoin,finance_fintech,high
lodestarspace,defense_aerospace,high
loot-labs,tech_software_internet,high
lotte-em-malaysia-sdn-bhd,manufacturing,high
ltv,tech_software_internet,high
lucas-james-talent-partners,consulting_professional_services,high
lumiq-learn,education_higher,high
lundbeck,healthcare_pharma_biotech,high
lutheran-community-services-northwest,nonprofit,high
lvmh-fashion-group,consumer_brands,high
m-a-securities-sdn-bhd,finance_fintech,high
mac-cosmetics,consumer_brands,high
mac-partners,consulting_professional_services,medium
mach9,tech_software_internet,high
madison-square-garden-entertainment-corp,media_entertainment,high
madisonenergyinfrastructure,energy_utilities,high
magnopus,media_entertainment,high
mara-liner-sdn-bhd,transportation_logistics,high
maravailifesciences,healthcare_pharma_biotech,high
marketsense-ict-sdn-bhd,consulting_professional_services,medium
mastercard,finance_fintech,high
mastertech-solutions-sdn-bhd,consulting_professional_services,medium
maven-link,consulting_professional_services,medium
maxwise-management-hr-services,consulting_professional_services,high
mcghealth,healthcare_provider,high
mdcalc,tech_software_internet,high
mechanism-ventures,finance_fintech,high
medpace,healthcare_pharma_biotech,high
mega-fortris-berhad,manufacturing,high
meijer,retail_ecommerce,high
meinhardt-epcm-sdn-bhd,consulting_professional_services,high
melaleuca-the-wellness-company,consumer_brands,high
memglobal,nonprofit,high
memic,finance_insurance,high
metoxinternationalinc,manufacturing,high
metroplushealth,finance_insurance,high
mettler-toledo-m-sdn-bhd,manufacturing,high
michael-kors,consumer_brands,high
micro-ocean-technologies-sdn-bhd,consulting_professional_services,medium
micro-technology-solution-sdn-bhd,consulting_professional_services,high
microplan-tech-sdn-bhd,consulting_professional_services,medium
mie-industrial-sdn-bhd,real_estate_construction,medium
mindsource,consulting_professional_services,high
minted,retail_ecommerce,high
misarma-supply-sdn-bhd,consulting_professional_services,medium
miteksystems-2,tech_software_internet,high
modivcare,healthcare_provider,high
modular-scale-sdn-bhd,real_estate_construction,medium
monoluxury-sdn-bhd,consumer_brands,medium
morningbrew,media_entertainment,high
morph-enterprise,consulting_professional_services,high
motive,media_entertainment,high
motor-city-auto-parts-sdn-bhd,automotive,high
mott-macdonald-malaysia-sdn-bhd,consulting_professional_services,high
mountaire-farms,agriculture_food_production,high
moveindustries,tech_software_internet,high
movementstrategy,media_entertainment,high
myshell,tech_software_internet,high
navi,tech_software_internet,high
nayya,finance_insurance,high
neerinfo-solutions,consulting_professional_services,high
nehemiah-reinforced-soil-sdn-bhd,real_estate_construction,high
neighborly,real_estate_construction,high
net-one-asia-sdn-bhd,tech_software_internet,medium
netizen-testing-sdn-bhd,tech_software_internet,high
networkoptix,tech_software_internet,high
neural-solutions,defense_aerospace,high
new-chen-motor-credit-sdn-bhd,finance_fintech,medium
newbridge-alliance-pte-ltd,energy_utilities,high
newly-weds-foods,agriculture_food_production,high
nextenergygroup,energy_utilities,high
niktor,consulting_professional_services,high
nipro-medical-corporation,healthcare_devices,high
nirvana-memorial-park-karak-berhad,other,medium
norma-products-malaysia-sdn-bhd,manufacturing,high
norsk-hydro,manufacturing,high
nsw-automation-sdn-bhd,manufacturing,medium
nv5,consulting_professional_services,high
o-i,manufacturing,high
oak-technologies-inc,consulting_professional_services,high
oakland-feather-river-camp,hospitality_food_service,high
obvious,consulting_professional_services,high
odp-business-solutions,retail_ecommerce,high
office-of-inspector-general,public_sector_government,high
office-of-management-and-budget,public_sector_government,high
olly,consumer_brands,high
omnilex,tech_software_internet,high
one-allianz-consortium-sdn-bhd,consulting_professional_services,medium
one-medicare-sdn-bhd,real_estate_construction,high
onesixsolutions27,consulting_professional_services,high
onsemi,tech_hardware_semiconductors,high
ooma,telecommunications,high
optimus-people-solutions-delivered,consulting_professional_services,high
orennia,energy_utilities,high
organo-asia-sdn-bhd,manufacturing,medium
orion-talent,consulting_professional_services,high
orionmano-technology-sdn-bhd,tech_software_internet,medium
osk-ventures-international-berhad-a-member-of-osk-group,finance_fintech,high
ouji-seiyaku-m-sdn-bhd,healthcare_pharma_biotech,high
output,tech_software_internet,medium
outrider,automotive,high
owi-lab-m-sdn-bhd,manufacturing,medium
p2p.org,finance_fintech,high
pacific-gas-and-electric-company,energy_utilities,high
pagaya,finance_fintech,high
palm-oleo-sdn-bhd-gate-a,manufacturing,high
paragon-union-berhad,automotive,high
paris-baguette-logistics-sdn-bhd,hospitality_food_service,high
parkade,tech_software_internet,high
pastry-world-sdn-bhd,consumer_brands,medium
paul-bakery-malaysia,hospitality_food_service,high
paytient,finance_fintech,high
peace-corps,public_sector_government,high
pembinaan-teguh-maju-sdn-bhd,real_estate_construction,high
penrodsoftware,consulting_professional_services,high
perfect-pentagon-sdn-bhd,consulting_professional_services,medium
perrknight,consulting_professional_services,high
persefoniaiinc,tech_software_internet,high
pertama-digital-berhad,tech_software_internet,high
petro-excel-sdn-bhd,energy_utilities,medium
pga-tour,media_entertainment,high
pgal,consulting_professional_services,high
pgt-innovations,manufacturing,high
phaidon-international,consulting_professional_services,high
phaidra,tech_software_internet,high
pharmacore-technology-and-innovation-sdn-bhd,consumer_brands,medium
pico-international-m-sdn-bhd,media_entertainment,high
pika,tech_software_internet,high
pitch-labs,nonprofit,high
plane,tech_software_internet,high
planet-telecoms-managed-services-sdn-bhd,telecommunications,high
plastictecnic-m-sdn-bhd,manufacturing,high
platformsh,tech_software_internet,high
platinum-legal-search-group-llc,legal_services,high
platinum-victory-development-sdn-bhd,real_estate_construction,high
pmmalliance,media_entertainment,high
pocketbook-agency,consulting_professional_services,high
pod-network,finance_fintech,high
polygonus,consulting_professional_services,medium
post-consumer-brands,consumer_brands,high
precious-trend-sdn-bhd,retail_ecommerce,medium
precision-medicine-group,consulting_professional_services,high
precision-technologies,consulting_professional_services,high
precisionvehicleholdings,automotive,high
premier-life-sciences-llc,healthcare_pharma_biotech,high
prestasi-flour-mill-m-sdn-bhd-199401031689,agriculture_food_production,high
pro-office-technology-sdn-bhd,tech_software_internet,medium
pro2learn,consulting_professional_services,high
progressive-recruitment,consulting_professional_services,high
project-expedition,tech_software_internet,high
prolim-corporation,consulting_professional_services,high
prolink,consulting_professional_services,high
prorata,tech_software_internet,high
protonai,tech_software_internet,high
publix-super-markets,retail_ecommerce,high
pursuit-collection,hospitality_food_service,high
pwm-pet-world-international-sdn-bhd,consumer_brands,high
py-konsep-perunding-sdn-bhd,consulting_professional_services,high
qdos-flexcircuits-sdn-bhd,tech_hardware_semiconductors,high
qinetiq-us,defense_aerospace,high
ql-livestock-farming-sdn-bhd,agriculture_food_production,high
qontext,tech_software_internet,high
quad-a-solomonedwards-company,consulting_professional_services,high
quail-park-communities,healthcare_provider,high
qual-it-resources,consulting_professional_services,high
quantumbricks,consulting_professional_services,high
radgov-inc,consulting_professional_services,high
radiant-code-sdn-bhd,consulting_professional_services,medium
radio-frequency-services-m-sdn-bhd,telecommunications,medium
radixexperienced,finance_fintech,high
rampanttechnologies,defense_aerospace,high
randstad-sourceright,consulting_professional_services,high
raps-consulting-inc,consulting_professional_services,high
rapsys-technologies-malaysia-sdn-bhd,consulting_professional_services,high
realtek-consulting-llc,consulting_professional_services,high
recron-malaysia-sdn-bhd,manufacturing,high
red-oak-technologies,consulting_professional_services,high
reflexrobotics,manufacturing,high
regional-finance-regional-management-corp,finance_fintech,high
relaygraduateschoolofeducation,education_higher,high
relevante-inc,consulting_professional_services,high
renaissance-lakewood-llc,healthcare_pharma_biotech,high
resilinc,tech_software_internet,high
resonac-materials-malaysia-sdn-bhd,manufacturing,high
revefi,tech_software_internet,high
revhealth,media_entertainment,high
revivn,retail_ecommerce,medium
ri-international,healthcare_provider,high
rightway,real_estate_construction,high
ripplematch,tech_software_internet,high
rm-leopad-sdn-bhd,consulting_professional_services,medium
roadie,transportation_logistics,high
rohde-schwarz,tech_hardware_semiconductors,high
roofr,tech_software_internet,high
rtx,defense_aerospace,high
runwise,tech_software_internet,high
ryco-hydraulics-sdn-bhd,manufacturing,high
safeguards-corporation-sdn-bhd,consulting_professional_services,medium
sagecare,tech_software_internet,high
sailpeak,tech_software_internet,high
saks,retail_ecommerce,high
salt,consulting_professional_services,high
saltbox,real_estate_construction,high
samurai-2k-aerosol-sdn-bhd,consumer_brands,high
samwa-precision-sdn-bhd,manufacturing,high
san-soon-seng-food-industries-sdn-bhd,agriculture_food_production,high
sanli-m-e-engineering-sdn-bhd,real_estate_construction,high
sanmina-sci-systems-malaysia-sdn-bhd-technoplex-penang,manufacturing,high
santander-consumer-usa,finance_fintech,high
sapinsider,media_entertainment,high
sapura-energy-berhad-corporate,energy_utilities,high
saransh-inc,consulting_professional_services,high
scality,tech_software_internet,high
schaeffler,manufacturing,high
sci-ecommerce,consulting_professional_services,medium
seatrium-engineering-penang-sdn-bhd,manufacturing,high
seattle-children-s,healthcare_provider,high
see-hoy-chan-facilities-management-sdn-bhd,real_estate_construction,high
sevenresearch,finance_fintech,high
sewer-ai,tech_software_internet,high
sgff.org,nonprofit,high
shiftkey,tech_software_internet,high
shinewing-ty-teoh,consulting_professional_services,high
shubhashrayhousingcareers,real_estate_construction,high
sierra-executive-solutions-inc,consulting_professional_services,high
sierra-studio,tech_software_internet,high
signature-cabinet-sdn-bhd,real_estate_construction,medium
silkron-technology-sdn-bhd,tech_software_internet,high
simpson-strong-tie,manufacturing,high
sin-kung-logistics-berhad,transportation_logistics,high
sinclair-inc,media_entertainment,high
skill-termite-exterminator-sdn-bhd,consumer_brands,medium
skio,tech_software_internet,high
skipscooters,transportation_logistics,high
sks-southern-sdn-bhd,real_estate_construction,high
sleepdoctor,healthcare_provider,high
sni-financial,consulting_professional_services,high
software-one-experts-sdn-bhd,consulting_professional_services,high
softworld,consulting_professional_services,high
solestial,defense_aerospace,high
sonio,tech_software_internet,high
sono-bello,healthcare_provider,high
sony-pictures-entertainment,media_entertainment,high
sound-environment-sdn-bhd,consulting_professional_services,medium
southland-industries,real_estate_construction,high
southstarcareers,consulting_professional_services,high
spd-scientific-m-sdn-bhd,healthcare_pharma_biotech,high
spearbio,healthcare_pharma_biotech,high
spectrumvascular,healthcare_devices,high
spices-seasonings-specialities-sdn-bhd,consumer_brands,high
splitero,finance_fintech,high
spreedly,finance_fintech,high
sr-asia-resources-sdn-bhd,consulting_professional_services,medium
stackone,tech_software_internet,high
stanley-david-and-associates,consulting_professional_services,high
starfaceworld,consumer_brands,high
stark-aerospace,defense_aerospace,high
startengine,finance_fintech,high
statsig,tech_software_internet,high
stf-resources-sdn-bhd-facility-and-f-b,real_estate_construction,medium
sti-fire-safety-sdn-bhd,real_estate_construction,high
straightarrownews,media_entertainment,high
strike,tech_software_internet,high
successkpiinc,tech_software_internet,high
sulzer-pumps-wastewater-malaysia-sdn-bhd,manufacturing,high
sunmow-construction-sdn-bhd,real_estate_construction,high
sunnova-energy,energy_utilities,high
sunray-construction-interior-sdn-bhd,real_estate_construction,high
supervision,manufacturing,medium
sureify,tech_software_internet,high
swans,consulting_professional_services,high
swapcard,tech_software_internet,high
swiftsolar,energy_utilities,high
synack,tech_software_internet,high
syndicatebleu,consulting_professional_services,high
synergisticit,consulting_professional_services,high
synovus,finance_banking,high
t-y-lin-international-sdn-bhd,consulting_professional_services,high
tajir,retail_ecommerce,high
talisman-advisory-partners,consulting_professional_services,high
tamarindbio,healthcare_pharma_biotech,high
tandemmoneylimited,finance_fintech,high
tbs-asia-management-consultants-sdn-bhd,consulting_professional_services,medium
tcwglobal,consulting_professional_services,high
teachforall,nonprofit,high
tec-group-inc,consulting_professional_services,high
tech-consulting,consulting_professional_services,high
techcential-sdn-bhd,manufacturing,medium
teguh-harian-sdn-bhd,real_estate_construction,medium
tenby-schools-setia-eco-park,education_k12,high
tenneco,automotive,high
tenstreet,tech_software_internet,high
tera-va-sdn-bhd,energy_utilities,high
tetra-pak,manufacturing,high
tgp-living-collection-sdn-bhd,retail_ecommerce,high
the-aerospace-corporation,defense_aerospace,high
the-bolton-group,consulting_professional_services,high
the-general,finance_insurance,high
the-greene-group,consulting_professional_services,high
the-midtown-group,consulting_professional_services,high
the-north-face,consumer_brands,high
the-pacific-insurance-berhad,finance_insurance,high
the-trustees-of-reservations,nonprofit,high
thegershagency,media_entertainment,high
think-academy-international-education-inc,education_k12,high
thoropass,tech_software_internet,high
tk-elevator,manufacturing,high
top-fruits-sdn-bhd,agriculture_food_production,high
top-hat,education_higher,high
topsteptrader,finance_fintech,high
tortus,tech_software_internet,high
totalenergies,energy_utilities,high
towa-tool-sdn-bhd,manufacturing,high
toyo-tyre-sales-and-marketing-malaysia-sdn-bhd,automotive,high
tramgroup,manufacturing,medium
transwater-api-sdn-bhd,energy_utilities,high
tread,tech_software_internet,high
trex-company,manufacturing,high
triaset-sdn-bhd,consulting_professional_services,high
trinity-property-consultants,real_estate_construction,high
triple-access-sdn-bhd,telecommunications,medium
trolley,finance_fintech,high
tsh-manufacturing-solutions-sdn-bhd,manufacturing,high
ttt-bullion-m-sdn-bhd,finance_fintech,high
turvo,tech_software_internet,high
two-dots,tech_software_internet,high
uberall,tech_software_internet,high
universal-traveller-shop-sdn-bhd,retail_ecommerce,high
unlimitedindustries,tech_software_internet,high
unto-labs,tech_software_internet,high
unusual,finance_fintech,high
vance-bioenergy-sdn-bhd,energy_utilities,high
vannahealth,healthcare_provider,high
vantage-point-consulting-inc,consulting_professional_services,high
veolia-water-technologies-solutions,energy_utilities,high
veritiv-corporation,manufacturing,high
viabill,finance_fintech,high
viagogo,media_entertainment,high
videa.ai,tech_software_internet,high
vision-diagnostic-sdn-bhd,healthcare_devices,high
visionaire-partners,consulting_professional_services,high
vivodyne,healthcare_pharma_biotech,high
vmware,tech_software_internet,high
volto-consulting,consulting_professional_services,high
wa.technology,gaming,high
wah-chan-consolidated-sdn-bhd,retail_ecommerce,medium
wang-s-b-wong-kulai,legal_services,high
waterfall,finance_fintech,medium
wearemeru,consulting_professional_services,high
web-enabled-workpaper-controls-sdn-bhd,consulting_professional_services,high
webologix-ltd-inc,consulting_professional_services,high
webstacks,consulting_professional_services,high
weida-integrated-industries-sdn-bhd,manufacturing,high
wellness-concept-m-sdn-bhd,consumer_brands,medium
western-digital-tech-and-regional-center-m-sdn-bhd,tech_hardware_semiconductors,high
what3words,tech_software_internet,high
whataburger,hospitality_food_service,high
wheels-inc,automotive,high
white-heron-pharmaceutical-sdn-bhd,healthcare_pharma_biotech,high
whitridge-associates,consulting_professional_services,high
winner-venture-sdn-bhd,consulting_professional_services,medium
winstar-aluminium-manufacturing-sdn-bhd,manufacturing,high
wipro-unza-malaysia-sdn-bhd,consumer_brands,high
wisdomtree,finance_fintech,high
withwisdom,healthcare_provider,high
workerbase,tech_software_internet,high
wyld,consumer_brands,high
xcel-energy,energy_utilities,high
xfs-sdn-bhd,manufacturing,medium
xin-hwa-trading-transport-sdn-bhd,transportation_logistics,high
xohealthinc,finance_insurance,high
y-g-corporation-bhd,real_estate_construction,high
yash-technologies,consulting_professional_services,high
yayasan-peneraju-pendidikan-bumiputera,nonprofit,high
yazio,tech_software_internet,high
ycombinator,finance_fintech,high
yeo-hiap-seng-malaysia-sdn-bhd,consumer_brands,high
yerbamadre,consumer_brands,high
yield-engineering-systems,tech_hardware_semiconductors,high
yoke-food-industries-sdn-bhd,agriculture_food_production,high
yokowo-electronics-m-sdn-bhd,tech_hardware_semiconductors,high
yours-resources-llc,consulting_professional_services,medium
zale-maritime-sdn-bhd,transportation_logistics,high
zanko-sdn-bhd,consulting_professional_services,medium
zeiss-group,manufacturing,high
zeit-ai,tech_software_internet,high
zenbusiness,tech_software_internet,high
ziosk,tech_software_internet,high
zushealth,tech_software_internet,high
24-hour-fitness,consumer_brands,high
32Co,healthcare_devices,high
3d-systems-corporation,manufacturing,high
80twenty,consulting_professional_services,high
Eon Systems,tech_software_internet,high
NJStateOfficeofInnovation,public_sector_government,high
Technitask,consulting_professional_services,high
abc-home-commercial-services-texas,real_estate_construction,high
abeam-consulting-malaysia-sdn-bhd,consulting_professional_services,high
able,tech_software_internet,high
able-global-berhad-formerly-known-as-johore-tin-berhad,manufacturing,high
acara-solutions-an-aleron-company,consulting_professional_services,high
accelerationpartners,media_entertainment,high
accenture-tcm,consulting_professional_services,high
accessholdingsmanagementfirm,consulting_professional_services,high
accurate-personnel-llc,consulting_professional_services,high
ace-hardware-corporation,retail_ecommerce,high
acilearning,education_higher,high
aclunc,nonprofit,high
acunor,consulting_professional_services,high
acxiom,media_entertainment,high
addeen-engineering-sdn-bhd,real_estate_construction,medium
adni-food-drinks-sdn-bhd,hospitality_food_service,high
adusa-transportation,transportation_logistics,high
aesc-us,manufacturing,high
agama-solutions-inc,consulting_professional_services,high
aggreko,energy_utilities,high
agi-inc,tech_software_internet,high
agilix-solutions,manufacturing,high
agrace,healthcare_provider,high
ah-cheng-laksa-sdn-bhd,hospitality_food_service,high
aica-asia-pacific-holding-pte-ltd,manufacturing,high
air-energy-consulting-malaysia-sdn-bhd,consulting_professional_services,high
airgarage,tech_software_internet,high
ajiya-berhad,manufacturing,high
akam,real_estate_construction,high
akidev-corporation,consulting_professional_services,high
akube,consulting_professional_services,high
alaka-ina-foundation-family-of-companies,defense_aerospace,high
align-technology,healthcare_devices,high
aligned-data-centers,tech_software_internet,high
alila-hotels,hospitality_food_service,high
alkegen,manufacturing,high
allegiant,transportation_logistics,high
alliance-medinet-m-sdn-bhd,healthcare_provider,high
allied-universal-janitorial-services,real_estate_construction,high
alloyenterprises,manufacturing,high
almabase,tech_software_internet,high
alpha-industries-sdn-bhd,manufacturing,medium
altura,tech_software_internet,high
amazon-lab126,tech_hardware_semiconductors,high
amberelectric,energy_utilities,high
amd-solutions-sdn-bhd,healthcare_devices,high
american-heart-association,nonprofit,high
american-public-education-inc-apei,education_higher,high
amiseq,consulting_professional_services,high
amphenol-tcs-m-sdn-bhd,tech_hardware_semiconductors,high
andaz,hospitality_food_service,high
ang-trading-motor-credit-sdn-bhd,automotive,high
ansell-global-trading-center-malaysia-sdn-bhd,healthcare_devices,high
answersnow,healthcare_provider,high
anything,tech_software_internet,high
apella,tech_software_internet,high
applied-integrators-sdn-bhd,tech_software_internet,high
apria,healthcare_devices,high
aquant,tech_software_internet,high
aquent-talent,consulting_professional_services,high
aralezbio,healthcare_pharma_biotech,high
aramijaya-agri-agro-sdn-bhd,agriculture_food_production,high
ardmore-home-design-inc,consumer_brands,high
ares-management-corporation,finance_fintech,high
argano,consulting_professional_services,high
artafinance,finance_fintech,high
artera-2,tech_software_internet,high
artie,tech_software_internet,high
arus-juta-sdn-bhd,real_estate_construction,medium
asapp-2,tech_software_internet,high
ascend-wellness-holdings-cse-aawh-u-otcqx-aawh,consumer_brands,high
ascendanalytics,energy_utilities,high
ascentec-engineering-sdn-bhd,manufacturing,high
asia-business-advisory-sdn-bhd,consulting_professional_services,high
asm-business-advisory-sdn-bhd,consulting_professional_services,medium
aspire-bakeries,agriculture_food_production,high
assembly,tech_software_internet,high
astrazeneca-malaysia,healthcare_pharma_biotech,high
atlan,tech_software_internet,high
atlantica-sustainable-infrastructure-plc,energy_utilities,high
atlas-copco,manufacturing,high
atlassian,tech_software_internet,high
atolio,tech_software_internet,high
atroposhealth,healthcare_pharma_biotech,high
atumworks,tech_hardware_semiconductors,medium
atwork-personnel,consulting_professional_services,high
aura798,tech_software_internet,high
austral-avenue-sdn-bhd,real_estate_construction,high
autocar-trucks,manufacturing,high
av-sis,healthcare_devices,medium
ava-labs,finance_fintech,high
aven,finance_fintech,high
aventon,consumer_brands,high
axiom,finance_fintech,high
ayatt-management-service-sdn-bhd,consulting_professional_services,medium
b-m-muntaha-sdn-bhd,real_estate_construction,medium
badger-meter,manufacturing,high
bae-systems-digital-intelligence,defense_aerospace,high
baerlocher-m-sdn-bhd,manufacturing,high
bain-company,consulting_professional_services,high
baker-tilly-us,consulting_professional_services,high
bangkok-bank-berhad,finance_banking,high
barrick-gold-corporation,manufacturing,high
barry-callebaut-malaysia-sdn-bhd,agriculture_food_production,high
barti,tech_software_internet,high
basf-petronas-chemicals-sdn-bhd,manufacturing,high
bastion,tech_software_internet,high
baublebar,consumer_brands,high
bbrpartners,finance_fintech,high
bdp-global-services-centre-sdn-bhd,consulting_professional_services,high
be-international-marketing-sdn-bhd,consumer_brands,medium
bedrockenergy,energy_utilities,high
best-auto-biz-sdn-bhd,automotive,high
beyondsoft,consulting_professional_services,high
bezosearthfund,nonprofit,high
bi-technologies-corporation-sdn-bhd,manufacturing,high
bifrost,tech_software_internet,high
biogen,healthcare_pharma_biotech,high
birdie,tech_software_internet,high
bizjobz-llc,consulting_professional_services,high
bluedale-integrated-m-sdn-bhd,media_entertainment,medium
blusharkdigital,media_entertainment,high
boltjobs,education_higher,medium
bolton-optical-group,healthcare_devices,high
bona-film-culture-sdn-bhd,media_entertainment,high
bonneville-power-administration,energy_utilities,high
boustead-properties-berhad,real_estate_construction,high
braeburn,healthcare_pharma_biotech,high
brecon-synergy-sdn-bhd,education_k12,medium
breef,consulting_professional_services,medium
brightideainc,tech_software_internet,high
brillio,consulting_professional_services,high
britt-one-enterprise,media_entertainment,medium
brooks-running,consumer_brands,high
bryantparkconsulting,consulting_professional_services,high
bsi,consulting_professional_services,high
bsl-containers-sdn-bhd,manufacturing,high
buildlinx,real_estate_construction,high
builtin,tech_software_internet,high
bunzl-distribution-na,retail_ecommerce,high
butcherbox,consumer_brands,high
bybit-fintech-limited,finance_fintech,high
bytedance,tech_software_internet,high
cadence-design-systems,tech_software_internet,high
cae,defense_aerospace,high
cafin-plt,consumer_brands,medium
cagamas-berhad,finance_banking,high
cahya-mata-professionals-sdn-bhd,manufacturing,high
calibre-systems-inc,defense_aerospace,high
california-correctional-health-care-services,healthcare_provider,high
calpers,finance_fintech,high
capaian-persada-sdn-bhd,real_estate_construction,high
capco-the-capital-market-company-group,consulting_professional_services,high
career-collective,consulting_professional_services,high
carmichaellynch,media_entertainment,high
cascades,manufacturing,high
celanese,manufacturing,high
celaralabs,consulting_professional_services,medium
cerve,tech_software_internet,high
cfm-technologies-sdn-bhd,manufacturing,high
chabeztech-llc,consulting_professional_services,high
chariotdefense,defense_aerospace,high
cheerz,consumer_brands,high
chenega-corporation-eh-f,defense_aerospace,high
chip-eng-seng-construction-pte-ltd,real_estate_construction,high
ciq,tech_software_internet,high
cityswift,tech_software_internet,high
cj-jet-media-sdn-bhd,media_entertainment,medium
ck-group,media_entertainment,medium
cks-retail-sdn-bhd,retail_ecommerce,high
click-services-sdn-bhd,consulting_professional_services,medium
clipbook,media_entertainment,high
cloudinity-inc,consulting_professional_services,high
cloudspire,consulting_professional_services,high
club-med,hospitality_food_service,high
cobnb-sdn-bhd,consulting_professional_services,medium
cogstateinc,healthcare_pharma_biotech,high
coherent-corp,tech_hardware_semiconductors,high
cohnreznick-llp,consulting_professional_services,high
collabora,tech_software_internet,high
columbia-forest-products,manufacturing,high
commit-ai-career-agents-for-developers,consulting_professional_services,high
commonwealth-care-alliance,finance_insurance,high
companial,consulting_professional_services,high
computer-data-concepts-inc,consulting_professional_services,high
computercare,consulting_professional_services,high
configusa,consulting_professional_services,high
consilio-llc,legal_services,high
consumeredge,consulting_professional_services,high
contech-engineered-solutions,manufacturing,high
convatec,healthcare_devices,high
convergenz,consulting_professional_services,high
convey,consulting_professional_services,high
copperco,tech_software_internet,high
corbins,real_estate_construction,high
coreflow,tech_software_internet,high
coretelligent,consulting_professional_services,high
corgan,consulting_professional_services,high
cornerstone-building-brands,manufacturing,high
coworker,tech_software_internet,high
crashplan,tech_software_internet,high
creative-artists-agency,media_entertainment,high
crescendo-international-school-sdn-bhd-johor,education_k12,high
crescens-inc,consulting_professional_services,high
crest-builder-sdn-bhd,real_estate_construction,high
csf-agency,consulting_professional_services,medium
culver-careers-culvercareers-com,consulting_professional_services,high
curinos,finance_fintech,high
curlec-sdn-bhd,finance_fintech,high
cuspai,tech_software_internet,high
customcraft-m-sdn-bhd,real_estate_construction,medium
customuse,tech_software_internet,high
cybertec-inc,consulting_professional_services,high
david,media_entertainment,high
davidenergy,energy_utilities,high
dawn-foods-global,consumer_brands,high
dawson,consulting_professional_services,high
day-one-agency,media_entertainment,high
dayou-united-electronics-m-sdn-bhd,tech_hardware_semiconductors,medium
dayton-freight-lines-inc,transportation_logistics,high
dbeconorthamerica,consulting_professional_services,high
dcap-commercial-sdn-bhd,consulting_professional_services,medium
deepgenomics,healthcare_pharma_biotech,high
deepnote,tech_software_internet,high
deepwalk,tech_software_internet,high
defense-threat-reduction-agency,defense_aerospace,high
degreed,tech_software_internet,high
deltek,tech_software_internet,high
digimarc,tech_software_internet,high
direct-access-solutions-sdn-bhd,tech_software_internet,medium
dk-my-properties-sdn-bhd,real_estate_construction,high
dmd-marine-engineering-m-sdn-bhd,manufacturing,medium
dnc-automation-m-sdn-bhd,manufacturing,medium
donaldson-filtration-malaysia-sdn-bhd,manufacturing,high
dong-ji-m-sdn-bhd-selangor-branch,manufacturing,medium
donorbox,tech_software_internet,high
dormakaba-americas,manufacturing,high
dorman-products,manufacturing,high
dover-corporation,manufacturing,high
dreamthree,media_entertainment,high
dreemhealth,healthcare_provider,high
drivetime,automotive,high
dryft,tech_software_internet,high
durin,manufacturing,medium
dynasty-dragon-seafood-restaurant-sdn-bhd,hospitality_food_service,high
dyno-nobel,manufacturing,high
e184,healthcare_pharma_biotech,high
eadeco-sdn-bhd,manufacturing,medium
eadess-sdn-bhd,retail_ecommerce,medium
eastman,manufacturing,high
easypost-2,tech_software_internet,high
eber,tech_software_internet,high
ecolab-international-sdn-bhd,manufacturing,high
ecolex,consulting_professional_services,medium
education,tech_software_internet,medium
education-malaysia-global-services,public_sector_government,high
educlaas,education_higher,high
eh2,energy_utilities,high
ehh-food-industry-sdn-bhd,agriculture_food_production,high
elbit-systems-of-america,defense_aerospace,high
electroloy-corporation-sdn-bhd,manufacturing,high
electronx,finance_fintech,high
elk-desa-capital-sdn-bhd,finance_fintech,high
elsa-energy-sdn-bhd,energy_utilities,high
emerging-blue,consulting_professional_services,high
emico-penang-sdn-bhd,manufacturing,medium
emilyslist,nonprofit,high
employers,finance_insurance,high
emv-nyc,consulting_professional_services,medium
emzi-holding-sdn-bhd,consulting_professional_services,medium
endress-hauser-m-sdn-bhd,manufacturing,high
enter-rcm-llc,healthcare_provider,high
enthalpy-analytical,consulting_professional_services,high
enumerate,tech_software_internet,high
envipure-sdn-bhd,energy_utilities,medium
environmental-resources-management-m-sdn-bhd,consulting_professional_services,high
eonmetall-group-bhd,manufacturing,high
epg-engineering-system-sdn-bhd,real_estate_construction,medium
epik-solutions,consulting_professional_services,high
epson-precision-johor-sdn-bhd,tech_hardware_semiconductors,high
equipment-doctor-services,manufacturing,medium
europ-assistance,finance_insurance,high
everbank,finance_banking,high
eversana-intouch,media_entertainment,high
everself,healthcare_provider,high
everstreamanalytics,tech_software_internet,high
evidentid,tech_software_internet,high
evonik,manufacturing,high
exabytes-network-sdn-bhd,tech_software_internet,high
exact-analytical-sdn-bhd,consulting_professional_services,medium
excel-glamour-housing-sdn-bhd,real_estate_construction,high
excel-metal-industries-sdn-bhd,manufacturing,high
exis-tech-sdn-bhd,tech_hardware_semiconductors,high
experity,tech_software_internet,high
express-employment-professionals-hawaii,consulting_professional_services,high
express-mission-sdn-bhd,consulting_professional_services,medium
f-n-creameries-m-sdn-bhd,consumer_brands,high
f5,tech_software_internet,high
fair-work-m-sdn-bhd,consulting_professional_services,medium
family-care-center,healthcare_provider,high
fastspring,tech_software_internet,high
fatty-chemical-m-sdn-bhd,manufacturing,high
felda-investment-corporation-sdn-bhd,agriculture_food_production,high
ferrotec-power-semiconductor-malaysia-sdn-bhd,tech_hardware_semiconductors,high
figfinancial,finance_fintech,high
filter-man-supply-sdn-bhd,manufacturing,medium
firstent,finance_banking,high
firstkey-homes,real_estate_construction,high
firstservice-residential-texas,real_estate_construction,high
fitson-sdn-bhd,manufacturing,medium
fizz,tech_software_internet,high
fleet-services-by-cox-automotive,automotive,high
fletcherjonesishiringmechanicsandtechnicians,automotive,high
flex-employee-services,consulting_professional_services,high
flexmodus-sdn-bhd,manufacturing,medium
flint-hills-resources,energy_utilities,high
flock-safety,tech_software_internet,high
flsmidth,manufacturing,high
fluence,energy_utilities,high
fluency,tech_software_internet,high
fmc-corporation,agriculture_food_production,high
forcebrands,consulting_professional_services,high
formach-asia-sdn-bhd,manufacturing,medium
formance,finance_fintech,high
forsyth-barnes,consulting_professional_services,high
fortinet-philippines,tech_software_internet,high
fortna,consulting_professional_services,high
fortune-brands-innovations,consumer_brands,high
fourier,manufacturing,high
franklin-electric,manufacturing,high
franklin-templeton,finance_fintech,high
freeport-mcmoran,manufacturing,high
front-tech-engineering-sdn-bhd,energy_utilities,medium
fuel-cycle,consulting_professional_services,high
fulcrumglobaltechnologies,tech_software_internet,high
fundwell,finance_fintech,high
fusion-academy,education_k12,high
fustis-llc,consulting_professional_services,high
futurestandard,finance_fintech,high
gaintheory,media_entertainment,high
galur-unggul-sdn-bhd,consulting_professional_services,medium
galvanizeclimatesolutions,finance_fintech,high
gamer2gamer-sdn-bhd,gaming,high
gateway-search-pte-ltd,consulting_professional_services,high
gcihealth,media_entertainment,high
genesis10,consulting_professional_services,high
genting-berhad,media_entertainment,high
genuine-parts-company,automotive,high
geocomply-2,tech_software_internet,high
geopaq-logic-inc,consulting_professional_services,high
gerbang-nusajaya-sdn-bhd,real_estate_construction,high
getha-1969-sdn-bhd,consumer_brands,high
givaudan,consumer_brands,high
gladron-chemicals-sdn-bhd,healthcare_pharma_biotech,medium
glanbia-nutritionals,consumer_brands,high
global-amity-sdn-bhd,automotive,medium
global-development-technology-sdn-bhd,tech_software_internet,high
goip-business-solution-pte-ltd,telecommunications,medium
goodrx,tech_software_internet,high
goosehead-insurance-agency,finance_insurance,high
gorilla,energy_utilities,high
gosford-leather-industries-sdn-bhd,manufacturing,high
gp-energy-tech-malaysia-sdn-bhd,energy_utilities,medium
grab,tech_software_internet,high
grand-wailea,hospitality_food_service,high
gravity-it-resources,consulting_professional_services,high
green-aquatic-feed-m-sdn-bhd,agriculture_food_production,high
green-healthy-homes-initiative,nonprofit,high
green-lagoon-technology-sdn-bhd,real_estate_construction,medium
greene-resources,consulting_professional_services,high
griffin,finance_banking,high
groma,real_estate_construction,high
grovecollaborative,consumer_brands,high
gsd-land-m-sdn-bhd,real_estate_construction,medium
gtc-associates,consulting_professional_services,high
gtech-llc,consulting_professional_services,high
gtv,media_entertainment,medium
guocera-sdn-bhd-kluang,manufacturing,high
h2lp0ei2nf3oz4ydk7,tech_software_internet,low
hab-construction-sdn-bhd-formerly-known-as-haw-ah-bee-construction-sdn-bhd,real_estate_construction,high
hagerty,finance_insurance,high
hans-advisory-trust-co-ltd,consulting_professional_services,high
harbour-link-group-berhad,transportation_logistics,high
hard-rock-hotel-casino-sacramento,media_entertainment,high
harness,tech_software_internet,high
hck-capital-group,real_estate_construction,high
healing-partners,healthcare_provider,high
healthy-way-m-sdn-bhd,consumer_brands,medium
healthy-world-lifestyle-sdn-bhd-ogawa,consumer_brands,high
hearinglife,healthcare_devices,high
helix-electric,real_estate_construction,high
hellermanntyton-north-america,manufacturing,high
heng-huat-resources-group-berhad,manufacturing,high
hennepin-county,public_sector_government,high
hensel-phelps,real_estate_construction,high
heritage-landscape-supply-group-inc,real_estate_construction,high
hexamatics-servcomm-sdn-bhd,consulting_professional_services,high
hightower-advisors,finance_fintech,high
hilton-waikoloa-village,hospitality_food_service,high
hipagesgroup,tech_software_internet,high
hireminds,consulting_professional_services,high
hitachi-vantara-sdn-bhd,tech_software_internet,high
hks-inc,consulting_professional_services,high
hong-seng-assembly-sdn-bhd,manufacturing,medium
horizon-hospitality-associates-inc,hospitality_food_service,high
hosen-chocolate-sdn-bhd,consumer_brands,high
howard-sloan-search,consulting_professional_services,high
hqda-field-operating-agencies-and-staff-support-agencies,defense_aerospace,high
hspgroup,consulting_professional_services,high
hua-ao-sdn-bhd,finance_fintech,high
hummingsoft-sdn-bhd,consulting_professional_services,high
hunt-military-communities,real_estate_construction,high
hyperheat,tech_software_internet,medium
hyred,consulting_professional_services,high
hyster-yale-group,manufacturing,high
iconix,real_estate_construction,medium
ifit,tech_software_internet,high
iftother,tech_software_internet,high
ignite-reading,education_k12,high
igt,gaming,high
iherb-llc,retail_ecommerce,high
ikano-handel-sdn-bhd,retail_ecommerce,high
ikhasas-sdn-bhd,tech_software_internet,medium
imagine-learning,education_k12,high
imcs,nonprofit,high
imerys,manufacturing,high
incedo-inc,consulting_professional_services,high
indigenouspactpbcinc,healthcare_provider,high
indotronix-international-corporation,consulting_professional_services,high
inflect,tech_software_internet,high
info-services,consulting_professional_services,high
info-tech-systems-integrators-m-sdn-bhd,consulting_professional_services,high
info-way-solutions,consulting_professional_services,high
infomatics-corp,consulting_professional_services,high
infomatics-inc,consulting_professional_services,high
infomina-berhad,consulting_professional_services,high
infosyte-sdn-bhd,consulting_professional_services,high
infstones,finance_fintech,high
ing,finance_banking,high
innovalues-precision-sdn-bhd,manufacturing,high
intelletec,consulting_professional_services,high
intellicept-inc,consulting_professional_services,high
intellisoft-technologies,consulting_professional_services,high
inter-pacific-securities-sdn-bhd,finance_fintech,high
interaction,tech_software_internet,high
international-facility-engineering-m-sdn-bhd,real_estate_construction,high
invitation-homes,real_estate_construction,high
invopop,tech_software_internet,high
ircare-sdn-bhd,healthcare_devices,medium
isatec-sdn-bhd,consulting_professional_services,high
it-business-solutions-sdn-bhd,consulting_professional_services,high
it-usaha-engineering-sdn-bhd,real_estate_construction,medium
itero-group,consulting_professional_services,high
itron-inc,energy_utilities,high
its-testing-services-m-sdn-bhd,consulting_professional_services,high
j-k-wire-harness-sdn-bhd,manufacturing,high
jabil-sdn-bhd-global-business-center,manufacturing,high
jacobs-engineering-group-malaysia-sdn-bhd,consulting_professional_services,high
jadebiosciences,healthcare_pharma_biotech,high
jcr-workforce,consulting_professional_services,high
jd-ross-energy,energy_utilities,high
jetblue,transportation_logistics,high
jmj-phillip-group,consulting_professional_services,high
jnani-tech-support-sdn-bhd,consulting_professional_services,medium
jnw-packaging-sdn-bhd,manufacturing,high
joby-aviation,defense_aerospace,high
johnson-controls-hitachi-air-conditioning-malaysia-sdn-bhd,manufacturing,high
journey,consulting_professional_services,high
julie-s-marketing-sdn-bhd,consumer_brands,high
jvv-international-sdn-bhd,consulting_professional_services,medium
jwp,media_entertainment,high
kace-company,defense_aerospace,high
kanand-corporation,consulting_professional_services,high
kane-partners-llc,consulting_professional_services,high
kastech-software-solutions-group,consulting_professional_services,high
kb-colour-image-sdn-bhd,media_entertainment,medium
kedai-pajak-well-chip-sdn-bhd,finance_fintech,high
kenan-advantage-group,transportation_logistics,high
kenworth-truck-co,manufacturing,high
kerjaya-prospek-m-sdn-bhd,real_estate_construction,high
keycard-labs,tech_software_internet,high
khean-seng-engineering-sdn-bhd,real_estate_construction,medium
khk-plantation,agriculture_food_production,high
kingdom-bsl-technology-sdn-bhd,manufacturing,medium
kiswire-sdn-bhd,manufacturing,high
kl-kepong-rubber-products-sdn-bhd,manufacturing,high
kla,tech_hardware_semiconductors,high
klk-hardwood-flooring-sdn-bhd,manufacturing,high
koch-industries,manufacturing,high
kolej-unikop,education_higher,high
kolibrigames,gaming,high
kossan-latex-industries-m-sdn-bhd,manufacturing,high
kpaonline,consulting_professional_services,high
kraton-corporation,manufacturing,high
kroll,finance_fintech,high
kronosresearch,finance_fintech,high
kruidvat,retail_ecommerce,high
kti-property,real_estate_construction,high
kuan-press-sdn-bhd,manufacturing,medium
la-calisto-sdn-bhd,retail_ecommerce,medium
lacework,tech_software_internet,high
lacto-asia-m-sdn-bhd,consumer_brands,high
laika,media_entertainment,high
landcare-llc,real_estate_construction,high
langsat-osc-sdn-bhd,energy_utilities,medium
launch2,media_entertainment,medium
leantaas,tech_software_internet,high
leddy-group,consulting_professional_services,high
lelandsaylorassociates,consulting_professional_services,high
lendzfinancial,finance_fintech,high
lenox-hill-neighborhood-house,nonprofit,high
leoch-battery-m-sdn-bhd,manufacturing,high
leona,tech_software_internet,high
leppo-concrete-sdn-bhd,manufacturing,medium
lg-electronics-m-sdn-bhd,tech_hardware_semiconductors,high
lg-electronics-north-america,tech_hardware_semiconductors,high
lhoist,manufacturing,high
lightdash,tech_software_internet,high
lightforceorthodontics,healthcare_devices,high
lilt-corporate,tech_software_internet,high
linde-material-handling-m-sdn-bhd,manufacturing,high
lineate,consulting_professional_services,high
link-creation-sdn-bhd,consulting_professional_services,medium
lion-group,other,medium
lirio,tech_software_internet,high
livemed-sdn-bhd,healthcare_devices,high
local-assembly-sdn-bhd,manufacturing,medium
lovisa-asia,retail_ecommerce,high
loyola-medicine,healthcare_provider,high
ls-solutions,consulting_professional_services,high
lumana,tech_software_internet,high
lumenbioscience,healthcare_pharma_biotech,high
lyc-mother-child-centre-sdn-bhd,healthcare_provider,high
lyj-events-marketing-sdn-bhd,consulting_professional_services,medium
lynxtech,tech_software_internet,high
maax-factor-sdn-bhd,finance_fintech,medium
macdermid-performance-solutions,manufacturing,high
mace,consulting_professional_services,high
machines-sdn-bhd,retail_ecommerce,high
maica-corporation-sdn-bhd,manufacturing,medium
makai-labs,tech_software_internet,high
makpar,consulting_professional_services,high
mal-consumer-financial-services-division,finance_fintech,high
malaysia-land-properties-sdn-bhd,real_estate_construction,high
malibu-events-promotions,media_entertainment,medium
mandarin-oriental-hotel-group,hospitality_food_service,high
manjaku-retail-sdn-bhd,retail_ecommerce,high
mantis,media_entertainment,high
map-active-malaysia-sdn-bhd,retail_ecommerce,high
maquettevirtuelle,manufacturing,high
mark-s-food-solutions-sdn-bhd,agriculture_food_production,high
mary-kay-global,consumer_brands,high
materialbank,tech_software_internet,high
matrix-service,real_estate_construction,high
matterworks,healthcare_pharma_biotech,high
maverickx,manufacturing,medium
maxis-clinical-sciences,healthcare_pharma_biotech,high
mbta,transportation_logistics,high
mcc-shared-service-centre-sdn-bhd,consulting_professional_services,medium
mccarthy-building-companies-inc,real_estate_construction,high
mce-technologies-sdn-bhd,manufacturing,medium
mcgriff,finance_insurance,high
mcm-petcare-m-sdn-bhd,consumer_brands,high
mco,retail_ecommerce,medium
mechanicalorchard,tech_software_internet,high
mechmar-boilers-sdn-bhd,manufacturing,high
media-prima-berhad,media_entertainment,high
medispend,tech_software_internet,high
mednet,healthcare_pharma_biotech,high
megacorplogistics,transportation_logistics,high
meinhardt-hong-kong-limited,consulting_professional_services,high
mem0,tech_software_internet,high
membrane,tech_software_internet,high
mercator,tech_software_internet,high
mesiniaga-berhad,consulting_professional_services,high
method.security,tech_software_internet,high
metisinc,consulting_professional_services,high
meyzer360,consulting_professional_services,high
mf-technology-supply-services-m-sdn-bhd,consulting_professional_services,medium
midea-america-corp,consumer_brands,high
mighty-bakery-sdn-bhd,consumer_brands,high
milestone-production-sdn-bhd,media_entertainment,high
minda-global-management-sdn-bhd,consulting_professional_services,medium
mindgrub,consulting_professional_services,high
mindly,tech_software_internet,high
minkey-builder-sdn-bhd,real_estate_construction,medium
minsec-engineering-sdn-bhd,manufacturing,high
miq,media_entertainment,high
miramace,tech_software_internet,high
mission-foods,consumer_brands,high
missioncap,finance_fintech,high
mitsubishi-logisnext-americas-inc,manufacturing,high
ml4t,nonprofit,high
moderntreasury,finance_fintech,high
moh-pharmaceutical-technologies-sdn-bhd,healthcare_pharma_biotech,high
momentous,consumer_brands,high
mondelez-international,consumer_brands,high
moody-s-corporation,finance_fintech,high
moonshot,finance_fintech,high
movon-sdn-bhd,consulting_professional_services,medium
mranti-corporation-sdn-bhd,nonprofit,high
msh-sea-sdn-bhd,finance_insurance,high
mtd-industries-sdn-bhd,manufacturing,medium
mulpha-international-bhd,real_estate_construction,high
murray-resources,consulting_professional_services,high
musixmatch,media_entertainment,high
mvgx-holdings-pte-ltd,finance_fintech,high
my-health-clinic-gong-badak,healthcare_provider,high
myriad-genetics,healthcare_pharma_biotech,high
n2co,consulting_professional_services,high
nam-info-inc,consulting_professional_services,high
nametag,tech_software_internet,high
nano-qt,tech_hardware_semiconductors,high
nansen,finance_fintech,high
nasty,consulting_professional_services,medium
national-audubon-society,nonprofit,high
national-radio-astronomy-observatory,public_sector_government,high
national-security-agency-central-security-service,defense_aerospace,high
nbs-intellectual-sdn-bhd,legal_services,medium
nefab-malaysia-sdn-bhd,manufacturing,high
neo-fashion-of-two-l-meiconsepts-sdn-bhd,retail_ecommerce,high
net-at-work,consulting_professional_services,high
new-york-skin-sdn-bhd,consumer_brands,high
newmark,real_estate_construction,high
newrez-llc,finance_fintech,high
nextdc,tech_software_internet,high
nexus.xyz,finance_fintech,high
ngk-electronics-devices-m-sdn-bhd,tech_hardware_semiconductors,high
nhs-management-llc,healthcare_provider,high
niagara-bottling,consumer_brands,high
nodeverse-sdn-bhd,tech_software_internet,medium
north-west-enterprise-sdn-bhd,consulting_professional_services,medium
northern-tool-equipment,retail_ecommerce,high
nova-buildings-group,real_estate_construction,high
novel,tech_software_internet,high
nucleo,consulting_professional_services,high
nutrien,agriculture_food_production,high
oasishealthpartners,healthcare_provider,high
obsidiansystems,tech_software_internet,high
oceaneering,energy_utilities,high
offshorelaunch,consulting_professional_services,high
oldcastle-infrastructure,manufacturing,high
omnicell,healthcare_devices,high
oncourse-home-solutions,real_estate_construction,high
one-pass-solutions,consulting_professional_services,high
oneimpression,media_entertainment,high
onemain-financial,finance_fintech,high
onetexx-sdn-bhd,manufacturing,medium
ongs-properties-sdn-bhd,real_estate_construction,high
opploans,finance_fintech,high
optimax-eye-specialist-centre-sdn-bhd,healthcare_provider,high
oriental-fortune-trading-malaysia-sdn-bhd,consulting_professional_services,medium
oro-clean-chemie-sdn-bhd,manufacturing,medium
oshihealth,healthcare_provider,high
oshkosh-corporation,defense_aerospace,high
osi-group,agriculture_food_production,high
osim-m-sdn-bhd,consumer_brands,high
oskano-academy-sdn-bhd,education_higher,medium
ostium,finance_fintech,high
oswald-companies,finance_insurance,high
otc-training-centre-sdn-bhd,education_higher,medium
owl-services,real_estate_construction,high
oxford-solutions,consulting_professional_services,high
oxman,tech_software_internet,high
oxosmedical,healthcare_devices,high
oyo-rooms-hospitality-sdn-bhd,hospitality_food_service,high
pacific-scientific-energetic-materials-company,defense_aerospace,high
pacific-trustees-berhad,finance_fintech,high
packsize,manufacturing,high
palette-media,media_entertainment,high
palm-mach-sdn-bhd,manufacturing,medium
palm-oleo-sdn-bhd-gate-b,manufacturing,high
panasonic-north-america,manufacturing,high
paragon-globe-berhad,real_estate_construction,high
paragon-it-professionals,consulting_professional_services,high
parallel-bio,healthcare_pharma_biotech,high
paramount-property-development-sdn-bhd,real_estate_construction,high
partners-personnel,consulting_professional_services,high
patchmypc,tech_software_internet,high
paul-hastings,legal_services,high
payactiv,finance_fintech,high
paydee,finance_fintech,high
paypal,finance_fintech,high
pbk,consulting_professional_services,high
peabody-energy,energy_utilities,high
peace-evolution,consulting_professional_services,medium
peerhealth-malaysia-sdn-bhd-p-s-l-group,consulting_professional_services,high
pelmorex,media_entertainment,high
people-ai,tech_software_internet,high
people-culture-talent,consulting_professional_services,high
peoples-first-insurance-services-llc,finance_insurance,high
perfect-venue,tech_software_internet,high
peritus-a-colina-tech-group,consulting_professional_services,high
petron-bukit-gambir-svc-station,energy_utilities,high
petroplan,consulting_professional_services,high
pets-universe-sdn-bhd,consumer_brands,high
pickles-asia-sdn-bhd,consulting_professional_services,medium
pilgrim-s,agriculture_food_production,high
piper-maddox,consulting_professional_services,high
pivot,tech_software_internet,high
pixl-solutions-pte-ltd,consulting_professional_services,high
pj-trailers,manufacturing,high
pkf-malaysia,consulting_professional_services,high
platform-recruitment,consulting_professional_services,high
platt-electric-supply,retail_ecommerce,high
pluralsight,tech_software_internet,high
plus-one-an-optum-company,healthcare_provider,high
pmb-aluminium-sdn-bhd,manufacturing,high
polaranalytics,tech_software_internet,high
power-extreme-sdn-bhd,real_estate_construction,medium
praxis,consulting_professional_services,high
precast-concrete-pontian-sdn-bhd,manufacturing,high
precede-business-solution-sdn-bhd,consulting_professional_services,medium
premier-group-recruitment,consulting_professional_services,high
premium-sound-solutions-sdn-bhd,manufacturing,high
primary,finance_fintech,high
prismic,tech_software_internet,high
proampac,manufacturing,high
procter-gamble,consumer_brands,high
prolec-energy,energy_utilities,high
promac-enterprises-sdn-bhd,consulting_professional_services,medium
protech-automotive-solutions,automotive,high
prove,tech_software_internet,high
ps-solutions,consulting_professional_services,high
psi-incontrol-sdn-bhd,manufacturing,medium
psrtek,consulting_professional_services,high
public,finance_fintech,high
public-consulting-group,consulting_professional_services,high
publicis-collective,media_entertainment,high
publicis-groupe,media_entertainment,high
qashier,tech_software_internet,high
qashier-sdn-bhd,tech_software_internet,high
qbe-insurance-m-bhd,finance_insurance,high
qcells-north-america,energy_utilities,high
ql-kitchen-sdn-bhd,agriculture_food_production,high
qsc,tech_hardware_semiconductors,high
qualitest,consulting_professional_services,high
quantix-inc,consulting_professional_services,high
quest-financial,consulting_professional_services,high
quilter,tech_software_internet,high
quintus,consulting_professional_services,medium
quip,consumer_brands,high
r-beaute-sdn-bhd,consumer_brands,medium
radius-payment-solutions,finance_fintech,high
radius-recycling,manufacturing,high
rakuten-trade-sdn-bhd,finance_fintech,high
ramsay-sime-darby-health-care,healthcare_provider,high
rand,nonprofit,high
randalls-food-market,retail_ecommerce,high
ranhill-capital-sdn-bhd,finance_fintech,medium
rapid-growth-technology-sdn-bhd,manufacturing,medium
rapid-response-monitoring,consulting_professional_services,medium
rasa,tech_software_internet,high
ratp-dev-usa,transportation_logistics,high
ravago-manufacturing-americas,manufacturing,high
reach,tech_software_internet,high
ready,tech_software_internet,high
realpage-inc,tech_software_internet,high
recraft,tech_software_internet,high
recruitingprograms,consulting_professional_services,medium
relate-search,consulting_professional_services,high
relaypayments,finance_fintech,high
relayprotocol,finance_fintech,high
reliable-software,consulting_professional_services,high
reliance-one-inc,consulting_professional_services,high
remotewoman,consulting_professional_services,high
remprex-llc,transportation_logistics,high
residenthome,consumer_brands,high
resilience,healthcare_pharma_biotech,high
resmed-malaysia-sdn-bhd-my,healthcare_devices,high
revenuevessel,tech_software_internet,high
revive,tech_software_internet,high
rfs-cekal-sdn-bhd,real_estate_construction,high
rgb-international-bhd,gaming,high
rhymetec,tech_software_internet,high
risklabs,finance_fintech,high
riskledger,tech_software_internet,high
rocketpartners,consulting_professional_services,high
rockwills-corporation-sdn-bhd,legal_services,high
rohde-schwarz-technologies-malaysia-sdn-bhd,tech_hardware_semiconductors,high
root-access,tech_software_internet,high
royal-caribbean-group,hospitality_food_service,high
rqdclearingllc,finance_fintech,high
rstudio,tech_software_internet,high
rt-1994-optical-sdn-bhd,retail_ecommerce,high
rtp,nonprofit,high
running-lab-sdn-bhd,retail_ecommerce,high
runzero,tech_software_internet,high
salad-and-go,hospitality_food_service,high
salcon-engineering-berhad,energy_utilities,high
salt-lake-city-corporation,public_sector_government,high
samsung-semiconductor,tech_hardware_semiconductors,high
sanmina,manufacturing,high
sap-malaysia-sdn-bhd,tech_software_internet,high
sapphire-software-solutions-inc,consulting_professional_services,high
sapsol-technologies-inc-systems-and-process-solutions-for-your-enterprise,consulting_professional_services,high
sapura-energy-berhad-drilling,energy_utilities,high
savage-x-fenty,consumer_brands,high
save-the-children-us,nonprofit,high
sbh-fashion,consumer_brands,high
sbp,nonprofit,high
scanwolf-plastic-industries-sdn-bhd,manufacturing,high
schweitzer-engineering-laboratories-sel,energy_utilities,high
scientific-research-corporation,defense_aerospace,high
sd-dream-world-sdn-bhd,consulting_professional_services,medium
seagate-international-headquarters-pte-ltd,tech_hardware_semiconductors,high
seama-construction-sdn-bhd,real_estate_construction,high
searchasia-consulting-pte-ltd,consulting_professional_services,high
second-front-systems,defense_aerospace,high
secret-recipe-cakes-cafe-sdn-bhd,hospitality_food_service,high
securian-financial,finance_fintech,high
sedania-innovator-berhad,tech_software_internet,medium
sedna,tech_software_internet,high
see-hau-global-sdn-bhd,consulting_professional_services,medium
seisandbox,consulting_professional_services,high
seismic-change.com,consulting_professional_services,high
selangor-human-resource-development-centre-shrdc,education_higher,high
send,tech_software_internet,high
sentient,tech_software_internet,high
sep,consulting_professional_services,high
servicetitan,tech_software_internet,high
sf-global-express-m-sdn-bhd,transportation_logistics,high
sf-metal-sdn-bhd,manufacturing,high
sg-activamedia-m-sdn-bhd,media_entertainment,high
sgnlai,tech_software_internet,high
shabu-yo,hospitality_food_service,high
shamrock-precision-m-sdn-bhd,manufacturing,high
shangri-la-hotels-malaysia-berhad,hospitality_food_service,high
shapr3d,tech_software_internet,high
shi-international-corp,consulting_professional_services,high
shiftcode-analytics-inc,consulting_professional_services,high
shin-chin-seng-enterprise-sdn-bhd,consulting_professional_services,low
shopreli,manufacturing,medium
shorepoint-inc,defense_aerospace,high
sia-partners,consulting_professional_services,high
silverlake-innovation-partners-sdn-bhd,tech_software_internet,high
sim,tech_software_internet,high
simpleclosure,finance_fintech,high
simplesense,tech_software_internet,high
simplisticllc,consulting_professional_services,high
singularity6,gaming,high
sino-biological-inc,healthcare_pharma_biotech,high
sirenopt,tech_hardware_semiconductors,high
sirim-qas-international-sdn-bhd,consulting_professional_services,high
sixfold,finance_insurance,high
sk-jewellery-sdn-bhd,retail_ecommerce,high
skimmer,tech_software_internet,high
sky-power-sdn-bhd,energy_utilities,high
skymavis,gaming,high
skyralio,defense_aerospace,high
smart-warehousing,transportation_logistics,high
snaplogic,tech_software_internet,high
sni-companies,consulting_professional_services,high
softchoice,consulting_professional_services,high
sogeti,consulting_professional_services,high
solaredge-technologies,energy_utilities,high
sols-energy-sdn-bhd,energy_utilities,high
solva,tech_software_internet,high
soniresources,consulting_professional_services,high
sonothera,healthcare_pharma_biotech,high
sorcero,tech_software_internet,high
sorenson-communications,telecommunications,high
southern-acids-cronos-resource-sdn-bhd,energy_utilities,high
southwest-research-institute,defense_aerospace,high
spade,tech_software_internet,high
sparks-group,consulting_professional_services,high
special-enhancement-sdn-bhd,consulting_professional_services,medium
specialized-bicycle-components,consumer_brands,high
spector-ai,tech_software_internet,high
spectrum-retirement-communities-llc,healthcare_provider,high
spirolite-m-sdn-bhd,manufacturing,high
squads,finance_fintech,high
squarepeg,consulting_professional_services,high
standardmetrics,finance_fintech,high
stanzo-collection,consumer_brands,high
starlai-sdn-bhd,manufacturing,medium
starlite-printers-m-sdn-bhd,media_entertainment,medium
stilta,tech_software_internet,high
stone-hendricks-group,consulting_professional_services,high
stonex-group-inc,finance_fintech,high
storm-search,consulting_professional_services,high
strato-solutions-sdn-bhd,consulting_professional_services,high
striiminc,tech_software_internet,high
stronghold,finance_fintech,high
subang-jaya-medical-centre,healthcare_provider,high
subsplash,tech_software_internet,high
sun-yuen-rubber-manufacturing-co-sdn-bhd,manufacturing,high
sunset,finance_fintech,high
suntory-beverage-food-malaysia-sdn-bhd,consumer_brands,high
sunward-pharmaceutical-sdn-bhd,healthcare_pharma_biotech,high
supreme-court-of-the-united-states,public_sector_government,high
svk-technology-solutions-inc,consulting_professional_services,high
swagelok-malaysia,manufacturing,high
swap-asia,tech_software_internet,medium
sweep,tech_software_internet,high
sybill-ai,tech_software_internet,high
sydney-cake-house-sdn-bhd,agriculture_food_production,high
sylvera,tech_software_internet,high
symbotic,manufacturing,high
symphonyai,tech_software_internet,high
synbone-sdn-bhd,healthcare_devices,medium
syngenta,agriculture_food_production,high
syntax,consulting_professional_services,high
t-v-s-d-psb-pte-ltd,consulting_professional_services,high
take2-consulting-llc,consulting_professional_services,high
talent-elite-group,consulting_professional_services,high
talentohc,consulting_professional_services,high
talentplug-llc,consulting_professional_services,high
talkdesk,tech_software_internet,high
talroo,tech_software_internet,high
tdm-berhad,agriculture_food_production,high
teasdale-latin-foods,consumer_brands,high
tech-one-it,consulting_professional_services,high
tech-providers-inc,consulting_professional_services,high
technergetics,defense_aerospace,high
tekstream-solutions,consulting_professional_services,high
teletrackingtechnologiesinc,tech_software_internet,high
telforce-group-llp,telecommunications,high
tempus-ai,healthcare_pharma_biotech,high
teo-seng-capital-berhad,agriculture_food_production,high
texture,tech_software_internet,high
tfp-retail-sdn-bhd-201301018031-1047864-h,retail_ecommerce,high
that1detailer,automotive,high
the-children-s-courtyard,education_k12,high
the-face-hotels-resorts-sdn-bhd,hospitality_food_service,high
the-ford-agency,consulting_professional_services,high
the-forum-group,consulting_professional_services,high
the-goodkind-group-llc,consulting_professional_services,high
the-hartford,finance_insurance,high
the-hub-s-engineering-malaysia-sdn-bhd,manufacturing,medium
the-j-m-smucker-co,consumer_brands,high
the-jacobson-group,consulting_professional_services,high
the-makeover-guys-sdn-bhd,real_estate_construction,high
the-standard,finance_insurance,high
the-studio,consulting_professional_services,high
thefp,media_entertainment,high
themotleyfool,finance_fintech,high
thepacgroup,manufacturing,high
thermo-systems,consulting_professional_services,high
thirdwaveautomation,manufacturing,high
thirstysprout,consulting_professional_services,high
thong-thye-siang-sdn-bhd,consulting_professional_services,medium
thunder-express-sdn-bhd,transportation_logistics,high
tialoc-malaysia-sdn-bhd,real_estate_construction,high
tian-ma-bird-nest-sdn-bhd,consumer_brands,high
titan-system-integration-sdn-bhd,consulting_professional_services,high
tommy-bahama,consumer_brands,high
top-click-sdn-bhd,media_entertainment,medium
top-mech-provincial-sdn-bhd,manufacturing,medium
topsys-it,consulting_professional_services,high
total-dynamic-technology-holding-sdn-bhd,consulting_professional_services,medium
total-e-p-malaysia,media_entertainment,medium
toyota-north-america,automotive,high
transdev-north-america,transportation_logistics,high
transgrid-energy,energy_utilities,high
transgrid-ventures-sdn-bhd,real_estate_construction,high
tranzeal-incorporated,consulting_professional_services,high
trendcell-sdn-bhd,retail_ecommerce,medium
tribalscale,consulting_professional_services,high
tricomas-marketing-sdn-bhd,consumer_brands,medium
trillion-diamond-m-sdn-bhd,retail_ecommerce,high
trisearch,consulting_professional_services,high
truegenics-pte-ltd,retail_ecommerce,high
trustage,finance_insurance,high
trustwill,finance_fintech,high
trustyou,tech_software_internet,high
ts-plastics-sdn-bhd,manufacturing,high
twin-arrow-fertilizer-sdn-bhd,agriculture_food_production,high
u-s-pipe,manufacturing,high
ua-sports-malaysia-sdn-bhd,retail_ecommerce,high
uda-facility-management,real_estate_construction,high
udani-carpets-sdn-bhd,consumer_brands,high
udio,media_entertainment,high
ujet,tech_software_internet,high
ultimed-scientific-sdn-bhd,healthcare_devices,high
unanet,tech_software_internet,high
under-armour,consumer_brands,high
unicourt,tech_software_internet,high
unifiedcomms-group,consulting_professional_services,high
union-tech,manufacturing,high
uniteus,tech_software_internet,high
unitq,tech_software_internet,high
universiti-teknikal-mara-sdn-bhd,education_higher,high
unqork,tech_software_internet,high
unum,finance_insurance,high
upeca-aerotech-sdn-bhd,defense_aerospace,high
urbn-urban-outfitters-anthropologie-group-free-people-nuuly,retail_ecommerce,high
usli,finance_insurance,high
uspro,consulting_professional_services,high
v-series-international-sdn-bhd,consulting_professional_services,medium
v-solve,consulting_professional_services,high
vala-solutions-inc,consulting_professional_services,medium
vanilla,finance_fintech,high
vanir,real_estate_construction,high
varonis,tech_software_internet,high
vector-consulting-inc,consulting_professional_services,high
vee-loo-guna-associates-chartered-accountant,consulting_professional_services,high
vehicle-service-group-a-dover-company,manufacturing,high
veit,real_estate_construction,high
verdant-solar-sdn-bhd,energy_utilities,high
verisinsights,consulting_professional_services,high
vic-engineering-sdn-bhd,manufacturing,medium
victorious,media_entertainment,high
vidsy,media_entertainment,high
viega-llc,manufacturing,high
viget,consulting_professional_services,high
vimigo,tech_software_internet,high
vineyard-vines,consumer_brands,high
visual-sculpture-design-m-sdn-bhd,real_estate_construction,medium
vitar-group,consulting_professional_services,medium
vsp-vision-care,finance_insurance,high
waffle-house-inc,hospitality_food_service,high
wakemed,healthcare_provider,high
walrusfi,finance_fintech,high
warner-music-malaysia,media_entertainment,high
washington-metropolitan-area-transit-authority-wmata,transportation_logistics,high
wavepoint-3pl,transportation_logistics,high
wear-safe-malaysia-sdn-bhd-wsm5,manufacturing,high
weatherford,energy_utilities,high
weegetu-online-enterprise,consulting_professional_services,medium
western-union,finance_fintech,high
wildcardcreativegroup,media_entertainment,high
williams-sonoma-inc,retail_ecommerce,high
wimmer-solutions,consulting_professional_services,high
wintech-metal-processing-sdn-bhd,manufacturing,high
withclutch,tech_software_internet,high
woo,finance_fintech,high
workinprogress,media_entertainment,high
world-kinect,energy_utilities,high
world-learning,nonprofit,high
world-market,retail_ecommerce,high
worldsign-industries-sdn-bhd,media_entertainment,medium
wuhan-city-environment-protection-engineering-m-sdn-bhd,energy_utilities,high
xosinc,automotive,high
yeahhost-sdn-bhd,tech_software_internet,medium
ygl-intelligent-technology-sdn-bhd,tech_software_internet,high
yh-tan-associates-plt,consulting_professional_services,high
ymca-of-metropolitan-chicago,nonprofit,high
yondr,tech_software_internet,medium
zeektek,consulting_professional_services,high
zeta-global,media_entertainment,high
zf-automotive-malaysia-sdn-bhd,automotive,high
zhihe-enterprise,consulting_professional_services,medium
zico-trust-m-berhad,finance_fintech,high
zolon-tech-inc,consulting_professional_services,high
zte-malaysia-corporation-sdn-bhd,telecommunications,high
zyxware-technologies,consulting_professional_services,high
100k-job-hunt,consulting_professional_services,medium
3playmedia,media_entertainment,high
90seconds,media_entertainment,high
Ceros,tech_software_internet,high
Svix,tech_software_internet,high
Trend-Health-Partners,healthcare_provider,high
a-job-thing,tech_software_internet,medium
a-razak-co,consulting_professional_services,medium
aapico-steps,consulting_professional_services,high
abacus-service-corporation,consulting_professional_services,high
ablelight,nonprofit,high
abyres-sdn-bhd,consulting_professional_services,high
academic-partnerships,education_higher,high
access-corporate-group,consumer_brands,high
accuro,consulting_professional_services,high
acds,education_higher,medium
ace-empire-development-sdn-bhd,consulting_professional_services,medium
ace-print-sdn-bhd,media_entertainment,medium
ace-zeta-pte-ltd,tech_software_internet,medium
aco-tech-sdn-bhd,tech_software_internet,medium
acquisition-professionals-llc,consulting_professional_services,high
acrt,energy_utilities,high
acson-malaysia-sales-service-sdn-bhd,manufacturing,high
action-facilities-management,real_estate_construction,high
activate,nonprofit,high
active-hydro-control-sdn-bhd,manufacturing,medium
adamas-marine-sdn-bhd,transportation_logistics,high
adastra-ip-m-sdn-bhd,legal_services,high
adhoclabs,tech_software_internet,high
advancecon-infra-sdn-bhd,real_estate_construction,high
advanced-ceramics-technology-m-sdn-bhd,manufacturing,high
advancedagrilytics,agriculture_food_production,high
aerometals-inc,defense_aerospace,high
aeromexico,transportation_logistics,high
aesop,consumer_brands,high
aevevo-technology,tech_software_internet,medium
ag-assurance-pac,consulting_professional_services,high
agartea-sdn-bhd,consumer_brands,medium
agatesoftware,tech_software_internet,high
agile-datapro,consulting_professional_services,high
agreeya-solutions,consulting_professional_services,high
agricultural-research-service,public_sector_government,high
ahamad-naina-mydin-associates,consulting_professional_services,high
aiconnectpro,consulting_professional_services,high
aidas-system-sdn-bhd,tech_software_internet,medium
aidil-colour-sdn-bhd,manufacturing,medium
air-evac-lifeteam,healthcare_provider,high
airfilter-engineering-m-sdn-bhd,manufacturing,high
airia,tech_software_internet,high
aisle,tech_software_internet,high
aizon,tech_software_internet,high
al-ikhsan-sports-sdn-bhd,retail_ecommerce,high
albanese-confectionery-group-inc,consumer_brands,high
albany-international-corp,manufacturing,high
alkeus,healthcare_pharma_biotech,high
all-cosmos-industries-sdn-bhd,manufacturing,medium
all-fit-fitness-sdn-bhd,consumer_brands,medium
alpenlabs,finance_fintech,high
alpha-laboratories-nz-limited,healthcare_pharma_biotech,high
alpha-silicon,consulting_professional_services,high
alphabet-managed-solutions-sdn-bhd,consulting_professional_services,medium
alpine-solutions-group,consulting_professional_services,high
als,consulting_professional_services,high
alstom,manufacturing,high
alsym-energy,manufacturing,high
altercall,consulting_professional_services,high
alzheimer-s-association,nonprofit,high
am-pm-pharmacy-sdn-bhd,retail_ecommerce,high
amalgamated-metal-corporation-m-sdn-bhd,manufacturing,high
amazon-games,gaming,high
amc-cincaria-sdn-bhd,manufacturing,medium
amdocs,tech_software_internet,high
ame-development-sdn-bhd,real_estate_construction,high
american-cancer-society,nonprofit,high
american-structurepoint,consulting_professional_services,high
ami,consulting_professional_services,medium
amiga-informatics,consulting_professional_services,high
ammetlife,finance_insurance,high
amotec-inc,consulting_professional_services,high
amperon,tech_software_internet,high
amphenol-communications-solutions,tech_hardware_semiconductors,high
amsteel-mills-sdn-bhd,manufacturing,high
amtex-enterprises-inc-https-amtexenterprises-com-careers-jobs,consulting_professional_services,high
anara,tech_software_internet,high
anblicks,consulting_professional_services,high
andritz-feed-and-biofuel,manufacturing,high
ang-ang-s-roastery,hospitality_food_service,medium
anradus-pte-ltd,consulting_professional_services,high
ansabiotechnologies,healthcare_pharma_biotech,high
ansatzcapital,finance_fintech,high
anshin-precision-industries-sdn-bhd,manufacturing,high
anson-contracting-sdn-bhd,real_estate_construction,high
answerrocket,tech_software_internet,high
antenna-group,media_entertainment,high
anytime-fitness-trailblazers,consumer_brands,high
aorton-inc,consulting_professional_services,high
apex-cosmeceutical-technology-sdn-bhd,consumer_brands,high
apex-office-furniture-exporter-sdn-bhd,manufacturing,high
apex-placement-consulting,consulting_professional_services,high
apollo-information-systems,consulting_professional_services,high
applied-insight-llc,consulting_professional_services,high
applied-resource-group,consulting_professional_services,high
appomni,tech_software_internet,high
apron,finance_fintech,high
aptim,consulting_professional_services,high
aptoslabs,finance_fintech,high
aptous,consulting_professional_services,high
arauco-north-america,manufacturing,high
arbiter-ai,tech_software_internet,high
arconic,manufacturing,high
arenaa-star-hotel-sdn-bhd,hospitality_food_service,high
arkhya-tech-inc,consulting_professional_services,high
arkoselabs,tech_software_internet,high
armamentsresearchcompany,defense_aerospace,high
arnold-porter,legal_services,high
aro-spring-sdn-bhd,manufacturing,medium
arrow-components-m-sdn-bhd,tech_hardware_semiconductors,high
artech-l-l-c,consulting_professional_services,high
arthrex,healthcare_devices,high
artificial-intelligence-home-sdn-bhd,retail_ecommerce,medium
artisan-talent,consulting_professional_services,high
asa-system-sdn-bhd,manufacturing,medium
asdf-worldwide-sdn-bhd,consulting_professional_services,medium
asia-online-publishing-group-sdn-bhd,media_entertainment,high
asiapay-m-sdn-bhd,finance_fintech,high
asimov,healthcare_pharma_biotech,high
asociacion-puertorriquenos-en-marcha,nonprofit,high
asphalt-materials-inc,manufacturing,high
aspiranet,nonprofit,high
astraservicespartners,consulting_professional_services,high
ateeca-inc,consulting_professional_services,high
athene,finance_insurance,high
athleta,consumer_brands,high
atlantis-it-group,consulting_professional_services,high
atria-senior-living,healthcare_provider,high
audubon-companies,consulting_professional_services,high
aurubis-richmond,manufacturing,high
authentic8,tech_software_internet,high
autoliv,automotive,high
automatiq,tech_software_internet,high
aver-asia-rental-sdn-bhd,consulting_professional_services,medium
avertium,tech_software_internet,high
aviator,healthcare_provider,high
avista-senior-living,healthcare_provider,high
axelon-services-corporation,consulting_professional_services,high
axius-technologies-inc,consulting_professional_services,high
axuall,tech_software_internet,high
azenta-life-sciences,healthcare_pharma_biotech,high
b2b-commerce-m-sdn-bhd,consulting_professional_services,medium
b2be-gss-sdn-bhd,consulting_professional_services,medium
badger-infrastructure-solutions,real_estate_construction,high
bailey,manufacturing,high
ban-seng-plastic-industries-assembly-sdn-bhd,manufacturing,medium
bansam-sdn-bhd,manufacturing,medium
banyaninfrastructure,tech_software_internet,high
barcel-usa,consumer_brands,high
barry-wehmiller-design-group,consulting_professional_services,high
batch-technologies-sdn-bhd,manufacturing,medium
bauerhockeycascademaveriklacrossefc,consumer_brands,high
bavarian-motorworks-sdn-bhd,automotive,high
bbs-clinic,healthcare_provider,high
bcp-asia-sdn-bhd,consulting_professional_services,medium
bdg,media_entertainment,high
be-marketable,consulting_professional_services,medium
beamery,tech_software_internet,high
beamish-recruitment-agency,consulting_professional_services,high
beauty-quest-group,consumer_brands,high
bechtel-plant-machinery-inc-bpmi,defense_aerospace,high
beez-fintech-sdn-bhd,finance_fintech,high
bel-brands-usa-foodservice,consumer_brands,high
benchmark-electronics-ipo-division,manufacturing,high
berjaya-corporation-bhd,other,medium
best-com-malaysia-sdn-bhd,consulting_professional_services,medium
best-high-technologies-llc-bht,consulting_professional_services,high
betterdebtsolutions,finance_fintech,high
bettermile,tech_software_internet,high
beyond-finance,finance_fintech,high
bhh-products-sdn-bhd,consumer_brands,medium
big-domain-sdn-bhd-bigdomain-my,tech_software_internet,medium
bigrio,consulting_professional_services,high
bill,finance_fintech,high
binary-tech-consulting-corp,consulting_professional_services,high
binasat-communication-berhad,telecommunications,high
biontech-se,healthcare_pharma_biotech,high
bioquest-advisory-sdn-bhd,consulting_professional_services,high
birlasoft,consulting_professional_services,high
bitvavo,finance_fintech,high
black-point-design-sdn-bhd,real_estate_construction,medium
blackhawk-network,finance_fintech,high
blackstone-talent-group,consulting_professional_services,high
blackthorn,tech_software_internet,high
blockdaemon,finance_fintech,high
blockworks,media_entertainment,high
blue-spire-inc,consulting_professional_services,high
blue-stream-consultancy-pte-ltd,consulting_professional_services,high
bluerocktx,healthcare_pharma_biotech,high
blum-usa,manufacturing,high
body-guard-technologies-sdn-bhd,real_estate_construction,medium
boldyn-networks,telecommunications,high
bolthouse-farms,consumer_brands,high
box,tech_software_internet,high
bp-e-c-malaysia-sdn-bhd,consulting_professional_services,medium
br-metals-sdn-bhd,finance_fintech,medium
breaker,tech_hardware_semiconductors,high
brego-life-sciences-sdn-bhd,healthcare_pharma_biotech,high
